t,axis,s,p_dibem,p_exact,error
4.500000000000e-01,x,-2.000000000000e+00,-2.156493581890e-11,3.191589524705e-07,-3.191805174063e-07
4.500000000000e-01,x,-1.986666666667e+00,2.383965947886e-10,3.157123258635e-07,-3.154739292687e-07
4.500000000000e-01,x,-1.973333333333e+00,8.972787444892e-11,3.076223685434e-07,-3.075326406690e-07
4.500000000000e-01,x,-1.960000000000e+00,-1.262634142008e-10,2.951075825289e-07,-2.952338459431e-07
4.500000000000e-01,x,-1.946666666667e+00,-2.391945983463e-10,2.785175054636e-07,-2.787567000620e-07
4.500000000000e-01,x,-1.933333333333e+00,-2.313709531789e-10,2.583326067875e-07,-2.585639777407e-07
4.500000000000e-01,x,-1.920000000000e+00,-1.357582368600e-10,2.351619912150e-07,-2.352977494519e-07
4.500000000000e-01,x,-1.906666666667e+00,-1.609188211972e-11,2.097365743616e-07,-2.097526662438e-07
4.500000000000e-01,x,-1.893333333333e+00,6.291123421907e-11,1.828959652639e-07,-1.828330540297e-07
4.500000000000e-01,x,-1.880000000000e+00,8.775254335721e-11,1.555680696930e-07,-1.554803171497e-07
4.500000000000e-01,x,-1.866666666667e+00,7.219908293480e-11,1.287412261178e-07,-1.286690270349e-07
4.500000000000e-01,x,-1.853333333333e+00,3.520263688742e-11,1.034293748892e-07,-1.033941722523e-07
4.500000000000e-01,x,-1.840000000000e+00,-2.880092566934e-12,8.063130863105e-08,-8.063418872362e-08
4.500000000000e-01,x,-1.826666666667e+00,-2.706496584810e-11,6.128550844483e-08,-6.131257341068e-08
4.500000000000e-01,x,-1.813333333333e+00,-3.344293170499e-11,4.622253207799e-08,-4.625597500970e-08
4.500000000000e-01,x,-1.800000000000e+00,-2.517842965964e-11,3.611746566098e-08,-3.614264409064e-08
4.500000000000e-01,x,-1.786666666667e+00,-9.655805451103e-12,3.144559174244e-08,-3.145524754790e-08
4.500000000000e-01,x,-1.773333333333e+00,3.034206249164e-12,3.244506645329e-08,-3.244203224704e-08
4.500000000000e-01,x,-1.760000000000e+00,7.557808885692e-12,3.909084534873e-08,-3.908328753984e-08
4.500000000000e-01,x,-1.746666666667e+00,7.138261466273e-12,5.108409641854e-08,-5.107695815707e-08
4.500000000000e-01,x,-1.733333333333e+00,4.897607630147e-12,6.786065532906e-08,-6.785575772143e-08
4.500000000000e-01,x,-1.720000000000e+00,2.164887770676e-12,8.862057952687e-08,-8.861841463910e-08
4.500000000000e-01,x,-1.706666666667e+00,-2.652114271405e-12,1.123785825142e-07,-1.123812346284e-07
4.500000000000e-01,x,-1.693333333333e+00,-7.375471928704e-12,1.380323243026e-07,-1.380396997745e-07
4.500000000000e-01,x,-1.680000000000e+00,-7.518305258113e-12,1.644426357399e-07,-1.644501540452e-07
4.500000000000e-01,x,-1.666666666667e+00,-3.637764072028e-12,1.905173103398e-07,-1.905209481038e-07
4.500000000000e-01,x,-1.653333333333e+00,2.201055792681e-13,2.152886690030e-07,-2.152884488974e-07
4.500000000000e-01,x,-1.640000000000e+00,-1.450462719921e-12,2.379751151757e-07,-2.379765656384e-07
4.500000000000e-01,x,-1.626666666667e+00,-5.011807833742e-12,2.580185451078e-07,-2.580235569156e-07
4.500000000000e-01,x,-1.613333333333e+00,-5.182172200497e-12,2.750926394921e-07,-2.750978216643e-07
4.500000000000e-01,x,-1.600000000000e+00,-2.088325400262e-12,2.890813050855e-07,-2.890833934109e-07
4.500000000000e-01,x,-1.586666666667e+00,-8.228597964716e-13,3.000311717886e-07,-3.000319946484e-07
4.500000000000e-01,x,-1.573333333333e+00,-7.277517561388e-12,3.080862707876e-07,-3.080935483051e-07
4.500000000000e-01,x,-1.560000000000e+00,-1.269294271575e-11,3.134160371129e-07,-3.134287300557e-07
4.500000000000e-01,x,-1.546666666667e+00,-1.097034744364e-11,3.161490024556e-07,-3.161599728031e-07
4.500000000000e-01,x,-1.533333333333e+00,-4.761823941085e-12,3.163236841697e-07,-3.163284459937e-07
4.500000000000e-01,x,-1.520000000000e+00,-5.166385084395e-12,3.138653304085e-07,-3.138704967936e-07
4.500000000000e-01,x,-1.506666666667e+00,-1.630426259014e-11,3.085928073530e-07,-3.086091116156e-07
4.500000000000e-01,x,-1.493333333333e+00,-2.231633309048e-11,3.002547581136e-07,-3.002770744467e-07
4.500000000000e-01,x,-1.480000000000e+00,-1.721041999541e-11,2.885891192359e-07,-2.886063296559e-07
4.500000000000e-01,x,-1.466666666667e+00,-7.647911976528e-12,2.733960226830e-07,-2.734036705950e-07
4.500000000000e-01,x,-1.453333333333e+00,-1.326632146162e-11,2.546117384552e-07,-2.546250047767e-07
4.500000000000e-01,x,-1.440000000000e+00,-2.852761932253e-11,2.323710106050e-07,-2.323995382244e-07
4.500000000000e-01,x,-1.426666666667e+00,-2.892770151824e-11,2.070469333310e-07,-2.070758610325e-07
4.500000000000e-01,x,-1.413333333333e+00,-7.503133120264e-12,1.792610542410e-07,-1.792685573742e-07
4.500000000000e-01,x,-1.400000000000e+00,1.987747291563e-11,1.498610440287e-07,-1.498411665558e-07
4.500000000000e-01,x,-1.386666666667e+00,2.421491717178e-11,1.198682308039e-07,-1.198440158867e-07
4.500000000000e-01,x,-1.373333333333e+00,3.364203414334e-11,9.040173994547e-08,-9.036809791132e-08
4.500000000000e-01,x,-1.360000000000e+00,8.729394735753e-11,6.258921301417e-08,-6.250191906681e-08
4.500000000000e-01,x,-1.346666666667e+00,1.887504367331e-10,3.747564553745e-08,-3.728689510072e-08
4.500000000000e-01,x,-1.333333333333e+00,3.028318722275e-10,1.594163470405e-08,-1.563880283183e-08
4.500000000000e-01,x,-1.320000000000e+00,3.896030612097e-10,-1.359580279565e-09,1.749183340775e-09
4.500000000000e-01,x,-1.306666666667e+00,5.111084764294e-10,-1.404005335285e-08,1.455116182928e-08
4.500000000000e-01,x,-1.293333333333e+00,7.070518834439e-10,-2.198762312159e-08,2.269467500503e-08
4.500000000000e-01,x,-1.280000000000e+00,9.437529074664e-10,-2.535038116840e-08,2.629413407587e-08
4.500000000000e-01,x,-1.266666666667e+00,1.105802212871e-09,-2.449982348117e-08,2.560562569404e-08
4.500000000000e-01,x,-1.253333333333e+00,1.096376156914e-09,-1.997968723529e-08,2.107606339220e-08
4.500000000000e-01,x,-1.240000000000e+00,9.310204455923e-10,-1.244854128783e-08,1.337956173342e-08
4.500000000000e-01,x,-1.226666666667e+00,5.166048582493e-10,-2.624002474558e-09,3.140607332808e-09
4.500000000000e-01,x,-1.213333333333e+00,-4.005260948485e-10,8.764852020744e-09,-9.165378115592e-09
4.500000000000e-01,x,-1.200000000000e+00,-2.242162271082e-09,2.101242145188e-08,-2.325458372296e-08
4.500000000000e-01,x,-1.186666666667e+00,-5.389643405307e-09,3.345696606683e-08,-3.884660947213e-08
4.500000000000e-01,x,-1.173333333333e+00,-1.018671826677e-08,4.548713625259e-08,-5.567385451937e-08
4.500000000000e-01,x,-1.160000000000e+00,-1.718516320904e-08,5.653762211822e-08,-7.372278532726e-08
4.500000000000e-01,x,-1.146666666667e+00,-2.714805364984e-08,6.607855978533e-08,-9.322661343517e-08
4.500000000000e-01,x,-1.133333333333e+00,-4.095051862189e-08,7.360416701934e-08,-1.145546856412e-07
4.500000000000e-01,x,-1.120000000000e+00,-5.903698337734e-08,7.862599188942e-08,-1.376629752668e-07
4.500000000000e-01,x,-1.106666666667e+00,-8.152037721034e-08,8.067515481629e-08,-1.621955320266e-07
4.500000000000e-01,x,-1.093333333333e+00,-1.082668982921e-07,7.931617868014e-08,-1.875830769723e-07
4.500000000000e-01,x,-1.080000000000e+00,-1.385781192861e-07,7.417266907225e-08,-2.127507883584e-07
4.500000000000e-01,x,-1.066666666667e+00,-1.701623931732e-07,6.496256131486e-08,-2.351249544880e-07
4.500000000000e-01,x,-1.053333333333e+00,-1.964989031280e-07,5.153827688850e-08,-2.480371800165e-07
4.500000000000e-01,x,-1.040000000000e+00,-2.081959155268e-07,3.392531035948e-08,-2.421212258863e-07
4.500000000000e-01,x,-1.026666666667e+00,-1.929713507318e-07,1.235178273469e-08,-2.053231334664e-07
4.500000000000e-01,x,-1.013333333333e+00,-1.345577174111e-07,-1.273860039483e-08,-1.218191170162e-07
4.500000000000e-01,x,-1.000000000000e+00,-6.109470058572e-09,-4.069734157806e-08,3.458787151949e-08
4.500000000000e-01,x,-9.866666666667e-01,2.375132215675e-07,-7.071310089793e-08,3.082263224654e-07
4.500000000000e-01,x,-9.733333333333e-01,6.486498422979e-07,-1.018956121633e-07,7.505454544612e-07
4.500000000000e-01,x,-9.600000000000e-01,1.284749051306e-06,-1.334236742113e-07,1.418172725517e-06
4.500000000000e-01,x,-9.466666666667e-01,2.208473260102e-06,-1.648068087175e-07,2.373280068819e-06
4.500000000000e-01,x,-9.333333333333e-01,3.510569660834e-06,-1.963672507622e-07,3.706936911597e-06
4.500000000000e-01,x,-9.200000000000e-01,5.308544412869e-06,-2.301554578416e-07,5.538699870711e-06
4.500000000000e-01,x,-9.066666666667e-01,7.705436860646e-06,-2.716946681053e-07,7.977131528751e-06
4.500000000000e-01,x,-8.933333333333e-01,1.077264243221e-05,-3.332386927663e-07,1.110588112498e-05
4.500000000000e-01,x,-8.800000000000e-01,1.453356872860e-05,-4.396508019809e-07,1.497321953058e-05
4.500000000000e-01,x,-8.666666666667e-01,1.897301496957e-05,-6.385883935959e-07,1.961160336317e-05
4.500000000000e-01,x,-8.533333333333e-01,2.398190583239e-05,-1.017406656055e-06,2.499931248845e-05
4.500000000000e-01,x,-8.400000000000e-01,2.927564606211e-05,-1.730048763211e-06,3.100569482532e-05
4.500000000000e-01,x,-8.266666666667e-01,3.432363554311e-05,-3.038122587570e-06,3.736175813068e-05
4.500000000000e-01,x,-8.133333333333e-01,3.823965521036e-05,-5.371312555211e-06,4.361096776557e-05
4.500000000000e-01,x,-8.000000000000e-01,3.957091011823e-05,-9.413164690863e-06,4.898407480909e-05
4.500000000000e-01,x,-7.866666666667e-01,3.628942972519e-05,-1.621899981144e-05,5.250842953663e-05
4.500000000000e-01,x,-7.733333333333e-01,2.571415244479e-05,-2.737303930302e-05,5.308719174781e-05
4.500000000000e-01,x,-7.600000000000e-01,4.363168571532e-06,-4.519135749436e-05,4.955452606590e-05
4.500000000000e-01,x,-7.466666666667e-01,-3.248262457656e-05,-7.297530642160e-05,4.049268184504e-05
4.500000000000e-01,x,-7.333333333333e-01,-9.136215161160e-05,-1.153155976480e-04,2.395344603641e-05
4.500000000000e-01,x,-7.200000000000e-01,-1.800605060564e-04,-1.784391122729e-04,-1.621393783498e-06
4.500000000000e-01,x,-7.066666666667e-01,-3.075203092782e-04,-2.705777280539e-04,-3.694258122429e-05
4.500000000000e-01,x,-6.933333333333e-01,-4.838687877693e-04,-4.023205753475e-04,-8.154821242181e-05
4.500000000000e-01,x,-6.800000000000e-01,-7.210701935319e-04,-5.868888131624e-04,-1.341813803695e-04
4.500000000000e-01,x,-6.666666666667e-01,-1.032957427240e-03,-8.402473868854e-04,-1.927100403548e-04
4.500000000000e-01,x,-6.533333333333e-01,-1.433845095456e-03,-1.180945113550e-03,-2.528999819061e-04
4.500000000000e-01,x,-6.400000000000e-01,-1.937823128755e-03,-1.629558284661e-03,-3.082648440942e-04
4.500000000000e-01,x,-6.266666666667e-01,-2.557904343310e-03,-2.207610453196e-03,-3.502938901144e-04
4.500000000000e-01,x,-6.133333333333e-01,-3.304176078066e-03,-2.935859304950e-03,-3.683167731153e-04
4.500000000000e-01,x,-6.000000000000e-01,-4.182963104298e-03,-3.831886881350e-03,-3.510762229478e-04
4.500000000000e-01,x,-5.866666666667e-01,-5.196180423813e-03,-4.907005933491e-03,-2.891744903223e-04
4.500000000000e-01,x,-5.733333333333e-01,-6.339706823178e-03,-6.162602596205e-03,-1.771042269726e-04
4.500000000000e-01,x,-5.600000000000e-01,-7.600413845216e-03,-7.586167515657e-03,-1.424632955940e-05
4.500000000000e-01,x,-5.466666666667e-01,-8.948383923272e-03,-9.147410281887e-03,1.990263586148e-04
4.500000000000e-01,x,-5.333333333333e-01,-1.034051882856e-02,-1.079498422647e-02,4.544653979104e-04
4.500000000000e-01,x,-5.200000000000e-01,-1.172273395922e-02,-1.245444313801e-02,7.317091787915e-04
4.500000000000e-01,x,-5.066666666667e-01,-1.302948435972e-02,-1.402807867574e-02,9.985943160173e-04
4.500000000000e-01,x,-4.933333333333e-01,-1.418149533278e-02,-1.539722073332e-02,1.215725400541e-03
4.500000000000e-01,x,-4.800000000000e-01,-1.508233460963e-02,-1.642740579229e-02,1.345071182655e-03
4.500000000000e-01,x,-4.666666666667e-01,-1.562638825579e-02,-1.697652942228e-02,1.350141166491e-03
4.500000000000e-01,x,-4.533333333333e-01,-1.570423960885e-02,-1.690571819168e-02,1.201478582822e-03
4.500000000000e-01,x,-4.400000000000e-01,-1.520808740248e-02,-1.609222508731e-02,8.841376848275e-04
4.500000000000e-01,x,-4.266666666667e-01,-1.404845239450e-02,-1.444323192887e-02,3.947795343712e-04
4.500000000000e-01,x,-4.133333333333e-01,-1.216617075712e-02,-1.190910430278e-02,-2.570664543406e-04
4.500000000000e-01,x,-4.000000000000e-01,-9.522848993774e-03,-8.494460713948e-03,-1.028388279826e-03
4.500000000000e-01,x,-3.866666666667e-01,-6.106652002617e-03,-4.265444731509e-03,-1.841207271108e-03
4.500000000000e-01,x,-3.733333333333e-01,-1.942122805948e-03,6.481445972471e-04,-2.590267403195e-03
4.500000000000e-01,x,-3.600000000000e-01,2.873991405857e-03,6.056712436143e-03,-3.182721030286e-03
4.500000000000e-01,x,-3.466666666667e-01,8.175482381329e-03,1.172089115055e-02,-3.545408769225e-03
4.500000000000e-01,x,-3.333333333333e-01,1.375346182457e-02,1.736713362443e-02,-3.613671799861e-03
4.500000000000e-01,x,-3.200000000000e-01,1.936144436598e-02,2.270753868064e-02,-3.346094314657e-03
4.500000000000e-01,x,-3.066666666667e-01,2.472533069588e-02,2.746196333751e-02,-2.736632641628e-03
4.500000000000e-01,x,-2.933333333333e-01,2.957731068105e-02,3.138010915535e-02,-1.802798474298e-03
4.500000000000e-01,x,-2.800000000000e-01,3.364942754818e-02,3.426120800825e-02,-6.117804600728e-04
4.500000000000e-01,x,-2.666666666667e-01,3.667573314880e-02,3.596919351317e-02,7.065396356306e-04
4.500000000000e-01,x,-2.533333333333e-01,3.841199663674e-02,3.644179230714e-02,1.970204329598e-03
4.500000000000e-01,x,-2.400000000000e-01,3.869233017134e-02,3.569272158218e-02,2.999608589168e-03
4.500000000000e-01,x,-2.266666666667e-01,3.753354276017e-02,3.380702092791e-02,3.726521832262e-03
4.500000000000e-01,x,-2.133333333333e-01,3.504231829833e-02,3.093035164899e-02,4.111966649345e-03
4.500000000000e-01,x,-2.000000000000e-01,3.138841816187e-02,2.725375067219e-02,4.134667489679e-03
4.500000000000e-01,x,-1.866666666667e-01,2.680422942009e-02,2.299574485429e-02,3.808484565801e-03
4.500000000000e-01,x,-1.733333333333e-01,2.156079720549e-02,1.838387377795e-02,3.176923427541e-03
4.500000000000e-01,x,-1.600000000000e-01,1.594457224456e-02,1.363754010897e-02,2.307032135589e-03
4.500000000000e-01,x,-1.466666666667e-01,1.028120186813e-02,8.953752191678e-03,1.327449676448e-03
4.500000000000e-01,x,-1.333333333333e-01,4.918814781104e-03,4.496818085165e-03,4.219966959392e-04
4.500000000000e-01,x,-1.200000000000e-01,1.961783987756e-04,3.924805434511e-04,-1.963021446755e-04
4.500000000000e-01,x,-1.066666666667e-01,-3.728133499514e-03,-3.273567660606e-03,-4.545658389080e-04
4.500000000000e-01,x,-9.333333333333e-02,-6.874708974156e-03,-6.453310646633e-03,-4.213983275228e-04
4.500000000000e-01,x,-8.000000000000e-02,-9.298617840392e-03,-9.131029184427e-03,-1.675886559647e-04
4.500000000000e-01,x,-6.666666666667e-02,-1.108066471927e-02,-1.131593752039e-02,2.352728011141e-04
4.500000000000e-01,x,-5.333333333333e-02,-1.232282916668e-02,-1.303388461326e-02,7.110554465790e-04
4.500000000000e-01,x,-4.000000000000e-02,-1.311543055432e-02,-1.431906476306e-02,1.203634208732e-03
4.500000000000e-01,x,-2.666666666667e-02,-1.355102204862e-02,-1.520649567654e-02,1.655473627917e-03
4.500000000000e-01,x,-1.333333333333e-02,-1.373382605839e-02,-1.572579979639e-02,1.991973738000e-03
4.500000000000e-01,x,0.000000000000e+00,-1.377118010680e-02,-1.589661508863e-02,2.125434981831e-03
4.500000000000e-01,x,1.333333333333e-02,-1.373382387817e-02,-1.572579979639e-02,1.991975918215e-03
4.500000000000e-01,x,2.666666666667e-02,-1.355101788586e-02,-1.520649567654e-02,1.655477790680e-03
4.500000000000e-01,x,4.000000000000e-02,-1.311542480139e-02,-1.431906476306e-02,1.203639961668e-03
4.500000000000e-01,x,5.333333333333e-02,-1.232282240244e-02,-1.303388461326e-02,7.110622108203e-04
4.500000000000e-01,x,6.666666666667e-02,-1.108065769233e-02,-1.131593752039e-02,2.352798280592e-04
4.500000000000e-01,x,8.000000000000e-02,-9.298611336788e-03,-9.131029184427e-03,-1.675821523608e-04
4.500000000000e-01,x,9.333333333333e-02,-6.874703574831e-03,-6.453310646633e-03,-4.213929281984e-04
4.500000000000e-01,x,1.066666666667e-01,-3.728129540540e-03,-3.273567660606e-03,-4.545618799341e-04
4.500000000000e-01,x,1.200000000000e-01,1.961808265545e-04,3.924805434511e-04,-1.962997168966e-04
4.500000000000e-01,x,1.333333333333e-01,4.918815818264e-03,4.496818085165e-03,4.219977330994e-04
4.500000000000e-01,x,1.466666666667e-01,1.028120177333e-02,8.953752191678e-03,1.327449581651e-03
4.500000000000e-01,x,1.600000000000e-01,1.594457128708e-02,1.363754010897e-02,2.307031178109e-03
4.500000000000e-01,x,1.733333333333e-01,2.156079568883e-02,1.838387377795e-02,3.176921910880e-03
4.500000000000e-01,x,1.866666666667e-01,2.680422774953e-02,2.299574485429e-02,3.808482895239e-03
4.500000000000e-01,x,2.000000000000e-01,3.138841690615e-02,2.725375067219e-02,4.134666233957e-03
4.500000000000e-01,x,2.133333333333e-01,3.504231788126e-02,3.093035164899e-02,4.111966232274e-03
4.500000000000e-01,x,2.266666666667e-01,3.753354331804e-02,3.380702092791e-02,3.726522390128e-03
4.500000000000e-01,x,2.400000000000e-01,3.869233159622e-02,3.569272158218e-02,2.999610014039e-03
4.500000000000e-01,x,2.533333333333e-01,3.841199855037e-02,3.644179230714e-02,1.970206243231e-03
4.500000000000e-01,x,2.666666666667e-01,3.667573493766e-02,3.596919351317e-02,7.065414244892e-04
4.500000000000e-01,x,2.800000000000e-01,3.364942881676e-02,3.426120800825e-02,-6.117791914986e-04
4.500000000000e-01,x,2.933333333333e-01,2.957731129282e-02,3.138010915535e-02,-1.802797862522e-03
4.500000000000e-01,x,3.066666666667e-01,2.472533067151e-02,2.746196333751e-02,-2.736632666003e-03
4.500000000000e-01,x,3.200000000000e-01,1.936144381029e-02,2.270753868064e-02,-3.346094870345e-03
4.500000000000e-01,x,3.333333333333e-01,1.375346087289e-02,1.736713362443e-02,-3.613672751538e-03
4.500000000000e-01,x,3.466666666667e-01,8.175481161321e-03,1.172089115055e-02,-3.545409989233e-03
4.500000000000e-01,x,3.600000000000e-01,2.873990032697e-03,6.056712436143e-03,-3.182722403447e-03
4.500000000000e-01,x,3.733333333333e-01,-1.942124204482e-03,6.481445972471e-04,-2.590268801730e-03
4.500000000000e-01,x,3.866666666667e-01,-6.106653237091e-03,-4.265444731509e-03,-1.841208505582e-03
4.500000000000e-01,x,4.000000000000e-01,-9.522849892331e-03,-8.494460713948e-03,-1.028389178383e-03
4.500000000000e-01,x,4.133333333333e-01,-1.216617127401e-02,-1.190910430278e-02,-2.570669712368e-04
4.500000000000e-01,x,4.266666666667e-01,-1.404845256113e-02,-1.444323192887e-02,3.947793677443e-04
4.500000000000e-01,x,4.400000000000e-01,-1.520808729063e-02,-1.609222508731e-02,8.841377966749e-04
4.500000000000e-01,x,4.533333333333e-01,-1.570423931192e-02,-1.690571819168e-02,1.201478879756e-03
4.500000000000e-01,x,4.666666666667e-01,-1.562638785767e-02,-1.697652942228e-02,1.350141564611e-03
4.500000000000e-01,x,4.800000000000e-01,-1.508233416957e-02,-1.642740579229e-02,1.345071622719e-03
4.500000000000e-01,x,4.933333333333e-01,-1.418149488936e-02,-1.539722073332e-02,1.215725843953e-03
4.500000000000e-01,x,5.066666666667e-01,-1.302948393386e-02,-1.402807867574e-02,9.985947418758e-04
4.500000000000e-01,x,5.200000000000e-01,-1.172273355709e-02,-1.245444313801e-02,7.317095809264e-04
4.500000000000e-01,x,5.333333333333e-01,-1.034051845090e-02,-1.079498422647e-02,4.544657755723e-04
4.500000000000e-01,x,5.466666666667e-01,-8.948383569674e-03,-9.147410281887e-03,1.990267122125e-04
4.500000000000e-01,x,5.600000000000e-01,-7.600413517585e-03,-7.586167515657e-03,-1.424600192872e-05
4.500000000000e-01,x,5.733333333333e-01,-6.339706532593e-03,-6.162602596205e-03,-1.771039363877e-04
4.500000000000e-01,x,5.866666666667e-01,-5.196180188589e-03,-4.907005933491e-03,-2.891742550981e-04
4.500000000000e-01,x,6.000000000000e-01,-4.182962930188e-03,-3.831886881350e-03,-3.510760488375e-04
4.500000000000e-01,x,6.133333333333e-01,-3.304175961472e-03,-2.935859304950e-03,-3.683166565214e-04
4.500000000000e-01,x,6.266666666667e-01,-2.557904275439e-03,-2.207610453196e-03,-3.502938222429e-04
4.500000000000e-01,x,6.400000000000e-01,-1.937823095688e-03,-1.629558284661e-03,-3.082648110276e-04
4.500000000000e-01,x,6.533333333333e-01,-1.433845082849e-03,-1.180945113550e-03,-2.528999692983e-04
4.500000000000e-01,x,6.666666666667e-01,-1.032957426750e-03,-8.402473868854e-04,-1.927100398650e-04
4.500000000000e-01,x,6.800000000000e-01,-7.210702002630e-04,-5.868888131624e-04,-1.341813871006e-04
4.500000000000e-01,x,6.933333333333e-01,-4.838687986885e-04,-4.023205753475e-04,-8.154822334091e-05
4.500000000000e-01,x,7.066666666667e-01,-3.075203233309e-04,-2.705777280539e-04,-3.694259527695e-05
4.500000000000e-01,x,7.200000000000e-01,-1.800605219951e-04,-1.784391122729e-04,-1.621409722176e-06
4.500000000000e-01,x,7.333333333333e-01,-9.136216722213e-05,-1.153155976480e-04,2.395343042587e-05
4.500000000000e-01,x,7.466666666667e-01,-3.248263793602e-05,-7.297530642160e-05,4.049266848558e-05
4.500000000000e-01,x,7.600000000000e-01,4.363158466624e-06,-4.519135749436e-05,4.955451596099e-05
4.500000000000e-01,x,7.733333333333e-01,2.571414569743e-05,-2.737303930302e-05,5.308718500045e-05
4.500000000000e-01,x,7.866666666667e-01,3.628942562246e-05,-1.621899981144e-05,5.250842543390e-05
4.500000000000e-01,x,8.000000000000e-01,3.957090745531e-05,-9.413164690863e-06,4.898407214617e-05
4.500000000000e-01,x,8.133333333333e-01,3.823965297722e-05,-5.371312555211e-06,4.361096553243e-05
4.500000000000e-01,x,8.266666666667e-01,3.432363312666e-05,-3.038122587570e-06,3.736175571423e-05
4.500000000000e-01,x,8.400000000000e-01,2.927564327571e-05,-1.730048763211e-06,3.100569203892e-05
4.500000000000e-01,x,8.533333333333e-01,2.398190276613e-05,-1.017406656055e-06,2.499930942218e-05
4.500000000000e-01,x,8.666666666667e-01,1.897301178912e-05,-6.385883935959e-07,1.961160018271e-05
4.500000000000e-01,x,8.800000000000e-01,1.453356570456e-05,-4.396508019809e-07,1.497321650654e-05
4.500000000000e-01,x,8.933333333333e-01,1.077263998991e-05,-3.332386927663e-07,1.110587868267e-05
4.500000000000e-01,x,9.066666666667e-01,7.705435352240e-06,-2.716946681053e-07,7.977130020346e-06
4.500000000000e-01,x,9.200000000000e-01,5.308543956458e-06,-2.301554578416e-07,5.538699414299e-06
4.500000000000e-01,x,9.333333333333e-01,3.510570273882e-06,-1.963672507622e-07,3.706937524644e-06
4.500000000000e-01,x,9.466666666667e-01,2.208474588492e-06,-1.648068087175e-07,2.373281397209e-06
4.500000000000e-01,x,9.600000000000e-01,1.284750555123e-06,-1.334236742113e-07,1.418174229335e-06
4.500000000000e-01,x,9.733333333333e-01,6.486509223149e-07,-1.018956121633e-07,7.505465344781e-07
4.500000000000e-01,x,9.866666666667e-01,2.375136526766e-07,-7.071310089793e-08,3.082267535745e-07
4.500000000000e-01,x,1.000000000000e+00,-6.109621486782e-09,-4.069734157806e-08,3.458772009128e-08
4.500000000000e-01,x,1.013333333333e+00,-1.345583381078e-07,-1.273860039483e-08,-1.218197377129e-07
4.500000000000e-01,x,1.026666666667e+00,-1.929721204712e-07,1.235178273469e-08,-2.053239032059e-07
4.500000000000e-01,x,1.040000000000e+00,-2.081963735787e-07,3.392531035948e-08,-2.421216839382e-07
4.500000000000e-01,x,1.053333333333e+00,-1.964990228490e-07,5.153827688850e-08,-2.480372997375e-07
4.500000000000e-01,x,1.066666666667e+00,-1.701621273879e-07,6.496256131486e-08,-2.351246887027e-07
4.500000000000e-01,x,1.080000000000e+00,-1.385776481213e-07,7.417266907225e-08,-2.127503171936e-07
4.500000000000e-01,x,1.093333333333e+00,-1.082664059186e-07,7.931617868014e-08,-1.875825845988e-07
4.500000000000e-01,x,1.106666666667e+00,-8.152002064717e-08,8.067515481629e-08,-1.621951754635e-07
4.500000000000e-01,x,1.120000000000e+00,-5.903695264870e-08,7.862599188942e-08,-1.376629445381e-07
4.500000000000e-01,x,1.133333333333e+00,-4.095083011396e-08,7.360416701934e-08,-1.145549971333e-07
4.500000000000e-01,x,1.146666666667e+00,-2.714873148064e-08,6.607855978533e-08,-9.322729126597e-08
4.500000000000e-01,x,1.160000000000e+00,-1.718609142342e-08,5.653762211822e-08,-7.372371354164e-08
4.500000000000e-01,x,1.173333333333e+00,-1.018780159905e-08,4.548713625259e-08,-5.567493785165e-08
4.500000000000e-01,x,1.186666666667e+00,-5.390940891913e-09,3.345696606683e-08,-3.884790695874e-08
4.500000000000e-01,x,1.200000000000e+00,-2.243388180707e-09,2.101242145188e-08,-2.325580963258e-08
4.500000000000e-01,x,1.213333333333e+00,-4.016859106683e-10,8.764852020744e-09,-9.166537931412e-09
4.500000000000e-01,x,1.226666666667e+00,5.156408838198e-10,-2.624002474558e-09,3.139643358378e-09
4.500000000000e-01,x,1.240000000000e+00,9.302615565827e-10,-1.244854128783e-08,1.337880284441e-08
4.500000000000e-01,x,1.253333333333e+00,1.095857573333e-09,-1.997968723529e-08,2.107554480862e-08
4.500000000000e-01,x,1.266666666667e+00,1.105604951253e-09,-2.449982348117e-08,2.560542843242e-08
4.500000000000e-01,x,1.280000000000e+00,9.436803738489e-10,-2.535038116840e-08,2.629406154225e-08
4.500000000000e-01,x,1.293333333333e+00,7.071820922584e-10,-2.198762312159e-08,2.269480521385e-08
4.500000000000e-01,x,1.306666666667e+00,5.113881200571e-10,-1.404005335285e-08,1.455144147290e-08
4.500000000000e-01,x,1.320000000000e+00,3.898943028464e-10,-1.359580279565e-09,1.749474582412e-09
4.500000000000e-01,x,1.333333333333e+00,3.027880988083e-10,1.594163470405e-08,-1.563884660525e-08
4.500000000000e-01,x,1.346666666667e+00,1.882985640734e-10,3.747564553745e-08,-3.728734697338e-08
4.500000000000e-01,x,1.360000000000e+00,8.613117528698e-11,6.258921301417e-08,-6.250308183888e-08
4.500000000000e-01,x,1.373333333333e+00,3.172973745801e-11,9.040173994547e-08,-9.037001020801e-08
4.500000000000e-01,x,1.386666666667e+00,2.193140015249e-11,1.198682308039e-07,-1.198462994037e-07
4.500000000000e-01,x,1.400000000000e+00,1.738956559957e-11,1.498610440287e-07,-1.498436544631e-07
4.500000000000e-01,x,1.413333333333e+00,-9.628390733607e-12,1.792610542410e-07,-1.792706826318e-07
4.500000000000e-01,x,1.426666666667e+00,-3.034654017210e-11,2.070469333310e-07,-2.070772798711e-07
4.500000000000e-01,x,1.440000000000e+00,-2.929503507724e-11,2.323710106050e-07,-2.324003056401e-07
4.500000000000e-01,x,1.453333333333e+00,-1.332258187900e-11,2.546117384552e-07,-2.546250610371e-07
4.500000000000e-01,x,1.466666666667e+00,-7.251879784920e-12,2.733960226830e-07,-2.734032745628e-07
4.500000000000e-01,x,1.480000000000e+00,-1.627664580637e-11,2.885891192359e-07,-2.886053958817e-07
4.500000000000e-01,x,1.493333333333e+00,-2.146266811961e-11,3.002547581136e-07,-3.002762207818e-07
4.500000000000e-01,x,1.506666666667e+00,-1.523919070438e-11,3.085928073530e-07,-3.086080465437e-07
4.500000000000e-01,x,1.520000000000e+00,-4.311119518933e-12,3.138653304085e-07,-3.138696415280e-07
4.500000000000e-01,x,1.533333333333e+00,-3.985307218227e-12,3.163236841697e-07,-3.163276694769e-07
4.500000000000e-01,x,1.546666666667e+00,-1.039138479759e-11,3.161490024556e-07,-3.161593938404e-07
4.500000000000e-01,x,1.560000000000e+00,-1.223316396127e-11,3.134160371129e-07,-3.134282702769e-07
4.500000000000e-01,x,1.573333333333e+00,-7.132464564067e-12,3.080862707876e-07,-3.080934032521e-07
4.500000000000e-01,x,1.586666666667e+00,-9.391875868021e-13,3.000311717886e-07,-3.000321109762e-07
4.500000000000e-01,x,1.600000000000e+00,-2.633636414623e-12,2.890813050855e-07,-2.890839387219e-07
4.500000000000e-01,x,1.613333333333e+00,-6.394110829274e-12,2.750926394921e-07,-2.750990336030e-07
4.500000000000e-01,x,1.626666666667e+00,-6.780822183012e-12,2.580185451078e-07,-2.580253259300e-07
4.500000000000e-01,x,1.640000000000e+00,-3.462547728582e-12,2.379751151757e-07,-2.379785777234e-07
4.500000000000e-01,x,1.653333333333e+00,-1.585114372928e-12,2.152886690030e-07,-2.152902541174e-07
4.500000000000e-01,x,1.666666666667e+00,-5.475733719411e-12,1.905173103398e-07,-1.905227860735e-07
4.500000000000e-01,x,1.680000000000e+00,-8.754294715386e-12,1.644426357399e-07,-1.644513900347e-07
4.500000000000e-01,x,1.693333333333e+00,-8.030580244483e-12,1.380323243026e-07,-1.380403548828e-07
4.500000000000e-01,x,1.706666666667e+00,-3.051590293183e-12,1.123785825142e-07,-1.123816341044e-07
4.500000000000e-01,x,1.720000000000e+00,2.198671459797e-12,8.862057952687e-08,-8.861838085541e-08
4.500000000000e-01,x,1.733333333333e+00,5.013933758644e-12,6.786065532906e-08,-6.785564139530e-08
4.500000000000e-01,x,1.746666666667e+00,7.309671638347e-12,5.108409641854e-08,-5.107678674690e-08
4.500000000000e-01,x,1.760000000000e+00,7.505230559898e-12,3.909084534873e-08,-3.908334011817e-08
4.500000000000e-01,x,1.773333333333e+00,3.131418056705e-12,3.244506645329e-08,-3.244193503523e-08
4.500000000000e-01,x,1.786666666667e+00,-1.003623239165e-11,3.144559174244e-08,-3.145562797484e-08
4.500000000000e-01,x,1.800000000000e+00,-2.615940900397e-11,3.611746566098e-08,-3.614362506999e-08
4.500000000000e-01,x,1.813333333333e+00,-3.489744862651e-11,4.622253207799e-08,-4.625742952662e-08
4.500000000000e-01,x,1.826666666667e+00,-2.878883134549e-11,6.128550844483e-08,-6.131429727617e-08
4.500000000000e-01,x,1.840000000000e+00,-4.923416960266e-12,8.063130863105e-08,-8.063623204801e-08
4.500000000000e-01,x,1.853333333333e+00,3.331944649891e-11,1.034293748892e-07,-1.033960554427e-07
4.500000000000e-01,x,1.866666666667e+00,7.079303379513e-11,1.287412261178e-07,-1.286704330840e-07
4.500000000000e-01,x,1.880000000000e+00,8.646599632293e-11,1.555680696930e-07,-1.554816036967e-07
4.500000000000e-01,x,1.893333333333e+00,6.186580931651e-11,1.828959652639e-07,-1.828340994546e-07
4.500000000000e-01,x,1.906666666667e+00,-1.695393577308e-11,2.097365743616e-07,-2.097535282974e-07
4.500000000000e-01,x,1.920000000000e+00,-1.372151135456e-10,2.351619912150e-07,-2.352992063285e-07
4.500000000000e-01,x,1.933333333333e+00,-2.330465060699e-10,2.583326067875e-07,-2.585656532935e-07
4.500000000000e-01,x,1.946666666667e+00,-2.405463210817e-10,2.785175054636e-07,-2.787580517847e-07
4.500000000000e-01,x,1.960000000000e+00,-1.269837355107e-10,2.951075825289e-07,-2.952345662644e-07
4.500000000000e-01,x,1.973333333333e+00,9.033308665363e-11,3.076223685434e-07,-3.075320354568e-07
4.500000000000e-01,x,1.986666666667e+00,2.409252567963e-10,3.157123258635e-07,-3.154714006067e-07
4.500000000000e-01,x,2.000000000000e+00,-1.660680424869e-11,3.191589524705e-07,-3.191755592747e-07
4.500000000000e-01,y,-2.000000000000e+00,-5.983863943774e-12,-1.874194462683e-06,1.874188478819e-06
4.500000000000e-01,y,-1.986666666667e+00,6.098372904116e-11,-2.002008877603e-06,2.002069861332e-06
4.500000000000e-01,y,-1.973333333333e+00,2.267768239406e-11,-2.045761652052e-06,2.045784329735e-06
4.500000000000e-01,y,-1.960000000000e+00,-3.253447119278e-11,-2.003817272825e-06,2.003784738354e-06
4.500000000000e-01,y,-1.946666666667e+00,-6.143299750422e-11,-1.881722065330e-06,1.881660632332e-06
4.500000000000e-01,y,-1.933333333333e+00,-5.942608393306e-11,-1.691438795154e-06,1.691379369070e-06
4.500000000000e-01,y,-1.920000000000e+00,-3.494453861423e-11,-1.449766367015e-06,1.449731422476e-06
4.500000000000e-01,y,-1.906666666667e+00,-4.511619569967e-12,-1.176215717243e-06,1.176211205624e-06
4.500000000000e-01,y,-1.893333333333e+00,1.557784985318e-11,-8.907037118654e-07,8.907192897152e-07
4.500000000000e-01,y,-1.880000000000e+00,2.196392625531e-11,-6.114402259078e-07,6.114621898340e-07
4.500000000000e-01,y,-1.866666666667e+00,1.788496605106e-11,-3.533182225937e-07,3.533361075598e-07
4.500000000000e-01,y,-1.853333333333e+00,8.245165213362e-12,-1.269912852451e-07,1.269995304103e-07
4.500000000000e-01,y,-1.840000000000e+00,-1.582928365115e-12,6.132896431585e-08,-6.133054724422e-08
4.500000000000e-01,y,-1.826666666667e+00,-7.759223028248e-12,2.094635155452e-07,-2.094712747682e-07
4.500000000000e-01,y,-1.813333333333e+00,-9.009820037804e-12,3.184491302343e-07,-3.184581400543e-07
4.500000000000e-01,y,-1.800000000000e+00,-6.784987901500e-12,3.915534711223e-07,-3.915602561102e-07
4.500000000000e-01,y,-1.786666666667e+00,-3.205838932904e-12,4.333360582000e-07,-4.333392640389e-07
4.500000000000e-01,y,-1.773333333333e+00,4.564383099213e-13,4.488998794817e-07,-4.488994230434e-07
4.500000000000e-01,y,-1.760000000000e+00,1.833438550390e-12,4.433925339848e-07,-4.433907005463e-07
4.500000000000e-01,y,-1.746666666667e+00,1.883848802826e-12,4.217396521491e-07,-4.217377683003e-07
4.500000000000e-01,y,-1.733333333333e+00,1.436679321769e-12,3.885458418526e-07,-3.885444051733e-07
4.500000000000e-01,y,-1.720000000000e+00,7.220202512057e-13,3.480858974940e-07,-3.480851754738e-07
4.500000000000e-01,y,-1.706666666667e+00,-4.416079147656e-13,3.043254892984e-07,-3.043259309063e-07
4.500000000000e-01,y,-1.693333333333e+00,-1.586249965973e-12,2.609417869313e-07,-2.609433731813e-07
4.500000000000e-01,y,-1.680000000000e+00,-1.826254215880e-12,2.213441709481e-07,-2.213459972023e-07
4.500000000000e-01,y,-1.666666666667e+00,-1.243647280888e-12,1.887108290757e-07,-1.887120727230e-07
4.500000000000e-01,y,-1.653333333333e+00,-5.239265013118e-13,1.660535214329e-07,-1.660540453594e-07
4.500000000000e-01,y,-1.640000000000e+00,-5.715119706566e-13,1.563030925915e-07,-1.563036641035e-07
4.500000000000e-01,y,-1.626666666667e+00,-1.335349150721e-12,1.623814327340e-07,-1.623827680832e-07
4.500000000000e-01,y,-1.613333333333e+00,-1.320771021145e-12,1.872031320167e-07,-1.872044527877e-07
4.500000000000e-01,y,-1.600000000000e+00,-7.595999557250e-13,2.335424714238e-07,-2.335432310238e-07
4.500000000000e-01,y,-1.586666666667e+00,-2.198571704625e-13,3.037150573151e-07,-3.037152771723e-07
4.500000000000e-01,y,-1.573333333333e+00,-1.503058524590e-12,3.990591010560e-07,-3.990606041145e-07
4.500000000000e-01,y,-1.560000000000e+00,-2.501391395749e-12,5.192539115069e-07,-5.192564128983e-07
4.500000000000e-01,y,-1.546666666667e+00,-2.019245224596e-12,6.615723564984e-07,-6.615743757436e-07
4.500000000000e-01,y,-1.533333333333e+00,-5.685073101745e-13,8.202162488530e-07,-8.202168173603e-07
4.500000000000e-01,y,-1.520000000000e+00,-1.081575058168e-13,9.859143296822e-07,-9.859144378397e-07
4.500000000000e-01,y,-1.506666666667e+00,-1.043250598978e-12,1.145959390396e-06,-1.145960433646e-06
4.500000000000e-01,y,-1.493333333333e+00,-1.423042878127e-12,1.284817037519e-06,-1.284818460562e-06
4.500000000000e-01,y,-1.480000000000e+00,-5.331697948456e-13,1.385354642711e-06,-1.385355175881e-06
4.500000000000e-01,y,-1.466666666667e+00,6.509836220439e-13,1.430625633200e-06,-1.430624982216e-06
4.500000000000e-01,y,-1.453333333333e+00,-1.733985606067e-12,1.406020964980e-06,-1.406022698966e-06
4.500000000000e-01,y,-1.440000000000e+00,-6.698502412323e-12,1.301491971943e-06,-1.301498670446e-06
4.500000000000e-01,y,-1.426666666667e+00,-1.043370905363e-11,1.113483377638e-06,-1.113493811347e-06
4.500000000000e-01,y,-1.413333333333e+00,-1.195134841930e-11,8.462132863296e-07,-8.462252376780e-07
4.500000000000e-01,y,-1.400000000000e+00,-1.332473165015e-11,5.120080908356e-07,-5.120214155672e-07
4.500000000000e-01,y,-1.386666666667e+00,-1.797079551010e-11,1.305383918040e-07,-1.305563625995e-07
4.500000000000e-01,y,-1.373333333333e+00,-1.989620320442e-11,-2.730152357883e-07,2.729953395851e-07
4.500000000000e-01,y,-1.360000000000e+00,-1.093172435847e-11,-6.706457367665e-07,6.706348050421e-07
4.500000000000e-01,y,-1.346666666667e+00,1.081407649519e-11,-1.034670698436e-06,1.034681512512e-06
4.500000000000e-01,y,-1.333333333333e+00,4.101478610548e-11,-1.340876309745e-06,1.340917324531e-06
4.500000000000e-01,y,-1.320000000000e+00,7.081767526731e-11,-1.571176185441e-06,1.571247003117e-06
4.500000000000e-01,y,-1.306666666667e+00,9.732344328098e-11,-1.715395977757e-06,1.715493301200e-06
4.500000000000e-01,y,-1.293333333333e+00,1.128977568768e-10,-1.771956149636e-06,1.772069047393e-06
4.500000000000e-01,y,-1.280000000000e+00,1.010135300399e-10,-1.747422776867e-06,1.747523790397e-06
4.500000000000e-01,y,-1.266666666667e+00,3.831276429209e-11,-1.655085676195e-06,1.655123988959e-06
4.500000000000e-01,y,-1.253333333333e+00,-8.922052166744e-11,-1.512864404847e-06,1.512775184326e-06
4.500000000000e-01,y,-1.240000000000e+00,-2.688469003787e-10,-1.340909956264e-06,1.340641109363e-06
4.500000000000e-01,y,-1.226666666667e+00,-4.861459510382e-10,-1.159257856629e-06,1.158771710678e-06
4.500000000000e-01,y,-1.213333333333e+00,-7.243912454605e-10,-9.858118128373e-07,9.850874215918e-07
4.500000000000e-01,y,-1.200000000000e+00,-9.586014137000e-10,-8.348256272126e-07,8.338670257989e-07
4.500000000000e-01,y,-1.186666666667e+00,-1.060122898765e-09,-7.159392385659e-07,7.148791156671e-07
4.500000000000e-01,y,-1.173333333333e+00,-8.077904183865e-10,-6.337412974044e-07,6.329335069860e-07
4.500000000000e-01,y,-1.160000000000e+00,-2.516135662152e-11,-5.877905977070e-07,5.877654363504e-07
4.500000000000e-01,y,-1.146666666667e+00,1.372960021003e-09,-5.730295559525e-07,5.744025159735e-07
4.500000000000e-01,y,-1.133333333333e+00,3.327256083386e-09,-5.805471347180e-07,5.838743908014e-07
4.500000000000e-01,y,-1.120000000000e+00,5.461421897023e-09,-5.986705584487e-07,6.041319803457e-07
4.500000000000e-01,y,-1.106666666667e+00,7.160754261898e-09,-6.143613605246e-07,6.215221147865e-07
4.500000000000e-01,y,-1.093333333333e+00,7.697160761684e-09,-6.148500786604e-07,6.225472394221e-07
4.500000000000e-01,y,-1.080000000000e+00,6.286869891652e-09,-5.893714981664e-07,5.956583680581e-07
4.500000000000e-01,y,-1.066666666667e+00,2.156570548281e-09,-5.307825734076e-07,5.329391439559e-07
4.500000000000e-01,y,-1.053333333333e+00,-5.387599362295e-09,-4.367922921337e-07,4.314046927714e-07
4.500000000000e-01,y,-1.040000000000e+00,-1.668641984639e-08,-3.105390695051e-07,2.938526496587e-07
4.500000000000e-01,y,-1.026666666667e+00,-3.141585044690e-08,-1.603336349035e-07,1.289177844566e-07
4.500000000000e-01,y,-1.013333333333e+00,-4.829308596472e-08,1.464107780103e-09,-4.975719374482e-08
4.500000000000e-01,y,-1.000000000000e+00,-6.301720003567e-08,1.602807626470e-07,-2.232979626827e-07
4.500000000000e-01,y,-9.866666666667e-01,-6.611997946278e-08,3.015552502839e-07,-3.676752297467e-07
4.500000000000e-01,y,-9.733333333333e-01,-4.795901011543e-08,4.129306879933e-07,-4.608896981088e-07
4.500000000000e-01,y,-9.600000000000e-01,-9.044400104484e-10,4.859879716864e-07,-4.868924116969e-07
4.500000000000e-01,y,-9.466666666667e-01,7.880439028696e-08,5.172018677099e-07,-4.383974774229e-07
4.500000000000e-01,y,-9.333333333333e-01,1.841475846917e-07,5.079830833405e-07,-3.238354986489e-07
4.500000000000e-01,y,-9.200000000000e-01,2.954874918292e-07,4.638788323209e-07,-1.683913404917e-07
4.500000000000e-01,y,-9.066666666667e-01,3.871220442495e-07,3.931826921812e-07,-6.060647931757e-09
4.500000000000e-01,y,-8.933333333333e-01,4.283628391847e-07,3.053072563282e-07,1.230555828565e-07
4.500000000000e-01,y,-8.800000000000e-01,3.837046176270e-07,2.092806974211e-07,1.744239202059e-07
4.500000000000e-01,y,-8.666666666667e-01,2.004995602838e-07,1.126499276699e-07,8.784963261394e-08
4.500000000000e-01,y,-8.533333333333e-01,-1.763015007959e-07,2.093969615379e-08,-1.972411969497e-07
4.500000000000e-01,y,-8.400000000000e-01,-7.799149272749e-07,-6.233068180749e-08,-7.175842454674e-07
4.500000000000e-01,y,-8.266666666667e-01,-1.606620616002e-06,-1.351963782021e-07,-1.471424237800e-06
4.500000000000e-01,y,-8.133333333333e-01,-2.574924596896e-06,-1.965640237116e-07,-2.378360573185e-06
4.500000000000e-01,y,-8.000000000000e-01,-3.398294472667e-06,-2.455230689560e-07,-3.152771403711e-06
4.500000000000e-01,y,-7.866666666667e-01,-3.713906388503e-06,-2.808530927179e-07,-3.433053295785e-06
4.500000000000e-01,y,-7.733333333333e-01,-3.175108865457e-06,-3.008670768811e-07,-2.874241788576e-06
4.500000000000e-01,y,-7.600000000000e-01,-1.500655585161e-06,-3.036473178730e-07,-1.197008267288e-06
4.500000000000e-01,y,-7.466666666667e-01,1.419829849406e-06,-2.876396485095e-07,1.707469497916e-06
4.500000000000e-01,y,-7.333333333333e-01,5.388839013070e-06,-2.524866873832e-07,5.641325700453e-06
4.500000000000e-01,y,-7.200000000000e-01,9.974331438250e-06,-1.999173289683e-07,1.017424876722e-05
4.500000000000e-01,y,-7.066666666667e-01,1.448582351592e-05,-1.344875749470e-07,1.462031109087e-05
4.500000000000e-01,y,-6.933333333333e-01,1.792938926937e-05,-6.401415650949e-08,1.799340342588e-05
4.500000000000e-01,y,-6.800000000000e-01,1.844941749792e-05,3.054745180571e-10,1.844911202340e-05
4.500000000000e-01,y,-6.666666666667e-01,1.327562042721e-05,4.378184423741e-08,1.323183858298e-05
4.500000000000e-01,y,-6.533333333333e-01,-1.775185191379e-07,4.727426168519e-08,-2.247927808231e-07
4.500000000000e-01,y,-6.400000000000e-01,-2.381176454588e-05,-1.639140128079e-08,-2.379537314459e-05
4.500000000000e-01,y,-6.266666666667e-01,-5.821603393720e-05,-1.918810594561e-07,-5.802415287774e-05
4.500000000000e-01,y,-6.133333333333e-01,-9.988491350664e-05,-5.622449541168e-07,-9.932266855252e-05
4.500000000000e-01,y,-6.000000000000e-01,-1.420170991248e-04,-1.290249010287e-06,-1.407268501145e-04
4.500000000000e-01,y,-5.866666666667e-01,-1.768461241939e-04,-2.693995518229e-06,-1.741521286757e-04
4.500000000000e-01,y,-5.733333333333e-01,-1.962773003432e-04,-5.376903551927e-06,-1.909003967913e-04
4.500000000000e-01,y,-5.600000000000e-01,-1.924409373169e-04,-1.043902012648e-05,-1.820019171904e-04
4.500000000000e-01,y,-5.466666666667e-01,-1.576114801562e-04,-1.980231327224e-05,-1.378091668840e-04
4.500000000000e-01,y,-5.333333333333e-01,-8.677269828891e-05,-3.668335059797e-05,-5.008934769094e-05
4.500000000000e-01,y,-5.200000000000e-01,1.959920050319e-05,-6.623666822498e-05,8.583586872817e-05
4.500000000000e-01,y,-5.066666666667e-01,1.530859396430e-04,-1.163632665145e-04,2.694492061575e-04
4.500000000000e-01,y,-4.933333333333e-01,2.880793553616e-04,-1.986225689389e-04,4.867019243005e-04
4.500000000000e-01,y,-4.800000000000e-01,3.669425681375e-04,-3.290971069889e-04,6.960396751264e-04
4.500000000000e-01,y,-4.666666666667e-01,3.216126729315e-04,-5.289393775278e-04,8.505520504593e-04
4.500000000000e-01,y,-4.533333333333e-01,8.315827385095e-05,-8.241964492669e-04,9.073547231178e-04
4.500000000000e-01,y,-4.400000000000e-01,-4.117624142317e-04,-1.244396684386e-03,8.326342701545e-04
4.500000000000e-01,y,-4.266666666667e-01,-1.205658114661e-03,-1.819352151179e-03,6.136940365190e-04
4.500000000000e-01,y,-4.133333333333e-01,-2.309157425923e-03,-2.573750961126e-03,2.645935352035e-04
4.500000000000e-01,y,-4.000000000000e-01,-3.707675918723e-03,-3.519450478793e-03,-1.882254399299e-04
4.500000000000e-01,y,-3.866666666667e-01,-5.356245045586e-03,-4.645962420013e-03,-7.102826255730e-04
4.500000000000e-01,y,-3.733333333333e-01,-7.170786675349e-03,-5.910398940804e-03,-1.260387734545e-03
4.500000000000e-01,y,-3.600000000000e-01,-8.975131794400e-03,-7.228980701543e-03,-1.746151092857e-03
4.500000000000e-01,y,-3.466666666667e-01,-1.051849911345e-02,-8.472850584759e-03,-2.045648528692e-03
4.500000000000e-01,y,-3.333333333333e-01,-1.153742199907e-02,-9.471089768135e-03,-2.066332230938e-03
4.500000000000e-01,y,-3.200000000000e-01,-1.177996357903e-02,-1.002322385649e-02,-1.756739722548e-03
4.500000000000e-01,y,-3.066666666667e-01,-1.104180051656e-02,-9.922005812279e-03,-1.119794704280e-03
4.500000000000e-01,y,-2.933333333333e-01,-9.264263157231e-03,-8.984988760920e-03,-2.792743963118e-04
4.500000000000e-01,y,-2.800000000000e-01,-6.492241835401e-03,-7.090775106826e-03,5.985332714253e-04
4.500000000000e-01,y,-2.666666666667e-01,-2.838062341720e-03,-4.213522500749e-03,1.375460159029e-03
4.500000000000e-01,y,-2.533333333333e-01,1.517226048281e-03,-4.480714007184e-04,1.965297449000e-03
4.500000000000e-01,y,-2.400000000000e-01,6.305325539370e-03,3.981442341436e-03,2.323883197934e-03
4.500000000000e-01,y,-2.266666666667e-01,1.113063489610e-02,8.734183247275e-03,2.396451648826e-03
4.500000000000e-01,y,-2.133333333333e-01,1.555041766566e-02,1.338705265710e-02,2.163365008562e-03
4.500000000000e-01,y,-2.000000000000e-01,1.912554008202e-02,1.748679627175e-02,1.638743810266e-03
4.500000000000e-01,y,-1.866666666667e-01,2.146095847110e-02,2.061129492362e-02,8.496635474875e-04
4.500000000000e-01,y,-1.733333333333e-01,2.233138517960e-02,2.242893513443e-02,-9.754995482719e-05
4.500000000000e-01,y,-1.600000000000e-01,2.176917906018e-02,2.274486695434e-02,-9.756878941599e-04
4.500000000000e-01,y,-1.466666666667e-01,1.991365384906e-02,2.152553506165e-02,-1.611881212585e-03
4.500000000000e-01,y,-1.333333333333e-01,1.697939690010e-02,1.889749916776e-02,-1.918102267659e-03
4.500000000000e-01,y,-1.200000000000e-01,1.323673034733e-02,1.512204249614e-02,-1.885312148805e-03
4.500000000000e-01,y,-1.066666666667e-01,8.975871248747e-03,1.055198526340e-02,-1.576114014654e-03
4.500000000000e-01,y,-9.333333333333e-02,4.490210089167e-03,5.580264918141e-03,-1.090054828974e-03
4.500000000000e-01,y,-8.000000000000e-02,7.383043601474e-05,5.905570160396e-04,-5.167265800249e-04
4.500000000000e-01,y,-6.666666666667e-02,-3.999463005385e-03,-4.081473960828e-03,8.201095544377e-05
4.500000000000e-01,y,-5.333333333333e-02,-7.500316791299e-03,-8.171134306138e-03,6.708175148393e-04
4.500000000000e-01,y,-4.000000000000e-02,-1.027649617449e-02,-1.149087319224e-02,1.214377017757e-03
4.500000000000e-01,y,-2.666666666667e-02,-1.224966709319e-02,-1.392250676555e-02,1.672839672358e-03
4.500000000000e-01,y,-1.333333333333e-02,-1.340262374740e-02,-1.540102470158e-02,1.998400954186e-03
4.500000000000e-01,y,0.000000000000e+00,-1.377118010680e-02,-1.589661508863e-02,2.125434981831e-03
4.500000000000e-01,y,1.333333333333e-02,-1.340262299812e-02,-1.540102470158e-02,1.998401703467e-03
4.500000000000e-01,y,2.666666666667e-02,-1.224966562310e-02,-1.392250676555e-02,1.672841142446e-03
4.500000000000e-01,y,4.000000000000e-02,-1.027649404645e-02,-1.149087319224e-02,1.214379145794e-03
4.500000000000e-01,y,5.333333333333e-02,-7.500314115143e-03,-8.171134306138e-03,6.708201909951e-04
4.500000000000e-01,y,6.666666666667e-02,-3.999459957032e-03,-4.081473960828e-03,8.201400379670e-05
4.500000000000e-01,y,8.000000000000e-02,7.383362861506e-05,5.905570160396e-04,-5.167233874246e-04
4.500000000000e-01,y,9.333333333333e-02,4.490213201719e-03,5.580264918141e-03,-1.090051716422e-03
4.500000000000e-01,y,1.066666666667e-01,8.975874065246e-03,1.055198526340e-02,-1.576111198155e-03
4.500000000000e-01,y,1.200000000000e-01,1.323673267886e-02,1.512204249614e-02,-1.885309817278e-03
4.500000000000e-01,y,1.333333333333e-01,1.697939862540e-02,1.889749916776e-02,-1.918100542365e-03
4.500000000000e-01,y,1.466666666667e-01,1.991365489327e-02,2.152553506165e-02,-1.611880168380e-03
4.500000000000e-01,y,1.600000000000e-01,2.176917936738e-02,2.274486695434e-02,-9.756875869597e-04
4.500000000000e-01,y,1.733333333333e-01,2.233138474924e-02,2.242893513443e-02,-9.755038518874e-05
4.500000000000e-01,y,1.866666666667e-01,2.146095737148e-02,2.061129492362e-02,8.496624478669e-04
4.500000000000e-01,y,2.000000000000e-01,1.912553843874e-02,1.748679627175e-02,1.638742166993e-03
4.500000000000e-01,y,2.133333333333e-01,1.555041562975e-02,1.338705265710e-02,2.163362972646e-03
4.500000000000e-01,y,2.266666666667e-01,1.113063261806e-02,8.734183247275e-03,2.396449370781e-03
4.500000000000e-01,y,2.400000000000e-01,6.305323164034e-03,3.981442341436e-03,2.323880822597e-03
4.500000000000e-01,y,2.533333333333e-01,1.517223733281e-03,-4.480714007184e-04,1.965295133999e-03
4.500000000000e-01,y,2.666666666667e-01,-2.838064418785e-03,-4.213522500749e-03,1.375458081964e-03
4.500000000000e-01,y,2.800000000000e-01,-6.492243579184e-03,-7.090775106826e-03,5.985315276422e-04
4.500000000000e-01,y,2.933333333333e-01,-9.264264549750e-03,-8.984988760920e-03,-2.792757888308e-04
4.500000000000e-01,y,3.066666666667e-01,-1.104180158155e-02,-9.922005812279e-03,-1.119795769273e-03
4.500000000000e-01,y,3.200000000000e-01,-1.177996436281e-02,-1.002322385649e-02,-1.756740506325e-03
4.500000000000e-01,y,3.333333333333e-01,-1.153742255650e-02,-9.471089768135e-03,-2.066332788361e-03
4.500000000000e-01,y,3.466666666667e-01,-1.051849949122e-02,-8.472850584759e-03,-2.045648906461e-03
4.500000000000e-01,y,3.600000000000e-01,-8.975132032723e-03,-7.228980701543e-03,-1.746151331180e-03
4.500000000000e-01,y,3.733333333333e-01,-7.170786811695e-03,-5.910398940804e-03,-1.260387870891e-03
4.500000000000e-01,y,3.866666666667e-01,-5.356245116902e-03,-4.645962420013e-03,-7.102826968893e-04
4.500000000000e-01,y,4.000000000000e-01,-3.707675958043e-03,-3.519450478793e-03,-1.882254792500e-04
4.500000000000e-01,y,4.133333333333e-01,-2.309157457394e-03,-2.573750961126e-03,2.645935037317e-04
4.500000000000e-01,y,4.266666666667e-01,-1.205658153161e-03,-1.819352151179e-03,6.136939980184e-04
4.500000000000e-01,y,4.400000000000e-01,-4.117624649650e-04,-1.244396684386e-03,8.326342194212e-04
4.500000000000e-01,y,4.533333333333e-01,8.315821529394e-05,-8.241964492669e-04,9.073546645608e-04
4.500000000000e-01,y,4.666666666667e-01,3.216126131212e-04,-5.289393775278e-04,8.505519906490e-04
4.500000000000e-01,y,4.800000000000e-01,3.669425111854e-04,-3.290971069889e-04,6.960396181743e-04
4.500000000000e-01,y,4.933333333333e-01,2.880793034613e-04,-1.986225689389e-04,4.867018724003e-04
4.500000000000e-01,y,5.066666666667e-01,1.530858934411e-04,-1.163632665145e-04,2.694491599556e-04
4.500000000000e-01,y,5.200000000000e-01,1.959915932442e-05,-6.623666822498e-05,8.583582754940e-05
4.500000000000e-01,y,5.333333333333e-01,-8.677273522823e-05,-3.668335059797e-05,-5.008938463026e-05
4.500000000000e-01,y,5.466666666667e-01,-1.576115133250e-04,-1.980231327224e-05,-1.378092000528e-04
4.500000000000e-01,y,5.600000000000e-01,-1.924409668658e-04,-1.043902012648e-05,-1.820019467393e-04
4.500000000000e-01,y,5.733333333333e-01,-1.962773259023e-04,-5.376903551927e-06,-1.909004223504e-04
4.500000000000e-01,y,5.866666666667e-01,-1.768461450574e-04,-2.693995518229e-06,-1.741521495392e-04
4.500000000000e-01,y,6.000000000000e-01,-1.420171150637e-04,-1.290249010287e-06,-1.407268660534e-04
4.500000000000e-01,y,6.133333333333e-01,-9.988492468692e-05,-5.622449541168e-07,-9.932267973280e-05
4.500000000000e-01,y,6.266666666667e-01,-5.821604093036e-05,-1.918810594561e-07,-5.802415987091e-05
4.500000000000e-01,y,6.400000000000e-01,-2.381176832647e-05,-1.639140128079e-08,-2.379537692519e-05
4.500000000000e-01,y,6.533333333333e-01,-1.775201725411e-07,4.727426168519e-08,-2.247944342263e-07
4.500000000000e-01,y,6.666666666667e-01,1.327562008348e-05,4.378184423741e-08,1.323183823924e-05
4.500000000000e-01,y,6.800000000000e-01,1.844941791793e-05,3.054745180571e-10,1.844911244342e-05
4.500000000000e-01,y,6.933333333333e-01,1.792939003740e-05,-6.401415650949e-08,1.799340419391e-05
4.500000000000e-01,y,7.066666666667e-01,1.448582446471e-05,-1.344875749470e-07,1.462031203966e-05
4.500000000000e-01,y,7.200000000000e-01,9.974332453534e-06,-1.999173289683e-07,1.017424978250e-05
4.500000000000e-01,y,7.333333333333e-01,5.388839902863e-06,-2.524866873832e-07,5.641326590246e-06
4.500000000000e-01,y,7.466666666667e-01,1.419830509845e-06,-2.876396485095e-07,1.707470158354e-06
4.500000000000e-01,y,7.600000000000e-01,-1.500655068110e-06,-3.036473178730e-07,-1.197007750237e-06
4.500000000000e-01,y,7.733333333333e-01,-3.175108408535e-06,-3.008670768811e-07,-2.874241331654e-06
4.500000000000e-01,y,7.866666666667e-01,-3.713905810339e-06,-2.808530927179e-07,-3.433052717621e-06
4.500000000000e-01,y,8.000000000000e-01,-3.398293674490e-06,-2.455230689560e-07,-3.152770605534e-06
4.500000000000e-01,y,8.133333333333e-01,-2.574923570021e-06,-1.965640237116e-07,-2.378359546309e-06
4.500000000000e-01,y,8.266666666667e-01,-1.606619411005e-06,-1.351963782021e-07,-1.471423032803e-06
4.500000000000e-01,y,8.400000000000e-01,-7.799137791491e-07,-6.233068180749e-08,-7.175830973416e-07
4.500000000000e-01,y,8.533333333333e-01,-1.763005092592e-07,2.093969615379e-08,-1.972402054130e-07
4.500000000000e-01,y,8.666666666667e-01,2.005004459535e-07,1.126499276699e-07,8.785051828361e-08
4.500000000000e-01,y,8.800000000000e-01,3.837053719366e-07,2.092806974211e-07,1.744246745156e-07
4.500000000000e-01,y,8.933333333333e-01,4.283635683658e-07,3.053072563282e-07,1.230563120376e-07
4.500000000000e-01,y,9.066666666667e-01,3.871228534853e-07,3.931826921812e-07,-6.059838695890e-09
4.500000000000e-01,y,9.200000000000e-01,2.954883974818e-07,4.638788323209e-07,-1.683904348391e-07
4.500000000000e-01,y,9.333333333333e-01,1.841485438126e-07,5.079830833405e-07,-3.238345395279e-07
4.500000000000e-01,y,9.466666666667e-01,7.880532777400e-08,5.172018677099e-07,-4.383965399359e-07
4.500000000000e-01,y,9.600000000000e-01,-9.035830166022e-10,4.859879716864e-07,-4.868915547030e-07
4.500000000000e-01,y,9.733333333333e-01,-4.795842580482e-08,4.129306879933e-07,-4.608891137982e-07
4.500000000000e-01,y,9.866666666667e-01,-6.611967305690e-08,3.015552502839e-07,-3.676749233408e-07
4.500000000000e-01,y,1.000000000000e+00,-6.301713365354e-08,1.602807626470e-07,-2.232978963005e-07
4.500000000000e-01,y,1.013333333333e+00,-4.829315096362e-08,1.464107780103e-09,-4.975725874373e-08
4.500000000000e-01,y,1.026666666667e+00,-3.141599908125e-08,-1.603336349035e-07,1.289176358223e-07
4.500000000000e-01,y,1.040000000000e+00,-1.668643087440e-08,-3.105390695051e-07,2.938526386307e-07
4.500000000000e-01,y,1.053333333333e+00,-5.387414007457e-09,-4.367922921337e-07,4.314048781263e-07
4.500000000000e-01,y,1.066666666667e+00,2.156983609037e-09,-5.307825734076e-07,5.329395570167e-07
4.500000000000e-01,y,1.080000000000e+00,6.287485014695e-09,-5.893714981664e-07,5.956589831811e-07
4.500000000000e-01,y,1.093333333333e+00,7.698076099878e-09,-6.148500786604e-07,6.225481547603e-07
4.500000000000e-01,y,1.106666666667e+00,7.161714048345e-09,-6.143613605246e-07,6.215230745729e-07
4.500000000000e-01,y,1.120000000000e+00,5.462504284512e-09,-5.986705584487e-07,6.041330627332e-07
4.500000000000e-01,y,1.133333333333e+00,3.328245462080e-09,-5.805471347180e-07,5.838753801801e-07
4.500000000000e-01,y,1.146666666667e+00,1.373747833208e-09,-5.730295559525e-07,5.744033037857e-07
4.500000000000e-01,y,1.160000000000e+00,-2.457082719690e-11,-5.877905977070e-07,5.877660268798e-07
4.500000000000e-01,y,1.173333333333e+00,-8.075247231535e-10,-6.337412974044e-07,6.329337726812e-07
4.500000000000e-01,y,1.186666666667e+00,-1.060245703119e-09,-7.159392385659e-07,7.148789928628e-07
4.500000000000e-01,y,1.200000000000e+00,-9.589897320480e-10,-8.348256272126e-07,8.338666374806e-07
4.500000000000e-01,y,1.213333333333e+00,-7.248811570458e-10,-9.858118128373e-07,9.850869316802e-07
4.500000000000e-01,y,1.226666666667e+00,-4.866915208169e-10,-1.159257856629e-06,1.158771165108e-06
4.500000000000e-01,y,1.240000000000e+00,-2.693732421951e-10,-1.340909956264e-06,1.340640583022e-06
4.500000000000e-01,y,1.253333333333e+00,-8.967102108607e-11,-1.512864404847e-06,1.512774733826e-06
4.500000000000e-01,y,1.266666666667e+00,3.779871138431e-11,-1.655085676195e-06,1.655123474906e-06
4.500000000000e-01,y,1.280000000000e+00,1.005882242868e-10,-1.747422776867e-06,1.747523365091e-06
4.500000000000e-01,y,1.293333333333e+00,1.124591068204e-10,-1.771956149636e-06,1.772068608743e-06
4.500000000000e-01,y,1.306666666667e+00,9.692416556842e-11,-1.715395977757e-06,1.715492901923e-06
4.500000000000e-01,y,1.320000000000e+00,7.046630315246e-11,-1.571176185441e-06,1.571246651745e-06
4.500000000000e-01,y,1.333333333333e+00,4.096541669249e-11,-1.340876309745e-06,1.340917275161e-06
4.500000000000e-01,y,1.346666666667e+00,1.134070645685e-11,-1.034670698436e-06,1.034682039142e-06
4.500000000000e-01,y,1.360000000000e+00,-9.803786152035e-12,-6.706457367665e-07,6.706359329803e-07
4.500000000000e-01,y,1.373333333333e+00,-1.814767347218e-11,-2.730152357883e-07,2.729970881148e-07
4.500000000000e-01,y,1.386666666667e+00,-1.571151484192e-11,1.305383918040e-07,-1.305541033188e-07
4.500000000000e-01,y,1.400000000000e+00,-1.105181582231e-11,5.120080908356e-07,-5.120191426514e-07
4.500000000000e-01,y,1.413333333333e+00,-9.969232579130e-12,8.462132863296e-07,-8.462232555622e-07
4.500000000000e-01,y,1.426666666667e+00,-9.139924763927e-12,1.113483377638e-06,-1.113492517563e-06
4.500000000000e-01,y,1.440000000000e+00,-5.935569727658e-12,1.301491971943e-06,-1.301497907513e-06
4.500000000000e-01,y,1.453333333333e+00,-1.559610970230e-12,1.406020964980e-06,-1.406022524591e-06
4.500000000000e-01,y,1.466666666667e+00,5.143672002531e-13,1.430625633200e-06,-1.430625118833e-06
4.500000000000e-01,y,1.480000000000e+00,-4.879065154093e-13,1.385354642711e-06,-1.385355130617e-06
4.500000000000e-01,y,1.493333333333e+00,-1.322101599547e-12,1.284817037519e-06,-1.284818359620e-06
4.500000000000e-01,y,1.506666666667e+00,-7.446416975282e-13,1.145959390396e-06,-1.145960135037e-06
4.500000000000e-01,y,1.520000000000e+00,4.786806370365e-13,9.859143296822e-07,-9.859138510016e-07
4.500000000000e-01,y,1.533333333333e+00,-1.886689735745e-13,8.202162488530e-07,-8.202164375219e-07
4.500000000000e-01,y,1.546666666667e+00,-1.781016740056e-12,6.615723564984e-07,-6.615741375151e-07
4.500000000000e-01,y,1.560000000000e+00,-2.377748183863e-12,5.192539115069e-07,-5.192562892551e-07
4.500000000000e-01,y,1.573333333333e+00,-1.601219777650e-12,3.990591010560e-07,-3.990607022757e-07
4.500000000000e-01,y,1.586666666667e+00,-4.989362286337e-13,3.037150573151e-07,-3.037155562514e-07
4.500000000000e-01,y,1.600000000000e+00,-6.177399435806e-13,2.335424714238e-07,-2.335430891638e-07
4.500000000000e-01,y,1.613333333333e+00,-9.662430831560e-13,1.872031320167e-07,-1.872040982597e-07
4.500000000000e-01,y,1.626666666667e+00,-7.698477729110e-13,1.623814327340e-07,-1.623822025818e-07
4.500000000000e-01,y,1.640000000000e+00,3.051619792778e-13,1.563030925915e-07,-1.563027874295e-07
4.500000000000e-01,y,1.653333333333e+00,3.205120879060e-13,1.660535214329e-07,-1.660532009208e-07
4.500000000000e-01,y,1.666666666667e+00,-8.457263083480e-13,1.887108290757e-07,-1.887116748021e-07
4.500000000000e-01,y,1.680000000000e+00,-1.659222943021e-12,2.213441709481e-07,-2.213458301710e-07
4.500000000000e-01,y,1.693333333333e+00,-1.866713325027e-12,2.609417869313e-07,-2.609436536446e-07
4.500000000000e-01,y,1.706666666667e+00,-1.183940027743e-12,3.043254892984e-07,-3.043266732384e-07
4.500000000000e-01,y,1.720000000000e+00,8.585644320992e-14,3.480858974940e-07,-3.480858116376e-07
4.500000000000e-01,y,1.733333333333e+00,8.541940543751e-13,3.885458418526e-07,-3.885449876585e-07
4.500000000000e-01,y,1.746666666667e+00,1.571087478631e-12,4.217396521491e-07,-4.217380810616e-07
4.500000000000e-01,y,1.760000000000e+00,1.873203180084e-12,4.433925339848e-07,-4.433906607817e-07
4.500000000000e-01,y,1.773333333333e+00,8.266299394362e-13,4.488998794817e-07,-4.488990528517e-07
4.500000000000e-01,y,1.786666666667e+00,-2.726435819092e-12,4.333360582000e-07,-4.333387846358e-07
4.500000000000e-01,y,1.800000000000e+00,-6.456113042873e-12,3.915534711223e-07,-3.915599272353e-07
4.500000000000e-01,y,1.813333333333e+00,-8.450854734285e-12,3.184491302343e-07,-3.184575810890e-07
4.500000000000e-01,y,1.826666666667e+00,-7.177529144603e-12,2.094635155452e-07,-2.094706930743e-07
4.500000000000e-01,y,1.840000000000e+00,-9.946247214902e-13,6.132896431585e-08,-6.132995894057e-08
4.500000000000e-01,y,1.853333333333e+00,9.203406745400e-12,-1.269912852451e-07,1.270004886519e-07
4.500000000000e-01,y,1.866666666667e+00,1.881455298980e-11,-3.533182225937e-07,3.533370371467e-07
4.500000000000e-01,y,1.880000000000e+00,2.326028673000e-11,-6.114402259078e-07,6.114634861945e-07
4.500000000000e-01,y,1.893333333333e+00,1.694019167643e-11,-8.907037118654e-07,8.907206520571e-07
4.500000000000e-01,y,1.906666666667e+00,-3.380667846352e-12,-1.176215717243e-06,1.176212336575e-06
4.500000000000e-01,y,1.920000000000e+00,-3.400703467115e-11,-1.449766367015e-06,1.449732359980e-06
4.500000000000e-01,y,1.933333333333e+00,-5.861977233968e-11,-1.691438795154e-06,1.691380175381e-06
4.500000000000e-01,y,1.946666666667e+00,-6.111887633008e-11,-1.881722065330e-06,1.881660946453e-06
4.500000000000e-01,y,1.960000000000e+00,-3.240101925685e-11,-2.003817272825e-06,2.003784871806e-06
4.500000000000e-01,y,1.973333333333e+00,2.262466126268e-11,-2.045761652052e-06,2.045784276714e-06
4.500000000000e-01,y,1.986666666667e+00,6.060405052378e-11,-2.002008877603e-06,2.002069481653e-06
4.500000000000e-01,y,2.000000000000e+00,-6.441730972007e-12,-1.874194462683e-06,1.874188020952e-06
7.000000000000e-01,x,-2.000000000000e+00,-1.256514196161e-10,2.352616397719e-06,-2.352742049139e-06
7.000000000000e-01,x,-1.986666666667e+00,1.270300487400e-09,2.374666909324e-06,-2.373396608836e-06
7.000000000000e-01,x,-1.973333333333e+00,4.775090719801e-10,2.378502642054e-06,-2.378025132982e-06
7.000000000000e-01,x,-1.960000000000e+00,-6.835426580431e-10,2.365564851650e-06,-2.366248394308e-06
7.000000000000e-01,x,-1.946666666667e+00,-1.291544745526e-09,2.338194940271e-06,-2.339486485016e-06
7.000000000000e-01,x,-1.933333333333e+00,-1.252403105514e-09,2.299343716074e-06,-2.300596119179e-06
7.000000000000e-01,x,-1.920000000000e+00,-7.423483752955e-10,2.252258374145e-06,-2.253000722520e-06
7.000000000000e-01,x,-1.906666666667e+00,-1.033374681770e-10,2.200185142803e-06,-2.200288480271e-06
7.000000000000e-01,x,-1.893333333333e+00,3.076552898745e-10,2.146119577440e-06,-2.145811922150e-06
7.000000000000e-01,x,-1.880000000000e+00,4.311669981099e-10,2.092626700269e-06,-2.092195533271e-06
7.000000000000e-01,x,-1.866666666667e+00,3.483343133841e-10,2.041741328439e-06,-2.041392994126e-06
7.000000000000e-01,x,-1.853333333333e+00,1.626387637311e-10,1.994946903189e-06,-1.994784264425e-06
7.000000000000e-01,x,-1.840000000000e+00,-2.317684960314e-11,1.953220667004e-06,-1.953243843853e-06
7.000000000000e-01,x,-1.826666666667e+00,-1.282694868907e-10,1.917125462474e-06,-1.917253731961e-06
7.000000000000e-01,x,-1.813333333333e+00,-1.103637063040e-10,1.886924516009e-06,-1.887034879715e-06
7.000000000000e-01,x,-1.800000000000e+00,3.405554455567e-11,1.862695488975e-06,-1.862661433431e-06
7.000000000000e-01,x,-1.786666666667e+00,2.704482858709e-10,1.844423445519e-06,-1.844152997233e-06
7.000000000000e-01,x,-1.773333333333e+00,5.345739178228e-10,1.832058388478e-06,-1.831523814560e-06
7.000000000000e-01,x,-1.760000000000e+00,8.061339431535e-10,1.825530575003e-06,-1.824724441060e-06
7.000000000000e-01,x,-1.746666666667e+00,1.147942803011e-09,1.824724768147e-06,-1.823576825344e-06
7.000000000000e-01,x,-1.733333333333e+00,1.592170707035e-09,1.829421798241e-06,-1.827829627534e-06
7.000000000000e-01,x,-1.720000000000e+00,2.121557909075e-09,1.839221369719e-06,-1.837099811810e-06
7.000000000000e-01,x,-1.706666666667e+00,2.662330300780e-09,1.853463302720e-06,-1.850800972419e-06
7.000000000000e-01,x,-1.693333333333e+00,3.179793662867e-09,1.871165009174e-06,-1.867985215511e-06
7.000000000000e-01,x,-1.680000000000e+00,3.638874710345e-09,1.890990972119e-06,-1.887352097409e-06
7.000000000000e-01,x,-1.666666666667e+00,3.891093445388e-09,1.911265642483e-06,-1.907374549038e-06
7.000000000000e-01,x,-1.653333333333e+00,3.648146725784e-09,1.930035084142e-06,-1.926386937416e-06
7.000000000000e-01,x,-1.640000000000e+00,2.483332014081e-09,1.945175691882e-06,-1.942692359868e-06
7.000000000000e-01,x,-1.626666666667e+00,-6.412376436445e-11,1.954541310042e-06,-1.954605433807e-06
7.000000000000e-01,x,-1.613333333333e+00,-4.588411958888e-09,1.956134046217e-06,-1.960722458176e-06
7.000000000000e-01,x,-1.600000000000e+00,-1.189635369849e-08,1.948279862720e-06,-1.960176216419e-06
7.000000000000e-01,x,-1.586666666667e+00,-2.300462025379e-08,1.929788280720e-06,-1.952792900974e-06
7.000000000000e-01,x,-1.573333333333e+00,-3.909866080196e-08,1.900076570959e-06,-1.939175231761e-06
7.000000000000e-01,x,-1.560000000000e+00,-6.142333092665e-08,1.859242562524e-06,-1.920665893450e-06
7.000000000000e-01,x,-1.546666666667e+00,-9.122241140240e-08,1.808076207238e-06,-1.899298618641e-06
7.000000000000e-01,x,-1.533333333333e+00,-1.295730206623e-07,1.748007468485e-06,-1.877580489148e-06
7.000000000000e-01,x,-1.520000000000e+00,-1.771154822522e-07,1.680995902965e-06,-1.858111385218e-06
7.000000000000e-01,x,-1.506666666667e+00,-2.332596265516e-07,1.609374346632e-06,-1.842633973184e-06
7.000000000000e-01,x,-1.493333333333e+00,-2.953879644105e-07,1.535664395270e-06,-1.831052359680e-06
7.000000000000e-01,x,-1.480000000000e+00,-3.589567798716e-07,1.462384166631e-06,-1.821340946502e-06
7.000000000000e-01,x,-1.466666666667e+00,-4.167499464856e-07,1.391868832607e-06,-1.808618779092e-06
7.000000000000e-01,x,-1.453333333333e+00,-4.576134779018e-07,1.326121746445e-06,-1.783735224347e-06
7.000000000000e-01,x,-1.440000000000e+00,-4.606180735093e-07,1.266709186567e-06,-1.727327260076e-06
7.000000000000e-01,x,-1.426666666667e+00,-3.945234182860e-07,1.214705566415e-06,-1.609228984701e-06
7.000000000000e-01,x,-1.413333333333e+00,-2.215623287347e-07,1.170689219185e-06,-1.392251547920e-06
7.000000000000e-01,x,-1.400000000000e+00,1.033323983086e-07,1.134782075093e-06,-1.031449676785e-06
7.000000000000e-01,x,-1.386666666667e+00,6.360568480112e-07,1.106719535262e-06,-4.706626872510e-07
7.000000000000e-01,x,-1.373333333333e+00,1.463092341221e-06,1.085928167293e-06,3.771641739277e-07
7.000000000000e-01,x,-1.360000000000e+00,2.687330425718e-06,1.071574965779e-06,1.615755459938e-06
7.000000000000e-01,x,-1.346666666667e+00,4.412141438747e-06,1.062526100906e-06,3.349615337841e-06
7.000000000000e-01,x,-1.333333333333e+00,6.735333992290e-06,1.057104123127e-06,5.678229869163e-06
7.000000000000e-01,x,-1.320000000000e+00,9.751579490925e-06,1.052443890850e-06,8.699135600075e-06
7.000000000000e-01,x,-1.306666666667e+00,1.357130976626e-05,1.043097194807e-06,1.252821257145e-05
7.000000000000e-01,x,-1.293333333333e+00,1.826727075696e-05,1.018299480101e-06,1.724897127685e-05
7.000000000000e-01,x,-1.280000000000e+00,2.383549166034e-05,9.569669568139e-07,2.287852470352e-05
7.000000000000e-01,x,-1.266666666667e+00,3.016085882618e-05,8.190265115406e-07,2.934183231464e-05
7.000000000000e-01,x,-1.253333333333e+00,3.696658389881e-05,5.310993990456e-07,3.643548449977e-05
7.000000000000e-01,x,-1.240000000000e+00,4.375586862789e-05,-3.611115086431e-08,4.379197977876e-05
7.000000000000e-01,x,-1.226666666667e+00,4.977125153252e-05,-1.102094458259e-06,5.087334599078e-05
7.000000000000e-01,x,-1.213333333333e+00,5.392567168439e-05,-3.026541492835e-06,5.695221317722e-05
7.000000000000e-01,x,-1.200000000000e+00,5.471266369003e-05,-6.379791858686e-06,6.109245554871e-05
7.000000000000e-01,x,-1.186666666667e+00,4.990804329982e-05,-1.203887952661e-05,6.194692282643e-05
7.000000000000e-01,x,-1.173333333333e+00,3.648892442074e-05,-2.131443873803e-05,5.780336315877e-05
7.000000000000e-01,x,-1.160000000000e+00,1.080850621133e-05,-3.611312759985e-05,4.692163381117e-05
7.000000000000e-01,x,-1.146666666667e+00,-3.144807433137e-05,-5.913834154599e-05,2.769026721462e-05
7.000000000000e-01,x,-1.133333333333e+00,-9.538231867846e-05,-9.412801977534e-05,-1.254298903126e-06
7.000000000000e-01,x,-1.120000000000e+00,-1.875081772278e-04,-1.461213957050e-04,-4.138678152278e-05
7.000000000000e-01,x,-1.106666666667e+00,-3.153738188291e-04,-2.217358816091e-04,-9.363793722004e-05
7.000000000000e-01,x,-1.093333333333e+00,-4.870147067606e-04,-3.294207294939e-04,-1.575939772666e-04
7.000000000000e-01,x,-1.080000000000e+00,-7.107362679232e-04,-4.796364321310e-04,-2.310998357922e-04
7.000000000000e-01,x,-1.066666666667e+00,-9.949259684352e-04,-6.848900084986e-04,-3.100359599366e-04
7.000000000000e-01,x,-1.053333333333e+00,-1.347982082989e-03,-9.595396889527e-04,-3.884423940368e-04
7.000000000000e-01,x,-1.040000000000e+00,-1.777560879229e-03,-1.319272625258e-03,-4.582882539705e-04
7.000000000000e-01,x,-1.026666666667e+00,-2.289834756885e-03,-1.780161458549e-03,-5.096732983355e-04
7.000000000000e-01,x,-1.013333333333e+00,-2.888739251667e-03,-2.357225343462e-03,-5.315139082048e-04
7.000000000000e-01,x,-1.000000000000e+00,-3.574228985427e-03,-3.062462867383e-03,-5.117661180435e-04
7.000000000000e-01,x,-9.866666666667e-01,-4.340300198813e-03,-3.902390457188e-03,-4.379097416251e-04
7.000000000000e-01,x,-9.733333333333e-01,-5.176216719131e-03,-4.875208790194e-03,-3.010079289373e-04
7.000000000000e-01,x,-9.600000000000e-01,-6.066126303157e-03,-5.967824741401e-03,-9.830156175654e-05
7.000000000000e-01,x,-9.466666666667e-01,-6.988246563300e-03,-7.153064903778e-03,1.648183404783e-04
7.000000000000e-01,x,-9.333333333333e-01,-7.910901058976e-03,-8.387510466786e-03,4.766094078098e-04
7.000000000000e-01,x,-9.200000000000e-01,-8.791796728970e-03,-9.610440071193e-03,8.186433422227e-04
7.000000000000e-01,x,-9.066666666667e-01,-9.582667419928e-03,-1.074436441552e-02,1.161696995589e-03
7.000000000000e-01,x,-8.933333333333e-01,-1.023052570410e-02,-1.169755514696e-02,1.467029442861e-03
7.000000000000e-01,x,-8.800000000000e-01,-1.067884658666e-02,-1.236880149353e-02,1.689954906873e-03
7.000000000000e-01,x,-8.666666666667e-01,-1.086831020961e-02,-1.265437582138e-02,1.786065611772e-03
7.000000000000e-01,x,-8.533333333333e-01,-1.073943150899e-02,-1.245687554914e-02,1.717444040155e-03
7.000000000000e-01,x,-8.400000000000e-01,-1.023621780520e-02,-1.169527244441e-02,1.459054639218e-03
7.000000000000e-01,x,-8.266666666667e-01,-9.309841466238e-03,-1.031519346305e-02,1.005351996808e-03
7.000000000000e-01,x,-8.133333333333e-01,-7.925122446496e-03,-8.298238013654e-03,3.731155671579e-04
7.000000000000e-01,x,-8.000000000000e-01,-6.075267755484e-03,-5.669058315875e-03,-4.062094396087e-04
7.000000000000e-01,x,-7.866666666667e-01,-3.775183318429e-03,-2.499029798579e-03,-1.276153519850e-03
7.000000000000e-01,x,-7.733333333333e-01,-1.058993301460e-03,1.094371500660e-03,-2.153364802121e-03
7.000000000000e-01,x,-7.600000000000e-01,2.017918053242e-03,4.952908996855e-03,-2.934990943613e-03
7.000000000000e-01,x,-7.466666666667e-01,5.370666633201e-03,8.887494348631e-03,-3.516827715430e-03
7.000000000000e-01,x,-7.333333333333e-01,8.874205843349e-03,1.269190872653e-02,-3.817702883183e-03
7.000000000000e-01,x,-7.200000000000e-01,1.238138772585e-02,1.615903250375e-02,-3.777644777908e-03
7.000000000000e-01,x,-7.066666666667e-01,1.573108368725e-02,1.909788243655e-02,-3.366798749299e-03
7.000000000000e-01,x,-6.933333333333e-01,1.875481855573e-02,2.134958047165e-02,-2.594761915925e-03
7.000000000000e-01,x,-6.800000000000e-01,2.129302198653e-02,2.280046180992e-02,-1.507439823391e-03
7.000000000000e-01,x,-6.666666666667e-01,2.320566208033e-02,2.339086555342e-02,-1.852034730911e-04
7.000000000000e-01,x,-6.533333333333e-01,2.436784349043e-02,2.311869033382e-02,1.249153156617e-03
7.000000000000e-01,x,-6.400000000000e-01,2.467774987470e-02,2.203745678365e-02,2.640293091048e-03
7.000000000000e-01,x,-6.266666666667e-01,2.406886206528e-02,2.024929660143e-02,3.819565463849e-03
7.000000000000e-01,x,-6.133333333333e-01,2.255440958195e-02,1.789388197577e-02,4.660527606172e-03
7.000000000000e-01,x,-6.000000000000e-01,2.021945925210e-02,1.513473484578e-02,5.084724406325e-03
7.000000000000e-01,x,-5.866666666667e-01,1.719060290984e-02,1.214456036956e-02,5.046042540284e-03
7.000000000000e-01,x,-5.733333333333e-01,1.363115787519e-02,9.091219658746e-03,4.539938216444e-03
7.000000000000e-01,x,-5.600000000000e-01,9.735223284326e-03,6.125718395655e-03,3.609504888670e-03
7.000000000000e-01,x,-5.466666666667e-01,5.717094967702e-03,3.373196164720e-03,2.343898802982e-03
7.000000000000e-01,x,-5.333333333333e-01,1.804438830616e-03,9.274299752494e-04,8.770088553665e-04
7.000000000000e-01,x,-5.200000000000e-01,-1.773078806026e-03,-1.151108322820e-03,-6.219704832060e-04
7.000000000000e-01,x,-5.066666666667e-01,-4.799418485954e-03,-2.834010136646e-03,-1.965408349308e-03
7.000000000000e-01,x,-4.933333333333e-01,-7.112974058063e-03,-4.121170352295e-03,-2.991803705769e-03
7.000000000000e-01,x,-4.800000000000e-01,-8.668716502517e-03,-5.035338975538e-03,-3.633377526979e-03
7.000000000000e-01,x,-4.666666666667e-01,-9.478784181013e-03,-5.615843270505e-03,-3.862940910508e-03
7.000000000000e-01,x,-4.533333333333e-01,-9.597178583629e-03,-5.912257607849e-03,-3.684920975780e-03
7.000000000000e-01,x,-4.400000000000e-01,-9.117742571930e-03,-5.978638397091e-03,-3.139104174839e-03
7.000000000000e-01,x,-4.266666666667e-01,-8.173258737850e-03,-5.868741841170e-03,-2.304516896680e-03
7.000000000000e-01,x,-4.133333333333e-01,-6.930352713941e-03,-5.632438415940e-03,-1.297914298001e-03
7.000000000000e-01,x,-4.000000000000e-01,-5.575133068776e-03,-5.313357913846e-03,-2.617751549301e-04
7.000000000000e-01,x,-3.866666666667e-01,-4.297645076198e-03,-4.947660352862e-03,6.500152766642e-04
7.000000000000e-01,x,-3.733333333333e-01,-3.271243177196e-03,-4.563738343258e-03,1.292495166062e-03
7.000000000000e-01,x,-3.600000000000e-01,-2.572849751387e-03,-4.182614061711e-03,1.609764310324e-03
7.000000000000e-01,x,-3.466666666667e-01,-2.189700420545e-03,-3.818791008110e-03,1.629090587566e-03
7.000000000000e-01,x,-3.333333333333e-01,-2.078357249197e-03,-3.481346126349e-03,1.402988877152e-03
7.000000000000e-01,x,-3.200000000000e-01,-2.171537253177e-03,-3.175089912034e-03,1.003552658856e-03
7.000000000000e-01,x,-3.066666666667e-01,-2.386208073023e-03,-2.901670369344e-03,5.154622963217e-04
7.000000000000e-01,x,-2.933333333333e-01,-2.646369977384e-03,-2.660543132924e-03,1.417315554026e-05
7.000000000000e-01,x,-2.800000000000e-01,-2.877898181502e-03,-2.449769601267e-03,-4.281285802355e-04
7.000000000000e-01,x,-2.666666666667e-01,-3.007817684190e-03,-2.266635055009e-03,-7.411826291802e-04
7.000000000000e-01,x,-2.533333333333e-01,-2.973491167886e-03,-2.108099088107e-03,-8.653920797794e-04
7.000000000000e-01,x,-2.400000000000e-01,-2.746243042920e-03,-1.971102318310e-03,-7.751407246099e-04
7.000000000000e-01,x,-2.266666666667e-01,-2.373351489167e-03,-1.852758082664e-03,-5.205934065033e-04
7.000000000000e-01,x,-2.133333333333e-01,-1.931816115854e-03,-1.750457702421e-03,-1.813584134337e-04
7.000000000000e-01,x,-2.000000000000e-01,-1.508174006104e-03,-1.661914808408e-03,1.537408023034e-04
7.000000000000e-01,x,-1.866666666667e-01,-1.188396015010e-03,-1.585169684553e-03,3.967736695422e-04
7.000000000000e-01,x,-1.733333333333e-01,-1.019858800165e-03,-1.518569717747e-03,4.987109175815e-04
7.000000000000e-01,x,-1.600000000000e-01,-9.843787100876e-04,-1.460737532804e-03,4.763588227164e-04
7.000000000000e-01,x,-1.466666666667e-01,-1.047295112355e-03,-1.410534603629e-03,3.632394912739e-04
7.000000000000e-01,x,-1.333333333333e-01,-1.166712029075e-03,-1.367025184627e-03,2.003131555522e-04
7.000000000000e-01,x,-1.200000000000e-01,-1.298603035672e-03,-1.329443263846e-03,3.084022817421e-05
7.000000000000e-01,x,-1.066666666667e-01,-1.408751369025e-03,-1.297163782963e-03,-1.115875860626e-04
7.000000000000e-01,x,-9.333333333333e-02,-1.475274564627e-03,-1.269678450647e-03,-2.055961139802e-04
7.000000000000e-01,x,-8.000000000000e-02,-1.483533668911e-03,-1.246575949575e-03,-2.369577193354e-04
7.000000000000e-01,x,-6.666666666667e-02,-1.428234430851e-03,-1.227526078879e-03,-2.007083519721e-04
7.000000000000e-01,x,-5.333333333333e-02,-1.316095330288e-03,-1.212267285441e-03,-1.038280448470e-04
7.000000000000e-01,x,-4.000000000000e-02,-1.168785371544e-03,-1.200597048746e-03,3.181167720226e-05
7.000000000000e-01,x,-2.666666666667e-02,-1.019111028539e-03,-1.192364647283e-03,1.732536187444e-04
7.000000000000e-01,x,-1.333333333333e-02,-9.042659123926e-04,-1.187465920300e-03,2.832000079072e-04
7.000000000000e-01,x,0.000000000000e+00,-8.593092052228e-04,-1.185839730203e-03,3.265305249800e-04
7.000000000000e-01,x,1.333333333333e-02,-9.042663288604e-04,-1.187465920300e-03,2.831995914393e-04
7.000000000000e-01,x,2.666666666667e-02,-1.019111805874e-03,-1.192364647283e-03,1.732528414092e-04
7.000000000000e-01,x,4.000000000000e-02,-1.168786410120e-03,-1.200597048746e-03,3.181063862571e-05
7.000000000000e-01,x,5.333333333333e-02,-1.316096511485e-03,-1.212267285441e-03,-1.038292260432e-04
7.000000000000e-01,x,6.666666666667e-02,-1.428235656777e-03,-1.227526078879e-03,-2.007095778980e-04
7.000000000000e-01,x,8.000000000000e-02,-1.483534846809e-03,-1.246575949575e-03,-2.369588972337e-04
7.000000000000e-01,x,9.333333333333e-02,-1.475275527937e-03,-1.269678450647e-03,-2.055970772899e-04
7.000000000000e-01,x,1.066666666667e-01,-1.408751920160e-03,-1.297163782963e-03,-1.115881371972e-04
7.000000000000e-01,x,1.200000000000e-01,-1.298603001111e-03,-1.329443263846e-03,3.084026273477e-05
7.000000000000e-01,x,1.333333333333e-01,-1.166711309185e-03,-1.367025184627e-03,2.003138754424e-04
7.000000000000e-01,x,1.466666666667e-01,-1.047293679000e-03,-1.410534603629e-03,3.632409246286e-04
7.000000000000e-01,x,1.600000000000e-01,-9.843765904036e-04,-1.460737532804e-03,4.763609424004e-04
7.000000000000e-01,x,1.733333333333e-01,-1.019856091759e-03,-1.518569717747e-03,4.987136259876e-04
7.000000000000e-01,x,1.866666666667e-01,-1.188392878487e-03,-1.585169684553e-03,3.967768060657e-04
7.000000000000e-01,x,2.000000000000e-01,-1.508170638406e-03,-1.661914808408e-03,1.537441700018e-04
7.000000000000e-01,x,2.133333333333e-01,-1.931812760409e-03,-1.750457702421e-03,-1.813550579881e-04
7.000000000000e-01,x,2.266666666667e-01,-2.373348411394e-03,-1.852758082664e-03,-5.205903287303e-04
7.000000000000e-01,x,2.400000000000e-01,-2.746240469481e-03,-1.971102318310e-03,-7.751381511709e-04
7.000000000000e-01,x,2.533333333333e-01,-2.973489223185e-03,-2.108099088107e-03,-8.653901350781e-04
7.000000000000e-01,x,2.666666666667e-01,-3.007816363408e-03,-2.266635055009e-03,-7.411813083990e-04
7.000000000000e-01,x,2.800000000000e-01,-2.877897473015e-03,-2.449769601267e-03,-4.281278717479e-04
7.000000000000e-01,x,2.933333333333e-01,-2.646369859628e-03,-2.660543132924e-03,1.417327329641e-05
7.000000000000e-01,x,3.066666666667e-01,-2.386208472885e-03,-2.901670369344e-03,5.154618964595e-04
7.000000000000e-01,x,3.200000000000e-01,-2.171538019661e-03,-3.175089912034e-03,1.003551892372e-03
7.000000000000e-01,x,3.333333333333e-01,-2.078358169559e-03,-3.481346126349e-03,1.402987956791e-03
7.000000000000e-01,x,3.466666666667e-01,-2.189701288408e-03,-3.818791008110e-03,1.629089719702e-03
7.000000000000e-01,x,3.600000000000e-01,-2.572850390740e-03,-4.182614061711e-03,1.609763670971e-03
7.000000000000e-01,x,3.733333333333e-01,-3.271243478007e-03,-4.563738343258e-03,1.292494865252e-03
7.000000000000e-01,x,3.866666666667e-01,-4.297645048228e-03,-4.947660352862e-03,6.500153046337e-04
7.000000000000e-01,x,4.000000000000e-01,-5.575132765301e-03,-5.313357913846e-03,-2.617748514546e-04
7.000000000000e-01,x,4.133333333333e-01,-6.930352123484e-03,-5.632438415940e-03,-1.297913707545e-03
7.000000000000e-01,x,4.266666666667e-01,-8.173257829377e-03,-5.868741841170e-03,-2.304515988207e-03
7.000000000000e-01,x,4.400000000000e-01,-9.117741326521e-03,-5.978638397091e-03,-3.139102929430e-03
7.000000000000e-01,x,4.533333333333e-01,-9.597177006196e-03,-5.912257607849e-03,-3.684919398347e-03
7.000000000000e-01,x,4.666666666667e-01,-9.478782307306e-03,-5.615843270505e-03,-3.862939036801e-03
7.000000000000e-01,x,4.800000000000e-01,-8.668714396481e-03,-5.035338975538e-03,-3.633375420943e-03
7.000000000000e-01,x,4.933333333333e-01,-7.112971802373e-03,-4.121170352295e-03,-2.991801450078e-03
7.000000000000e-01,x,5.066666666667e-01,-4.799416176702e-03,-2.834010136646e-03,-1.965406040055e-03
7.000000000000e-01,x,5.200000000000e-01,-1.773076545768e-03,-1.151108322820e-03,-6.219682229474e-04
7.000000000000e-01,x,5.333333333333e-01,1.804440964400e-03,9.274299752494e-04,8.770109891502e-04
7.000000000000e-01,x,5.466666666667e-01,5.717096924008e-03,3.373196164720e-03,2.343900759287e-03
7.000000000000e-01,x,5.600000000000e-01,9.735225020951e-03,6.125718395655e-03,3.609506625296e-03
7.000000000000e-01,x,5.733333333333e-01,1.363115933318e-02,9.091219658746e-03,4.539939674436e-03
7.000000000000e-01,x,5.866666666667e-01,1.719060401471e-02,1.214456036956e-02,5.046043645154e-03
7.000000000000e-01,x,6.000000000000e-01,2.021945997006e-02,1.513473484578e-02,5.084725124278e-03
7.000000000000e-01,x,6.133333333333e-01,2.255440990999e-02,1.789388197577e-02,4.660527934212e-03
7.000000000000e-01,x,6.266666666667e-01,2.406886202356e-02,2.024929660143e-02,3.819565422136e-03
7.000000000000e-01,x,6.400000000000e-01,2.467774951652e-02,2.203745678365e-02,2.640292732874e-03
7.000000000000e-01,x,6.533333333333e-01,2.436784288079e-02,2.311869033382e-02,1.249152546976e-03
7.000000000000e-01,x,6.666666666667e-01,2.320566126065e-02,2.339086555342e-02,-1.852042927786e-04
7.000000000000e-01,x,6.800000000000e-01,2.129302098937e-02,2.280046180992e-02,-1.507440820554e-03
7.000000000000e-01,x,6.933333333333e-01,1.875481740953e-02,2.134958047165e-02,-2.594763062124e-03
7.000000000000e-01,x,7.066666666667e-01,1.573108241106e-02,1.909788243655e-02,-3.366800025492e-03
7.000000000000e-01,x,7.200000000000e-01,1.238138636029e-02,1.615903250375e-02,-3.777646143465e-03
7.000000000000e-01,x,7.333333333333e-01,8.874204466409e-03,1.269190872653e-02,-3.817704260123e-03
7.000000000000e-01,x,7.466666666667e-01,5.370665344835e-03,8.887494348631e-03,-3.516829003796e-03
7.000000000000e-01,x,7.600000000000e-01,2.017916961765e-03,4.952908996855e-03,-2.934992035090e-03
7.000000000000e-01,x,7.733333333333e-01,-1.058994094436e-03,1.094371500660e-03,-2.153365595096e-03
7.000000000000e-01,x,7.866666666667e-01,-3.775183750742e-03,-2.499029798579e-03,-1.276153952163e-03
7.000000000000e-01,x,8.000000000000e-01,-6.075267820446e-03,-5.669058315875e-03,-4.062095045705e-04
7.000000000000e-01,x,8.133333333333e-01,-7.925122195837e-03,-8.298238013654e-03,3.731158178174e-04
7.000000000000e-01,x,8.266666666667e-01,-9.309841008181e-03,-1.031519346305e-02,1.005352454865e-03
7.000000000000e-01,x,8.400000000000e-01,-1.023621728138e-02,-1.169527244441e-02,1.459055163029e-03
7.000000000000e-01,x,8.533333333333e-01,-1.073943103371e-02,-1.245687554914e-02,1.717444515435e-03
7.000000000000e-01,x,8.666666666667e-01,-1.086830985405e-02,-1.265437582138e-02,1.786065967335e-03
7.000000000000e-01,x,8.800000000000e-01,-1.067884637600e-02,-1.236880149353e-02,1.689955117534e-03
7.000000000000e-01,x,8.933333333333e-01,-1.023052561598e-02,-1.169755514696e-02,1.467029530976e-03
7.000000000000e-01,x,9.066666666667e-01,-9.582667406349e-03,-1.074436441552e-02,1.161697009168e-03
7.000000000000e-01,x,9.200000000000e-01,-8.791796750838e-03,-9.610440071193e-03,8.186433203549e-04
7.000000000000e-01,x,9.333333333333e-01,-7.910901085789e-03,-8.387510466786e-03,4.766093809966e-04
7.000000000000e-01,x,9.466666666667e-01,-6.988246567713e-03,-7.153064903778e-03,1.648183360647e-04
7.000000000000e-01,x,9.600000000000e-01,-6.066126255032e-03,-5.967824741401e-03,-9.830151363127e-05
7.000000000000e-01,x,9.733333333333e-01,-5.176216597484e-03,-4.875208790194e-03,-3.010078072898e-04
7.000000000000e-01,x,9.866666666667e-01,-4.340300003154e-03,-3.902390457188e-03,-4.379095459658e-04
7.000000000000e-01,x,1.000000000000e+00,-3.574228732752e-03,-3.062462867383e-03,-5.117658653688e-04
7.000000000000e-01,x,1.013333333333e+00,-2.888738977642e-03,-2.357225343462e-03,-5.315136341804e-04
7.000000000000e-01,x,1.026666666667e+00,-2.289834516342e-03,-1.780161458549e-03,-5.096730577931e-04
7.000000000000e-01,x,1.040000000000e+00,-1.777560711813e-03,-1.319272625258e-03,-4.582880865550e-04
7.000000000000e-01,x,1.053333333333e+00,-1.347982002078e-03,-9.595396889527e-04,-3.884423131250e-04
7.000000000000e-01,x,1.066666666667e+00,-9.949259675465e-04,-6.848900084986e-04,-3.100359590479e-04
7.000000000000e-01,x,1.080000000000e+00,-7.107363231940e-04,-4.796364321310e-04,-2.310998910630e-04
7.000000000000e-01,x,1.093333333333e+00,-4.870147831348e-04,-3.294207294939e-04,-1.575940536409e-04
7.000000000000e-01,x,1.106666666667e+00,-3.153738898583e-04,-2.217358816091e-04,-9.363800824923e-05
7.000000000000e-01,x,1.120000000000e+00,-1.875082281144e-04,-1.461213957050e-04,-4.138683240935e-05
7.000000000000e-01,x,1.133333333333e+00,-9.538234513765e-05,-9.412801977534e-05,-1.254325362306e-06
7.000000000000e-01,x,1.146666666667e+00,-3.144808042909e-05,-5.913834154599e-05,2.769026111690e-05
7.000000000000e-01,x,1.160000000000e+00,1.080851099597e-05,-3.611312759985e-05,4.692163859581e-05
7.000000000000e-01,x,1.173333333333e+00,3.648893243841e-05,-2.131443873803e-05,5.780337117644e-05
7.000000000000e-01,x,1.186666666667e+00,4.990804950826e-05,-1.203887952661e-05,6.194692903487e-05
7.000000000000e-01,x,1.200000000000e+00,5.471266596650e-05,-6.379791858686e-06,6.109245782519e-05
7.000000000000e-01,x,1.213333333333e+00,5.392567030063e-05,-3.026541492835e-06,5.695221179346e-05
7.000000000000e-01,x,1.226666666667e+00,4.977124839393e-05,-1.102094458259e-06,5.087334285219e-05
7.000000000000e-01,x,1.240000000000e+00,4.375586492236e-05,-3.611115086431e-08,4.379197607322e-05
7.000000000000e-01,x,1.253333333333e+00,3.696658073691e-05,5.310993990456e-07,3.643548133786e-05
7.000000000000e-01,x,1.266666666667e+00,3.016085672396e-05,8.190265115406e-07,2.934183021242e-05
7.000000000000e-01,x,1.280000000000e+00,2.383549063690e-05,9.569669568139e-07,2.287852368008e-05
7.000000000000e-01,x,1.293333333333e+00,1.826727015270e-05,1.018299480101e-06,1.724897067260e-05
7.000000000000e-01,x,1.306666666667e+00,1.357130950678e-05,1.043097194807e-06,1.252821231197e-05
7.000000000000e-01,x,1.320000000000e+00,9.751579555275e-06,1.052443890850e-06,8.699135664425e-06
7.000000000000e-01,x,1.333333333333e+00,6.735334413430e-06,1.057104123127e-06,5.678230290303e-06
7.000000000000e-01,x,1.346666666667e+00,4.412141599651e-06,1.062526100906e-06,3.349615498745e-06
7.000000000000e-01,x,1.360000000000e+00,2.687330704492e-06,1.071574965779e-06,1.615755738713e-06
7.000000000000e-01,x,1.373333333333e+00,1.463092641164e-06,1.085928167293e-06,3.771644738701e-07
7.000000000000e-01,x,1.386666666667e+00,6.360570349355e-07,1.106719535262e-06,-4.706625003267e-07
7.000000000000e-01,x,1.400000000000e+00,1.033327665965e-07,1.134782075093e-06,-1.031449308497e-06
7.000000000000e-01,x,1.413333333333e+00,-2.215615142176e-07,1.170689219185e-06,-1.392250733403e-06
7.000000000000e-01,x,1.426666666667e+00,-3.945225121600e-07,1.214705566415e-06,-1.609228078575e-06
7.000000000000e-01,x,1.440000000000e+00,-4.606168654636e-07,1.266709186567e-06,-1.727326052031e-06
7.000000000000e-01,x,1.453333333333e+00,-4.576120844911e-07,1.326121746445e-06,-1.783733830936e-06
7.000000000000e-01,x,1.466666666667e+00,-4.167484944236e-07,1.391868832607e-06,-1.808617327030e-06
7.000000000000e-01,x,1.480000000000e+00,-3.589560154381e-07,1.462384166631e-06,-1.821340182069e-06
7.000000000000e-01,x,1.493333333333e+00,-2.953876525758e-07,1.535664395270e-06,-1.831052047845e-06
7.000000000000e-01,x,1.506666666667e+00,-2.332598583665e-07,1.609374346632e-06,-1.842634204999e-06
7.000000000000e-01,x,1.520000000000e+00,-1.771159302200e-07,1.680995902965e-06,-1.858111833185e-06
7.000000000000e-01,x,1.533333333333e+00,-1.295729787840e-07,1.748007468485e-06,-1.877580447269e-06
7.000000000000e-01,x,1.546666666667e+00,-9.122175796321e-08,1.808076207238e-06,-1.899297965201e-06
7.000000000000e-01,x,1.560000000000e+00,-6.142193665755e-08,1.859242562524e-06,-1.920664499181e-06
7.000000000000e-01,x,1.573333333333e+00,-3.909699331143e-08,1.900076570959e-06,-1.939173564270e-06
7.000000000000e-01,x,1.586666666667e+00,-2.300250814919e-08,1.929788280720e-06,-1.952790788869e-06
7.000000000000e-01,x,1.600000000000e+00,-1.189440024000e-08,1.948279862720e-06,-1.960174262960e-06
7.000000000000e-01,x,1.613333333333e+00,-4.587286344274e-09,1.956134046217e-06,-1.960721332562e-06
7.000000000000e-01,x,1.626666666667e+00,-6.326926692659e-11,1.954541310042e-06,-1.954604579309e-06
7.000000000000e-01,x,1.640000000000e+00,2.483364909610e-09,1.945175691882e-06,-1.942692326972e-06
7.000000000000e-01,x,1.653333333333e+00,3.647666569518e-09,1.930035084142e-06,-1.926387417573e-06
7.000000000000e-01,x,1.666666666667e+00,3.890699978829e-09,1.911265642483e-06,-1.907374942504e-06
7.000000000000e-01,x,1.680000000000e+00,3.638526265816e-09,1.890990972119e-06,-1.887352445853e-06
7.000000000000e-01,x,1.693333333333e+00,3.179149853631e-09,1.871165009174e-06,-1.867985859320e-06
7.000000000000e-01,x,1.706666666667e+00,2.662176801044e-09,1.853463302720e-06,-1.850801125919e-06
7.000000000000e-01,x,1.720000000000e+00,2.121810573310e-09,1.839221369719e-06,-1.837099559145e-06
7.000000000000e-01,x,1.733333333333e+00,1.592728426018e-09,1.829421798241e-06,-1.827829069815e-06
7.000000000000e-01,x,1.746666666667e+00,1.148608081346e-09,1.824724768147e-06,-1.823576160066e-06
7.000000000000e-01,x,1.760000000000e+00,8.069654148199e-10,1.825530575003e-06,-1.824723609588e-06
7.000000000000e-01,x,1.773333333333e+00,5.348983749119e-10,1.832058388478e-06,-1.831523490103e-06
7.000000000000e-01,x,1.786666666667e+00,2.705117806387e-10,1.844423445519e-06,-1.844152933738e-06
7.000000000000e-01,x,1.800000000000e+00,3.396869847530e-11,1.862695488975e-06,-1.862661520277e-06
7.000000000000e-01,x,1.813333333333e+00,-1.108572178165e-10,1.886924516009e-06,-1.887035373227e-06
7.000000000000e-01,x,1.826666666667e+00,-1.295551028578e-10,1.917125462474e-06,-1.917255017577e-06
7.000000000000e-01,x,1.840000000000e+00,-2.468802950354e-11,1.953220667004e-06,-1.953245355033e-06
7.000000000000e-01,x,1.853333333333e+00,1.611000979421e-10,1.994946903189e-06,-1.994785803091e-06
7.000000000000e-01,x,1.866666666667e+00,3.465862245590e-10,2.041741328439e-06,-2.041394742215e-06
7.000000000000e-01,x,1.880000000000e+00,4.294683201101e-10,2.092626700269e-06,-2.092197231949e-06
7.000000000000e-01,x,1.893333333333e+00,3.058517611139e-10,2.146119577440e-06,-2.145813725678e-06
7.000000000000e-01,x,1.906666666667e+00,-1.053839951672e-10,2.200185142803e-06,-2.200290526798e-06
7.000000000000e-01,x,1.920000000000e+00,-7.445333293784e-10,2.252258374145e-06,-2.253002907474e-06
7.000000000000e-01,x,1.933333333333e+00,-1.254433114917e-09,2.299343716074e-06,-2.300598149189e-06
7.000000000000e-01,x,1.946666666667e+00,-1.293021379287e-09,2.338194940271e-06,-2.339487961650e-06
7.000000000000e-01,x,1.960000000000e+00,-6.847888983086e-10,2.365564851650e-06,-2.366249640548e-06
7.000000000000e-01,x,1.973333333333e+00,4.774623116749e-10,2.378502642054e-06,-2.378025179742e-06
7.000000000000e-01,x,1.986666666667e+00,1.270973912499e-09,2.374666909324e-06,-2.373395935411e-06
7.000000000000e-01,x,2.000000000000e+00,-1.235094735277e-10,2.352616397719e-06,-2.352739907193e-06
7.000000000000e-01,y,-2.000000000000e+00,-1.713558169948e-11,1.363716282578e-06,-1.363733418159e-06
7.000000000000e-01,y,-1.986666666667e+00,1.786958326038e-10,1.191636608977e-06,-1.191457913145e-06
7.000000000000e-01,y,-1.973333333333e+00,6.828229520025e-11,1.025243197069e-06,-1.025174914774e-06
7.000000000000e-01,y,-1.960000000000e+00,-9.338523413930e-11,8.561470473391e-07,-8.562404325732e-07
7.000000000000e-01,y,-1.946666666667e+00,-1.777639279910e-10,6.798102763506e-07,-6.799880402786e-07
7.000000000000e-01,y,-1.933333333333e+00,-1.713715189689e-10,4.962238482735e-07,-4.963952197925e-07
7.000000000000e-01,y,-1.920000000000e+00,-1.002163965256e-10,3.095619444516e-07,-3.096621608482e-07
7.000000000000e-01,y,-1.906666666667e+00,-1.107394587561e-11,1.271124810884e-07,-1.271235550343e-07
7.000000000000e-01,y,-1.893333333333e+00,4.593853161322e-11,-4.216823834441e-08,4.221417687603e-08
7.000000000000e-01,y,-1.880000000000e+00,6.170812282574e-11,-1.891586766275e-07,1.892203847503e-07
7.000000000000e-01,y,-1.866666666667e+00,4.728871690279e-11,-3.058927008819e-07,3.059399895988e-07
7.000000000000e-01,y,-1.853333333333e+00,1.740625436344e-11,-3.865511592200e-07,3.865685654744e-07
7.000000000000e-01,y,-1.840000000000e+00,-1.218116597343e-11,-4.280638582025e-07,4.280516770365e-07
7.000000000000e-01,y,-1.826666666667e+00,-2.930791492670e-11,-4.303273424063e-07,4.302980344913e-07
7.000000000000e-01,y,-1.813333333333e+00,-2.904955880567e-11,-3.960873554296e-07,3.960583058708e-07
7.000000000000e-01,y,-1.800000000000e+00,-1.244227222869e-11,-3.305590341409e-07,3.305465918687e-07
7.000000000000e-01,y,-1.786666666667e+00,1.591398506823e-11,-2.408672106047e-07,2.408831245898e-07
7.000000000000e-01,y,-1.773333333333e+00,4.664793112283e-11,-1.353871736028e-07,1.354338215340e-07
7.000000000000e-01,y,-1.760000000000e+00,7.070688328648e-11,-2.305547210762e-08,2.312617899091e-08
7.000000000000e-01,y,-1.746666666667e+00,8.188615765709e-11,8.729623497546e-08,-8.721434881781e-08
7.000000000000e-01,y,-1.733333333333e+00,7.150529510539e-11,1.875494374701e-07,-1.874779321750e-07
7.000000000000e-01,y,-1.720000000000e+00,3.147562700759e-11,2.708289249462e-07,-2.707974493192e-07
7.000000000000e-01,y,-1.706666666667e+00,-4.411787118285e-11,3.319414431571e-07,-3.319855610283e-07
7.000000000000e-01,y,-1.693333333333e+00,-1.489976237844e-10,3.677071873177e-07,-3.678561849415e-07
7.000000000000e-01,y,-1.680000000000e+00,-2.650407144351e-10,3.771599443497e-07,-3.774249850641e-07
7.000000000000e-01,y,-1.666666666667e+00,-3.709836981371e-10,3.615834277450e-07,-3.619544114431e-07
7.000000000000e-01,y,-1.653333333333e+00,-4.429383471230e-10,3.243510457619e-07,-3.247939841090e-07
7.000000000000e-01,y,-1.640000000000e+00,-4.519681862149e-10,2.705496262882e-07,-2.710015944744e-07
7.000000000000e-01,y,-1.626666666667e+00,-3.302670740688e-10,2.063951574542e-07,-2.067254245283e-07
7.000000000000e-01,y,-1.613333333333e+00,-6.884428469790e-12,1.384850379569e-07,-1.384919223854e-07
7.000000000000e-01,y,-1.600000000000e+00,5.568758181998e-10,7.296660975576e-08,-7.240973393756e-08
7.000000000000e-01,y,-1.586666666667e+00,1.353940132341e-09,1.472450492640e-08,-1.337056479406e-08
7.000000000000e-01,y,-1.573333333333e+00,2.273577029208e-09,-3.330885912670e-08,3.558243615591e-08
7.000000000000e-01,y,-1.560000000000e+00,3.002698846668e-09,-7.063645910868e-08,7.363915795535e-08
7.000000000000e-01,y,-1.546666666667e+00,3.168430152367e-09,-9.942866004886e-08,1.025970902012e-07
7.000000000000e-01,y,-1.533333333333e+00,2.416354937179e-09,-1.245024093317e-07,1.269187642689e-07
7.000000000000e-01,y,-1.520000000000e+00,4.642915090280e-10,-1.530793377891e-07,1.535436292981e-07
7.000000000000e-01,y,-1.506666666667e+00,-2.731795957854e-09,-1.943654889615e-07,1.916336930037e-07
7.000000000000e-01,y,-1.493333333333e+00,-6.850242053012e-09,-2.589789960202e-07,2.521287539672e-07
7.000000000000e-01,y,-1.480000000000e+00,-1.135389659144e-08,-3.582134378671e-07,3.468595412757e-07
7.000000000000e-01,y,-1.466666666667e+00,-1.548843792372e-08,-5.030796339757e-07,4.875911960520e-07
7.000000000000e-01,y,-1.453333333333e+00,-1.824648526993e-08,-7.030406326115e-07,6.847941473416e-07
7.000000000000e-01,y,-1.440000000000e+00,-1.766836306893e-08,-9.643683872714e-07,9.467000242025e-07
7.000000000000e-01,y,-1.426666666667e+00,-1.115539531802e-08,-1.288124010269e-06,1.276968614951e-06
7.000000000000e-01,y,-1.413333333333e+00,3.328646747807e-09,-1.667898805767e-06,1.671227452515e-06
7.000000000000e-01,y,-1.400000000000e+00,2.667707858143e-08,-2.087630493205e-06,2.114307571786e-06
7.000000000000e-01,y,-1.386666666667e+00,5.766233537175e-08,-2.519984378557e-06,2.577646713929e-06
7.000000000000e-01,y,-1.373333333333e+00,8.904488860912e-08,-2.925901684396e-06,3.014946573006e-06
7.000000000000e-01,y,-1.360000000000e+00,1.101952919851e-07,-3.255903687155e-06,3.366098979140e-06
7.000000000000e-01,y,-1.346666666667e+00,1.102165224655e-07,-3.453557007263e-06,3.563773529728e-06
7.000000000000e-01,y,-1.333333333333e+00,7.926584215152e-08,-3.461149703769e-06,3.540415545921e-06
7.000000000000e-01,y,-1.320000000000e+00,1.075945459384e-08,-3.227151451793e-06,3.237910906387e-06
7.000000000000e-01,y,-1.306666666667e+00,-9.483703180675e-08,-2.714537074283e-06,2.619700042476e-06
7.000000000000e-01,y,-1.293333333333e+00,-2.309652798788e-07,-1.908672752627e-06,1.677707472748e-06
7.000000000000e-01,y,-1.280000000000e+00,-3.842488641280e-07,-8.233205651564e-07,4.390717010284e-07
7.000000000000e-01,y,-1.266666666667e+00,-5.332196693627e-07,4.965193741380e-07,-1.029739043501e-06
7.000000000000e-01,y,-1.253333333333e+00,-6.344752226568e-07,1.975748646611e-06,-2.610223869268e-06
7.000000000000e-01,y,-1.240000000000e+00,-6.125530043546e-07,3.514447139116e-06,-4.127000143471e-06
7.000000000000e-01,y,-1.226666666667e+00,-3.952811564279e-07,4.996727531434e-06,-5.392008687862e-06
7.000000000000e-01,y,-1.213333333333e+00,6.956129338099e-08,6.302010712564e-06,-6.232449419183e-06
7.000000000000e-01,y,-1.200000000000e+00,7.983226835862e-07,7.317209511695e-06,-6.518886828109e-06
7.000000000000e-01,y,-1.186666666667e+00,1.698837449346e-06,7.948246057876e-06,-6.249408608530e-06
7.000000000000e-01,y,-1.173333333333e+00,2.567983641948e-06,8.129529629416e-06,-5.561545987468e-06
7.000000000000e-01,y,-1.160000000000e+00,3.171972923592e-06,7.830398927438e-06,-4.658426003846e-06
7.000000000000e-01,y,-1.146666666667e+00,3.269209862598e-06,7.057979364129e-06,-3.788769501531e-06
7.000000000000e-01,y,-1.133333333333e+00,2.633275411617e-06,5.856336702082e-06,-3.223061290465e-06
7.000000000000e-01,y,-1.120000000000e+00,1.074690179943e-06,4.302178324160e-06,-3.227488144216e-06
7.000000000000e-01,y,-1.106666666667e+00,-1.516474073337e-06,2.497654525154e-06,-4.014128598491e-06
7.000000000000e-01,y,-1.093333333333e+00,-5.116132974078e-06,5.610524640128e-07,-5.677185438090e-06
7.000000000000e-01,y,-1.080000000000e+00,-9.513549402186e-06,-1.383644610067e-06,-8.129904792119e-06
7.000000000000e-01,y,-1.066666666667e+00,-1.413656276716e-05,-3.217259002131e-06,-1.091930376503e-05
7.000000000000e-01,y,-1.053333333333e+00,-1.756151431178e-05,-4.834915970926e-06,-1.272659834085e-05
7.000000000000e-01,y,-1.040000000000e+00,-1.811886377505e-05,-6.153614829391e-06,-1.196524894566e-05
7.000000000000e-01,y,-1.026666666667e+00,-1.429470019253e-05,-7.117225428025e-06,-7.177474764508e-06
7.000000000000e-01,y,-1.013333333333e+00,-4.973764322974e-06,-7.698624739193e-06,2.724860416220e-06
7.000000000000e-01,y,-1.000000000000e+00,9.856579186918e-06,-7.899069589955e-06,1.775564877687e-05
7.000000000000e-01,y,-9.866666666667e-01,2.834968717062e-05,-7.745223642099e-06,3.609491081272e-05
7.000000000000e-01,y,-9.733333333333e-01,4.777785717703e-05,-7.284463126059e-06,5.506232030309e-05
7.000000000000e-01,y,-9.600000000000e-01,6.476632322834e-05,-6.579161814294e-06,7.134548504264e-05
7.000000000000e-01,y,-9.466666666667e-01,7.540372660023e-05,-5.700633398056e-06,8.110435999829e-05
7.000000000000e-01,y,-9.333333333333e-01,7.449668337497e-05,-4.723358610895e-06,7.922004198587e-05
7.000000000000e-01,y,-9.200000000000e-01,5.590573677041e-05,-3.720136884483e-06,5.962587365490e-05
7.000000000000e-01,y,-9.066666666667e-01,1.462375325915e-05,-2.758980915108e-06,1.738273417426e-05
7.000000000000e-01,y,-8.933333333333e-01,-5.206646034564e-05,-1.903033711445e-06,-5.016342663420e-05
7.000000000000e-01,y,-8.800000000000e-01,-1.429676204604e-04,-1.215676943172e-06,-1.417519435172e-04
7.000000000000e-01,y,-8.666666666667e-01,-2.457594633497e-04,-7.745074262717e-07,-2.449849559234e-04
7.000000000000e-01,y,-8.533333333333e-01,-3.402636797799e-04,-7.002140803415e-07,-3.395634656995e-04
7.000000000000e-01,y,-8.400000000000e-01,-4.047599572545e-04,-1.209793376056e-06,-4.035501638785e-04
7.000000000000e-01,y,-8.266666666667e-01,-4.182007776532e-04,-2.708017409245e-06,-4.154927602439e-04
7.000000000000e-01,y,-8.133333333333e-01,-3.633373570380e-04,-5.936178164069e-06,-3.574011788739e-04
7.000000000000e-01,y,-8.000000000000e-01,-2.325945329679e-04,-1.220159031210e-05,-2.203929426558e-04
7.000000000000e-01,y,-7.866666666667e-01,-2.717044349912e-05,-2.371257468278e-05,-3.457868816332e-06
7.000000000000e-01,y,-7.733333333333e-01,2.422619793708e-04,-4.403749665623e-05,2.862994760271e-04
7.000000000000e-01,y,-7.600000000000e-01,5.534522123712e-04,-7.868724038368e-05,6.321394527549e-04
7.000000000000e-01,y,-7.466666666667e-01,8.611723122515e-04,-1.357820778843e-04,9.969543901359e-04
7.000000000000e-01,y,-7.333333333333e-01,1.082188891677e-03,-2.267017774271e-04,1.308890669104e-03
7.000000000000e-01,y,-7.200000000000e-01,1.124598536061e-03,-3.665329348348e-04,1.491131470896e-03
7.000000000000e-01,y,-7.066666666667e-01,9.013871494113e-04,-5.740309282853e-04,1.475418077697e-03
7.000000000000e-01,y,-6.933333333333e-01,3.409707568993e-04,-8.707308543984e-04,1.211701611298e-03
7.000000000000e-01,y,-6.800000000000e-01,-5.802511197165e-04,-1.278812898509e-03,6.985617787922e-04
7.000000000000e-01,y,-6.666666666667e-01,-1.823984092767e-03,-1.817403668934e-03,-6.580423832974e-06
7.000000000000e-01,y,-6.533333333333e-01,-3.320118643143e-03,-2.497223521374e-03,-8.228951217687e-04
7.000000000000e-01,y,-6.400000000000e-01,-4.970032122256e-03,-3.313892883115e-03,-1.656139239141e-03
7.000000000000e-01,y,-6.266666666667e-01,-6.646604268338e-03,-4.240759138543e-03,-2.405845129794e-03
7.000000000000e-01,y,-6.133333333333e-01,-8.169679916890e-03,-5.222700163091e-03,-2.946979753799e-03
7.000000000000e-01,y,-6.000000000000e-01,-9.326056552860e-03,-6.172829691310e-03,-3.153226861550e-03
7.000000000000e-01,y,-5.866666666667e-01,-9.910069209758e-03,-6.974158595597e-03,-2.935910614160e-03
7.000000000000e-01,y,-5.733333333333e-01,-9.744950948037e-03,-7.487857532207e-03,-2.257093415830e-03
7.000000000000e-01,y,-5.600000000000e-01,-8.718519603407e-03,-7.568722842649e-03,-1.149796760759e-03
7.000000000000e-01,y,-5.466666666667e-01,-6.879646153830e-03,-7.086849465109e-03,2.072033112785e-04
7.000000000000e-01,y,-5.333333333333e-01,-4.374892156711e-03,-5.952658544979e-03,1.577766388268e-03
7.000000000000e-01,y,-5.200000000000e-01,-1.399755440582e-03,-4.140794067494e-03,2.741038626912e-03
7.000000000000e-01,y,-5.066666666667e-01,1.815799460058e-03,-1.707542928681e-03,3.523342388738e-03
7.000000000000e-01,y,-4.933333333333e-01,5.025353772135e-03,1.203206900893e-03,3.822146871241e-03
7.000000000000e-01,y,-4.800000000000e-01,7.987067078338e-03,4.368713352317e-03,3.618353726021e-03
7.000000000000e-01,y,-4.666666666667e-01,1.047248737317e-02,7.511191907638e-03,2.961295465528e-03
7.000000000000e-01,y,-4.533333333333e-01,1.228226827306e-02,1.033366193394e-02,1.948606339114e-03
7.000000000000e-01,y,-4.400000000000e-01,1.326430940747e-02,1.256178324401e-02,7.025261634562e-04
7.000000000000e-01,y,-4.266666666667e-01,1.338065542073e-02,1.398386619664e-02,-6.032107759091e-04
7.000000000000e-01,y,-4.133333333333e-01,1.273946708977e-02,1.448127923138e-02,-1.741812141603e-03
7.000000000000e-01,y,-4.000000000000e-01,1.150532849762e-02,1.404340126584e-02,-2.538072768225e-03
7.000000000000e-01,y,-3.866666666667e-01,9.873051231497e-03,1.276459852233e-02,-2.891547290837e-03
7.000000000000e-01,y,-3.733333333333e-01,8.044824256442e-03,1.082456582772e-02,-2.779741571276e-03
7.000000000000e-01,y,-3.600000000000e-01,6.170821377910e-03,8.456749577611e-03,-2.285928199701e-03
7.000000000000e-01,y,-3.466666666667e-01,4.347651700085e-03,5.911632302646e-03,-1.563980602560e-03
7.000000000000e-01,y,-3.333333333333e-01,2.652064205637e-03,3.421995731563e-03,-7.699315259255e-04
7.000000000000e-01,y,-3.200000000000e-01,1.141877257281e-03,1.175986518823e-03,-3.410926154174e-05
7.000000000000e-01,y,-3.066666666667e-01,-1.444187925507e-04,-6.985910792153e-04,5.541722866646e-04
7.000000000000e-01,y,-2.933333333333e-01,-1.192490400407e-03,-2.138094407024e-03,9.456040066160e-04
7.000000000000e-01,y,-2.800000000000e-01,-2.005999059659e-03,-3.136718416995e-03,1.130719357336e-03
7.000000000000e-01,y,-2.666666666667e-01,-2.600119742015e-03,-3.733324688214e-03,1.133204946199e-03
7.000000000000e-01,y,-2.533333333333e-01,-2.997496542928e-03,-3.995236647863e-03,9.977401049344e-04
7.000000000000e-01,y,-2.400000000000e-01,-3.224093574680e-03,-4.002417674122e-03,7.783240994418e-04
7.000000000000e-01,y,-2.266666666667e-01,-3.305498256063e-03,-3.834457644690e-03,5.289593886265e-04
7.000000000000e-01,y,-2.133333333333e-01,-3.267018100176e-03,-3.561589748457e-03,2.945716482809e-04
7.000000000000e-01,y,-2.000000000000e-01,-3.133986467221e-03,-3.239870056678e-03,1.058835894574e-04
7.000000000000e-01,y,-1.866666666667e-01,-2.932161970456e-03,-2.909879985379e-03,-2.228198507794e-05
7.000000000000e-01,y,-1.733333333333e-01,-2.685771318005e-03,-2.597920190021e-03,-8.785112798332e-05
7.000000000000e-01,y,-1.600000000000e-01,-2.415801391411e-03,-2.318607265143e-03,-9.719412626805e-05
7.000000000000e-01,y,-1.466666666667e-01,-2.143727006022e-03,-2.077954477131e-03,-6.577252889100e-05
7.000000000000e-01,y,-1.333333333333e-01,-1.892377548839e-03,-1.876294660949e-03,-1.608288788948e-05
7.000000000000e-01,y,-1.200000000000e-01,-1.685792970822e-03,-1.710688968683e-03,2.489599786086e-05
7.000000000000e-01,y,-1.066666666667e-01,-1.525385076088e-03,-1.576698063797e-03,5.131298770914e-05
7.000000000000e-01,y,-9.333333333333e-02,-1.392842048792e-03,-1.469548129998e-03,7.670608120570e-05
7.000000000000e-01,y,-8.000000000000e-02,-1.275533748885e-03,-1.384805445765e-03,1.092716968790e-04
7.000000000000e-01,y,-6.666666666667e-02,-1.169646479247e-03,-1.318697794295e-03,1.490513150477e-04
7.000000000000e-01,y,-5.333333333333e-02,-1.080215707369e-03,-1.268210278773e-03,1.879945714038e-04
7.000000000000e-01,y,-4.000000000000e-02,-1.002669180157e-03,-1.231056098674e-03,2.283869185167e-04
7.000000000000e-01,y,-2.666666666667e-02,-9.338993302390e-04,-1.205592693220e-03,2.716933629810e-04
7.000000000000e-01,y,-1.333333333333e-02,-8.811641941383e-04,-1.190727660507e-03,3.095634663691e-04
7.000000000000e-01,y,0.000000000000e+00,-8.593092052228e-04,-1.185839730203e-03,3.265305249800e-04
7.000000000000e-01,y,1.333333333333e-02,-8.811640683240e-04,-1.190727660507e-03,3.095635921834e-04
7.000000000000e-01,y,2.666666666667e-02,-9.338991021304e-04,-1.205592693220e-03,2.716935910896e-04
7.000000000000e-01,y,4.000000000000e-02,-1.002668894541e-03,-1.231056098674e-03,2.283872041327e-04
7.000000000000e-01,y,5.333333333333e-02,-1.080215426291e-03,-1.268210278773e-03,1.879948524820e-04
7.000000000000e-01,y,6.666666666667e-02,-1.169646277165e-03,-1.318697794295e-03,1.490515171302e-04
7.000000000000e-01,y,8.000000000000e-02,-1.275533690934e-03,-1.384805445765e-03,1.092717548309e-04
7.000000000000e-01,y,9.333333333333e-02,-1.392842153715e-03,-1.469548129998e-03,7.670597628289e-05
7.000000000000e-01,y,1.066666666667e-01,-1.525385315188e-03,-1.576698063797e-03,5.131274860935e-05
7.000000000000e-01,y,1.200000000000e-01,-1.685793278746e-03,-1.710688968683e-03,2.489568993744e-05
7.000000000000e-01,y,1.333333333333e-01,-1.892377843022e-03,-1.876294660949e-03,-1.608318207316e-05
7.000000000000e-01,y,1.466666666667e-01,-2.143727198081e-03,-2.077954477131e-03,-6.577272095003e-05
7.000000000000e-01,y,1.600000000000e-01,-2.415801399293e-03,-2.318607265143e-03,-9.719413414999e-05
7.000000000000e-01,y,1.733333333333e-01,-2.685771090419e-03,-2.597920190021e-03,-8.785090039736e-05
7.000000000000e-01,y,1.866666666667e-01,-2.932161505615e-03,-2.909879985379e-03,-2.228152023678e-05
7.000000000000e-01,y,2.000000000000e-01,-3.133985821092e-03,-3.239870056678e-03,1.058842355867e-04
7.000000000000e-01,y,2.133333333333e-01,-3.267017350344e-03,-3.561589748457e-03,2.945723981137e-04
7.000000000000e-01,y,2.266666666667e-01,-3.305497482171e-03,-3.834457644690e-03,5.289601625190e-04
7.000000000000e-01,y,2.400000000000e-01,-3.224092861841e-03,-4.002417674122e-03,7.783248122813e-04
7.000000000000e-01,y,2.533333333333e-01,-2.997495983526e-03,-3.995236647863e-03,9.977406643370e-04
7.000000000000e-01,y,2.666666666667e-01,-2.600119426405e-03,-3.733324688214e-03,1.133205261809e-03
7.000000000000e-01,y,2.800000000000e-01,-2.005999030905e-03,-3.136718416995e-03,1.130719386090e-03
7.000000000000e-01,y,2.933333333333e-01,-1.192490643465e-03,-2.138094407024e-03,9.456037635589e-04
7.000000000000e-01,y,3.066666666667e-01,-1.444192395721e-04,-6.985910792153e-04,5.541718396432e-04
7.000000000000e-01,y,3.200000000000e-01,1.141876717543e-03,1.175986518823e-03,-3.410980127975e-05
7.000000000000e-01,y,3.333333333333e-01,2.652063697980e-03,3.421995731563e-03,-7.699320335828e-04
7.000000000000e-01,y,3.466666666667e-01,4.347651309933e-03,5.911632302646e-03,-1.563980992712e-03
7.000000000000e-01,y,3.600000000000e-01,6.170821138679e-03,8.456749577611e-03,-2.285928438932e-03
7.000000000000e-01,y,3.733333333333e-01,8.044824149053e-03,1.082456582772e-02,-2.779741678665e-03
7.000000000000e-01,y,3.866666666667e-01,9.873051191151e-03,1.276459852233e-02,-2.891547331183e-03
7.000000000000e-01,y,4.000000000000e-01,1.150532843896e-02,1.404340126584e-02,-2.538072826884e-03
7.000000000000e-01,y,4.133333333333e-01,1.273946693652e-02,1.448127923138e-02,-1.741812294860e-03
7.000000000000e-01,y,4.266666666667e-01,1.338065511676e-02,1.398386619664e-02,-6.032110798768e-04
7.000000000000e-01,y,4.400000000000e-01,1.326430892335e-02,1.256178324401e-02,7.025256793344e-04
7.000000000000e-01,y,4.533333333333e-01,1.228226760822e-02,1.033366193394e-02,1.948605674273e-03
7.000000000000e-01,y,4.666666666667e-01,1.047248655212e-02,7.511191907638e-03,2.961294644483e-03
7.000000000000e-01,y,4.800000000000e-01,7.987066145773e-03,4.368713352317e-03,3.618352793456e-03
7.000000000000e-01,y,4.933333333333e-01,5.025352788482e-03,1.203206900893e-03,3.822145887589e-03
7.000000000000e-01,y,5.066666666667e-01,1.815798496671e-03,-1.707542928681e-03,3.523341425352e-03
7.000000000000e-01,y,5.200000000000e-01,-1.399756308550e-03,-4.140794067494e-03,2.741037758944e-03
7.000000000000e-01,y,5.333333333333e-01,-4.374892868484e-03,-5.952658544979e-03,1.577765676495e-03
7.000000000000e-01,y,5.466666666667e-01,-6.879646669274e-03,-7.086849465109e-03,2.072027958350e-04
7.000000000000e-01,y,5.600000000000e-01,-8.718519901309e-03,-7.568722842649e-03,-1.149797058661e-03
7.000000000000e-01,y,5.733333333333e-01,-9.744951021075e-03,-7.487857532207e-03,-2.257093488867e-03
7.000000000000e-01,y,5.866666666667e-01,-9.910069063299e-03,-6.974158595597e-03,-2.935910467702e-03
7.000000000000e-01,y,6.000000000000e-01,-9.326056212870e-03,-6.172829691310e-03,-3.153226521560e-03
7.000000000000e-01,y,6.133333333333e-01,-8.169679426303e-03,-5.222700163091e-03,-2.946979263212e-03
7.000000000000e-01,y,6.266666666667e-01,-6.646603684730e-03,-4.240759138543e-03,-2.405844546186e-03
7.000000000000e-01,y,6.400000000000e-01,-4.970031518878e-03,-3.313892883115e-03,-1.656138635763e-03
7.000000000000e-01,y,6.533333333333e-01,-3.320118090561e-03,-2.497223521374e-03,-8.228945691863e-04
7.000000000000e-01,y,6.666666666667e-01,-1.823983633235e-03,-1.817403668934e-03,-6.579964301290e-06
7.000000000000e-01,y,6.800000000000e-01,-5.802507706267e-04,-1.278812898509e-03,6.985621278820e-04
7.000000000000e-01,y,6.933333333333e-01,3.409709993250e-04,-8.707308543984e-04,1.211701853723e-03
7.000000000000e-01,y,7.066666666667e-01,9.013873071492e-04,-5.740309282853e-04,1.475418235435e-03
7.000000000000e-01,y,7.200000000000e-01,1.124598636993e-03,-3.665329348348e-04,1.491131571828e-03
7.000000000000e-01,y,7.333333333333e-01,1.082188960427e-03,-2.267017774271e-04,1.308890737854e-03
7.000000000000e-01,y,7.466666666667e-01,8.611723687705e-04,-1.357820778843e-04,9.969544466549e-04
7.000000000000e-01,y,7.600000000000e-01,5.534522685566e-04,-7.868724038368e-05,6.321395089403e-04
7.000000000000e-01,y,7.733333333333e-01,2.422620368168e-04,-4.403749665623e-05,2.862995334730e-04
7.000000000000e-01,y,7.866666666667e-01,-2.717038238761e-05,-2.371257468278e-05,-3.457807704823e-06
7.000000000000e-01,y,8.000000000000e-01,-2.325944642790e-04,-1.220159031210e-05,-2.203928739669e-04
7.000000000000e-01,y,8.133333333333e-01,-3.633372806147e-04,-5.936178164069e-06,-3.574011024506e-04
7.000000000000e-01,y,8.266666666667e-01,-4.182007001132e-04,-2.708017409245e-06,-4.154926827039e-04
7.000000000000e-01,y,8.400000000000e-01,-4.047598908210e-04,-1.209793376056e-06,-4.035500974449e-04
7.000000000000e-01,y,8.533333333333e-01,-3.402636325952e-04,-7.002140803415e-07,-3.395634185149e-04
7.000000000000e-01,y,8.666666666667e-01,-2.457594382083e-04,-7.745074262717e-07,-2.449849307821e-04
7.000000000000e-01,y,8.800000000000e-01,-1.429676152317e-04,-1.215676943172e-06,-1.417519382885e-04
7.000000000000e-01,y,8.933333333333e-01,-5.206646822726e-05,-1.903033711445e-06,-5.016343451582e-05
7.000000000000e-01,y,9.066666666667e-01,1.462374084416e-05,-2.758980915108e-06,1.738272175927e-05
7.000000000000e-01,y,9.200000000000e-01,5.590572587582e-05,-3.720136884483e-06,5.962586276031e-05
7.000000000000e-01,y,9.333333333333e-01,7.449667709655e-05,-4.723358610895e-06,7.922003570744e-05
7.000000000000e-01,y,9.466666666667e-01,7.540372560757e-05,-5.700633398056e-06,8.110435900563e-05
7.000000000000e-01,y,9.600000000000e-01,6.476632603139e-05,-6.579161814294e-06,7.134548784568e-05
7.000000000000e-01,y,9.733333333333e-01,4.777786164012e-05,-7.284463126059e-06,5.506232476618e-05
7.000000000000e-01,y,9.866666666667e-01,2.834969172709e-05,-7.745223642099e-06,3.609491536919e-05
7.000000000000e-01,y,1.000000000000e+00,9.856582905403e-06,-7.899069589955e-06,1.775565249536e-05
7.000000000000e-01,y,1.013333333333e+00,-4.973761799365e-06,-7.698624739193e-06,2.724862939829e-06
7.000000000000e-01,y,1.026666666667e+00,-1.429469862773e-05,-7.117225428025e-06,-7.177473199708e-06
7.000000000000e-01,y,1.040000000000e+00,-1.811886293533e-05,-6.153614829391e-06,-1.196524810594e-05
7.000000000000e-01,y,1.053333333333e+00,-1.756151402394e-05,-4.834915970926e-06,-1.272659805301e-05
7.000000000000e-01,y,1.066666666667e+00,-1.413656262991e-05,-3.217259002131e-06,-1.091930362778e-05
7.000000000000e-01,y,1.080000000000e+00,-9.513549363385e-06,-1.383644610067e-06,-8.129904753318e-06
7.000000000000e-01,y,1.093333333333e+00,-5.116132913392e-06,5.610524640128e-07,-5.677185377405e-06
7.000000000000e-01,y,1.106666666667e+00,-1.516473831130e-06,2.497654525154e-06,-4.014128356284e-06
7.000000000000e-01,y,1.120000000000e+00,1.074690430335e-06,4.302178324160e-06,-3.227487893825e-06
7.000000000000e-01,y,1.133333333333e+00,2.633275752245e-06,5.856336702082e-06,-3.223060949837e-06
7.000000000000e-01,y,1.146666666667e+00,3.269210184588e-06,7.057979364129e-06,-3.788769179541e-06
7.000000000000e-01,y,1.160000000000e+00,3.171973234011e-06,7.830398927438e-06,-4.658425693427e-06
7.000000000000e-01,y,1.173333333333e+00,2.567983625608e-06,8.129529629416e-06,-5.561546003808e-06
7.000000000000e-01,y,1.186666666667e+00,1.698837397804e-06,7.948246057876e-06,-6.249408660072e-06
7.000000000000e-01,y,1.200000000000e+00,7.983224914420e-07,7.317209511695e-06,-6.518887020253e-06
7.000000000000e-01,y,1.213333333333e+00,6.956098988594e-08,6.302010712564e-06,-6.232449722678e-06
7.000000000000e-01,y,1.226666666667e+00,-3.952814920512e-07,4.996727531434e-06,-5.392009023485e-06
7.000000000000e-01,y,1.240000000000e+00,-6.125531772010e-07,3.514447139116e-06,-4.127000316317e-06
7.000000000000e-01,y,1.253333333333e+00,-6.344753093818e-07,1.975748646611e-06,-2.610223955993e-06
7.000000000000e-01,y,1.266666666667e+00,-5.332194192174e-07,4.965193741380e-07,-1.029738793355e-06
7.000000000000e-01,y,1.280000000000e+00,-3.842482858691e-07,-8.233205651564e-07,4.390722792873e-07
7.000000000000e-01,y,1.293333333333e+00,-2.309643722751e-07,-1.908672752627e-06,1.677708380352e-06
7.000000000000e-01,y,1.306666666667e+00,-9.483583769365e-08,-2.714537074283e-06,2.619701236589e-06
7.000000000000e-01,y,1.320000000000e+00,1.076079961393e-08,-3.227151451793e-06,3.237912251407e-06
7.000000000000e-01,y,1.333333333333e+00,7.926704108499e-08,-3.461149703769e-06,3.540416744854e-06
7.000000000000e-01,y,1.346666666667e+00,1.102172455274e-07,-3.453557007263e-06,3.563774252790e-06
7.000000000000e-01,y,1.360000000000e+00,1.101955520364e-07,-3.255903687155e-06,3.366099239191e-06
7.000000000000e-01,y,1.373333333333e+00,8.904456050202e-08,-2.925901684396e-06,3.014946244898e-06
7.000000000000e-01,y,1.386666666667e+00,5.766130273672e-08,-2.519984378557e-06,2.577645681294e-06
7.000000000000e-01,y,1.400000000000e+00,2.667594620638e-08,-2.087630493205e-06,2.114306439411e-06
7.000000000000e-01,y,1.413333333333e+00,3.327841676890e-09,-1.667898805767e-06,1.671226647444e-06
7.000000000000e-01,y,1.426666666667e+00,-1.115587465859e-08,-1.288124010269e-06,1.276968135610e-06
7.000000000000e-01,y,1.440000000000e+00,-1.766846804161e-08,-9.643683872714e-07,9.466999192298e-07
7.000000000000e-01,y,1.453333333333e+00,-1.824592542955e-08,-7.030406326115e-07,6.847947071820e-07
7.000000000000e-01,y,1.466666666667e+00,-1.548763089513e-08,-5.030796339757e-07,4.875920030806e-07
7.000000000000e-01,y,1.480000000000e+00,-1.135300528140e-08,-3.582134378671e-07,3.468604325857e-07
7.000000000000e-01,y,1.493333333333e+00,-6.849343775425e-09,-2.589789960202e-07,2.521296522448e-07
7.000000000000e-01,y,1.506666666667e+00,-2.730952721986e-09,-1.943654889615e-07,1.916345362395e-07
7.000000000000e-01,y,1.520000000000e+00,4.649275222281e-10,-1.530793377891e-07,1.535442653113e-07
7.000000000000e-01,y,1.533333333333e+00,2.417192527117e-09,-1.245024093317e-07,1.269196018589e-07
7.000000000000e-01,y,1.546666666667e+00,3.169622669736e-09,-9.942866004886e-08,1.025982827186e-07
7.000000000000e-01,y,1.560000000000e+00,3.003846647337e-09,-7.063645910868e-08,7.364030575602e-08
7.000000000000e-01,y,1.573333333333e+00,2.274979806336e-09,-3.330885912670e-08,3.558383893303e-08
7.000000000000e-01,y,1.586666666667e+00,1.355437703623e-09,1.472450492640e-08,-1.336906722278e-08
7.000000000000e-01,y,1.600000000000e+00,5.578995806907e-10,7.296660975576e-08,-7.240871017507e-08
7.000000000000e-01,y,1.613333333333e+00,-6.270971801950e-12,1.384850379569e-07,-1.384913089287e-07
7.000000000000e-01,y,1.626666666667e+00,-3.299796835884e-10,2.063951574542e-07,-2.067251371378e-07
7.000000000000e-01,y,1.640000000000e+00,-4.521774829263e-10,2.705496262882e-07,-2.710018037711e-07
7.000000000000e-01,y,1.653333333333e+00,-4.435464580902e-10,3.243510457619e-07,-3.247945922200e-07
7.000000000000e-01,y,1.666666666667e+00,-3.713723717081e-10,3.615834277450e-07,-3.619548001167e-07
7.000000000000e-01,y,1.680000000000e+00,-2.650223359834e-10,3.771599443497e-07,-3.774249666856e-07
7.000000000000e-01,y,1.693333333333e+00,-1.490868351872e-10,3.677071873177e-07,-3.678562741529e-07
7.000000000000e-01,y,1.706666666667e+00,-4.363262714530e-11,3.319414431571e-07,-3.319850757842e-07
7.000000000000e-01,y,1.720000000000e+00,3.218552605593e-11,2.708289249462e-07,-2.707967394201e-07
7.000000000000e-01,y,1.733333333333e+00,7.214065343772e-11,1.875494374701e-07,-1.874772968167e-07
7.000000000000e-01,y,1.746666666667e+00,8.249337771694e-11,8.729623497546e-08,-8.721374159775e-08
7.000000000000e-01,y,1.760000000000e+00,7.174499252965e-11,-2.305547210762e-08,2.312721710015e-08
7.000000000000e-01,y,1.773333333333e+00,4.734393617212e-11,-1.353871736028e-07,1.354345175390e-07
7.000000000000e-01,y,1.786666666667e+00,1.640562838864e-11,-2.408672106047e-07,2.408836162331e-07
7.000000000000e-01,y,1.800000000000e+00,-1.181513380525e-11,-3.305590341409e-07,3.305472190071e-07
7.000000000000e-01,y,1.813333333333e+00,-2.880556195361e-11,-3.960873554296e-07,3.960585498677e-07
7.000000000000e-01,y,1.826666666667e+00,-2.922751667496e-11,-4.303273424063e-07,4.302981148896e-07
7.000000000000e-01,y,1.840000000000e+00,-1.184673381359e-11,-4.280638582025e-07,4.280520114687e-07
7.000000000000e-01,y,1.853333333333e+00,1.789212297611e-11,-3.865511592200e-07,3.865690513430e-07
7.000000000000e-01,y,1.866666666667e+00,4.824850305093e-11,-3.058927008819e-07,3.059409493850e-07
7.000000000000e-01,y,1.880000000000e+00,6.327811283663e-11,-1.891586766275e-07,1.892219547403e-07
7.000000000000e-01,y,1.893333333333e+00,4.733804880253e-11,-4.216823834441e-08,4.221557639322e-08
7.000000000000e-01,y,1.906666666667e+00,-9.973985317484e-12,1.271124810884e-07,-1.271224550738e-07
7.000000000000e-01,y,1.920000000000e+00,-1.001120350520e-10,3.095619444516e-07,-3.096620564867e-07
7.000000000000e-01,y,1.933333333333e+00,-1.720291200104e-10,4.962238482735e-07,-4.963958773936e-07
7.000000000000e-01,y,1.946666666667e+00,-1.788007702408e-10,6.798102763506e-07,-6.799890771208e-07
7.000000000000e-01,y,1.960000000000e+00,-9.420821780932e-11,8.561470473391e-07,-8.562412555569e-07
7.000000000000e-01,y,1.973333333333e+00,6.915171992295e-11,1.025243197069e-06,-1.025174045349e-06
7.000000000000e-01,y,1.986666666667e+00,1.825751123593e-10,1.191636608977e-06,-1.191454033865e-06
7.000000000000e-01,y,2.000000000000e+00,-1.105200625221e-11,1.363716282578e-06,-1.363727334584e-06
9.500000000000e-01,x,-2.000000000000e+00,-8.539633438617e-08,-2.535127580506e-05,2.526587947068e-05
9.500000000000e-01,x,-1.986666666667e+00,-8.251055814848e-08,-2.628129313888e-05,2.619878258073e-05
9.500000000000e-01,x,-1.973333333333e+00,-1.081260823590e-07,-2.715380479759e-05,2.704567871523e-05
9.500000000000e-01,x,-1.960000000000e+00,-1.509060687995e-07,-2.796585019787e-05,2.781494412907e-05
9.500000000000e-01,x,-1.946666666667e+00,-2.050116246043e-07,-2.871509966718e-05,2.851008804257e-05
9.500000000000e-01,x,-1.933333333333e+00,-2.693266460744e-07,-2.939969502304e-05,2.913036837696e-05
9.500000000000e-01,x,-1.920000000000e+00,-3.433667468627e-07,-3.001811880456e-05,2.967475205770e-05
9.500000000000e-01,x,-1.906666666667e+00,-4.259835855681e-07,-3.056908903438e-05,3.014310544881e-05
9.500000000000e-01,x,-1.893333333333e+00,-5.133179090894e-07,-3.105147796253e-05,3.053816005344e-05
9.500000000000e-01,x,-1.880000000000e+00,-5.940612507203e-07,-3.146425580004e-05,3.087019454932e-05
9.500000000000e-01,x,-1.866666666667e+00,-6.509941446110e-07,-3.180646302915e-05,3.115546888454e-05
9.500000000000e-01,x,-1.853333333333e+00,-6.615619753084e-07,-3.207721655218e-05,3.141565457687e-05
9.500000000000e-01,x,-1.840000000000e+00,-5.967463667910e-07,-3.227575499852e-05,3.167900863173e-05
9.500000000000e-01,x,-1.826666666667e+00,-4.155539498995e-07,-3.240152660388e-05,3.198597265398e-05
9.500000000000e-01,x,-1.813333333333e+00,-5.563344465969e-08,-3.245431937835e-05,3.239868593369e-05
9.500000000000e-01,x,-1.800000000000e+00,5.550797919141e-07,-3.243442859773e-05,3.298950838965e-05
9.500000000000e-01,x,-1.786666666667e+00,1.494684198732e-06,-3.234285259476e-05,3.383753679350e-05
9.500000000000e-01,x,-1.773333333333e+00,2.846019692747e-06,-3.218150709054e-05,3.502752678328e-05
9.500000000000e-01,x,-1.760000000000e+00,4.710368215141e-06,-3.195345519806e-05,3.666382341320e-05
9.500000000000e-01,x,-1.746666666667e+00,7.210559088193e-06,-3.166317146949e-05,3.887373055768e-05
9.500000000000e-01,x,-1.733333333333e+00,1.045671557804e-05,-3.131690406661e-05,4.177361964465e-05
9.500000000000e-01,x,-1.720000000000e+00,1.453081233967e-05,-3.092328358503e-05,4.545409592470e-05
9.500000000000e-01,x,-1.706666666667e+00,1.947171893831e-05,-3.049446846239e-05,4.996618740070e-05
9.500000000000e-01,x,-1.693333333333e+00,2.527055648002e-05,-3.004833524965e-05,5.531889172967e-05
9.500000000000e-01,x,-1.680000000000e+00,3.184140964545e-05,-2.961253449401e-05,6.145394413946e-05
9.500000000000e-01,x,-1.666666666667e+00,3.897386432851e-05,-2.923164737654e-05,6.820551170505e-05
9.500000000000e-01,x,-1.653333333333e+00,4.629106527360e-05,-2.897918677222e-05,7.527025204582e-05
9.500000000000e-01,x,-1.640000000000e+00,5.318823577575e-05,-2.897676305174e-05,8.216499882750e-05
9.500000000000e-01,x,-1.626666666667e+00,5.869149485690e-05,-2.942333861977e-05,8.811483347666e-05
9.500000000000e-01,x,-1.613333333333e+00,6.147306387137e-05,-3.063807595962e-05,9.211113983099e-05
9.500000000000e-01,x,-1.600000000000e+00,5.984899949877e-05,-3.312078334710e-05,9.296978284588e-05
9.500000000000e-01,x,-1.586666666667e+00,5.172383079103e-05,-3.763429420055e-05,8.935812499157e-05
9.500000000000e-01,x,-1.573333333333e+00,3.441850947600e-05,-4.531311925703e-05,7.973162873303e-05
9.500000000000e-01,x,-1.560000000000e+00,4.345274288266e-06,-5.780208308388e-05,6.214735737215e-05
9.500000000000e-01,x,-1.546666666667e+00,-4.265769602816e-05,-7.742690091421e-05,3.476920488605e-05
9.500000000000e-01,x,-1.533333333333e+00,-1.112049310805e-04,-1.073950870499e-04,-3.809844030534e-06
9.500000000000e-01,x,-1.520000000000e+00,-2.063217992646e-04,-1.520194652350e-04,-5.430233402965e-05
9.500000000000e-01,x,-1.506666666667e+00,-3.336476537017e-04,-2.169473018945e-04,-1.167003518073e-04
9.500000000000e-01,x,-1.493333333333e+00,-4.995091499342e-04,-3.093656294295e-04,-1.901435205047e-04
9.500000000000e-01,x,-1.480000000000e+00,-7.102478208611e-04,-4.381384159936e-04,-2.721094048675e-04
9.500000000000e-01,x,-1.466666666667e+00,-9.718753139909e-04,-6.138156755444e-04,-3.580596384464e-04
9.500000000000e-01,x,-1.453333333333e+00,-1.289720978437e-03,-8.484413301371e-04,-4.412796483000e-04
9.500000000000e-01,x,-1.440000000000e+00,-1.667810495072e-03,-1.155079553531e-03,-5.127309415417e-04
9.500000000000e-01,x,-1.426666666667e+00,-2.108470733703e-03,-1.546982965068e-03,-5.614877686353e-04
9.500000000000e-01,x,-1.413333333333e+00,-2.612096012672e-03,-2.036344896406e-03,-5.757511162668e-04
9.500000000000e-01,x,-1.400000000000e+00,-3.176618225717e-03,-2.632615569685e-03,-5.440026560321e-04
9.500000000000e-01,x,-1.386666666667e+00,-3.796657240748e-03,-3.340419865608e-03,-4.562373751404e-04
9.500000000000e-01,x,-1.373333333333e+00,-4.460926010679e-03,-4.157190551013e-03,-3.037354596663e-04
9.500000000000e-01,x,-1.360000000000e+00,-5.153169092642e-03,-5.070719087143e-03,-8.245000549892e-05
9.500000000000e-01,x,-1.346666666667e+00,-5.853230512428e-03,-6.056915197711e-03,2.036846852829e-04
9.500000000000e-01,x,-1.333333333333e+00,-6.536994158675e-03,-7.078140421694e-03,5.411462630195e-04
9.500000000000e-01,x,-1.320000000000e+00,-7.175531766395e-03,-8.082521175255e-03,9.069894088601e-04
9.500000000000e-01,x,-1.306666666667e+00,-7.732774867811e-03,-9.004634716402e-03,1.271859848590e-03
9.500000000000e-01,x,-1.293333333333e+00,-8.169032667660e-03,-9.767882221392e-03,1.598849553733e-03
9.500000000000e-01,x,-1.280000000000e+00,-8.443130819454e-03,-1.028871078362e-02,1.845579964167e-03
9.500000000000e-01,x,-1.266666666667e+00,-8.513909695328e-03,-1.048262667567e-02,1.968716980338e-03
9.500000000000e-01,x,-1.253333333333e+00,-8.342595159143e-03,-1.027167628891e-02,1.929081129766e-03
9.500000000000e-01,x,-1.240000000000e+00,-7.895313190085e-03,-9.592793396179e-03,1.697480206095e-03
9.500000000000e-01,x,-1.226666666667e+00,-7.143758133532e-03,-8.406166690456e-03,1.262408556925e-03
9.500000000000e-01,x,-1.213333333333e+00,-6.067282228732e-03,-6.702618351439e-03,6.353361227074e-04
9.500000000000e-01,x,-1.200000000000e+00,-4.655621562086e-03,-4.508945566617e-03,-1.466759954687e-04
9.500000000000e-01,x,-1.186666666667e+00,-2.918522616560e-03,-1.890290239830e-03,-1.028232376730e-03
9.500000000000e-01,x,-1.173333333333e+00,-8.875035903124e-04,1.051127885207e-03,-1.938631475520e-03
9.500000000000e-01,x,-1.160000000000e+00,1.391675461182e-03,4.181175856311e-03,-2.789500395130e-03
9.500000000000e-01,x,-1.146666666667e+00,3.859469135103e-03,7.342643822882e-03,-3.483174687778e-03
9.500000000000e-01,x,-1.133333333333e+00,6.442009523899e-03,1.036702643545e-02,-3.925016911549e-03
9.500000000000e-01,x,-1.120000000000e+00,9.044319816694e-03,1.308808833131e-02,-4.043768514617e-03
9.500000000000e-01,x,-1.106666666667e+00,1.155672424834e-02,1.535575839385e-02,-3.799034145507e-03
9.500000000000e-01,x,-1.093333333333e+00,1.386387756002e-02,1.704879755107e-02,-3.184919991056e-03
9.500000000000e-01,x,-1.080000000000e+00,1.584985807643e-02,1.808480264976e-02,-2.234944573321e-03
9.500000000000e-01,x,-1.066666666667e+00,1.740626919691e-02,1.842643120089e-02,-1.020162003981e-03
9.500000000000e-01,x,-1.053333333333e+00,1.844730718397e-02,1.808321041877e-02,3.640967651988e-04
9.500000000000e-01,x,-1.040000000000e+00,1.890519377240e-02,1.710885446866e-02,1.796339303734e-03
9.500000000000e-01,x,-1.026666666667e+00,1.873099805126e-02,1.559456905215e-02,3.136428999116e-03
9.500000000000e-01,x,-1.013333333333e+00,1.789937447889e-02,1.365928861191e-02,4.240085866977e-03
9.500000000000e-01,x,-1.000000000000e+00,1.642456995309e-02,1.143810300026e-02,4.986466952831e-03
9.500000000000e-01,x,-9.866666666667e-01,1.437759609330e-02,9.070250894418e-03,5.307345198885e-03
9.500000000000e-01,x,-9.733333333333e-01,1.186069049098e-02,6.687983603985e-03,5.172706886992e-03
9.500000000000e-01,x,-9.600000000000e-01,8.999506420741e-03,4.407363730987e-03,4.592142689755e-03
9.500000000000e-01,x,-9.466666666667e-01,5.938142897879e-03,2.321710578211e-03,3.616432319669e-03
9.500000000000e-01,x,-9.333333333333e-01,2.832718580503e-03,4.980025799416e-04,2.334716000562e-03
9.500000000000e-01,x,-9.200000000000e-01,-1.553518128107e-04,-1.023839624193e-03,8.684878113828e-04
9.500000000000e-01,x,-9.066666666667e-01,-2.866341012254e-03,-2.229184654072e-03,-6.371563581820e-04
9.500000000000e-01,x,-8.933333333333e-01,-5.151588288081e-03,-3.125048104912e-03,-2.026540183169e-03
9.500000000000e-01,x,-8.800000000000e-01,-6.886482135008e-03,-3.735289399102e-03,-3.151192735906e-03
9.500000000000e-01,x,-8.666666666667e-01,-8.012750534684e-03,-4.095353293413e-03,-3.917397241271e-03
9.500000000000e-01,x,-8.533333333333e-01,-8.528756941981e-03,-4.247167648958e-03,-4.281589293023e-03
9.500000000000e-01,x,-8.400000000000e-01,-8.465581687633e-03,-4.234659242434e-03,-4.230922445200e-03
9.500000000000e-01,x,-8.266666666667e-01,-7.884966433713e-03,-4.100176167193e-03,-3.784790266519e-03
9.500000000000e-01,x,-8.133333333333e-01,-6.879266729677e-03,-3.881937486425e-03,-2.997329243253e-03
9.500000000000e-01,x,-8.000000000000e-01,-5.577769419044e-03,-3.612489488726e-03,-1.965279930317e-03
9.500000000000e-01,x,-7.866666666667e-01,-4.130888414055e-03,-3.318045299574e-03,-8.128431144807e-04
9.500000000000e-01,x,-7.733333333333e-01,-2.695699301066e-03,-3.018524135967e-03,3.228248349010e-04
9.500000000000e-01,x,-7.600000000000e-01,-1.424095747513e-03,-2.728084595074e-03,1.303988847561e-03
9.500000000000e-01,x,-7.466666666667e-01,-4.334734857198e-04,-2.455954960807e-03,2.022481475088e-03
9.500000000000e-01,x,-7.333333333333e-01,2.305070861963e-04,-2.207392523302e-03,2.437899609498e-03
9.500000000000e-01,x,-7.200000000000e-01,5.562450501602e-04,-1.984643401994e-03,2.540888452154e-03
9.500000000000e-01,x,-7.066666666667e-01,5.582072643673e-04,-1.787816017553e-03,2.346023281920e-03
9.500000000000e-01,x,-6.933333333333e-01,2.759093318177e-04,-1.615619205627e-03,1.891528537444e-03
9.500000000000e-01,x,-6.800000000000e-01,-2.205420316440e-04,-1.465946529529e-03,1.245404497885e-03
9.500000000000e-01,x,-6.666666666667e-01,-8.322050760705e-04,-1.336310327440e-03,5.041052513694e-04
9.500000000000e-01,x,-6.533333333333e-01,-1.449305317229e-03,-1.224142739093e-03,-2.251625781361e-04
9.500000000000e-01,x,-6.400000000000e-01,-1.962399553421e-03,-1.126987714147e-03,-8.354118392742e-04
9.500000000000e-01,x,-6.266666666667e-01,-2.276064322815e-03,-1.042609571731e-03,-1.233454751085e-03
9.500000000000e-01,x,-6.133333333333e-01,-2.355475616732e-03,-9.690418453143e-04,-1.386433771418e-03
9.500000000000e-01,x,-6.000000000000e-01,-2.218280434605e-03,-9.045964556662e-04,-1.313683978939e-03
9.500000000000e-01,x,-5.866666666667e-01,-1.903164570896e-03,-8.478488869577e-04,-1.055315683938e-03
9.500000000000e-01,x,-5.733333333333e-01,-1.465085937064e-03,-7.976107896364e-04,-6.674751474279e-04
9.500000000000e-01,x,-5.600000000000e-01,-9.694466590123e-04,-7.528977507351e-04,-2.165489082772e-04
9.500000000000e-01,x,-5.466666666667e-01,-4.808167639533e-04,-7.128970481268e-04,2.320802841736e-04
9.500000000000e-01,x,-5.333333333333e-01,-6.241870813159e-05,-6.769380529939e-04,6.145193448623e-04
9.500000000000e-01,x,-5.200000000000e-01,2.272691962908e-04,-6.444664748256e-04,8.717356711164e-04
9.500000000000e-01,x,-5.066666666667e-01,3.414415131783e-04,-6.150227202915e-04,9.564642334698e-04
9.500000000000e-01,x,-4.933333333333e-01,2.635759915638e-04,-5.882241186916e-04,8.518001102554e-04
9.500000000000e-01,x,-4.800000000000e-01,3.534116856807e-05,-5.637505244870e-04,5.990916930550e-04
9.500000000000e-01,x,-4.666666666667e-01,-2.782378281083e-04,-5.413327385185e-04,2.630949104102e-04
9.500000000000e-01,x,-4.533333333333e-01,-6.031653891357e-04,-5.207432174789e-04,-8.242217165678e-05
9.500000000000e-01,x,-4.400000000000e-01,-8.651579402521e-04,-5.017886136824e-04,-3.633693265697e-04
9.500000000000e-01,x,-4.266666666667e-01,-1.016730983557e-03,-4.843037714276e-04,-5.324272121295e-04
9.500000000000e-01,x,-4.133333333333e-01,-1.052463497339e-03,-4.681468841635e-04,-5.843166131757e-04
9.500000000000e-01,x,-4.000000000000e-01,-9.810878886809e-04,-4.531955802883e-04,-5.278923083926e-04
9.500000000000e-01,x,-3.866666666667e-01,-8.218485137382e-04,-4.393437533012e-04,-3.825047604370e-04
9.500000000000e-01,x,-3.733333333333e-01,-6.030565032083e-04,-4.264989864266e-04,-1.765575167817e-04
9.500000000000e-01,x,-3.600000000000e-01,-3.618308353311e-04,-4.145804466401e-04,5.274961130901e-05
9.500000000000e-01,x,-3.466666666667e-01,-1.405479881585e-04,-4.035171423824e-04,2.629691542239e-04
9.500000000000e-01,x,-3.333333333333e-01,1.940097062297e-05,-3.932464566093e-04,4.126474272323e-04
9.500000000000e-01,x,-3.200000000000e-01,8.332803880520e-05,-3.837128844599e-04,4.670409232651e-04
9.500000000000e-01,x,-3.066666666667e-01,3.222727528504e-05,-3.748669236047e-04,4.070941988897e-04
9.500000000000e-01,x,-2.933333333333e-01,-1.114732560932e-04,-3.666640848597e-04,2.551908287665e-04
9.500000000000e-01,x,-2.800000000000e-01,-3.010899450427e-04,-3.590640094652e-04,5.797406442257e-05
9.500000000000e-01,x,-2.666666666667e-01,-4.832942565878e-04,-3.520296955621e-04,-1.312645610257e-04
9.500000000000e-01,x,-2.533333333333e-01,-6.057599709860e-04,-3.455268477970e-04,-2.602331231890e-04
9.500000000000e-01,x,-2.400000000000e-01,-6.332347766854e-04,-3.395233690884e-04,-2.937114075969e-04
9.500000000000e-01,x,-2.266666666667e-01,-5.742300612369e-04,-3.339890116901e-04,-2.402410495468e-04
9.500000000000e-01,x,-2.133333333333e-01,-4.554978849042e-04,-3.288951962195e-04,-1.266026886847e-04
9.500000000000e-01,x,-2.000000000000e-01,-3.121661025257e-04,-3.242149938225e-04,1.204889129681e-05
9.500000000000e-01,x,-1.866666666667e-01,-1.839946614727e-04,-3.199232505897e-04,1.359285891170e-04
9.500000000000e-01,x,-1.733333333333e-01,-9.863814986025e-05,-3.159968176997e-04,2.173586678394e-04
9.500000000000e-01,x,-1.600000000000e-01,-5.894072454553e-05,-3.124148384797e-04,2.534741139342e-04
9.500000000000e-01,x,-1.466666666667e-01,-6.347556990515e-05,-3.091590370361e-04,2.456834671310e-04
9.500000000000e-01,x,-1.333333333333e-01,-1.083408187582e-04,-3.062139536716e-04,1.978731349133e-04
9.500000000000e-01,x,-1.200000000000e-01,-1.866596199801e-04,-3.035670801044e-04,1.169074601242e-04
9.500000000000e-01,x,-1.066666666667e-01,-2.813411808613e-04,-3.012088614068e-04,1.986768054551e-05
9.500000000000e-01,x,-9.333333333333e-02,-3.671438275056e-04,-2.991325494866e-04,-6.801127801909e-05
9.500000000000e-01,x,-8.000000000000e-02,-4.207966635648e-04,-2.973339122121e-04,-1.234627513527e-04
9.500000000000e-01,x,-6.666666666667e-02,-4.248382313854e-04,-2.958108202673e-04,-1.290274111181e-04
9.500000000000e-01,x,-5.333333333333e-02,-3.723020384046e-04,-2.945627482875e-04,-7.773929011717e-05
9.500000000000e-01,x,-4.000000000000e-02,-2.776137191195e-04,-2.935902363186e-04,1.597651719910e-05
9.500000000000e-01,x,-2.666666666667e-02,-1.695607019924e-04,-2.928943615439e-04,1.233336595515e-04
9.500000000000e-01,x,-1.333333333333e-02,-8.150051951295e-05,-2.924762687327e-04,2.109757492198e-04
9.500000000000e-01,x,0.000000000000e+00,-4.577868943688e-05,-2.923368017451e-04,2.465581123082e-04
9.500000000000e-01,x,1.333333333333e-02,-8.150053789408e-05,-2.924762687327e-04,2.109757308386e-04
9.500000000000e-01,x,2.666666666667e-02,-1.695607049845e-04,-2.928943615439e-04,1.233336565594e-04
9.500000000000e-01,x,4.000000000000e-02,-2.776136372079e-04,-2.935902363186e-04,1.597659911069e-05
9.500000000000e-01,x,5.333333333333e-02,-3.723017645840e-04,-2.945627482875e-04,-7.773901629651e-05
9.500000000000e-01,x,6.666666666667e-02,-4.248376215617e-04,-2.958108202673e-04,-1.290268012944e-04
9.500000000000e-01,x,8.000000000000e-02,-4.207955701635e-04,-2.973339122121e-04,-1.234616579514e-04
9.500000000000e-01,x,9.333333333333e-02,-3.671421644299e-04,-2.991325494866e-04,-6.800961494330e-05
9.500000000000e-01,x,1.066666666667e-01,-2.813389364847e-04,-3.012088614068e-04,1.986992492211e-05
9.500000000000e-01,x,1.200000000000e-01,-1.866568640926e-04,-3.035670801044e-04,1.169102160118e-04
9.500000000000e-01,x,1.333333333333e-01,-1.083377110722e-04,-3.062139536716e-04,1.978762425993e-04
9.500000000000e-01,x,1.466666666667e-01,-6.347229870869e-05,-3.091590370361e-04,2.456867383274e-04
9.500000000000e-01,x,1.600000000000e-01,-5.893744583122e-05,-3.124148384797e-04,2.534773926485e-04
9.500000000000e-01,x,1.733333333333e-01,-9.863501153354e-05,-3.159968176997e-04,2.173618061662e-04
9.500000000000e-01,x,1.866666666667e-01,-1.839918353205e-04,-3.199232505897e-04,1.359314152692e-04
9.500000000000e-01,x,2.000000000000e-01,-3.121638024035e-04,-3.242149938225e-04,1.205119141898e-05
9.500000000000e-01,x,2.133333333333e-01,-4.554962346535e-04,-3.288951962195e-04,-1.266010384340e-04
9.500000000000e-01,x,2.266666666667e-01,-5.742290386284e-04,-3.339890116901e-04,-2.402400269383e-04
9.500000000000e-01,x,2.400000000000e-01,-6.332342527987e-04,-3.395233690884e-04,-2.937108837102e-04
9.500000000000e-01,x,2.533333333333e-01,-6.057597487426e-04,-3.455268477970e-04,-2.602329009456e-04
9.500000000000e-01,x,2.666666666667e-01,-4.832941125180e-04,-3.520296955621e-04,-1.312644169559e-04
9.500000000000e-01,x,2.800000000000e-01,-3.010896927725e-04,-3.590640094652e-04,5.797431669275e-05
9.500000000000e-01,x,2.933333333333e-01,-1.114727742036e-04,-3.666640848597e-04,2.551913106561e-04
9.500000000000e-01,x,3.066666666667e-01,3.222803973757e-05,-3.748669236047e-04,4.070949633423e-04
9.500000000000e-01,x,3.200000000000e-01,8.332908246057e-05,-3.837128844599e-04,4.670419669204e-04
9.500000000000e-01,x,3.333333333333e-01,1.940223673424e-05,-3.932464566093e-04,4.126486933436e-04
9.500000000000e-01,x,3.466666666667e-01,-1.405466285448e-04,-4.035171423824e-04,2.629705138376e-04
9.500000000000e-01,x,3.600000000000e-01,-3.618295500330e-04,-4.145804466401e-04,5.275089660712e-05
9.500000000000e-01,x,3.733333333333e-01,-6.030554559563e-04,-4.264989864266e-04,-1.765564695297e-04
9.500000000000e-01,x,3.866666666667e-01,-8.218478202387e-04,-4.393437533012e-04,-3.825040669375e-04
9.500000000000e-01,x,4.000000000000e-01,-9.810876227012e-04,-4.531955802883e-04,-5.278920424129e-04
9.500000000000e-01,x,4.133333333333e-01,-1.052463710345e-03,-4.681468841635e-04,-5.843168261814e-04
9.500000000000e-01,x,4.266666666667e-01,-1.016731671028e-03,-4.843037714276e-04,-5.324278996002e-04
9.500000000000e-01,x,4.400000000000e-01,-8.651590121474e-04,-5.017886136824e-04,-3.633703984651e-04
9.500000000000e-01,x,4.533333333333e-01,-6.031666566379e-04,-5.207432174789e-04,-8.242343915892e-05
9.500000000000e-01,x,4.666666666667e-01,-2.782390957429e-04,-5.413327385185e-04,2.630936427756e-04
9.500000000000e-01,x,4.800000000000e-01,3.534004578274e-05,-5.637505244870e-04,5.990905702697e-04
9.500000000000e-01,x,4.933333333333e-01,2.635751168384e-04,-5.882241186916e-04,8.517992355300e-04
9.500000000000e-01,x,5.066666666667e-01,3.414409556192e-04,-6.150227202915e-04,9.564636759107e-04
9.500000000000e-01,x,5.200000000000e-01,2.272689916998e-04,-6.444664748256e-04,8.717354665253e-04
9.500000000000e-01,x,5.333333333333e-01,-6.241858477401e-05,-6.769380529939e-04,6.145194682199e-04
9.500000000000e-01,x,5.466666666667e-01,-4.808164002288e-04,-7.128970481268e-04,2.320806478981e-04
9.500000000000e-01,x,5.600000000000e-01,-9.694461925685e-04,-7.528977507351e-04,-2.165484418334e-04
9.500000000000e-01,x,5.733333333333e-01,-1.465085540025e-03,-7.976107896364e-04,-6.674747503889e-04
9.500000000000e-01,x,5.866666666667e-01,-1.903164428370e-03,-8.478488869577e-04,-1.055315541413e-03
9.500000000000e-01,x,6.000000000000e-01,-2.218280718925e-03,-9.045964556662e-04,-1.313684263259e-03
9.500000000000e-01,x,6.133333333333e-01,-2.355476467847e-03,-9.690418453143e-04,-1.386434622533e-03
9.500000000000e-01,x,6.266666666667e-01,-2.276065832820e-03,-1.042609571731e-03,-1.233456261090e-03
9.500000000000e-01,x,6.400000000000e-01,-1.962401757530e-03,-1.126987714147e-03,-8.354140433827e-04
9.500000000000e-01,x,6.533333333333e-01,-1.449308186816e-03,-1.224142739093e-03,-2.251654477231e-04
9.500000000000e-01,x,6.666666666667e-01,-8.322085147630e-04,-1.336310327440e-03,5.041018126769e-04
9.500000000000e-01,x,6.800000000000e-01,-2.205458766910e-04,-1.465946529529e-03,1.245400652838e-03
9.500000000000e-01,x,6.933333333333e-01,2.759053039662e-04,-1.615619205627e-03,1.891524509593e-03
9.500000000000e-01,x,7.066666666667e-01,5.582033222436e-04,-1.787816017553e-03,2.346019339797e-03
9.500000000000e-01,x,7.200000000000e-01,5.562414508773e-04,-1.984643401994e-03,2.540884852871e-03
9.500000000000e-01,x,7.333333333333e-01,2.305040312133e-04,-2.207392523302e-03,2.437896554515e-03
9.500000000000e-01,x,7.466666666667e-01,-4.334758558561e-04,-2.455954960807e-03,2.022479104951e-03
9.500000000000e-01,x,7.600000000000e-01,-1.424097347950e-03,-2.728084595074e-03,1.303987247123e-03
9.500000000000e-01,x,7.733333333333e-01,-2.695700094183e-03,-3.018524135967e-03,3.228240417839e-04
9.500000000000e-01,x,7.866666666667e-01,-4.130888434934e-03,-3.318045299574e-03,-8.128431353592e-04
9.500000000000e-01,x,8.000000000000e-01,-5.577768775498e-03,-3.612489488726e-03,-1.965279286772e-03
9.500000000000e-01,x,8.133333333333e-01,-6.879265590888e-03,-3.881937486425e-03,-2.997328104463e-03
9.500000000000e-01,x,8.266666666667e-01,-7.884965023377e-03,-4.100176167193e-03,-3.784788856184e-03
9.500000000000e-01,x,8.400000000000e-01,-8.465580254305e-03,-4.234659242434e-03,-4.230921011871e-03
9.500000000000e-01,x,8.533333333333e-01,-8.528755675331e-03,-4.247167648958e-03,-4.281588026374e-03
9.500000000000e-01,x,8.666666666667e-01,-8.012749542959e-03,-4.095353293413e-03,-3.917396249546e-03
9.500000000000e-01,x,8.800000000000e-01,-6.886481433832e-03,-3.735289399102e-03,-3.151192034731e-03
9.500000000000e-01,x,8.933333333333e-01,-5.151587782173e-03,-3.125048104912e-03,-2.026539677261e-03
9.500000000000e-01,x,9.066666666667e-01,-2.866340551041e-03,-2.229184654072e-03,-6.371558969696e-04
9.500000000000e-01,x,9.200000000000e-01,-1.553512868295e-04,-1.023839624193e-03,8.684883373639e-04
9.500000000000e-01,x,9.333333333333e-01,2.832719256331e-03,4.980025799416e-04,2.334716676389e-03
9.500000000000e-01,x,9.466666666667e-01,5.938143809778e-03,2.321710578211e-03,3.616433231567e-03
9.500000000000e-01,x,9.600000000000e-01,8.999507677157e-03,4.407363730987e-03,4.592143946170e-03
9.500000000000e-01,x,9.733333333333e-01,1.186069215976e-02,6.687983603985e-03,5.172708555771e-03
9.500000000000e-01,x,9.866666666667e-01,1.437759814608e-02,9.070250894418e-03,5.307347251665e-03
9.500000000000e-01,x,1.000000000000e+00,1.642457225769e-02,1.143810300026e-02,4.986469257432e-03
9.500000000000e-01,x,1.013333333333e+00,1.789937676968e-02,1.365928861191e-02,4.240088157767e-03
9.500000000000e-01,x,1.026666666667e+00,1.873099992181e-02,1.559456905215e-02,3.136430869663e-03
9.500000000000e-01,x,1.040000000000e+00,1.890519492522e-02,1.710885446866e-02,1.796340456555e-03
9.500000000000e-01,x,1.053333333333e+00,1.844730750925e-02,1.808321041877e-02,3.640970904755e-04
9.500000000000e-01,x,1.066666666667e+00,1.740626873228e-02,1.842643120089e-02,-1.020162468610e-03
9.500000000000e-01,x,1.080000000000e+00,1.584985698720e-02,1.808480264976e-02,-2.234945662551e-03
9.500000000000e-01,x,1.093333333333e+00,1.386387609940e-02,1.704879755107e-02,-3.184921451677e-03
9.500000000000e-01,x,1.106666666667e+00,1.155672263788e-02,1.535575839385e-02,-3.799035755970e-03
9.500000000000e-01,x,1.120000000000e+00,9.044318224932e-03,1.308808833131e-02,-4.043770106379e-03
9.500000000000e-01,x,1.133333333333e+00,6.442008067490e-03,1.036702643545e-02,-3.925018367958e-03
9.500000000000e-01,x,1.146666666667e+00,3.859467877061e-03,7.342643822882e-03,-3.483175945820e-03
9.500000000000e-01,x,1.160000000000e+00,1.391674419422e-03,4.181175856311e-03,-2.789501436889e-03
9.500000000000e-01,x,1.173333333333e+00,-8.875044222818e-04,1.051127885207e-03,-1.938632307489e-03
9.500000000000e-01,x,1.186666666667e+00,-2.918523262886e-03,-1.890290239830e-03,-1.028233023056e-03
9.500000000000e-01,x,1.200000000000e+00,-4.655622044203e-03,-4.508945566617e-03,-1.466764775854e-04
9.500000000000e-01,x,1.213333333333e+00,-6.067282538484e-03,-6.702618351439e-03,6.353358129549e-04
9.500000000000e-01,x,1.226666666667e+00,-7.143758266960e-03,-8.406166690456e-03,1.262408423496e-03
9.500000000000e-01,x,1.240000000000e+00,-7.895313177813e-03,-9.592793396179e-03,1.697480218367e-03
9.500000000000e-01,x,1.253333333333e+00,-8.342595042334e-03,-1.027167628891e-02,1.929081246576e-03
9.500000000000e-01,x,1.266666666667e+00,-8.513909514168e-03,-1.048262667567e-02,1.968717161499e-03
9.500000000000e-01,x,1.280000000000e+00,-8.443130615448e-03,-1.028871078362e-02,1.845580168173e-03
9.500000000000e-01,x,1.293333333333e+00,-8.169032464733e-03,-9.767882221392e-03,1.598849756659e-03
9.500000000000e-01,x,1.306666666667e+00,-7.732774672940e-03,-9.004634716402e-03,1.271860043462e-03
9.500000000000e-01,x,1.320000000000e+00,-7.175531584133e-03,-8.082521175255e-03,9.069895911218e-04
9.500000000000e-01,x,1.333333333333e+00,-6.536993998042e-03,-7.078140421694e-03,5.411464236517e-04
9.500000000000e-01,x,1.346666666667e+00,-5.853230388684e-03,-6.056915197711e-03,2.036848090273e-04
9.500000000000e-01,x,1.360000000000e+00,-5.153169016465e-03,-5.070719087143e-03,-8.244992932204e-05
9.500000000000e-01,x,1.373333333333e+00,-4.460925982007e-03,-4.157190551013e-03,-3.037354309937e-04
9.500000000000e-01,x,1.386666666667e+00,-3.796657247595e-03,-3.340419865608e-03,-4.562373819874e-04
9.500000000000e-01,x,1.400000000000e+00,-3.176618238883e-03,-2.632615569685e-03,-5.440026691975e-04
9.500000000000e-01,x,1.413333333333e+00,-2.612095995959e-03,-2.036344896406e-03,-5.757510995535e-04
9.500000000000e-01,x,1.426666666667e+00,-2.108470666566e-03,-1.546982965068e-03,-5.614877014978e-04
9.500000000000e-01,x,1.440000000000e+00,-1.667810375224e-03,-1.155079553531e-03,-5.127308216930e-04
9.500000000000e-01,x,1.453333333333e+00,-1.289720820453e-03,-8.484413301371e-04,-4.412794903158e-04
9.500000000000e-01,x,1.466666666667e+00,-9.718751523901e-04,-6.138156755444e-04,-3.580594768457e-04
9.500000000000e-01,x,1.480000000000e+00,-7.102476913070e-04,-4.381384159936e-04,-2.721092753134e-04
9.500000000000e-01,x,1.493333333333e+00,-4.995090710280e-04,-3.093656294295e-04,-1.901434415985e-04
9.500000000000e-01,x,1.506666666667e+00,-3.336476278884e-04,-2.169473018945e-04,-1.167003259939e-04
9.500000000000e-01,x,1.520000000000e+00,-2.063218173251e-04,-1.520194652350e-04,-5.430235209012e-05
9.500000000000e-01,x,1.533333333333e+00,-1.112049724546e-04,-1.073950870499e-04,-3.809885404629e-06
9.500000000000e-01,x,1.546666666667e+00,-4.265774176738e-05,-7.742690091421e-05,3.476915914683e-05
9.500000000000e-01,x,1.560000000000e+00,4.345236748385e-06,-5.780208308388e-05,6.214731983227e-05
9.500000000000e-01,x,1.573333333333e+00,3.441848556114e-05,-4.531311925703e-05,7.973160481816e-05
9.500000000000e-01,x,1.586666666667e+00,5.172381969748e-05,-3.763429420055e-05,8.935811389803e-05
9.500000000000e-01,x,1.600000000000e+00,5.984899690062e-05,-3.312078334710e-05,9.296978024772e-05
9.500000000000e-01,x,1.613333333333e+00,6.147306513814e-05,-3.063807595962e-05,9.211114109776e-05
9.500000000000e-01,x,1.626666666667e+00,5.869149674670e-05,-2.942333861977e-05,8.811483536647e-05
9.500000000000e-01,x,1.640000000000e+00,5.318823645543e-05,-2.897676305174e-05,8.216499950718e-05
9.500000000000e-01,x,1.653333333333e+00,4.629106456688e-05,-2.897918677222e-05,7.527025133910e-05
9.500000000000e-01,x,1.666666666667e+00,3.897386217571e-05,-2.923164737654e-05,6.820550955225e-05
9.500000000000e-01,x,1.680000000000e+00,3.184140749640e-05,-2.961253449401e-05,6.145394199041e-05
9.500000000000e-01,x,1.693333333333e+00,2.527055472377e-05,-3.004833524965e-05,5.531888997343e-05
9.500000000000e-01,x,1.706666666667e+00,1.947171740048e-05,-3.049446846239e-05,4.996618586287e-05
9.500000000000e-01,x,1.720000000000e+00,1.453081065550e-05,-3.092328358503e-05,4.545409424052e-05
9.500000000000e-01,x,1.733333333333e+00,1.045671408693e-05,-3.131690406661e-05,4.177361815354e-05
9.500000000000e-01,x,1.746666666667e+00,7.210556711282e-06,-3.166317146949e-05,3.887372818077e-05
9.500000000000e-01,x,1.760000000000e+00,4.710365395203e-06,-3.195345519806e-05,3.666382059326e-05
9.500000000000e-01,x,1.773333333333e+00,2.846017042794e-06,-3.218150709054e-05,3.502752413333e-05
9.500000000000e-01,x,1.786666666667e+00,1.494680660299e-06,-3.234285259476e-05,3.383753325506e-05
9.500000000000e-01,x,1.800000000000e+00,5.550767143548e-07,-3.243442859773e-05,3.298950531209e-05
9.500000000000e-01,x,1.813333333333e+00,-5.563635055925e-08,-3.245431937835e-05,3.239868302779e-05
9.500000000000e-01,x,1.826666666667e+00,-4.155562748910e-07,-3.240152660388e-05,3.198597032899e-05
9.500000000000e-01,x,1.840000000000e+00,-5.967486830121e-07,-3.227575499852e-05,3.167900631551e-05
9.500000000000e-01,x,1.853333333333e+00,-6.615641426260e-07,-3.207721655218e-05,3.141565240955e-05
9.500000000000e-01,x,1.866666666667e+00,-6.509955715596e-07,-3.180646302915e-05,3.115546745759e-05
9.500000000000e-01,x,1.880000000000e+00,-5.940621762852e-07,-3.146425580004e-05,3.087019362376e-05
9.500000000000e-01,x,1.893333333333e+00,-5.133186290463e-07,-3.105147796253e-05,3.053815933349e-05
9.500000000000e-01,x,1.906666666667e+00,-4.259839381677e-07,-3.056908903438e-05,3.014310509621e-05
9.500000000000e-01,x,1.920000000000e+00,-3.433665472219e-07,-3.001811880456e-05,2.967475225734e-05
9.500000000000e-01,x,1.933333333333e+00,-2.693258183784e-07,-2.939969502304e-05,2.913036920466e-05
9.500000000000e-01,x,1.946666666667e+00,-2.050101409076e-07,-2.871509966718e-05,2.851008952627e-05
9.500000000000e-01,x,1.960000000000e+00,-1.509041902736e-07,-2.796585019787e-05,2.781494600759e-05
9.500000000000e-01,x,1.973333333333e+00,-1.081241143377e-07,-2.715380479759e-05,2.704568068325e-05
9.500000000000e-01,x,1.986666666667e+00,-8.250871710479e-08,-2.628129313888e-05,2.619878442178e-05
9.500000000000e-01,x,2.000000000000e+00,-8.539501197485e-08,-2.535127580506e-05,2.526588079309e-05
9.500000000000e-01,y,-2.000000000000e+00,1.816503497176e-09,-7.418510346074e-07,7.436675381045e-07
9.500000000000e-01,y,-1.986666666667e+00,1.489641347970e-09,-5.976700192946e-07,5.991596606426e-07
9.500000000000e-01,y,-1.973333333333e+00,1.978241055030e-10,-4.585702715539e-07,4.587680956594e-07
9.500000000000e-01,y,-1.960000000000e+00,-1.508872018213e-09,-3.359903760282e-07,3.344815040099e-07
9.500000000000e-01,y,-1.946666666667e+00,-3.151874051997e-09,-2.413773035869e-07,2.382254295349e-07
9.500000000000e-01,y,-1.933333333333e+00,-4.341715500335e-09,-1.854573535827e-07,1.811156380824e-07
9.500000000000e-01,y,-1.920000000000e+00,-4.745068246384e-09,-1.773529010586e-07,1.726078328122e-07
9.500000000000e-01,y,-1.906666666667e+00,-4.094963854937e-09,-2.236606357812e-07,2.195656719262e-07
9.500000000000e-01,y,-1.893333333333e+00,-2.198424955801e-09,-3.276443588379e-07,3.254459338821e-07
9.500000000000e-01,y,-1.880000000000e+00,1.079424448550e-09,-4.887141391682e-07,4.897935636167e-07
9.500000000000e-01,y,-1.866666666667e+00,5.723046077382e-09,-7.023524626339e-07,7.080755087112e-07
9.500000000000e-01,y,-1.853333333333e+00,1.146652700534e-08,-9.605993345117e-07,9.720658615170e-07
9.500000000000e-01,y,-1.840000000000e+00,1.771834318739e-08,-1.253123473042e-06,1.270841816230e-06
9.500000000000e-01,y,-1.826666666667e+00,2.312798518315e-08,-1.568798520644e-06,1.591926505827e-06
9.500000000000e-01,y,-1.813333333333e+00,2.488194747205e-08,-1.897593735174e-06,1.922475682646e-06
9.500000000000e-01,y,-1.800000000000e+00,2.004941901751e-08,-2.232503144793e-06,2.252552563810e-06
9.500000000000e-01,y,-1.786666666667e+00,6.304062537004e-09,-2.571195818139e-06,2.577499880676e-06
9.500000000000e-01,y,-1.773333333333e+00,-1.752762091852e-08,-2.917081103504e-06,2.899553482586e-06
9.500000000000e-01,y,-1.760000000000e+00,-4.919066529492e-08,-3.279540799629e-06,3.230350134334e-06
9.500000000000e-01,y,-1.746666666667e+00,-8.192386814183e-08,-3.673169030141e-06,3.591245161999e-06
9.500000000000e-01,y,-1.733333333333e+00,-1.076123408197e-07,-4.115961195762e-06,4.008348854942e-06
9.500000000000e-01,y,-1.720000000000e+00,-1.177127058093e-07,-4.626493193094e-06,4.508780487285e-06
9.500000000000e-01,y,-1.706666666667e+00,-1.040441790725e-07,-5.220230880728e-06,5.116186701655e-06
9.500000000000e-01,y,-1.693333333333e+00,-5.919511519738e-08,-5.905219261150e-06,5.846024145953e-06
9.500000000000e-01,y,-1.680000000000e+00,2.195242653491e-08,-6.677536683092e-06,6.699489109627e-06
9.500000000000e-01,y,-1.666666666667e+00,1.398222247494e-07,-7.517067366565e-06,7.656889591314e-06
9.500000000000e-01,y,-1.653333333333e+00,2.880988090529e-07,-8.384327038863e-06,8.672425847915e-06
9.500000000000e-01,y,-1.640000000000e+00,4.490351307241e-07,-9.219219663291e-06,9.668254794015e-06
9.500000000000e-01,y,-1.626666666667e+00,5.734671266076e-07,-9.942627422392e-06,1.051609454900e-05
9.500000000000e-01,y,-1.613333333333e+00,5.991727676531e-07,-1.046155237432e-05,1.106072514197e-05
9.500000000000e-01,y,-1.600000000000e+00,4.693732410896e-07,-1.067807467429e-05,1.114744791538e-05
9.500000000000e-01,y,-1.586666666667e+00,1.421831693080e-07,-1.050167430446e-05,1.064385747377e-05
9.500000000000e-01,y,-1.573333333333e+00,-3.865058491007e-07,-9.863582768882e-06,9.477076919781e-06
9.500000000000e-01,y,-1.560000000000e+00,-1.042679889312e-06,-8.730987798209e-06,7.688307908897e-06
9.500000000000e-01,y,-1.546666666667e+00,-1.715333299077e-06,-7.118367164837e-06,5.403033865759e-06
9.500000000000e-01,y,-1.533333333333e+00,-2.272780595045e-06,-5.093221964165e-06,2.820441369119e-06
9.500000000000e-01,y,-1.520000000000e+00,-2.570494567197e-06,-2.774154025667e-06,2.036594584700e-07
9.500000000000e-01,y,-1.506666666667e+00,-2.437790672375e-06,-3.205443140394e-07,-2.117246358335e-06
9.500000000000e-01,y,-1.493333333333e+00,-1.679381159271e-06,2.085208691257e-06,-3.764589850529e-06
9.500000000000e-01,y,-1.480000000000e+00,-1.502964087357e-07,4.260247317410e-06,-4.410543726146e-06
9.500000000000e-01,y,-1.466666666667e+00,2.198076957446e-06,6.044756054149e-06,-3.846679096702e-06
9.500000000000e-01,y,-1.453333333333e+00,5.266372473861e-06,7.322177501258e-06,-2.055805027397e-06
9.500000000000e-01,y,-1.440000000000e+00,8.518749168583e-06,8.032518163453e-06,4.862310051297e-07
9.500000000000e-01,y,-1.426666666667e+00,1.103619092696e-05,8.176568649004e-06,2.859622277955e-06
9.500000000000e-01,y,-1.413333333333e+00,1.186471416883e-05,7.810783460121e-06,4.053930708708e-06
9.500000000000e-01,y,-1.400000000000e+00,1.014159308282e-05,7.034457293634e-06,3.107135789191e-06
9.500000000000e-01,y,-1.386666666667e+00,5.262836482264e-06,5.972226179845e-06,-7.093896975808e-07
9.500000000000e-01,y,-1.373333333333e+00,-2.659339255627e-06,4.755508629834e-06,-7.414847885461e-06
9.500000000000e-01,y,-1.360000000000e+00,-1.294484549193e-05,3.506222339919e-06,-1.645106783185e-05
9.500000000000e-01,y,-1.346666666667e+00,-2.451919231715e-05,2.325138521429e-06,-2.684433083858e-05
9.500000000000e-01,y,-1.333333333333e+00,-3.590653629857e-05,1.285897188213e-06,-3.719243348678e-05
9.500000000000e-01,y,-1.320000000000e+00,-4.498006258364e-05,4.343740563150e-07,-4.541443663996e-05
9.500000000000e-01,y,-1.306666666667e+00,-4.824977984512e-05,-2.079288642497e-07,-4.804185098087e-05
9.500000000000e-01,y,-1.293333333333e+00,-4.213361201496e-05,-6.383238991439e-07,-4.149528811582e-05
9.500000000000e-01,y,-1.280000000000e+00,-2.379492313472e-05,-8.670704107748e-07,-2.292785272395e-05
9.500000000000e-01,y,-1.266666666667e+00,8.261546440747e-06,-9.126394525327e-07,9.174185893280e-06
9.500000000000e-01,y,-1.253333333333e+00,5.198664341462e-05,-7.988728575010e-07,5.278551627213e-05
9.500000000000e-01,y,-1.240000000000e+00,9.994285844575e-05,-5.540611705951e-07,1.004969196163e-04
9.500000000000e-01,y,-1.226666666667e+00,1.428951616068e-04,-2.113449104792e-07,1.431065065173e-04
9.500000000000e-01,y,-1.213333333333e+00,1.709791191225e-04,1.905251727540e-07,1.707885939497e-04
9.500000000000e-01,y,-1.200000000000e+00,1.745937108896e-04,6.070797466409e-07,1.739866311430e-04
9.500000000000e-01,y,-1.186666666667e+00,1.457643576597e-04,9.894039425544e-07,1.447749537172e-04
9.500000000000e-01,y,-1.173333333333e+00,7.918794027902e-05,1.286961559699e-06,7.790097871932e-05
9.500000000000e-01,y,-1.160000000000e+00,-2.705889608100e-05,1.451381323618e-06,-2.851027740462e-05
9.500000000000e-01,y,-1.146666666667e+00,-1.702851883715e-04,1.439725735011e-06,-1.717249141065e-04
9.500000000000e-01,y,-1.133333333333e+00,-3.409675757305e-04,1.214748539458e-06,-3.421823242700e-04
9.500000000000e-01,y,-1.120000000000e+00,-5.118036533593e-04,7.384152321756e-07,-5.125420685915e-04
9.500000000000e-01,y,-1.106666666667e+00,-6.449294040845e-04,-4.668820466289e-08,-6.448827158799e-04
9.500000000000e-01,y,-1.093333333333e+00,-7.024096193201e-04,-1.255754379938e-06,-7.011538649402e-04
9.500000000000e-01,y,-1.080000000000e+00,-6.507688398921e-04,-3.130818969042e-06,-6.476380209231e-04
9.500000000000e-01,y,-1.066666666667e+00,-4.690500760257e-04,-6.155190166842e-06,-4.628948858589e-04
9.500000000000e-01,y,-1.053333333333e+00,-1.656282620382e-04,-1.123164176200e-05,-1.543966202762e-04
9.500000000000e-01,y,-1.040000000000e+00,2.331757541790e-04,-1.994446119476e-05,2.531202153737e-04
9.500000000000e-01,y,-1.026666666667e+00,6.882282583703e-04,-3.492193592505e-05,7.231501942953e-04
9.500000000000e-01,y,-1.013333333333e+00,1.148290632371e-03,-6.030264919543e-05,1.208593281566e-03
9.500000000000e-01,y,-1.000000000000e+00,1.542771994704e-03,-1.022808886425e-04,1.645052883346e-03
9.500000000000e-01,y,-9.866666666667e-01,1.774392993548e-03,-1.696594002223e-04,1.944052393770e-03
9.500000000000e-01,y,-9.733333333333e-01,1.745620015589e-03,-2.742713278169e-04,2.019891343406e-03
9.500000000000e-01,y,-9.600000000000e-01,1.372439419688e-03,-4.310547077316e-04,1.803494127419e-03
9.500000000000e-01,y,-9.466666666667e-01,5.967161368299e-04,-6.574907264382e-04,1.254206863268e-03
9.500000000000e-01,y,-9.333333333333e-01,-5.678471922452e-04,-9.720821406271e-04,4.042349483819e-04
9.500000000000e-01,y,-9.200000000000e-01,-2.025846797534e-03,-1.391591398954e-03,-6.342553985799e-04
9.500000000000e-01,y,-9.066666666667e-01,-3.649099095159e-03,-1.926919409679e-03,-1.722179685480e-03
9.500000000000e-01,y,-8.933333333333e-01,-5.287966370091e-03,-2.577808728076e-03,-2.710157642015e-03
9.500000000000e-01,y,-8.800000000000e-01,-6.781056780190e-03,-3.326984394210e-03,-3.454072385981e-03
9.500000000000e-01,y,-8.666666666667e-01,-7.964763036505e-03,-4.134831404418e-03,-3.829931632087e-03
9.500000000000e-01,y,-8.533333333333e-01,-8.684848273271e-03,-4.936119717705e-03,-3.748728555566e-03
9.500000000000e-01,y,-8.400000000000e-01,-8.809831537522e-03,-5.640454441288e-03,-3.169377096234e-03
9.500000000000e-01,y,-8.266666666667e-01,-8.244758316831e-03,-6.137883155958e-03,-2.106875160873e-03
9.500000000000e-01,y,-8.133333333333e-01,-6.959024986147e-03,-6.310336290941e-03,-6.486886952065e-04
9.500000000000e-01,y,-8.000000000000e-01,-5.061124596010e-03,-6.048347305730e-03,9.872227097204e-04
9.500000000000e-01,y,-7.866666666667e-01,-2.734012639965e-03,-5.271008268352e-03,2.536995628387e-03
9.500000000000e-01,y,-7.733333333333e-01,-1.909307118359e-04,-3.945732660769e-03,3.754801948933e-03
9.500000000000e-01,y,-7.600000000000e-01,2.343508495117e-03,-2.103566631220e-03,4.447075126337e-03
9.500000000000e-01,y,-7.466666666667e-01,4.668245370947e-03,1.541013359456e-04,4.514144035001e-03
9.500000000000e-01,y,-7.333333333333e-01,6.647074891554e-03,2.660357270788e-03,3.986717620766e-03
9.500000000000e-01,y,-7.200000000000e-01,8.177764687715e-03,5.199827919361e-03,2.977936768353e-03
9.500000000000e-01,y,-7.066666666667e-01,9.189099961927e-03,7.536008371301e-03,1.653091590626e-03
9.500000000000e-01,y,-6.933333333333e-01,9.644508689522e-03,9.444336831164e-03,2.001718583577e-04
9.500000000000e-01,y,-6.800000000000e-01,9.567358249084e-03,1.074487816505e-02,-1.177519915963e-03
9.500000000000e-01,y,-6.666666666667e-01,9.046475808851e-03,1.132826698325e-02,-2.281791174403e-03
9.500000000000e-01,y,-6.533333333333e-01,8.195597761651e-03,1.116988745986e-02,-2.974289698212e-03
9.500000000000e-01,y,-6.400000000000e-01,7.138891651177e-03,1.032981044598e-02,-3.190918794800e-03
9.500000000000e-01,y,-6.266666666667e-01,5.996557575943e-03,8.939095222190e-03,-2.942537646247e-03
9.500000000000e-01,y,-6.133333333333e-01,4.845160232890e-03,7.175877356945e-03,-2.330717124056e-03
9.500000000000e-01,y,-6.000000000000e-01,3.722979152960e-03,5.236500774513e-03,-1.513521621553e-03
9.500000000000e-01,y,-5.866666666667e-01,2.655023120290e-03,3.307424453408e-03,-6.524013331175e-04
9.500000000000e-01,y,-5.733333333333e-01,1.657197393814e-03,1.542763611491e-03,1.144337823227e-04
9.500000000000e-01,y,-5.600000000000e-01,7.417471878475e-04,5.049357632133e-05,6.912536115262e-04
9.500000000000e-01,y,-5.466666666667e-01,-7.114562690969e-05,-1.111861921573e-03,1.040716294664e-03
9.500000000000e-01,y,-5.333333333333e-01,-7.598612892403e-04,-1.933225009595e-03,1.173363720355e-03
9.500000000000e-01,y,-5.200000000000e-01,-1.306678111632e-03,-2.439148593733e-03,1.132470482101e-03
9.500000000000e-01,y,-5.066666666667e-01,-1.699524378785e-03,-2.679215959399e-03,9.796915806141e-04
9.500000000000e-01,y,-4.933333333333e-01,-1.937898240153e-03,-2.714440566235e-03,7.765423260825e-04
9.500000000000e-01,y,-4.800000000000e-01,-2.042142781926e-03,-2.606701459982e-03,5.645586780566e-04
9.500000000000e-01,y,-4.666666666667e-01,-2.040952329763e-03,-2.411294596024e-03,3.703422662607e-04
9.500000000000e-01,y,-4.533333333333e-01,-1.966236971826e-03,-2.172791727646e-03,2.065547558199e-04
9.500000000000e-01,y,-4.400000000000e-01,-1.850124472876e-03,-1.923751445624e-03,7.362697274796e-05
9.500000000000e-01,y,-4.266666666667e-01,-1.716749105129e-03,-1.685483966052e-03,-3.126513907693e-05
9.500000000000e-01,y,-4.133333333333e-01,-1.577701657892e-03,-1.470002475542e-03,-1.076991823500e-04
9.500000000000e-01,y,-4.000000000000e-01,-1.440278174946e-03,-1.282415926230e-03,-1.578622487165e-04
9.500000000000e-01,y,-3.866666666667e-01,-1.308847402625e-03,-1.123234272332e-03,-1.856131302936e-04
9.500000000000e-01,y,-3.733333333333e-01,-1.185611459392e-03,-9.902859248729e-04,-1.953255345193e-04
9.500000000000e-01,y,-3.600000000000e-01,-1.071147399103e-03,-8.801367734885e-04,-1.910106256148e-04
9.500000000000e-01,y,-3.466666666667e-01,-9.649772444183e-04,-7.890287087032e-04,-1.759485357152e-04
9.500000000000e-01,y,-3.333333333333e-01,-8.661132566506e-04,-7.134241137952e-04,-1.526891428554e-04
9.500000000000e-01,y,-3.200000000000e-01,-7.733752648120e-04,-6.502648444264e-04,-1.231104203856e-04
9.500000000000e-01,y,-3.066666666667e-01,-6.860834694884e-04,-5.970471020170e-04,-8.903636747145e-05
9.500000000000e-01,y,-2.933333333333e-01,-6.072294719201e-04,-5.517926402855e-04,-5.543683163461e-05
9.500000000000e-01,y,-2.800000000000e-01,-5.408403657378e-04,-5.129726472216e-04,-2.786771851616e-05
9.500000000000e-01,y,-2.666666666667e-01,-4.893970651794e-04,-4.794193745123e-04,-9.977690667044e-06
9.500000000000e-01,y,-2.533333333333e-01,-4.526090555305e-04,-4.502444275398e-04,-2.364627990662e-06
9.500000000000e-01,y,-2.400000000000e-01,-4.272427714840e-04,-4.247716392823e-04,-2.471132201665e-06
9.500000000000e-01,y,-2.266666666667e-01,-4.091182308582e-04,-4.024856971930e-04,-6.632533665153e-06
9.500000000000e-01,y,-2.133333333333e-01,-3.920127137145e-04,-3.829940493970e-04,-9.018664317418e-06
9.500000000000e-01,y,-2.000000000000e-01,-3.694453370502e-04,-3.659981459958e-04,-3.447191054416e-06
9.500000000000e-01,y,-1.866666666667e-01,-3.375791492465e-04,-3.512700901776e-04,1.369094093108e-05
9.500000000000e-01,y,-1.733333333333e-01,-2.951746700326e-04,-3.386317730483e-04,4.345710301566e-05
9.500000000000e-01,y,-1.600000000000e-01,-2.428325332962e-04,-3.279350964267e-04,8.510256313048e-05
9.500000000000e-01,y,-1.466666666667e-01,-1.869993029478e-04,-3.190434953665e-04,1.320441924187e-04
9.500000000000e-01,y,-1.333333333333e-01,-1.402217678691e-04,-3.118162134311e-04,1.715944455620e-04
9.500000000000e-01,y,-1.200000000000e-01,-1.202782080394e-04,-3.060973082929e-04,1.858191002534e-04
9.500000000000e-01,y,-1.066666666667e-01,-1.254331970329e-04,-3.017110211702e-04,1.762778241373e-04
9.500000000000e-01,y,-9.333333333333e-02,-1.365045782579e-04,-2.984640484370e-04,1.619594701791e-04
9.500000000000e-01,y,-8.000000000000e-02,-1.413409081314e-04,-2.961537825034e-04,1.548128743720e-04
9.500000000000e-01,y,-6.666666666667e-02,-1.366420801483e-04,-2.945802636914e-04,1.579381835431e-04
9.500000000000e-01,y,-5.333333333333e-02,-1.272491549160e-04,-2.935588923025e-04,1.663097373865e-04
9.500000000000e-01,y,-4.000000000000e-02,-1.105212107815e-04,-2.929311549594e-04,1.824099441779e-04
9.500000000000e-01,y,-2.666666666667e-02,-8.519784853610e-05,-2.925716492715e-04,2.073738007354e-04
9.500000000000e-01,y,-1.333333333333e-02,-5.879660501186e-05,-2.923911519431e-04,2.335945469312e-04
9.500000000000e-01,y,0.000000000000e+00,-4.577868943688e-05,-2.923368017451e-04,2.465581123082e-04
9.500000000000e-01,y,1.333333333333e-02,-5.879575419192e-05,-2.923911519431e-04,2.335953977511e-04
9.500000000000e-01,y,2.666666666667e-02,-8.519621303670e-05,-2.925716492715e-04,2.073754362348e-04
9.500000000000e-01,y,4.000000000000e-02,-1.105189225837e-04,-2.929311549594e-04,1.824122323756e-04
9.500000000000e-01,y,5.333333333333e-02,-1.272464108142e-04,-2.935588923025e-04,1.663124814883e-04
9.500000000000e-01,y,6.666666666667e-02,-1.366391408163e-04,-2.945802636914e-04,1.579411228751e-04
9.500000000000e-01,y,8.000000000000e-02,-1.413380571470e-04,-2.961537825034e-04,1.548157253565e-04
9.500000000000e-01,y,9.333333333333e-02,-1.365020419792e-04,-2.984640484370e-04,1.619620064579e-04
9.500000000000e-01,y,1.066666666667e-01,-1.254311367007e-04,-3.017110211702e-04,1.762798844695e-04
9.500000000000e-01,y,1.200000000000e-01,-1.202767249503e-04,-3.060973082929e-04,1.858205833426e-04
9.500000000000e-01,y,1.333333333333e-01,-1.402209122117e-04,-3.118162134311e-04,1.715953012193e-04
9.500000000000e-01,y,1.466666666667e-01,-1.869990667523e-04,-3.190434953665e-04,1.320444286142e-04
9.500000000000e-01,y,1.600000000000e-01,-2.428328437637e-04,-3.279350964267e-04,8.510225266298e-05
9.500000000000e-01,y,1.733333333333e-01,-2.951754032948e-04,-3.386317730483e-04,4.345636975351e-05
9.500000000000e-01,y,1.866666666667e-01,-3.375801455454e-04,-3.512700901776e-04,1.368994463221e-05
9.500000000000e-01,y,2.000000000000e-01,-3.694464162136e-04,-3.659981459958e-04,-3.448270217766e-06
9.500000000000e-01,y,2.133333333333e-01,-3.920136825335e-04,-3.829940493970e-04,-9.019633136423e-06
9.500000000000e-01,y,2.266666666667e-01,-4.091188969578e-04,-4.024856971930e-04,-6.633199764769e-06
9.500000000000e-01,y,2.400000000000e-01,-4.272429642426e-04,-4.247716392823e-04,-2.471324960306e-06
9.500000000000e-01,y,2.533333333333e-01,-4.526086481917e-04,-4.502444275398e-04,-2.364220651837e-06
9.500000000000e-01,y,2.666666666667e-01,-4.893959935689e-04,-4.794193745123e-04,-9.976619056549e-06
9.500000000000e-01,y,2.800000000000e-01,-5.408386313841e-04,-5.129726472216e-04,-2.786598416245e-05
9.500000000000e-01,y,2.933333333333e-01,-6.072271532993e-04,-5.517926402855e-04,-5.543451301378e-05
9.500000000000e-01,y,3.066666666667e-01,-6.860807301123e-04,-5.970471020170e-04,-8.903362809534e-05
9.500000000000e-01,y,3.200000000000e-01,-7.733723507632e-04,-6.502648444264e-04,-1.231075063368e-04
9.500000000000e-01,y,3.333333333333e-01,-8.661104560655e-04,-7.134241137952e-04,-1.526863422703e-04
9.500000000000e-01,y,3.466666666667e-01,-9.649748035250e-04,-7.890287087032e-04,-1.759460948219e-04
9.500000000000e-01,y,3.600000000000e-01,-1.071145499681e-03,-8.801367734885e-04,-1.910087261927e-04
9.500000000000e-01,y,3.733333333333e-01,-1.185610210457e-03,-9.902859248729e-04,-1.953242855839e-04
9.500000000000e-01,y,3.866666666667e-01,-1.308846837646e-03,-1.123234272332e-03,-1.856125653139e-04
9.500000000000e-01,y,4.000000000000e-01,-1.440278251518e-03,-1.282415926230e-03,-1.578623252883e-04
9.500000000000e-01,y,4.133333333333e-01,-1.577702260274e-03,-1.470002475542e-03,-1.076997847322e-04
9.500000000000e-01,y,4.266666666667e-01,-1.716750054009e-03,-1.685483966052e-03,-3.126608795690e-05
9.500000000000e-01,y,4.400000000000e-01,-1.850125539200e-03,-1.923751445624e-03,7.362590642417e-05
9.500000000000e-01,y,4.533333333333e-01,-1.966237898024e-03,-2.172791727646e-03,2.065538296222e-04
9.500000000000e-01,y,4.666666666667e-01,-2.040952894475e-03,-2.411294596024e-03,3.703417015492e-04
9.500000000000e-01,y,4.800000000000e-01,-2.042142846404e-03,-2.606701459982e-03,5.645586135782e-04
9.500000000000e-01,y,4.933333333333e-01,-1.937897758889e-03,-2.714440566235e-03,7.765428073464e-04
9.500000000000e-01,y,5.066666666667e-01,-1.699523402478e-03,-2.679215959399e-03,9.796925569218e-04
9.500000000000e-01,y,5.200000000000e-01,-1.306676770712e-03,-2.439148593733e-03,1.132471823021e-03
9.500000000000e-01,y,5.333333333333e-01,-7.598597243754e-04,-1.933225009595e-03,1.173365285219e-03
9.500000000000e-01,y,5.466666666667e-01,-7.114395939237e-05,-1.111861921573e-03,1.040717962181e-03
9.500000000000e-01,y,5.600000000000e-01,7.417488628489e-04,5.049357632133e-05,6.912552865276e-04
9.500000000000e-01,y,5.733333333333e-01,1.657199011246e-03,1.542763611491e-03,1.144353997549e-04
9.500000000000e-01,y,5.866666666667e-01,2.655024643489e-03,3.307424453408e-03,-6.523998099187e-04
9.500000000000e-01,y,6.000000000000e-01,3.722980566256e-03,5.236500774513e-03,-1.513520208258e-03
9.500000000000e-01,y,6.133333333333e-01,4.845161534720e-03,7.175877356945e-03,-2.330715822225e-03
9.500000000000e-01,y,6.266666666667e-01,5.996558768427e-03,8.939095222190e-03,-2.942536453763e-03
9.500000000000e-01,y,6.400000000000e-01,7.138892724352e-03,1.032981044598e-02,-3.190917721625e-03
9.500000000000e-01,y,6.533333333333e-01,8.195598695927e-03,1.116988745986e-02,-2.974288763936e-03
9.500000000000e-01,y,6.666666666667e-01,9.046476586865e-03,1.132826698325e-02,-2.281790396389e-03
9.500000000000e-01,y,6.800000000000e-01,9.567358846995e-03,1.074487816505e-02,-1.177519318052e-03
9.500000000000e-01,y,6.933333333333e-01,9.644509078248e-03,9.444336831164e-03,2.001722470835e-04
9.500000000000e-01,y,7.066666666667e-01,9.189100117785e-03,7.536008371301e-03,1.653091746484e-03
9.500000000000e-01,y,7.200000000000e-01,8.177764598679e-03,5.199827919361e-03,2.977936679318e-03
9.500000000000e-01,y,7.333333333333e-01,6.647074566290e-03,2.660357270788e-03,3.986717295502e-03
9.500000000000e-01,y,7.466666666667e-01,4.668244850666e-03,1.541013359456e-04,4.514143514721e-03
9.500000000000e-01,y,7.600000000000e-01,2.343507856261e-03,-2.103566631220e-03,4.447074487482e-03
9.500000000000e-01,y,7.733333333333e-01,-1.909313669214e-04,-3.945732660769e-03,3.754801293848e-03
9.500000000000e-01,y,7.866666666667e-01,-2.734013224587e-03,-5.271008268352e-03,2.536995043766e-03
9.500000000000e-01,y,8.000000000000e-01,-5.061125058589e-03,-6.048347305730e-03,9.872222471414e-04
9.500000000000e-01,y,8.133333333333e-01,-6.959025312182e-03,-6.310336290941e-03,-6.486890212415e-04
9.500000000000e-01,y,8.266666666667e-01,-8.244758523295e-03,-6.137883155958e-03,-2.106875367338e-03
9.500000000000e-01,y,8.400000000000e-01,-8.809831662692e-03,-5.640454441288e-03,-3.169377221405e-03
9.500000000000e-01,y,8.533333333333e-01,-8.684848365288e-03,-4.936119717705e-03,-3.748728647583e-03
9.500000000000e-01,y,8.666666666667e-01,-7.964763138780e-03,-4.134831404418e-03,-3.829931734363e-03
9.500000000000e-01,y,8.800000000000e-01,-6.781056918456e-03,-3.326984394210e-03,-3.454072524246e-03
9.500000000000e-01,y,8.933333333333e-01,-5.287966541809e-03,-2.577808728076e-03,-2.710157813732e-03
9.500000000000e-01,y,9.066666666667e-01,-3.649099281196e-03,-1.926919409679e-03,-1.722179871517e-03
9.500000000000e-01,y,9.200000000000e-01,-2.025846986616e-03,-1.391591398954e-03,-6.342555876623e-04
9.500000000000e-01,y,9.333333333333e-01,-5.678473788472e-04,-9.720821406271e-04,4.042347617798e-04
9.500000000000e-01,y,9.466666666667e-01,5.967159545824e-04,-6.574907264382e-04,1.254206681021e-03
9.500000000000e-01,y,9.600000000000e-01,1.372439240641e-03,-4.310547077316e-04,1.803493948373e-03
9.500000000000e-01,y,9.733333333333e-01,1.745619840481e-03,-2.742713278169e-04,2.019891168298e-03
9.500000000000e-01,y,9.866666666667e-01,1.774392827499e-03,-1.696594002223e-04,1.944052227721e-03
9.500000000000e-01,y,1.000000000000e+00,1.542771846066e-03,-1.022808886425e-04,1.645052734709e-03
9.500000000000e-01,y,1.013333333333e+00,1.148290509594e-03,-6.030264919543e-05,1.208593158790e-03
9.500000000000e-01,y,1.026666666667e+00,6.882281688684e-04,-3.492193592505e-05,7.231501047934e-04
9.500000000000e-01,y,1.040000000000e+00,2.331757010375e-04,-1.994446119476e-05,2.531201622322e-04
9.500000000000e-01,y,1.053333333333e+00,-1.656282804061e-04,-1.123164176200e-05,-1.543966386441e-04
9.500000000000e-01,y,1.066666666667e+00,-4.690500659728e-04,-6.155190166842e-06,-4.628948758060e-04
9.500000000000e-01,y,1.080000000000e+00,-6.507688112554e-04,-3.130818969042e-06,-6.476379922864e-04
9.500000000000e-01,y,1.093333333333e+00,-7.024095828394e-04,-1.255754379938e-06,-7.011538284594e-04
9.500000000000e-01,y,1.106666666667e+00,-6.449293691540e-04,-4.668820466289e-08,-6.448826809493e-04
9.500000000000e-01,y,1.120000000000e+00,-5.118036269918e-04,7.384152321756e-07,-5.125420422240e-04
9.500000000000e-01,y,1.133333333333e+00,-3.409675610602e-04,1.214748539458e-06,-3.421823095997e-04
9.500000000000e-01,y,1.146666666667e+00,-1.702851861580e-04,1.439725735011e-06,-1.717249118930e-04
9.500000000000e-01,y,1.160000000000e+00,-2.705890505370e-05,1.451381323618e-06,-2.851028637732e-05
9.500000000000e-01,y,1.173333333333e+00,7.918792319486e-05,1.286961559699e-06,7.790096163516e-05
9.500000000000e-01,y,1.186666666667e+00,1.457643366246e-04,9.894039425544e-07,1.447749326820e-04
9.500000000000e-01,y,1.200000000000e+00,1.745936896528e-04,6.070797466409e-07,1.739866099062e-04
9.500000000000e-01,y,1.213333333333e+00,1.709791015073e-04,1.905251727540e-07,1.707885763346e-04
9.500000000000e-01,y,1.226666666667e+00,1.428951499919e-04,-2.113449104792e-07,1.431064949024e-04
9.500000000000e-01,y,1.240000000000e+00,9.994285358545e-05,-5.540611705951e-07,1.004969147560e-04
9.500000000000e-01,y,1.253333333333e+00,5.198664448130e-05,-7.988728575010e-07,5.278551733881e-05
9.500000000000e-01,y,1.266666666667e+00,8.261551697858e-06,-9.126394525327e-07,9.174191150391e-06
9.500000000000e-01,y,1.280000000000e+00,-2.379491642566e-05,-8.670704107748e-07,-2.292784601488e-05
9.500000000000e-01,y,1.293333333333e+00,-4.213360608951e-05,-6.383238991439e-07,-4.149528219036e-05
9.500000000000e-01,y,1.306666666667e+00,-4.824977563758e-05,-2.079288642497e-07,-4.804184677333e-05
9.500000000000e-01,y,1.320000000000e+00,-4.498006011889e-05,4.343740563150e-07,-4.541443417521e-05
9.500000000000e-01,y,1.333333333333e+00,-3.590653557764e-05,1.285897188213e-06,-3.719243276586e-05
9.500000000000e-01,y,1.346666666667e+00,-2.451919282460e-05,2.325138521429e-06,-2.684433134603e-05
9.500000000000e-01,y,1.360000000000e+00,-1.294484688746e-05,3.506222339919e-06,-1.645106922738e-05
9.500000000000e-01,y,1.373333333333e+00,-2.659340877172e-06,4.755508629834e-06,-7.414849507006e-06
9.500000000000e-01,y,1.386666666667e+00,5.262834823954e-06,5.972226179845e-06,-7.093913558901e-07
9.500000000000e-01,y,1.400000000000e+00,1.014159196030e-05,7.034457293634e-06,3.107134666666e-06
9.500000000000e-01,y,1.413333333333e+00,1.186471382039e-05,7.810783460121e-06,4.053930360266e-06
9.500000000000e-01,y,1.426666666667e+00,1.103619150130e-05,8.176568649004e-06,2.859622852300e-06
9.500000000000e-01,y,1.440000000000e+00,8.518750693081e-06,8.032518163453e-06,4.862325296275e-07
9.500000000000e-01,y,1.453333333333e+00,5.266374803832e-06,7.322177501258e-06,-2.055802697426e-06
9.500000000000e-01,y,1.466666666667e+00,2.198079441684e-06,6.044756054149e-06,-3.846676612465e-06
9.500000000000e-01,y,1.480000000000e+00,-1.502941788012e-07,4.260247317410e-06,-4.410541496212e-06
9.500000000000e-01,y,1.493333333333e+00,-1.679379668252e-06,2.085208691257e-06,-3.764588359509e-06
9.500000000000e-01,y,1.506666666667e+00,-2.437789754786e-06,-3.205443140394e-07,-2.117245440746e-06
9.500000000000e-01,y,1.520000000000e+00,-2.570494224963e-06,-2.774154025667e-06,2.036598007032e-07
9.500000000000e-01,y,1.533333333333e+00,-2.272780572719e-06,-5.093221964165e-06,2.820441391446e-06
9.500000000000e-01,y,1.546666666667e+00,-1.715333671037e-06,-7.118367164837e-06,5.403033493799e-06
9.500000000000e-01,y,1.560000000000e+00,-1.042680954989e-06,-8.730987798209e-06,7.688306843221e-06
9.500000000000e-01,y,1.573333333333e+00,-3.865071539082e-07,-9.863582768882e-06,9.477075614974e-06
9.500000000000e-01,y,1.586666666667e+00,1.421818047050e-07,-1.050167430446e-05,1.064385610917e-05
9.500000000000e-01,y,1.600000000000e+00,4.693717928687e-07,-1.067807467429e-05,1.114744646716e-05
9.500000000000e-01,y,1.613333333333e+00,5.991712510169e-07,-1.046155237432e-05,1.106072362534e-05
9.500000000000e-01,y,1.626666666667e+00,5.734655188331e-07,-9.942627422392e-06,1.051609294123e-05
9.500000000000e-01,y,1.640000000000e+00,4.490337798228e-07,-9.219219663291e-06,9.668253443114e-06
9.500000000000e-01,y,1.653333333333e+00,2.880975451674e-07,-8.384327038863e-06,8.672424584030e-06
9.500000000000e-01,y,1.666666666667e+00,1.398213810751e-07,-7.517067366565e-06,7.656888747640e-06
9.500000000000e-01,y,1.680000000000e+00,2.195166668424e-08,-6.677536683092e-06,6.699488349777e-06
9.500000000000e-01,y,1.693333333333e+00,-5.919514990347e-08,-5.905219261150e-06,5.846024111247e-06
9.500000000000e-01,y,1.706666666667e+00,-1.040440889943e-07,-5.220230880728e-06,5.116186791733e-06
9.500000000000e-01,y,1.720000000000e+00,-1.177117819887e-07,-4.626493193094e-06,4.508781411105e-06
9.500000000000e-01,y,1.733333333333e+00,-1.076117038215e-07,-4.115961195762e-06,4.008349491941e-06
9.500000000000e-01,y,1.746666666667e+00,-8.192269501690e-08,-3.673169030141e-06,3.591246335124e-06
9.500000000000e-01,y,1.760000000000e+00,-4.918907172374e-08,-3.279540799629e-06,3.230351727905e-06
9.500000000000e-01,y,1.773333333333e+00,-1.752603284358e-08,-2.917081103504e-06,2.899555070661e-06
9.500000000000e-01,y,1.786666666667e+00,6.304901760468e-09,-2.571195818139e-06,2.577500719899e-06
9.500000000000e-01,y,1.800000000000e+00,2.005043374470e-08,-2.232503144793e-06,2.252553578538e-06
9.500000000000e-01,y,1.813333333333e+00,2.488227936961e-08,-1.897593735174e-06,1.922476014544e-06
9.500000000000e-01,y,1.826666666667e+00,2.312783118685e-08,-1.568798520644e-06,1.591926351830e-06
9.500000000000e-01,y,1.840000000000e+00,1.771808312253e-08,-1.253123473042e-06,1.270841556165e-06
9.500000000000e-01,y,1.853333333333e+00,1.146610033853e-08,-9.605993345117e-07,9.720654348502e-07
9.500000000000e-01,y,1.866666666667e+00,5.722837621461e-09,-7.023524626339e-07,7.080753002553e-07
9.500000000000e-01,y,1.880000000000e+00,1.079388094785e-09,-4.887141391682e-07,4.897935272629e-07
9.500000000000e-01,y,1.893333333333e+00,-2.198650237409e-09,-3.276443588379e-07,3.254457086005e-07
9.500000000000e-01,y,1.906666666667e+00,-4.095246240801e-09,-2.236606357812e-07,2.195653895404e-07
9.500000000000e-01,y,1.920000000000e+00,-4.745327047792e-09,-1.773529010586e-07,1.726075740108e-07
9.500000000000e-01,y,1.933333333333e+00,-4.341832341275e-09,-1.854573535827e-07,1.811155212415e-07
9.500000000000e-01,y,1.946666666667e+00,-3.151780063513e-09,-2.413773035869e-07,2.382255235234e-07
9.500000000000e-01,y,1.960000000000e+00,-1.509095336868e-09,-3.359903760282e-07,3.344812806913e-07
9.500000000000e-01,y,1.973333333333e+00,1.975538996808e-10,-4.585702715539e-07,4.587678254536e-07
9.500000000000e-01,y,1.986666666667e+00,1.489268477332e-09,-5.976700192946e-07,5.991592877720e-07
9.500000000000e-01,y,2.000000000000e+00,1.815790698172e-09,-7.418510346074e-07,7.436668253055e-07
1.450000000000e+00,x,-2.000000000000e+00,-6.369651060087e-03,-3.340018455199e-03,-3.029632604887e-03
1.450000000000e+00,x,-1.986666666667e+00,-6.264865811259e-03,-1.325778146180e-03,-4.939087665079e-03
1.450000000000e+00,x,-1.973333333333e+00,-5.835428159019e-03,9.199183876424e-04,-6.755346546661e-03
1.450000000000e+00,x,-1.960000000000e+00,-4.979917496839e-03,3.292265597868e-03,-8.272183094706e-03
1.450000000000e+00,x,-1.946666666667e+00,-3.697665792784e-03,5.670307965505e-03,-9.367973758290e-03
1.450000000000e+00,x,-1.933333333333e+00,-2.076779682310e-03,7.926203538584e-03,-1.000298322089e-02
1.450000000000e+00,x,-1.920000000000e+00,-2.340705272616e-04,9.935662151734e-03,-1.016973267900e-02
1.450000000000e+00,x,-1.906666666667e+00,1.698251701238e-03,1.158842049033e-02,-9.890168789088e-03
1.450000000000e+00,x,-1.893333333333e+00,3.590140537804e-03,1.279756961983e-02,-9.207429082023e-03
1.450000000000e+00,x,-1.880000000000e+00,5.349661932002e-03,1.350667159859e-02,-8.157009666585e-03
1.450000000000e+00,x,-1.866666666667e+00,6.907188674567e-03,1.369387491117e-02,-6.786686236599e-03
1.450000000000e+00,x,-1.853333333333e+00,8.203650223510e-03,1.337262215437e-02,-5.168971930858e-03
1.450000000000e+00,x,-1.840000000000e+00,9.189603428689e-03,1.258897750376e-02,-3.399374075069e-03
1.450000000000e+00,x,-1.826666666667e+00,9.823446880426e-03,1.141601834109e-02,-1.592571460662e-03
1.450000000000e+00,x,-1.813333333333e+00,1.006955026814e-02,9.946072361235e-03,1.234779069015e-04
1.450000000000e+00,x,-1.800000000000e+00,9.902898260065e-03,8.281791886377e-03,1.621106373688e-03
1.450000000000e+00,x,-1.786666666667e+00,9.312560398886e-03,6.527117918212e-03,2.785442480674e-03
1.450000000000e+00,x,-1.773333333333e+00,8.305001304320e-03,4.779100640691e-03,3.525900663629e-03
1.450000000000e+00,x,-1.760000000000e+00,6.918952251197e-03,3.121337073908e-03,3.797615177289e-03
1.450000000000e+00,x,-1.746666666667e+00,5.232180790700e-03,1.619503430068e-03,3.612677360632e-03
1.450000000000e+00,x,-1.733333333333e+00,3.339816292149e-03,3.191498729005e-04,3.020666419248e-03
1.450000000000e+00,x,-1.720000000000e+00,1.347587222888e-03,-7.543629129465e-04,2.101950135835e-03
1.450000000000e+00,x,-1.706666666667e+00,-6.340824520138e-04,-1.594134552433e-03,9.600521004190e-04
1.450000000000e+00,x,-1.693333333333e+00,-2.501107066785e-03,-2.208698347277e-03,-2.924087195081e-04
1.450000000000e+00,x,-1.680000000000e+00,-4.159321796191e-03,-2.618249127224e-03,-1.541072668967e-03
1.450000000000e+00,x,-1.666666666667e+00,-5.523818536767e-03,-2.850653622875e-03,-2.673164913892e-03
1.450000000000e+00,x,-1.653333333333e+00,-6.523134458164e-03,-2.937685876056e-03,-3.585448582109e-03
1.450000000000e+00,x,-1.640000000000e+00,-7.106342793060e-03,-2.911807658947e-03,-4.194535134113e-03
1.450000000000e+00,x,-1.626666666667e+00,-7.264349912506e-03,-2.803679221484e-03,-4.460670691022e-03
1.450000000000e+00,x,-1.613333333333e+00,-7.018328585562e-03,-2.640460059989e-03,-4.377868525573e-03
1.450000000000e+00,x,-1.600000000000e+00,-6.409093121767e-03,-2.444857613919e-03,-3.964235507848e-03
1.450000000000e+00,x,-1.586666666667e+00,-5.494961253391e-03,-2.234811504452e-03,-3.260149748940e-03
1.450000000000e+00,x,-1.573333333333e+00,-4.351726001821e-03,-2.023663208528e-03,-2.328062793293e-03
1.450000000000e+00,x,-1.560000000000e+00,-3.075408884723e-03,-1.820651978809e-03,-1.254756905914e-03
1.450000000000e+00,x,-1.546666666667e+00,-1.770507598850e-03,-1.631590408431e-03,-1.389171904194e-04
1.450000000000e+00,x,-1.533333333333e+00,-5.418708647374e-04,-1.459599246180e-03,9.177283814426e-04
1.450000000000e+00,x,-1.520000000000e+00,5.122062277509e-04,-1.305813314185e-03,1.818019541936e-03
1.450000000000e+00,x,-1.506666666667e+00,1.318178343980e-03,-1.170002579877e-03,2.488180923857e-03
1.450000000000e+00,x,-1.493333333333e+00,1.840635636442e-03,-1.051080451467e-03,2.891716087909e-03
1.450000000000e+00,x,-1.480000000000e+00,2.064550271160e-03,-9.474930123560e-04,3.012043283516e-03
1.450000000000e+00,x,-1.466666666667e+00,1.993512714620e-03,-8.574976235859e-04,2.851010338206e-03
1.450000000000e+00,x,-1.453333333333e+00,1.650233956853e-03,-7.793476988693e-04,2.429581655722e-03
1.450000000000e+00,x,-1.440000000000e+00,1.087371259062e-03,-7.114037491544e-04,1.798775008216e-03
1.450000000000e+00,x,-1.426666666667e+00,3.836703318056e-04,-6.521904957031e-04,1.035860827509e-03
1.450000000000e+00,x,-1.413333333333e+00,-3.727139776355e-04,-6.004173844879e-04,2.277034068524e-04
1.450000000000e+00,x,-1.400000000000e+00,-1.091440419784e-03,-5.549763698820e-04,-5.364640499016e-04
1.450000000000e+00,x,-1.386666666667e+00,-1.689244986418e-03,-5.149272153969e-04,-1.174317771021e-03
1.450000000000e+00,x,-1.373333333333e+00,-2.113478797653e-03,-4.794773064627e-04,-1.634001491190e-03
1.450000000000e+00,x,-1.360000000000e+00,-2.335149234756e-03,-4.479603406275e-04,-1.887188894128e-03
1.450000000000e+00,x,-1.346666666667e+00,-2.340422854918e-03,-4.198163158693e-04,-1.920606539049e-03
1.450000000000e+00,x,-1.333333333333e+00,-2.131462994684e-03,-3.945739188481e-04,-1.736889075836e-03
1.450000000000e+00,x,-1.320000000000e+00,-1.731183970561e-03,-3.718356028730e-04,-1.359348367688e-03
1.450000000000e+00,x,-1.306666666667e+00,-1.195378220456e-03,-3.512652051919e-04,-8.441130152639e-04
1.450000000000e+00,x,-1.293333333333e+00,-5.953161318012e-04,-3.325777611513e-04,-2.627383706499e-04
1.450000000000e+00,x,-1.280000000000e+00,-7.278478291409e-06,-3.155311293163e-04,3.082526510249e-04
1.450000000000e+00,x,-1.266666666667e+00,4.942841912031e-04,-2.999190748564e-04,7.942032660594e-04
1.450000000000e+00,x,-1.253333333333e+00,8.534108897979e-04,-2.855655215089e-04,1.138976411307e-03
1.450000000000e+00,x,-1.240000000000e+00,1.047386670416e-03,-2.723197482251e-04,1.319706418642e-03
1.450000000000e+00,x,-1.226666666667e+00,1.069441229972e-03,-2.600523622524e-04,1.329493592224e-03
1.450000000000e+00,x,-1.213333333333e+00,9.264018859858e-04,-2.486519219267e-04,1.175053807912e-03
1.450000000000e+00,x,-1.200000000000e+00,6.386518722133e-04,-2.380221106681e-04,8.766739828814e-04
1.450000000000e+00,x,-1.186666666667e+00,2.473135853837e-04,-2.280793814341e-04,4.753929668178e-04
1.450000000000e+00,x,-1.173333333333e+00,-1.880916069718e-04,-2.187510013043e-04,3.065939433242e-05
1.450000000000e+00,x,-1.160000000000e+00,-6.033609969575e-04,-2.099734316404e-04,-3.933875653171e-04
1.450000000000e+00,x,-1.146666666667e+00,-9.361922494835e-04,-2.016909825170e-04,-7.345012669665e-04
1.450000000000e+00,x,-1.133333333333e+00,-1.134602122173e-03,-1.938546826356e-04,-9.407474395371e-04
1.450000000000e+00,x,-1.120000000000e+00,-1.182231728116e-03,-1.864213093161e-04,-9.958104188003e-04
1.450000000000e+00,x,-1.106666666667e+00,-1.089610638492e-03,-1.793525288130e-04,-9.102581096787e-04
1.450000000000e+00,x,-1.093333333333e+00,-8.798619258038e-04,-1.726141061637e-04,-7.072478196401e-04
1.450000000000e+00,x,-1.080000000000e+00,-5.861417899176e-04,-1.661751564194e-04,-4.199666334982e-04
1.450000000000e+00,x,-1.066666666667e+00,-2.490598554227e-04,-1.600074249842e-04,-8.905243043852e-05
1.450000000000e+00,x,-1.053333333333e+00,8.573206704678e-05,-1.540846025487e-04,2.398166695955e-04
1.450000000000e+00,x,-1.040000000000e+00,3.718409209998e-04,-1.483816976646e-04,5.202226186644e-04
1.450000000000e+00,x,-1.026666666667e+00,5.667756931317e-04,-1.428745048845e-04,7.096501980161e-04
1.450000000000e+00,x,-1.013333333333e+00,6.366122775276e-04,-1.375392160332e-04,7.741514935608e-04
1.450000000000e+00,x,-1.000000000000e+00,5.699419330927e-04,-1.323522244488e-04,7.022941575415e-04
1.450000000000e+00,x,-9.866666666667e-01,3.923358122554e-04,-1.272901655749e-04,5.196259778303e-04
1.450000000000e+00,x,-9.733333333333e-01,1.437966692586e-04,-1.223302218139e-04,2.661268910725e-04
1.450000000000e+00,x,-9.600000000000e-01,-1.288773043399e-04,-1.174506960355e-04,-1.142660830442e-05
1.450000000000e+00,x,-9.466666666667e-01,-3.773640275383e-04,-1.126318287931e-04,-2.647321987452e-04
1.450000000000e+00,x,-9.333333333333e-01,-5.653985494120e-04,-1.078568024053e-04,-4.575417470068e-04
1.450000000000e+00,x,-9.200000000000e-01,-6.737705895085e-04,-1.031128446145e-04,-5.706577448940e-04
1.450000000000e+00,x,-9.066666666667e-01,-6.913712351184e-04,-9.839231981659e-05,-5.929789153019e-04
1.450000000000e+00,x,-8.933333333333e-01,-6.156827322998e-04,-9.369368090471e-05,-5.219890513951e-04
1.450000000000e+00,x,-8.800000000000e-01,-4.544492619346e-04,-8.902215287583e-05,-3.654271090587e-04
1.450000000000e+00,x,-8.666666666667e-01,-2.354192973319e-04,-8.439003257358e-05,-1.510292647584e-04
1.450000000000e+00,x,-8.533333333333e-01,-1.434043727259e-07,-7.981651771088e-05,7.967311333816e-05
1.450000000000e+00,x,-8.400000000000e-01,2.072528391392e-04,-7.532702113569e-05,2.825798602749e-04
1.450000000000e+00,x,-8.266666666667e-01,3.454126344047e-04,-7.095197963894e-05,4.163646140437e-04
1.450000000000e+00,x,-8.133333333333e-01,3.849419989718e-04,-6.672522499740e-05,4.516672239692e-04
1.450000000000e+00,x,-8.000000000000e-01,3.302499527289e-04,-6.268204141264e-05,3.929319941415e-04
1.450000000000e+00,x,-7.866666666667e-01,2.036940781001e-04,-5.885708026597e-05,2.625511583661e-04
1.450000000000e+00,x,-7.733333333333e-01,3.528532814662e-05,-5.528233258449e-05,9.056766073111e-05
1.450000000000e+00,x,-7.600000000000e-01,-1.408139895029e-04,-5.198536565912e-05,-8.882862384379e-05
1.450000000000e+00,x,-7.466666666667e-01,-2.931675938790e-04,-4.898800940101e-05,-2.441795844780e-04
1.450000000000e+00,x,-7.333333333333e-01,-4.014955833753e-04,-4.630563049547e-05,-3.551899528799e-04
1.450000000000e+00,x,-7.200000000000e-01,-4.510464325639e-04,-4.394706269848e-05,-4.070993698654e-04
1.450000000000e+00,x,-7.066666666667e-01,-4.328413489201e-04,-4.191517830698e-05,-3.909261706132e-04
1.450000000000e+00,x,-6.933333333333e-01,-3.453152892789e-04,-4.020800064732e-05,-3.051072886316e-04
1.450000000000e+00,x,-6.800000000000e-01,-2.026477870233e-04,-3.882018349881e-05,-1.638276035245e-04
1.450000000000e+00,x,-6.666666666667e-01,-3.650660179913e-05,-3.774463299646e-05,1.238031197332e-06
1.450000000000e+00,x,-6.533333333333e-01,1.171509311185e-04,-3.697402984079e-05,1.541249609593e-04
1.450000000000e+00,x,-6.400000000000e-01,2.233156085886e-04,-3.650202853677e-05,2.598176371254e-04
1.450000000000e+00,x,-6.266666666667e-01,2.537354353038e-04,-3.632396359618e-05,2.900593989000e-04
1.450000000000e+00,x,-6.133333333333e-01,2.074360410812e-04,-3.643697172342e-05,2.438730128046e-04
1.450000000000e+00,x,-6.000000000000e-01,1.058818582862e-04,-3.683953072325e-05,1.427213890094e-04
1.450000000000e+00,x,-5.866666666667e-01,-2.289725131250e-05,-3.753050458727e-05,1.463325327477e-05
1.450000000000e+00,x,-5.733333333333e-01,-1.482815911279e-04,-3.850785490032e-05,-1.097737362276e-04
1.450000000000e+00,x,-5.600000000000e-01,-2.426050797115e-04,-3.976721986760e-05,-2.028378598439e-04
1.450000000000e+00,x,-5.466666666667e-01,-2.934615826324e-04,-4.130056820211e-05,-2.521610144302e-04
1.450000000000e+00,x,-5.333333333333e-01,-2.978996431858e-04,-4.309510699238e-05,-2.548045361934e-04
1.450000000000e+00,x,-5.200000000000e-01,-2.582644289281e-04,-4.513256812871e-05,-2.131318607994e-04
1.450000000000e+00,x,-5.066666666667e-01,-1.818938625632e-04,-4.738892927123e-05,-1.345049332919e-04
1.450000000000e+00,x,-4.933333333333e-01,-8.211653965630e-05,-4.983455708074e-05,-3.228198257556e-05
1.450000000000e+00,x,-4.800000000000e-01,1.977237820590e-05,-5.243470581134e-05,7.220708401724e-05
1.450000000000e+00,x,-4.666666666667e-01,1.008490141067e-04,-5.515027283878e-05,1.559992869455e-04
1.450000000000e+00,x,-4.533333333333e-01,1.407245779790e-04,-5.793870800402e-05,1.986632859830e-04
1.450000000000e+00,x,-4.400000000000e-01,1.251331766653e-04,-6.075499323856e-05,1.858881699038e-04
1.450000000000e+00,x,-4.266666666667e-01,5.564299812996e-05,-6.355264481039e-05,1.191956429403e-04
1.450000000000e+00,x,-4.133333333333e-01,-4.618636606029e-05,-6.628473126050e-05,2.009836520020e-05
1.450000000000e+00,x,-4.000000000000e-01,-1.518445877714e-04,-6.890493357120e-05,-8.293965420017e-05
1.450000000000e+00,x,-3.866666666667e-01,-2.310324746233e-04,-7.136869033971e-05,-1.596637842836e-04
1.450000000000e+00,x,-3.733333333333e-01,-2.569608907203e-04,-7.363446419661e-05,-1.833264265237e-04
1.450000000000e+00,x,-3.600000000000e-01,-2.262087671135e-04,-7.566513661604e-05,-1.505436304974e-04
1.450000000000e+00,x,-3.466666666667e-01,-1.562592980144e-04,-7.742949254927e-05,-7.882980546512e-05
1.450000000000e+00,x,-3.333333333333e-01,-6.945101609621e-05,-7.890370434302e-05,9.452688246804e-06
1.450000000000e+00,x,-3.200000000000e-01,1.013330799337e-05,-8.007267870781e-05,9.020598670118e-05
1.450000000000e+00,x,-3.066666666667e-01,6.121252847921e-05,-8.093110299556e-05,1.421436314748e-04
1.450000000000e+00,x,-2.933333333333e-01,7.853004704978e-05,-8.148402639082e-05,1.600140734406e-04
1.450000000000e+00,x,-2.800000000000e-01,6.605533598195e-05,-8.174684126186e-05,1.478021772438e-04
1.450000000000e+00,x,-2.666666666667e-01,3.080411153323e-05,-8.174458722829e-05,1.125486987615e-04
1.450000000000e+00,x,-2.533333333333e-01,-1.821013261007e-05,-8.151057720154e-05,6.330044459147e-05
1.450000000000e+00,x,-2.400000000000e-01,-7.061308183058e-05,-8.108442840538e-05,1.047134657480e-05
1.450000000000e+00,x,-2.266666666667e-01,-1.145044010880e-04,-8.050965819415e-05,-3.399474289387e-05
1.450000000000e+00,x,-2.133333333333e-01,-1.392420250907e-04,-7.983106142961e-05,-5.941096366111e-05
1.450000000000e+00,x,-2.000000000000e-01,-1.373418306702e-04,-7.909211383391e-05,-5.824971683625e-05
1.450000000000e+00,x,-1.866666666667e-01,-1.060892604568e-04,-7.833263988521e-05,-2.775662057156e-05
1.450000000000e+00,x,-1.733333333333e-01,-5.088591339114e-05,-7.758694606785e-05,2.670103267671e-05
1.450000000000e+00,x,-1.600000000000e-01,1.335072211886e-05,-7.688255753619e-05,9.023327965505e-05
1.450000000000e+00,x,-1.466666666667e-01,6.792730661976e-05,-7.623961921420e-05,1.441669258340e-04
1.450000000000e+00,x,-1.333333333333e-01,9.383898827662e-05,-7.567094343063e-05,1.695099317073e-04
1.450000000000e+00,x,-1.200000000000e-01,7.545307051933e-05,-7.518261718511e-05,1.506356877044e-04
1.450000000000e+00,x,-1.066666666667e-01,1.777860036394e-05,-7.477503225335e-05,9.255363261729e-05
1.450000000000e+00,x,-9.333333333333e-02,-5.502513430154e-05,-7.444417580387e-05,1.941904150233e-05
1.450000000000e+00,x,-8.000000000000e-02,-1.171624274037e-04,-7.418301874950e-05,-4.297940865418e-05
1.450000000000e+00,x,-6.666666666667e-02,-1.457591699658e-04,-7.398286024608e-05,-7.177630971968e-05
1.450000000000e+00,x,-5.333333333333e-02,-1.263930582453e-04,-7.383452296901e-05,-5.255853527629e-05
1.450000000000e+00,x,-4.000000000000e-02,-6.735693060119e-05,-7.372933674643e-05,6.372406145235e-06
1.450000000000e+00,x,-2.666666666667e-02,8.299547994647e-06,-7.365988942706e-05,8.195943742170e-05
1.450000000000e+00,x,-1.333333333333e-02,7.322002582420e-05,-7.362055651898e-05,1.468405823432e-04
1.450000000000e+00,x,0.000000000000e+00,1.003068673057e-04,-7.360784062447e-05,1.739147079302e-04
1.450000000000e+00,x,1.333333333333e-02,7.321988880109e-05,-7.362055651898e-05,1.468404453201e-04
1.450000000000e+00,x,2.666666666667e-02,8.299272026078e-06,-7.365988942706e-05,8.195916145314e-05
1.450000000000e+00,x,4.000000000000e-02,-6.735735121078e-05,-7.372933674643e-05,6.371985535651e-06
1.450000000000e+00,x,5.333333333333e-02,-1.263936236257e-04,-7.383452296901e-05,-5.255910065668e-05
1.450000000000e+00,x,6.666666666667e-02,-1.457598581443e-04,-7.398286024608e-05,-7.177699789822e-05
1.450000000000e+00,x,8.000000000000e-02,-1.171631992403e-04,-7.418301874950e-05,-4.298018049085e-05
1.450000000000e+00,x,9.333333333333e-02,-5.502594273820e-05,-7.444417580387e-05,1.941823306567e-05
1.450000000000e+00,x,1.066666666667e-01,1.777781679034e-05,-7.477503225335e-05,9.255284904369e-05
1.450000000000e+00,x,1.200000000000e-01,7.545238108060e-05,-7.518261718511e-05,1.506349982657e-04
1.450000000000e+00,x,1.333333333333e-01,9.383846898485e-05,-7.567094343063e-05,1.695094124155e-04
1.450000000000e+00,x,1.466666666667e-01,6.792704161209e-05,-7.623961921420e-05,1.441666608263e-04
1.450000000000e+00,x,1.600000000000e-01,1.335081560049e-05,-7.688255753619e-05,9.023337313668e-05
1.450000000000e+00,x,1.733333333333e-01,-5.088537496448e-05,-7.758694606785e-05,2.670157110337e-05
1.450000000000e+00,x,1.866666666667e-01,-1.060882400890e-04,-7.833263988521e-05,-2.775560020379e-05
1.450000000000e+00,x,2.000000000000e-01,-1.373403582022e-04,-7.909211383391e-05,-5.824824436829e-05
1.450000000000e+00,x,2.133333333333e-01,-1.392401571258e-04,-7.983106142961e-05,-5.940909569623e-05
1.450000000000e+00,x,2.266666666667e-01,-1.145021939091e-04,-8.050965819415e-05,-3.399253571494e-05
1.450000000000e+00,x,2.400000000000e-01,-7.061063372076e-05,-8.108442840538e-05,1.047379468462e-05
1.450000000000e+00,x,2.533333333333e-01,-1.820758752564e-05,-8.151057720154e-05,6.330298967589e-05
1.450000000000e+00,x,2.666666666667e-01,3.080655381684e-05,-8.174458722829e-05,1.125511410451e-04
1.450000000000e+00,x,2.800000000000e-01,6.605746653476e-05,-8.174684126186e-05,1.478043077966e-04
1.450000000000e+00,x,2.933333333333e-01,7.853165882685e-05,-8.148402639082e-05,1.600156852177e-04
1.450000000000e+00,x,3.066666666667e-01,6.121343679094e-05,-8.093110299556e-05,1.421445397865e-04
1.450000000000e+00,x,3.200000000000e-01,1.013336319725e-05,-8.007267870781e-05,9.020604190506e-05
1.450000000000e+00,x,3.333333333333e-01,-6.945190083384e-05,-7.890370434302e-05,9.451803509175e-06
1.450000000000e+00,x,3.466666666667e-01,-1.562611248672e-04,-7.742949254927e-05,-7.883163231796e-05
1.450000000000e+00,x,3.600000000000e-01,-2.262114356845e-04,-7.566513661604e-05,-1.505462990685e-04
1.450000000000e+00,x,3.733333333333e-01,-2.569641743258e-04,-7.363446419661e-05,-1.833297101292e-04
1.450000000000e+00,x,3.866666666667e-01,-2.310360359628e-04,-7.136869033971e-05,-1.596673456231e-04
1.450000000000e+00,x,4.000000000000e-01,-1.518480368551e-04,-6.890493357120e-05,-8.294310328389e-05
1.450000000000e+00,x,4.133333333333e-01,-4.618935719117e-05,-6.628473126050e-05,2.009537406933e-05
1.450000000000e+00,x,4.266666666667e-01,5.564074416814e-05,-6.355264481039e-05,1.191933889785e-04
1.450000000000e+00,x,4.400000000000e-01,1.251318542645e-04,-6.075499323856e-05,1.858868475030e-04
1.450000000000e+00,x,4.533333333333e-01,1.407242707099e-04,-5.793870800402e-05,1.986629787139e-04
1.450000000000e+00,x,4.666666666667e-01,1.008497369263e-04,-5.515027283878e-05,1.560000097651e-04
1.450000000000e+00,x,4.800000000000e-01,1.977410314476e-05,-5.243470581134e-05,7.220880895610e-05
1.450000000000e+00,x,4.933333333333e-01,-8.211391724551e-05,-4.983455708074e-05,-3.227936016476e-05
1.450000000000e+00,x,5.066666666667e-01,-1.818905478142e-04,-4.738892927123e-05,-1.345016185430e-04
1.450000000000e+00,x,5.200000000000e-01,-2.582607284246e-04,-4.513256812871e-05,-2.131281602959e-04
1.450000000000e+00,x,5.333333333333e-01,-2.978958550766e-04,-4.309510699238e-05,-2.548007480842e-04
1.450000000000e+00,x,5.466666666667e-01,-2.934579757918e-04,-4.130056820211e-05,-2.521574075897e-04
1.450000000000e+00,x,5.600000000000e-01,-2.426018892292e-04,-3.976721986760e-05,-2.028346693616e-04
1.450000000000e+00,x,5.733333333333e-01,-1.482790268517e-04,-3.850785490032e-05,-1.097711719513e-04
1.450000000000e+00,x,5.866666666667e-01,-2.289548493241e-05,-3.753050458727e-05,1.463501965486e-05
1.450000000000e+00,x,6.000000000000e-01,1.058826772236e-04,-3.683953072325e-05,1.427222079469e-04
1.450000000000e+00,x,6.133333333333e-01,2.074358134708e-04,-3.643697172342e-05,2.438727851942e-04
1.450000000000e+00,x,6.266666666667e-01,2.537341313181e-04,-3.632396359618e-05,2.900580949143e-04
1.450000000000e+00,x,6.400000000000e-01,2.233132958137e-04,-3.650202853677e-05,2.598153243505e-04
1.450000000000e+00,x,6.533333333333e-01,1.171477517148e-04,-3.697402984079e-05,1.541217815555e-04
1.450000000000e+00,x,6.666666666667e-01,-3.651048682379e-05,-3.774463299646e-05,1.234146172670e-06
1.450000000000e+00,x,6.800000000000e-01,-2.026521645386e-04,-3.882018349881e-05,-1.638319810398e-04
1.450000000000e+00,x,6.933333333333e-01,-3.453198930507e-04,-4.020800064732e-05,-3.051118924034e-04
1.450000000000e+00,x,7.066666666667e-01,-4.328458378082e-04,-4.191517830698e-05,-3.909306595013e-04
1.450000000000e+00,x,7.200000000000e-01,-4.510504636193e-04,-4.394706269848e-05,-4.071034009208e-04
1.450000000000e+00,x,7.333333333333e-01,-4.014988519505e-04,-4.630563049547e-05,-3.551932214550e-04
1.450000000000e+00,x,7.466666666667e-01,-2.931698552282e-04,-4.898800940101e-05,-2.441818458272e-04
1.450000000000e+00,x,7.600000000000e-01,-1.408150528259e-04,-5.198536565912e-05,-8.882968716681e-05
1.450000000000e+00,x,7.733333333333e-01,3.528557157359e-05,-5.528233258449e-05,9.056790415808e-05
1.450000000000e+00,x,7.866666666667e-01,2.036956383337e-04,-5.885708026597e-05,2.625527185997e-04
1.450000000000e+00,x,8.000000000000e-01,3.302527232698e-04,-6.268204141264e-05,3.929347646825e-04
1.450000000000e+00,x,8.133333333333e-01,3.849457550246e-04,-6.672522499740e-05,4.516709800220e-04
1.450000000000e+00,x,8.266666666667e-01,3.454170548361e-04,-7.095197963894e-05,4.163690344751e-04
1.450000000000e+00,x,8.400000000000e-01,2.072575500621e-04,-7.532702113569e-05,2.825845711978e-04
1.450000000000e+00,x,8.533333333333e-01,-1.388139581734e-07,-7.981651771088e-05,7.967770375271e-05
1.450000000000e+00,x,8.666666666667e-01,-2.354152152237e-04,-8.439003257358e-05,-1.510251826501e-04
1.450000000000e+00,x,8.800000000000e-01,-4.544460311736e-04,-8.902215287583e-05,-3.654238782978e-04
1.450000000000e+00,x,8.933333333333e-01,-6.156806084031e-04,-9.369368090471e-05,-5.219869274984e-04
1.450000000000e+00,x,9.066666666667e-01,-6.913703718548e-04,-9.839231981659e-05,-5.929780520382e-04
1.450000000000e+00,x,9.200000000000e-01,-6.737710321709e-04,-1.031128446145e-04,-5.706581875564e-04
1.450000000000e+00,x,9.333333333333e-01,-5.654002168713e-04,-1.078568024053e-04,-4.575434144660e-04
1.450000000000e+00,x,9.466666666667e-01,-3.773667280159e-04,-1.126318287931e-04,-2.647348992229e-04
1.450000000000e+00,x,9.600000000000e-01,-1.288807401137e-04,-1.174506960355e-04,-1.143004407820e-05
1.450000000000e+00,x,9.733333333333e-01,1.437928338079e-04,-1.223302218139e-04,2.661230556219e-04
1.450000000000e+00,x,9.866666666667e-01,3.923319461672e-04,-1.272901655749e-04,5.196221117422e-04
1.450000000000e+00,x,1.000000000000e+00,5.699383868056e-04,-1.323522244488e-04,7.022906112544e-04
1.450000000000e+00,x,1.013333333333e+00,6.366093250948e-04,-1.375392160332e-04,7.741485411280e-04
1.450000000000e+00,x,1.026666666667e+00,5.667735000262e-04,-1.428745048845e-04,7.096480049107e-04
1.450000000000e+00,x,1.040000000000e+00,3.718395889455e-04,-1.483816976646e-04,5.202212866101e-04
1.450000000000e+00,x,1.053333333333e+00,8.573164016069e-05,-1.540846025487e-04,2.398162427094e-04
1.450000000000e+00,x,1.066666666667e+00,-2.490594329316e-04,-1.600074249842e-04,-8.905200794743e-05
1.450000000000e+00,x,1.080000000000e+00,-5.861406524826e-04,-1.661751564194e-04,-4.199654960632e-04
1.450000000000e+00,x,1.093333333333e+00,-8.798603032401e-04,-1.726141061637e-04,-7.072461970764e-04
1.450000000000e+00,x,1.106666666667e+00,-1.089608766011e-03,-1.793525288130e-04,-9.102562371979e-04
1.450000000000e+00,x,1.120000000000e+00,-1.182229825087e-03,-1.864213093161e-04,-9.958085157713e-04
1.450000000000e+00,x,1.133333333333e+00,-1.134600379082e-03,-1.938546826356e-04,-9.407456964464e-04
1.450000000000e+00,x,1.146666666667e+00,-9.361908171154e-04,-2.016909825170e-04,-7.344998345984e-04
1.450000000000e+00,x,1.160000000000e+00,-6.033599636412e-04,-2.099734316404e-04,-3.933865320008e-04
1.450000000000e+00,x,1.173333333333e+00,-1.880910255866e-04,-2.187510013043e-04,3.065997571768e-05
1.450000000000e+00,x,1.186666666667e+00,2.473137249037e-04,-2.280793814341e-04,4.753931063378e-04
1.450000000000e+00,x,1.200000000000e+00,6.386515982218e-04,-2.380221106681e-04,8.766737088899e-04
1.450000000000e+00,x,1.213333333333e+00,9.264012643999e-04,-2.486519219267e-04,1.175053186327e-03
1.450000000000e+00,x,1.226666666667e+00,1.069440355457e-03,-2.600523622524e-04,1.329492717709e-03
1.450000000000e+00,x,1.240000000000e+00,1.047385655712e-03,-2.723197482251e-04,1.319705403937e-03
1.450000000000e+00,x,1.253333333333e+00,8.534098569790e-04,-2.855655215089e-04,1.138975378488e-03
1.450000000000e+00,x,1.266666666667e+00,4.942832591255e-04,-2.999190748564e-04,7.942023339819e-04
1.450000000000e+00,x,1.280000000000e+00,-7.279196904933e-06,-3.155311293163e-04,3.082519324114e-04
1.450000000000e+00,x,1.293333333333e+00,-5.953165494140e-04,-3.325777611513e-04,-2.627387882627e-04
1.450000000000e+00,x,1.306666666667e+00,-1.195378268839e-03,-3.512652051919e-04,-8.441130636471e-04
1.450000000000e+00,x,1.320000000000e+00,-1.731183588681e-03,-3.718356028730e-04,-1.359347985808e-03
1.450000000000e+00,x,1.333333333333e+00,-2.131462092255e-03,-3.945739188481e-04,-1.736888173407e-03
1.450000000000e+00,x,1.346666666667e+00,-2.340421340440e-03,-4.198163158693e-04,-1.920605024570e-03
1.450000000000e+00,x,1.360000000000e+00,-2.335147065679e-03,-4.479603406275e-04,-1.887186725051e-03
1.450000000000e+00,x,1.373333333333e+00,-2.113476011465e-03,-4.794773064627e-04,-1.633998705003e-03
1.450000000000e+00,x,1.386666666667e+00,-1.689241693928e-03,-5.149272153969e-04,-1.174314478531e-03
1.450000000000e+00,x,1.400000000000e+00,-1.091436811848e-03,-5.549763698820e-04,-5.364604419657e-04
1.450000000000e+00,x,1.413333333333e+00,-3.727102959422e-04,-6.004173844879e-04,2.277070885458e-04
1.450000000000e+00,x,1.426666666667e+00,3.836738885440e-04,-6.521904957031e-04,1.035864384247e-03
1.450000000000e+00,x,1.440000000000e+00,1.087374523370e-03,-7.114037491544e-04,1.798778272524e-03
1.450000000000e+00,x,1.453333333333e+00,1.650236723563e-03,-7.793476988693e-04,2.429584422432e-03
1.450000000000e+00,x,1.466666666667e+00,1.993514729937e-03,-8.574976235859e-04,2.851012353522e-03
1.450000000000e+00,x,1.480000000000e+00,2.064551309493e-03,-9.474930123560e-04,3.012044321849e-03
1.450000000000e+00,x,1.493333333333e+00,1.840635620135e-03,-1.051080451467e-03,2.891716071602e-03
1.450000000000e+00,x,1.506666666667e+00,1.318177308612e-03,-1.170002579877e-03,2.488179888489e-03
1.450000000000e+00,x,1.520000000000e+00,5.122043274469e-04,-1.305813314185e-03,1.818017641632e-03
1.450000000000e+00,x,1.533333333333e+00,-5.418733686209e-04,-1.459599246180e-03,9.177258775591e-04
1.450000000000e+00,x,1.546666666667e+00,-1.770510432128e-03,-1.631590408431e-03,-1.389200236972e-04
1.450000000000e+00,x,1.560000000000e+00,-3.075411794917e-03,-1.820651978809e-03,-1.254759816107e-03
1.450000000000e+00,x,1.573333333333e+00,-4.351728739247e-03,-2.023663208528e-03,-2.328065530719e-03
1.450000000000e+00,x,1.586666666667e+00,-5.494963570625e-03,-2.234811504452e-03,-3.260152066173e-03
1.450000000000e+00,x,1.600000000000e+00,-6.409094797612e-03,-2.444857613919e-03,-3.964237183693e-03
1.450000000000e+00,x,1.613333333333e+00,-7.018329492479e-03,-2.640460059989e-03,-4.377869432490e-03
1.450000000000e+00,x,1.626666666667e+00,-7.264350035193e-03,-2.803679221484e-03,-4.460670813709e-03
1.450000000000e+00,x,1.640000000000e+00,-7.106342204414e-03,-2.911807658947e-03,-4.194534545467e-03
1.450000000000e+00,x,1.653333333333e+00,-6.523133329961e-03,-2.937685876056e-03,-3.585447453905e-03
1.450000000000e+00,x,1.666666666667e+00,-5.523817064075e-03,-2.850653622875e-03,-2.673163441200e-03
1.450000000000e+00,x,1.680000000000e+00,-4.159320177994e-03,-2.618249127224e-03,-1.541071050769e-03
1.450000000000e+00,x,1.693333333333e+00,-2.501105467525e-03,-2.208698347277e-03,-2.924071202477e-04
1.450000000000e+00,x,1.706666666667e+00,-6.340809866290e-04,-1.594134552433e-03,9.600535658038e-04
1.450000000000e+00,x,1.720000000000e+00,1.347588501408e-03,-7.543629129465e-04,2.101951414354e-03
1.450000000000e+00,x,1.733333333333e+00,3.339817386810e-03,3.191498729005e-04,3.020667513910e-03
1.450000000000e+00,x,1.746666666667e+00,5.232181691590e-03,1.619503430068e-03,3.612678261522e-03
1.450000000000e+00,x,1.760000000000e+00,6.918952957100e-03,3.121337073908e-03,3.797615883192e-03
1.450000000000e+00,x,1.773333333333e+00,8.305001815958e-03,4.779100640691e-03,3.525901175267e-03
1.450000000000e+00,x,1.786666666667e+00,9.312560780651e-03,6.527117918212e-03,2.785442862440e-03
1.450000000000e+00,x,1.800000000000e+00,9.902898549575e-03,8.281791886377e-03,1.621106663198e-03
1.450000000000e+00,x,1.813333333333e+00,1.006955051126e-02,9.946072361235e-03,1.234781500222e-04
1.450000000000e+00,x,1.826666666667e+00,9.823447073497e-03,1.141601834109e-02,-1.592571267591e-03
1.450000000000e+00,x,1.840000000000e+00,9.189603526227e-03,1.258897750376e-02,-3.399373977532e-03
1.450000000000e+00,x,1.853333333333e+00,8.203650118164e-03,1.337262215437e-02,-5.168972036204e-03
1.450000000000e+00,x,1.866666666667e+00,6.907188354478e-03,1.369387491117e-02,-6.786686556688e-03
1.450000000000e+00,x,1.880000000000e+00,5.349661453742e-03,1.350667159859e-02,-8.157010144845e-03
1.450000000000e+00,x,1.893333333333e+00,3.590140007030e-03,1.279756961983e-02,-9.207429612797e-03
1.450000000000e+00,x,1.906666666667e+00,1.698251247819e-03,1.158842049033e-02,-9.890169242506e-03
1.450000000000e+00,x,1.920000000000e+00,-2.340707668723e-04,9.935662151734e-03,-1.016973291861e-02
1.450000000000e+00,x,1.933333333333e+00,-2.076779655139e-03,7.926203538584e-03,-1.000298319372e-02
1.450000000000e+00,x,1.946666666667e+00,-3.697665508399e-03,5.670307965505e-03,-9.367973473904e-03
1.450000000000e+00,x,1.960000000000e+00,-4.979916972582e-03,3.292265597868e-03,-8.272182570450e-03
1.450000000000e+00,x,1.973333333333e+00,-5.835427419629e-03,9.199183876424e-04,-6.755345807271e-03
1.450000000000e+00,x,1.986666666667e+00,-6.264864887216e-03,-1.325778146180e-03,-4.939086741035e-03
1.450000000000e+00,x,2.000000000000e+00,-6.369650073598e-03,-3.340018455199e-03,-3.029631618399e-03
1.450000000000e+00,y,-2.000000000000e+00,2.436920858460e-05,1.165727090220e-05,1.271193768241e-05
1.450000000000e+00,y,-1.986666666667e+00,2.793475899148e-05,1.672772804214e-05,1.120703094935e-05
1.450000000000e+00,y,-1.973333333333e+00,3.169741063991e-05,2.085804013860e-05,1.083937050130e-05
1.450000000000e+00,y,-1.960000000000e+00,3.585153509540e-05,2.368760264744e-05,1.216393244796e-05
1.450000000000e+00,y,-1.946666666667e+00,3.809602885198e-05,2.498016868082e-05,1.311586017116e-05
1.450000000000e+00,y,-1.933333333333e+00,3.436289968525e-05,2.465303945738e-05,9.709860227869e-06
1.450000000000e+00,y,-1.920000000000e+00,2.084206240608e-05,2.278294562193e-05,-1.940883215851e-06
1.450000000000e+00,y,-1.906666666667e+00,-5.232036579224e-06,1.958882568831e-05,-2.482086226754e-05
1.450000000000e+00,y,-1.893333333333e+00,-4.417424467791e-05,1.539630714868e-05,-5.957055182658e-05
1.450000000000e+00,y,-1.880000000000e+00,-8.972789072393e-05,1.059182513109e-05,-1.003197158550e-04
1.450000000000e+00,y,-1.866666666667e+00,-1.323126168445e-04,5.575312755366e-06,-1.378879295999e-04
1.450000000000e+00,y,-1.853333333333e+00,-1.616859549091e-04,7.192506078458e-07,-1.624052055169e-04
1.450000000000e+00,y,-1.840000000000e+00,-1.680812479438e-04,-3.660860389572e-06,-1.644203875542e-04
1.450000000000e+00,y,-1.826666666667e+00,-1.442881380740e-04,-7.322915586911e-06,-1.369652224871e-04
1.450000000000e+00,y,-1.813333333333e+00,-8.850938268170e-05,-1.010289119187e-05,-7.840649148983e-05
1.450000000000e+00,y,-1.800000000000e+00,-2.543770240742e-06,-1.191119895155e-05,9.367428710806e-06
1.450000000000e+00,y,-1.786666666667e+00,1.083176450408e-04,-1.272476567971e-05,1.210424107205e-04
1.450000000000e+00,y,-1.773333333333e+00,2.349169451315e-04,-1.257827206006e-05,2.474952171916e-04
1.450000000000e+00,y,-1.760000000000e+00,3.596685268110e-04,-1.155652082074e-05,3.712250476318e-04
1.450000000000e+00,y,-1.746666666667e+00,4.551542933322e-04,-9.788188182335e-06,4.649424815145e-04
1.450000000000e+00,y,-1.733333333333e+00,4.935262332217e-04,-7.439817960954e-06,5.009660511826e-04
1.450000000000e+00,y,-1.720000000000e+00,4.505017263009e-04,-4.708250980947e-06,4.552099772818e-04
1.450000000000e+00,y,-1.706666666667e+00,3.095225247858e-04,-1.809895916283e-06,3.113324207021e-04
1.450000000000e+00,y,-1.693333333333e+00,7.675938778993e-05,1.033772466275e-06,7.572561532366e-05
1.450000000000e+00,y,-1.680000000000e+00,-2.207691824774e-04,3.613677709081e-06,-2.243828601865e-04
1.450000000000e+00,y,-1.666666666667e+00,-5.474380377454e-04,5.751309710070e-06,-5.531893474554e-04
1.450000000000e+00,y,-1.653333333333e+00,-8.617191931843e-04,7.314240685706e-06,-8.690334338700e-04
1.450000000000e+00,y,-1.640000000000e+00,-1.118335102042e-03,8.225094362545e-06,-1.126560196404e-03
1.450000000000e+00,y,-1.626666666667e+00,-1.267549399843e-03,8.460040747313e-06,-1.276009440590e-03
1.450000000000e+00,y,-1.613333333333e+00,-1.262335008880e-03,8.033042875252e-06,-1.270368051755e-03
1.450000000000e+00,y,-1.600000000000e+00,-1.066025995539e-03,6.961918420148e-06,-1.072987913959e-03
1.450000000000e+00,y,-1.586666666667e+00,-6.582954234235e-04,5.211280286027e-06,-6.635067037095e-04
1.450000000000e+00,y,-1.573333333333e+00,-5.171152968897e-05,2.605302968211e-06,-5.431683265718e-05
1.450000000000e+00,y,-1.560000000000e+00,6.779717813061e-04,-1.299728521505e-06,6.792715098276e-04
1.450000000000e+00,y,-1.546666666667e+00,1.428832891350e-03,-7.395917014901e-06,1.436228808365e-03
1.450000000000e+00,y,-1.533333333333e+00,2.090126965596e-03,-1.727056826994e-05,2.107397533866e-03
1.450000000000e+00,y,-1.520000000000e+00,2.552141006121e-03,-3.352742084246e-05,2.585668426963e-03
1.450000000000e+00,y,-1.506666666667e+00,2.725822582064e-03,-6.017554869799e-05,2.785998130762e-03
1.450000000000e+00,y,-1.493333333333e+00,2.558078857332e-03,-1.030507865141e-04,2.661129643847e-03
1.450000000000e+00,y,-1.480000000000e+00,2.020083409152e-03,-1.701905966081e-04,2.190274005760e-03
1.450000000000e+00,y,-1.466666666667e+00,1.109735054590e-03,-2.720264254147e-04,1.381761480005e-03
1.450000000000e+00,y,-1.453333333333e+00,-1.431378967496e-04,-4.211978073200e-04,2.780599105704e-04
1.450000000000e+00,y,-1.440000000000e+00,-1.640949095579e-03,-6.317492591314e-04,-1.009199836448e-03
1.450000000000e+00,y,-1.426666666667e+00,-3.226209584378e-03,-9.174727396264e-04,-2.308736844752e-03
1.450000000000e+00,y,-1.413333333333e+00,-4.727032528895e-03,-1.289237266822e-03,-3.437795262074e-03
1.450000000000e+00,y,-1.400000000000e+00,-5.973662880809e-03,-1.751328500757e-03,-4.222334380052e-03
1.450000000000e+00,y,-1.386666666667e+00,-6.819136925906e-03,-2.297108195169e-03,-4.522028730737e-03
1.450000000000e+00,y,-1.373333333333e+00,-7.193352278570e-03,-2.904662768800e-03,-4.288689509769e-03
1.450000000000e+00,y,-1.360000000000e+00,-7.082719451681e-03,-3.533462441327e-03,-3.549257010353e-03
1.450000000000e+00,y,-1.346666666667e+00,-6.505054092780e-03,-4.123278058924e-03,-2.381776033856e-03
1.450000000000e+00,y,-1.333333333333e+00,-5.506355870038e-03,-4.596568215076e-03,-9.097876549627e-04
1.450000000000e+00,y,-1.320000000000e+00,-4.161762803280e-03,-4.865150707523e-03,7.033879042436e-04
1.450000000000e+00,y,-1.306666666667e+00,-2.584827866440e-03,-4.841187868013e-03,2.256360001573e-03
1.450000000000e+00,y,-1.293333333333e+00,-9.050866068515e-04,-4.451445947325e-03,3.546359340473e-03
1.450000000000e+00,y,-1.280000000000e+00,7.466359891748e-04,-3.652666676965e-03,4.399302666140e-03
1.450000000000e+00,y,-1.266666666667e+00,2.248615981171e-03,-2.445037285269e-03,4.693653266440e-03
1.450000000000e+00,y,-1.253333333333e+00,3.515285919267e-03,-8.804894607142e-04,4.395775379981e-03
1.450000000000e+00,y,-1.240000000000e+00,4.520122266550e-03,9.368868518036e-04,3.583235414747e-03
1.450000000000e+00,y,-1.226666666667e+00,5.260938926211e-03,2.859658332392e-03,2.401280593819e-03
1.450000000000e+00,y,-1.213333333333e+00,5.750842443906e-03,4.714500648089e-03,1.036341795817e-03
1.450000000000e+00,y,-1.200000000000e+00,6.012705255692e-03,6.325663640507e-03,-3.129583848149e-04
1.450000000000e+00,y,-1.186666666667e+00,6.067822671788e-03,7.540247594665e-03,-1.472424922877e-03
1.450000000000e+00,y,-1.173333333333e+00,5.932958445912e-03,8.250440756261e-03,-2.317482310349e-03
1.450000000000e+00,y,-1.160000000000e+00,5.626988027659e-03,8.408379018178e-03,-2.781390990519e-03
1.450000000000e+00,y,-1.146666666667e+00,5.171384813221e-03,8.030857758580e-03,-2.859472945359e-03
1.450000000000e+00,y,-1.133333333333e+00,4.591012656969e-03,7.193343831864e-03,-2.602331174895e-03
1.450000000000e+00,y,-1.120000000000e+00,3.918496419839e-03,6.015010723490e-03,-2.096514303651e-03
1.450000000000e+00,y,-1.106666666667e+00,3.191277513421e-03,4.638263356474e-03,-1.446985843053e-03
1.450000000000e+00,y,-1.093333333333e+00,2.447394434403e-03,3.207024674245e-03,-7.596302398423e-04
1.450000000000e+00,y,-1.080000000000e+00,1.723696761177e-03,1.847809129818e-03,-1.241123686407e-04
1.450000000000e+00,y,-1.066666666667e+00,1.052861832091e-03,6.564922033793e-04,3.963696287122e-04
1.450000000000e+00,y,-1.053333333333e+00,4.574524457900e-04,-3.079062770253e-04,7.653587228153e-04
1.450000000000e+00,y,-1.040000000000e+00,-4.677475364916e-05,-1.022713033938e-03,9.759382802886e-04
1.450000000000e+00,y,-1.026666666667e+00,-4.497229176559e-04,-1.495888926774e-03,1.046166009118e-03
1.450000000000e+00,y,-1.013333333333e+00,-7.473516254779e-04,-1.757283199463e-03,1.009931573985e-03
1.450000000000e+00,y,-1.000000000000e+00,-9.449023594342e-04,-1.849065151060e-03,9.041627916261e-04
1.450000000000e+00,y,-9.866666666667e-01,-1.060248154296e-03,-1.817115994799e-03,7.568678405030e-04
1.450000000000e+00,y,-9.733333333333e-01,-1.115700672109e-03,-1.704486885896e-03,5.887862137864e-04
1.450000000000e+00,y,-9.600000000000e-01,-1.134371518666e-03,-1.547325107765e-03,4.129535890983e-04
1.450000000000e+00,y,-9.466666666667e-01,-1.137266495079e-03,-1.373103198889e-03,2.358367038097e-04
1.450000000000e+00,y,-9.333333333333e-01,-1.133854784130e-03,-1.200636009482e-03,6.678122535264e-05
1.450000000000e+00,y,-9.200000000000e-01,-1.120133375956e-03,-1.041241072696e-03,-7.889230325928e-05
1.450000000000e+00,y,-9.066666666667e-01,-1.088729522572e-03,-9.004384597022e-04,-1.882910628699e-04
1.450000000000e+00,y,-8.933333333333e-01,-1.031644301327e-03,-7.797261285832e-04,-2.519181727435e-04
1.450000000000e+00,y,-8.800000000000e-01,-9.431865380306e-04,-6.781385502231e-04,-2.650479878075e-04
1.450000000000e+00,y,-8.666666666667e-01,-8.293338237330e-04,-5.934521466282e-04,-2.358816771047e-04
1.450000000000e+00,y,-8.533333333333e-01,-7.044816113352e-04,-5.230160504162e-04,-1.814655609190e-04
1.450000000000e+00,y,-8.400000000000e-01,-5.844311448500e-04,-4.642556290892e-04,-1.201755157608e-04
1.450000000000e+00,y,-8.266666666667e-01,-4.842498798515e-04,-4.149261592016e-04,-6.932372064981e-05
1.450000000000e+00,y,-8.133333333333e-01,-4.146094848546e-04,-3.731971374037e-04,-4.141234745086e-05
1.450000000000e+00,y,-8.000000000000e-01,-3.730422289813e-04,-3.376360251574e-04,-3.540620382390e-05
1.450000000000e+00,y,-7.866666666667e-01,-3.506630927146e-04,-3.071429643665e-04,-4.352012834803e-05
1.450000000000e+00,y,-7.733333333333e-01,-3.366789205703e-04,-2.808708980623e-04,-5.580802250804e-05
1.450000000000e+00,y,-7.600000000000e-01,-3.201061089271e-04,-2.581513571064e-04,-6.195475182076e-05
1.450000000000e+00,y,-7.466666666667e-01,-2.938042600639e-04,-2.384357367412e-04,-5.536852332266e-05
1.450000000000e+00,y,-7.333333333333e-01,-2.593925644624e-04,-2.212549408409e-04,-3.813762362153e-05
1.450000000000e+00,y,-7.200000000000e-01,-2.214034969052e-04,-2.061961505126e-04,-1.520734639262e-05
1.450000000000e+00,y,-7.066666666667e-01,-1.854213703789e-04,-1.928934248778e-04,7.472054498854e-06
1.450000000000e+00,y,-6.933333333333e-01,-1.570985333711e-04,-1.810281633883e-04,2.392963001723e-05
1.450000000000e+00,y,-6.800000000000e-01,-1.392876024294e-04,-1.703355452475e-04,3.104794281807e-05
1.450000000000e+00,y,-6.666666666667e-01,-1.308995989077e-04,-1.606134327076e-04,2.971383379987e-05
1.450000000000e+00,y,-6.533333333333e-01,-1.297181810869e-04,-1.517305665327e-04,2.201238544586e-05
1.450000000000e+00,y,-6.400000000000e-01,-1.329286538654e-04,-1.436310815923e-04,1.070242772685e-05
1.450000000000e+00,y,-6.266666666667e-01,-1.375304120866e-04,-1.363325264003e-04,-1.197885686300e-06
1.450000000000e+00,y,-6.133333333333e-01,-1.410662348941e-04,-1.299149436666e-04,-1.115129122750e-05
1.450000000000e+00,y,-6.000000000000e-01,-1.417310982481e-04,-1.244994751938e-04,-1.723162305427e-05
1.450000000000e+00,y,-5.866666666667e-01,-1.381959828435e-04,-1.202166115281e-04,-1.797937131540e-05
1.450000000000e+00,y,-5.733333333333e-01,-1.296750104223e-04,-1.171665817826e-04,-1.250842863978e-05
1.450000000000e+00,y,-5.600000000000e-01,-1.162744554310e-04,-1.153770933184e-04,-8.973621125297e-07
1.450000000000e+00,y,-5.466666666667e-01,-1.006397224407e-04,-1.147659776348e-04,1.412625519411e-05
1.450000000000e+00,y,-5.333333333333e-01,-8.635329595852e-05,-1.151174021020e-04,2.876410614348e-05
1.450000000000e+00,y,-5.200000000000e-01,-7.666771214203e-05,-1.160794036455e-04,3.941169150344e-05
1.450000000000e+00,y,-5.066666666667e-01,-7.397843184052e-05,-1.171872658775e-04,4.320883403695e-05
1.450000000000e+00,y,-4.933333333333e-01,-7.858219261006e-05,-1.179120628839e-04,3.932987027383e-05
1.450000000000e+00,y,-4.800000000000e-01,-8.697299799151e-05,-1.177276442407e-04,3.075464624923e-05
1.450000000000e+00,y,-4.666666666667e-01,-9.459612002207e-05,-1.161840775010e-04,2.158795747891e-05
1.450000000000e+00,y,-4.533333333333e-01,-9.744199662183e-05,-1.129727950444e-04,1.553079842255e-05
1.450000000000e+00,y,-4.400000000000e-01,-9.330542757458e-05,-1.079695816993e-04,1.466415412472e-05
1.450000000000e+00,y,-4.266666666667e-01,-8.272667301917e-05,-1.012462351976e-04,1.851956217843e-05
1.450000000000e+00,y,-4.133333333333e-01,-6.906372681058e-05,-9.304916777984e-05,2.398544096926e-05
1.450000000000e+00,y,-4.000000000000e-01,-5.751610623909e-05,-8.375134788171e-05,2.623524164262e-05
1.450000000000e+00,y,-3.866666666667e-01,-5.355499368962e-05,-7.379039467859e-05,2.023540098898e-05
1.450000000000e+00,y,-3.733333333333e-01,-6.118334413543e-05,-6.360836007763e-05,2.425015942200e-06
1.450000000000e+00,y,-3.600000000000e-01,-7.999702408741e-05,-5.360691784768e-05,-2.639010623973e-05
1.450000000000e+00,y,-3.466666666667e-01,-1.051773460805e-04,-4.412593456107e-05,-6.105141151945e-05
1.450000000000e+00,y,-3.333333333333e-01,-1.293174536992e-04,-3.544559355879e-05,-9.387186014041e-05
1.450000000000e+00,y,-3.200000000000e-01,-1.428488510927e-04,-2.780488592352e-05,-1.150439651692e-04
1.450000000000e+00,y,-3.066666666667e-01,-1.364675869090e-04,-2.142466334370e-05,-1.150429235653e-04
1.450000000000e+00,y,-2.933333333333e-01,-1.152231047143e-04,-1.652289552004e-05,-9.870020919428e-05
1.450000000000e+00,y,-2.800000000000e-01,-8.921783297169e-05,-1.331326277333e-05,-7.590457019836e-05
1.450000000000e+00,y,-2.666666666667e-01,-6.637268704831e-05,-1.198444420843e-05,-5.438824283988e-05
1.450000000000e+00,y,-2.533333333333e-01,-5.212381169718e-05,-1.266435980240e-05,-3.945945189478e-05
1.450000000000e+00,y,-2.400000000000e-01,-4.822754315210e-05,-1.537905094982e-05,-3.284849220228e-05
1.450000000000e+00,y,-2.266666666667e-01,-5.070084350644e-05,-2.001829536878e-05,-3.068254813767e-05
1.450000000000e+00,y,-2.133333333333e-01,-5.343501474191e-05,-2.631891293374e-05,-2.711610180817e-05
1.450000000000e+00,y,-2.000000000000e-01,-5.089677824275e-05,-3.387255708366e-05,-1.702422115909e-05
1.450000000000e+00,y,-1.866666666667e-01,-4.054842685656e-05,-4.215892758936e-05,1.610500732809e-06
1.450000000000e+00,y,-1.733333333333e-01,-2.173906672606e-05,-5.059944402360e-05,2.886037729754e-05
1.450000000000e+00,y,-1.600000000000e-01,5.882773958615e-06,-5.862198315100e-05,6.450475710962e-05
1.450000000000e+00,y,-1.466666666667e-01,3.762870113759e-05,-6.572526391915e-05,1.033539650567e-04
1.450000000000e+00,y,-1.333333333333e-01,6.387441762501e-05,-7.153209767840e-05,1.354065153034e-04
1.450000000000e+00,y,-1.200000000000e-01,7.119168839582e-05,-7.582356554728e-05,1.470152539431e-04
1.450000000000e+00,y,-1.066666666667e-01,6.060298756784e-05,-7.855032582334e-05,1.391533133912e-04
1.450000000000e+00,y,-9.333333333333e-02,4.617812632253e-05,-7.982160425792e-05,1.259997305805e-04
1.450000000000e+00,y,-8.000000000000e-02,3.714910739863e-05,-7.987600983652e-05,1.170251172352e-04
1.450000000000e+00,y,-6.666666666667e-02,3.622853375016e-05,-7.904051431651e-05,1.152690480667e-04
1.450000000000e+00,y,-5.333333333333e-02,3.984764565971e-05,-7.768453450581e-05,1.175321801655e-04
1.450000000000e+00,y,-4.000000000000e-02,5.041272081817e-05,-7.617527095060e-05,1.265879917688e-04
1.450000000000e+00,y,-2.666666666667e-02,6.909120305881e-05,-7.483878286214e-05,1.439299859209e-04
1.450000000000e+00,y,-1.333333333333e-02,8.977664873656e-05,-7.392932995499e-05,1.637059786915e-04
1.450000000000e+00,y,0.000000000000e+00,1.003068673057e-04,-7.360784062447e-05,1.739147079302e-04
1.450000000000e+00,y,1.333333333333e-02,8.977664523426e-05,-7.392932995499e-05,1.637059751892e-04
1.450000000000e+00,y,2.666666666667e-02,6.909119359774e-05,-7.483878286214e-05,1.439299764599e-04
1.450000000000e+00,y,4.000000000000e-02,5.041269040244e-05,-7.617527095060e-05,1.265879613530e-04
1.450000000000e+00,y,5.333333333333e-02,3.984757130114e-05,-7.768453450581e-05,1.175321058070e-04
1.450000000000e+00,y,6.666666666667e-02,3.622837595812e-05,-7.904051431651e-05,1.152688902746e-04
1.450000000000e+00,y,8.000000000000e-02,3.714882290462e-05,-7.987600983652e-05,1.170248327411e-04
1.450000000000e+00,y,9.333333333333e-02,4.617771753774e-05,-7.982160425792e-05,1.259993217957e-04
1.450000000000e+00,y,1.066666666667e-01,6.060248775421e-05,-7.855032582334e-05,1.391528135775e-04
1.450000000000e+00,y,1.200000000000e-01,7.119115988737e-05,-7.582356554728e-05,1.470147254347e-04
1.450000000000e+00,y,1.333333333333e-01,6.387393022958e-05,-7.153209767840e-05,1.354060279080e-04
1.450000000000e+00,y,1.466666666667e-01,3.762832165153e-05,-6.572526391915e-05,1.033535855707e-04
1.450000000000e+00,y,1.600000000000e-01,5.882553810222e-06,-5.862198315100e-05,6.450453696122e-05
1.450000000000e+00,y,1.733333333333e-01,-2.173909749637e-05,-5.059944402360e-05,2.886034652723e-05
1.450000000000e+00,y,1.866666666667e-01,-4.054827224026e-05,-4.215892758936e-05,1.610655349109e-06
1.450000000000e+00,y,2.000000000000e-01,-5.089647241329e-05,-3.387255708366e-05,-1.702391532962e-05
1.450000000000e+00,y,2.133333333333e-01,-5.343459346034e-05,-2.631891293374e-05,-2.711568052660e-05
1.450000000000e+00,y,2.266666666667e-01,-5.070032769303e-05,-2.001829536878e-05,-3.068203232425e-05
1.450000000000e+00,y,2.400000000000e-01,-4.822695180808e-05,-1.537905094982e-05,-3.284790085827e-05
1.450000000000e+00,y,2.533333333333e-01,-5.212317357557e-05,-1.266435980240e-05,-3.945881377317e-05
1.450000000000e+00,y,2.666666666667e-01,-6.637204744298e-05,-1.198444420843e-05,-5.438760323455e-05
1.450000000000e+00,y,2.800000000000e-01,-8.921723897665e-05,-1.331326277333e-05,-7.590397620331e-05
1.450000000000e+00,y,2.933333333333e-01,-1.152226012330e-04,-1.652289552004e-05,-9.869970571293e-05
1.450000000000e+00,y,3.066666666667e-01,-1.364672424415e-04,-2.142466334370e-05,-1.150425790978e-04
1.450000000000e+00,y,3.200000000000e-01,-1.428487596838e-04,-2.780488592352e-05,-1.150438737603e-04
1.450000000000e+00,y,3.333333333333e-01,-1.293177196493e-04,-3.544559355879e-05,-9.387212609054e-05
1.450000000000e+00,y,3.466666666667e-01,-1.051780252560e-04,-4.412593456107e-05,-6.105209069490e-05
1.450000000000e+00,y,3.600000000000e-01,-7.999812081717e-05,-5.360691784768e-05,-2.639120296949e-05
1.450000000000e+00,y,3.733333333333e-01,-6.118480036561e-05,-6.360836007763e-05,2.423559712023e-06
1.450000000000e+00,y,3.866666666667e-01,-5.355668584794e-05,-7.379039467859e-05,2.023370883065e-05
1.450000000000e+00,y,4.000000000000e-01,-5.751787891622e-05,-8.375134788171e-05,2.623346896549e-05
1.450000000000e+00,y,4.133333333333e-01,-6.906544362327e-05,-9.304916777984e-05,2.398372415657e-05
1.450000000000e+00,y,4.266666666667e-01,-8.272820722747e-05,-1.012462351976e-04,1.851802797013e-05
1.450000000000e+00,y,4.400000000000e-01,-9.330665364956e-05,-1.079695816993e-04,1.466292804973e-05
1.450000000000e+00,y,4.533333333333e-01,-9.744279288406e-05,-1.129727950444e-04,1.553000216031e-05
1.450000000000e+00,y,4.666666666667e-01,-9.459640315685e-05,-1.161840775010e-04,2.158767434412e-05
1.450000000000e+00,y,4.800000000000e-01,-8.697274818926e-05,-1.177276442407e-04,3.075489605149e-05
1.450000000000e+00,y,4.933333333333e-01,-7.858145351008e-05,-1.179120628839e-04,3.933060937382e-05
1.450000000000e+00,y,5.066666666667e-01,-7.397730547319e-05,-1.171872658775e-04,4.320996040428e-05
1.450000000000e+00,y,5.200000000000e-01,-7.666634858642e-05,-1.160794036455e-04,3.941305505905e-05
1.450000000000e+00,y,5.333333333333e-01,-8.635183672887e-05,-1.151174021020e-04,2.876556537313e-05
1.450000000000e+00,y,5.466666666667e-01,-1.006382897686e-04,-1.147659776348e-04,1.412768786624e-05
1.450000000000e+00,y,5.600000000000e-01,-1.162731460698e-04,-1.153770933184e-04,-8.960527514150e-07
1.450000000000e+00,y,5.733333333333e-01,-1.296738972934e-04,-1.171665817826e-04,-1.250731551079e-05
1.450000000000e+00,y,5.866666666667e-01,-1.381951135421e-04,-1.202166115281e-04,-1.797850201402e-05
1.450000000000e+00,y,6.000000000000e-01,-1.417304736232e-04,-1.244994751938e-04,-1.723099842937e-05
1.450000000000e+00,y,6.133333333333e-01,-1.410658150363e-04,-1.299149436666e-04,-1.115087136969e-05
1.450000000000e+00,y,6.266666666667e-01,-1.375301199778e-04,-1.363325264003e-04,-1.197593577507e-06
1.450000000000e+00,y,6.400000000000e-01,-1.329283873343e-04,-1.436310815923e-04,1.070269425801e-05
1.450000000000e+00,y,6.533333333333e-01,-1.297178419711e-04,-1.517305665327e-04,2.201272456164e-05
1.450000000000e+00,y,6.666666666667e-01,-1.308991272161e-04,-1.606134327076e-04,2.971430549150e-05
1.450000000000e+00,y,6.800000000000e-01,-1.392869817246e-04,-1.703355452475e-04,3.104856352296e-05
1.450000000000e+00,y,6.933333333333e-01,-1.570977985724e-04,-1.810281633883e-04,2.393036481587e-05
1.450000000000e+00,y,7.066666666667e-01,-1.854206083380e-04,-1.928934248778e-04,7.472816539827e-06
1.450000000000e+00,y,7.200000000000e-01,-2.214028029158e-04,-2.061961505126e-04,-1.520665240320e-05
1.450000000000e+00,y,7.333333333333e-01,-2.593920136401e-04,-2.212549408409e-04,-3.813707279924e-05
1.450000000000e+00,y,7.466666666667e-01,-2.938039038300e-04,-2.384357367412e-04,-5.536816708881e-05
1.450000000000e+00,y,7.600000000000e-01,-3.201059724316e-04,-2.581513571064e-04,-6.195461532523e-05
1.450000000000e+00,y,7.733333333333e-01,-3.366790034162e-04,-2.808708980623e-04,-5.580810535393e-05
1.450000000000e+00,y,7.866666666667e-01,-3.506633426076e-04,-3.071429643665e-04,-4.352037824106e-05
1.450000000000e+00,y,8.000000000000e-01,-3.730425521374e-04,-3.376360251574e-04,-3.540652697998e-05
1.450000000000e+00,y,8.133333333333e-01,-4.146097428840e-04,-3.731971374037e-04,-4.141260548024e-05
1.450000000000e+00,y,8.266666666667e-01,-4.842499154601e-04,-4.149261592016e-04,-6.932375625843e-05
1.450000000000e+00,y,8.400000000000e-01,-5.844308033893e-04,-4.642556290892e-04,-1.201751743001e-04
1.450000000000e+00,y,8.533333333333e-01,-7.044808002063e-04,-5.230160504162e-04,-1.814647497900e-04
1.450000000000e+00,y,8.666666666667e-01,-8.293325316491e-04,-5.934521466282e-04,-2.358803850209e-04
1.450000000000e+00,y,8.800000000000e-01,-9.431848304935e-04,-6.781385502231e-04,-2.650462802704e-04
1.450000000000e+00,y,8.933333333333e-01,-1.031642333077e-03,-7.797261285832e-04,-2.519162044940e-04
1.450000000000e+00,y,9.066666666667e-01,-1.088727493528e-03,-9.004384597022e-04,-1.882890338263e-04
1.450000000000e+00,y,9.200000000000e-01,-1.120131463893e-03,-1.041241072696e-03,-7.889039119689e-05
1.450000000000e+00,y,9.333333333333e-01,-1.133853131709e-03,-1.200636009482e-03,6.678287777330e-05
1.450000000000e+00,y,9.466666666667e-01,-1.137265209808e-03,-1.373103198889e-03,2.358379890807e-04
1.450000000000e+00,y,9.600000000000e-01,-1.134370661645e-03,-1.547325107765e-03,4.129544461194e-04
1.450000000000e+00,y,9.733333333333e-01,-1.115700245187e-03,-1.704486885896e-03,5.887866407082e-04
1.450000000000e+00,y,9.866666666667e-01,-1.060248117017e-03,-1.817115994799e-03,7.568678777811e-04
1.450000000000e+00,y,1.000000000000e+00,-9.449026214783e-04,-1.849065151060e-03,9.041625295820e-04
1.450000000000e+00,y,1.013333333333e+00,-7.473520575401e-04,-1.757283199463e-03,1.009931141923e-03
1.450000000000e+00,y,1.026666666667e+00,-4.497233774931e-04,-1.495888926774e-03,1.046165549281e-03
1.450000000000e+00,y,1.040000000000e+00,-4.677511455434e-05,-1.022713033938e-03,9.759379193835e-04
1.450000000000e+00,y,1.053333333333e+00,4.574522645796e-04,-3.079062770253e-04,7.653585416049e-04
1.450000000000e+00,y,1.066666666667e+00,1.052861860919e-03,6.564922033793e-04,3.963696575399e-04
1.450000000000e+00,y,1.080000000000e+00,1.723696982298e-03,1.847809129818e-03,-1.241121475201e-04
1.450000000000e+00,y,1.093333333333e+00,2.447394797255e-03,3.207024674245e-03,-7.596298769897e-04
1.450000000000e+00,y,1.106666666667e+00,3.191277938456e-03,4.638263356474e-03,-1.446985418018e-03
1.450000000000e+00,y,1.120000000000e+00,3.918496832106e-03,6.015010723490e-03,-2.096513891384e-03
1.450000000000e+00,y,1.133333333333e+00,4.591012979799e-03,7.193343831864e-03,-2.602330852064e-03
1.450000000000e+00,y,1.146666666667e+00,5.171384976342e-03,8.030857758580e-03,-2.859472782238e-03
1.450000000000e+00,y,1.160000000000e+00,5.626987978503e-03,8.408379018178e-03,-2.781391039675e-03
1.450000000000e+00,y,1.173333333333e+00,5.932958159943e-03,8.250440756261e-03,-2.317482596318e-03
1.450000000000e+00,y,1.186666666667e+00,6.067822159147e-03,7.540247594665e-03,-1.472425435518e-03
1.450000000000e+00,y,1.200000000000e+00,6.012704557058e-03,6.325663640507e-03,-3.129590834486e-04
1.450000000000e+00,y,1.213333333333e+00,5.750841635797e-03,4.714500648089e-03,1.036340987709e-03
1.450000000000e+00,y,1.226666666667e+00,5.260938093930e-03,2.859658332392e-03,2.401279761538e-03
1.450000000000e+00,y,1.240000000000e+00,4.520121486136e-03,9.368868518036e-04,3.583234634332e-03
1.450000000000e+00,y,1.253333333333e+00,3.515285243441e-03,-8.804894607142e-04,4.395774704155e-03
1.450000000000e+00,y,1.266666666667e+00,2.248615440408e-03,-2.445037285269e-03,4.693652725678e-03
1.450000000000e+00,y,1.280000000000e+00,7.466355998771e-04,-3.652666676965e-03,4.399302276842e-03
1.450000000000e+00,y,1.293333333333e+00,-9.050868589403e-04,-4.451445947325e-03,3.546359088385e-03
1.450000000000e+00,y,1.306666666667e+00,-2.584827982191e-03,-4.841187868013e-03,2.256359885822e-03
1.450000000000e+00,y,1.320000000000e+00,-4.161762793769e-03,-4.865150707523e-03,7.033879137537e-04
1.450000000000e+00,y,1.333333333333e+00,-5.506355746533e-03,-4.596568215076e-03,-9.097875314575e-04
1.450000000000e+00,y,1.346666666667e+00,-6.505053867908e-03,-4.123278058924e-03,-2.381775808984e-03
1.450000000000e+00,y,1.360000000000e+00,-7.082719153386e-03,-3.533462441327e-03,-3.549256712059e-03
1.450000000000e+00,y,1.373333333333e+00,-7.193351942453e-03,-2.904662768800e-03,-4.288689173653e-03
1.450000000000e+00,y,1.386666666667e+00,-6.819136595178e-03,-2.297108195169e-03,-4.522028400009e-03
1.450000000000e+00,y,1.400000000000e+00,-5.973662596002e-03,-1.751328500757e-03,-4.222334095245e-03
1.450000000000e+00,y,1.413333333333e+00,-4.727032334709e-03,-1.289237266822e-03,-3.437795067887e-03
1.450000000000e+00,y,1.426666666667e+00,-3.226209511234e-03,-9.174727396264e-04,-2.308736771608e-03
1.450000000000e+00,y,1.440000000000e+00,-1.640949160317e-03,-6.317492591314e-04,-1.009199901186e-03
1.450000000000e+00,y,1.453333333333e+00,-1.431381069458e-04,-4.211978073200e-04,2.780597003742e-04
1.450000000000e+00,y,1.466666666667e+00,1.109734710853e-03,-2.720264254147e-04,1.381761136268e-03
1.450000000000e+00,y,1.480000000000e+00,2.020082964998e-03,-1.701905966081e-04,2.190273561606e-03
1.450000000000e+00,y,1.493333333333e+00,2.558078329746e-03,-1.030507865141e-04,2.661129116260e-03
1.450000000000e+00,y,1.506666666667e+00,2.725822007366e-03,-6.017554869799e-05,2.785997556064e-03
1.450000000000e+00,y,1.520000000000e+00,2.552140428726e-03,-3.352742084246e-05,2.585667849569e-03
1.450000000000e+00,y,1.533333333333e+00,2.090126444501e-03,-1.727056826994e-05,2.107397012771e-03
1.450000000000e+00,y,1.546666666667e+00,1.428832470655e-03,-7.395917014901e-06,1.436228387670e-03
1.450000000000e+00,y,1.560000000000e+00,6.779714960150e-04,-1.299728521505e-06,6.792712245365e-04
1.450000000000e+00,y,1.573333333333e+00,-5.171166775533e-05,2.605302968211e-06,-5.431697072354e-05
1.450000000000e+00,y,1.586666666667e+00,-6.582954274762e-04,5.211280286027e-06,-6.635067077622e-04
1.450000000000e+00,y,1.600000000000e+00,-1.066025895063e-03,6.961918420148e-06,-1.072987813483e-03
1.450000000000e+00,y,1.613333333333e+00,-1.262334832579e-03,8.033042875252e-06,-1.270367875454e-03
1.450000000000e+00,y,1.626666666667e+00,-1.267549180638e-03,8.460040747313e-06,-1.276009221385e-03
1.450000000000e+00,y,1.640000000000e+00,-1.118334862461e-03,8.225094362545e-06,-1.126559956823e-03
1.450000000000e+00,y,1.653333333333e+00,-8.617189569848e-04,7.314240685706e-06,-8.690331976705e-04
1.450000000000e+00,y,1.666666666667e+00,-5.474378182574e-04,5.751309710070e-06,-5.531891279675e-04
1.450000000000e+00,y,1.680000000000e+00,-2.207689965507e-04,3.613677709081e-06,-2.243826742598e-04
1.450000000000e+00,y,1.693333333333e+00,7.675953972457e-05,1.033772466275e-06,7.572576725829e-05
1.450000000000e+00,y,1.706666666667e+00,3.095226378467e-04,-1.809895916283e-06,3.113325337629e-04
1.450000000000e+00,y,1.720000000000e+00,4.505018054645e-04,-4.708250980947e-06,4.552100564454e-04
1.450000000000e+00,y,1.733333333333e+00,4.935262787577e-04,-7.439817960954e-06,5.009660967187e-04
1.450000000000e+00,y,1.746666666667e+00,4.551543174165e-04,-9.788188182335e-06,4.649425055988e-04
1.450000000000e+00,y,1.760000000000e+00,3.596685321466e-04,-1.155652082074e-05,3.712250529673e-04
1.450000000000e+00,y,1.773333333333e+00,2.349169441709e-04,-1.257827206006e-05,2.474952162310e-04
1.450000000000e+00,y,1.786666666667e+00,1.083176401244e-04,-1.272476567971e-05,1.210424058041e-04
1.450000000000e+00,y,1.800000000000e+00,-2.543772664077e-06,-1.191119895155e-05,9.367426287471e-06
1.450000000000e+00,y,1.813333333333e+00,-8.850938175776e-05,-1.010289119187e-05,-7.840649056589e-05
1.450000000000e+00,y,1.826666666667e+00,-1.442881364839e-04,-7.322915586911e-06,-1.369652208970e-04
1.450000000000e+00,y,1.840000000000e+00,-1.680812411769e-04,-3.660860389572e-06,-1.644203807873e-04
1.450000000000e+00,y,1.853333333333e+00,-1.616859532861e-04,7.192506078458e-07,-1.624052038939e-04
1.450000000000e+00,y,1.866666666667e+00,-1.323126256930e-04,5.575312755366e-06,-1.378879384484e-04
1.450000000000e+00,y,1.880000000000e+00,-8.972791387559e-05,1.059182513109e-05,-1.003197390067e-04
1.450000000000e+00,y,1.893333333333e+00,-4.417427988869e-05,1.539630714868e-05,-5.957058703737e-05
1.450000000000e+00,y,1.906666666667e+00,-5.232079121851e-06,1.958882568831e-05,-2.482090481017e-05
1.450000000000e+00,y,1.920000000000e+00,2.084201558500e-05,2.278294562193e-05,-1.940930036931e-06
1.450000000000e+00,y,1.933333333333e+00,3.436286402853e-05,2.465303945738e-05,9.709824571151e-06
1.450000000000e+00,y,1.946666666667e+00,3.809599706823e-05,2.498016868082e-05,1.311582838741e-05
1.450000000000e+00,y,1.960000000000e+00,3.585151467585e-05,2.368760264744e-05,1.216391202841e-05
1.450000000000e+00,y,1.973333333333e+00,3.169740704770e-05,2.085804013860e-05,1.083936690909e-05
1.450000000000e+00,y,1.986666666667e+00,2.793476180372e-05,1.672772804214e-05,1.120703376158e-05
1.450000000000e+00,y,2.000000000000e+00,2.436922159708e-05,1.165727090220e-05,1.271195069489e-05
