t,axis,s,p_dibem,p_exact,error
4.400000000000e-01,x,-2.000000000000e+00,-9.596282372439e-04,2.718116855170e-07,-9.599000489294e-04
4.400000000000e-01,x,-1.986666666667e+00,-1.009718663093e-03,2.690961398795e-07,-1.009987759233e-03
4.400000000000e-01,x,-1.973333333333e+00,-1.055490996800e-03,2.620532976607e-07,-1.055753050098e-03
4.400000000000e-01,x,-1.960000000000e+00,-1.096345499906e-03,2.510211882816e-07,-1.096596521095e-03
4.400000000000e-01,x,-1.946666666667e+00,-1.131634655325e-03,2.364725610033e-07,-1.131871127886e-03
4.400000000000e-01,x,-1.933333333333e+00,-1.160667482404e-03,2.189872139617e-07,-1.160886469618e-03
4.400000000000e-01,x,-1.920000000000e+00,-1.182714739449e-03,1.992238846551e-07,-1.182913963333e-03
4.400000000000e-01,x,-1.906666666667e+00,-1.197014593133e-03,1.778932337870e-07,-1.197192486367e-03
4.400000000000e-01,x,-1.893333333333e+00,-1.202778380558e-03,1.557332752796e-07,-1.202934113833e-03
4.400000000000e-01,x,-1.880000000000e+00,-1.199196177445e-03,1.334882286640e-07,-1.199329665674e-03
4.400000000000e-01,x,-1.866666666667e+00,-1.185441985113e-03,1.118911717120e-07,-1.185553876285e-03
4.400000000000e-01,x,-1.853333333333e+00,-1.160678436990e-03,9.165010647850e-08,-1.160770087096e-03
4.400000000000e-01,x,-1.840000000000e+00,-1.124060992580e-03,7.343626649529e-08,-1.124134428846e-03
4.400000000000e-01,x,-1.826666666667e+00,-1.074741630748e-03,5.787288593455e-08,-1.074799503634e-03
4.400000000000e-01,x,-1.813333333333e+00,-1.011872079230e-03,4.552242986790e-08,-1.011917601660e-03
4.400000000000e-01,x,-1.800000000000e+00,-9.346066279169e-04,3.687059506689e-08,-9.346434985120e-04
4.400000000000e-01,x,-1.786666666667e+00,-8.421045752302e-04,3.230626990805e-08,-8.421368815002e-04
4.400000000000e-01,x,-1.773333333333e+00,-7.335323536962e-04,3.209797814199e-08,-7.335644516743e-04
4.400000000000e-01,x,-1.760000000000e+00,-6.080653751952e-04,3.636887721935e-08,-6.081017440724e-04
4.400000000000e-01,x,-1.746666666667e+00,-4.648896303184e-04,4.507378726113e-08,-4.649347041057e-04
4.400000000000e-01,x,-1.733333333333e+00,-3.032030699599e-04,5.798262241658e-08,-3.032610525823e-04
4.400000000000e-01,x,-1.720000000000e+00,-1.222167927362e-04,7.467467825586e-08,-1.222914674144e-04
4.400000000000e-01,x,-1.706666666667e+00,7.876238748730e-05,9.454734231990e-08,7.866784014498e-05
4.400000000000e-01,x,-1.693333333333e+00,2.990427693273e-04,1.168409922751e-07,2.989259283350e-04
4.400000000000e-01,x,-1.680000000000e+00,5.367802550218e-04,1.406793979961e-07,5.366395756238e-04
4.400000000000e-01,x,-1.666666666667e+00,7.900800509482e-04,1.651222915527e-07,7.899149286567e-04
4.400000000000e-01,x,-1.653333333333e+00,1.057030628080e-03,1.892244533814e-07,1.056841403627e-03
4.400000000000e-01,x,-1.640000000000e+00,1.335703392716e-03,2.120941908074e-07,1.335491298525e-03
4.400000000000e-01,x,-1.626666666667e+00,1.624152465399e-03,2.329438293588e-07,1.623919521569e-03
4.400000000000e-01,x,-1.613333333333e+00,1.920414560439e-03,2.511259330895e-07,1.920163434505e-03
4.400000000000e-01,x,-1.600000000000e+00,2.222508958607e-03,2.661512742530e-07,2.222242807332e-03
4.400000000000e-01,x,-1.586666666667e+00,2.528437565883e-03,2.776876796224e-07,2.528159878203e-03
4.400000000000e-01,x,-1.573333333333e+00,2.836185051454e-03,2.855422000629e-07,2.835899509254e-03
4.400000000000e-01,x,-1.560000000000e+00,3.143719058307e-03,2.896319222248e-07,3.143429426385e-03
4.400000000000e-01,x,-1.546666666667e+00,3.448990479857e-03,2.899505856603e-07,3.448700529271e-03
4.400000000000e-01,x,-1.533333333333e+00,3.749933796785e-03,2.865385979550e-07,3.749647258187e-03
4.400000000000e-01,x,-1.520000000000e+00,4.044467468008e-03,2.794629597477e-07,4.044188005048e-03
4.400000000000e-01,x,-1.506666666667e+00,4.330494370505e-03,2.688112304166e-07,4.330225559274e-03
4.400000000000e-01,x,-1.493333333333e+00,4.605902283004e-03,2.547004617938e-07,4.605647582542e-03
4.400000000000e-01,x,-1.480000000000e+00,4.868564408903e-03,2.372986486954e-07,4.868327110255e-03
4.400000000000e-01,x,-1.466666666667e+00,5.116339934608e-03,2.168533651149e-07,5.116123081243e-03
4.400000000000e-01,x,-1.453333333333e+00,5.347074619592e-03,1.937204464315e-07,5.346880899146e-03
4.400000000000e-01,x,-1.440000000000e+00,5.558601415537e-03,1.683851816552e-07,5.558433030355e-03
4.400000000000e-01,x,-1.426666666667e+00,5.748741112110e-03,1.414695627042e-07,5.748599642547e-03
4.400000000000e-01,x,-1.413333333333e+00,5.915303007801e-03,1.137214679482e-07,5.915189286333e-03
4.400000000000e-01,x,-1.400000000000e+00,6.056085604718e-03,8.598477712484e-08,6.055999619940e-03
4.400000000000e-01,x,-1.386666666667e+00,6.168877326999e-03,5.915273138212e-08,6.168818174268e-03
4.400000000000e-01,x,-1.373333333333e+00,6.251457262973e-03,3.410975827576e-08,6.251423153214e-03
4.400000000000e-01,x,-1.360000000000e+00,6.301595931816e-03,1.166897372321e-08,6.301584262842e-03
4.400000000000e-01,x,-1.346666666667e+00,6.317056076148e-03,-7.486666870116e-09,6.317063562815e-03
4.400000000000e-01,x,-1.333333333333e+00,6.295593482509e-03,-2.285214957966e-08,6.295616334658e-03
4.400000000000e-01,x,-1.320000000000e+00,6.234957831996e-03,-3.413141438808e-08,6.234991963410e-03
4.400000000000e-01,x,-1.306666666667e+00,6.132893584243e-03,-4.124844116753e-08,6.132934832684e-03
4.400000000000e-01,x,-1.293333333333e+00,5.987140898064e-03,-4.433816261579e-08,5.987185236226e-03
4.400000000000e-01,x,-1.280000000000e+00,5.795436592518e-03,-4.371975250989e-08,5.795480312270e-03
4.400000000000e-01,x,-1.266666666667e+00,5.555515152855e-03,-3.985708255813e-08,5.555555009937e-03
4.400000000000e-01,x,-1.253333333333e+00,5.265109785794e-03,-3.331252078601e-08,5.265143098315e-03
4.400000000000e-01,x,-1.240000000000e+00,4.921953529055e-03,-2.470060208702e-08,4.921978229657e-03
4.400000000000e-01,x,-1.226666666667e+00,4.523780420464e-03,-1.464744431219e-08,4.523795067908e-03
4.400000000000e-01,x,-1.213333333333e+00,4.068326731918e-03,-3.760272839098e-09,4.068330492190e-03
4.400000000000e-01,x,-1.200000000000e+00,3.553332273827e-03,7.390675673082e-09,3.553324883152e-03
4.400000000000e-01,x,-1.186666666667e+00,2.976541775854e-03,1.827792828220e-08,2.976523497926e-03
4.400000000000e-01,x,-1.173333333333e+00,2.335706349706e-03,2.841249170048e-08,2.335677937214e-03
4.400000000000e-01,x,-1.160000000000e+00,1.628585039796e-03,3.733351832700e-08,1.628547706277e-03
4.400000000000e-01,x,-1.146666666667e+00,8.529464678096e-04,4.459695339209e-08,8.529018708562e-04
4.400000000000e-01,x,-1.133333333333e+00,7.018418144205e-06,4.976832851256e-08,6.968649815693e-06
4.400000000000e-01,x,-1.120000000000e+00,-9.065585607265e-04,5.242407196416e-08,-9.066109847985e-04
4.400000000000e-01,x,-1.106666666667e+00,-1.882631625838e-03,5.216407417657e-08,-1.882683789912e-03
4.400000000000e-01,x,-1.093333333333e+00,-2.916002064480e-03,4.863600734829e-08,-2.916050700487e-03
4.400000000000e-01,x,-1.080000000000e+00,-4.001451757932e-03,4.156938423216e-08,-4.001493327316e-03
4.400000000000e-01,x,-1.066666666667e+00,-5.133740857105e-03,3.081496420073e-08,-5.133771672070e-03
4.400000000000e-01,x,-1.053333333333e+00,-6.307605327457e-03,1.638329254832e-08,-6.307621710749e-03
4.400000000000e-01,x,-1.040000000000e+00,-7.517754359105e-03,-1.524748019865e-09,-7.517752834357e-03
4.400000000000e-01,x,-1.026666666667e+00,-8.758867638675e-03,-2.250226700493e-08,-8.758845136408e-03
4.400000000000e-01,x,-1.013333333333e+00,-1.002559247986e-02,-4.594110829331e-08,-1.002554653875e-02
4.400000000000e-01,x,-1.000000000000e+00,-1.131254081045e-02,-7.106034437665e-08,-1.131246975011e-02
4.400000000000e-01,x,-9.866666666667e-01,-1.261428601440e-02,-9.695956884280e-08,-1.261418905484e-02
4.400000000000e-01,x,-9.733333333333e-01,-1.392535962825e-02,-1.226970090456e-07,-1.392523693124e-02
4.400000000000e-01,x,-9.600000000000e-01,-1.524024789246e-02,-1.473951622415e-07,-1.524010049730e-02
4.400000000000e-01,x,-9.466666666667e-01,-1.655338815936e-02,-1.703873217718e-07,-1.655321777203e-02
4.400000000000e-01,x,-9.333333333333e-01,-1.785916516053e-02,-1.914443317725e-07,-1.785897371619e-02
4.400000000000e-01,x,-9.200000000000e-01,-1.915190713844e-02,-2.111741536952e-07,-1.915169596429e-02
4.400000000000e-01,x,-9.066666666667e-01,-2.042588184834e-02,-2.317854729223e-07,-2.042565006287e-02
4.400000000000e-01,x,-8.933333333333e-01,-2.167529243877e-02,-2.585754660074e-07,-2.167503386330e-02
4.400000000000e-01,x,-8.800000000000e-01,-2.289427322085e-02,-3.027708400109e-07,-2.289397045001e-02
4.400000000000e-01,x,-8.666666666667e-01,-2.407688533908e-02,-3.867501211651e-07,-2.407649858896e-02
4.400000000000e-01,x,-8.533333333333e-01,-2.521711235866e-02,-5.532252536415e-07,-2.521655913341e-02
4.400000000000e-01,x,-8.400000000000e-01,-2.630885578728e-02,-8.806654075237e-07,-2.630797512187e-02
4.400000000000e-01,x,-8.266666666667e-01,-2.734593055197e-02,-1.508085085196e-06,-2.734442246688e-02
4.400000000000e-01,x,-8.133333333333e-01,-2.832206045483e-02,-2.673248770352e-06,-2.831938720606e-02
4.400000000000e-01,x,-8.000000000000e-01,-2.923087363451e-02,-4.769306225384e-06,-2.922610432829e-02
4.400000000000e-01,x,-7.866666666667e-01,-3.006589806329e-02,-8.425794402880e-06,-3.005747226889e-02
4.400000000000e-01,x,-7.733333333333e-01,-3.082055711323e-02,-1.462072157352e-05,-3.080593639166e-02
4.400000000000e-01,x,-7.600000000000e-01,-3.148816522756e-02,-2.483089798262e-05,-3.146333432957e-02
4.400000000000e-01,x,-7.466666666667e-01,-3.206192373671e-02,-4.122742750558e-05,-3.202069630920e-02
4.400000000000e-01,x,-7.333333333333e-01,-3.253491686120e-02,-6.692168430891e-05,-3.246799517690e-02
4.400000000000e-01,x,-7.200000000000e-01,-3.290010794598e-02,-1.062632168022e-04,-3.279384472917e-02
4.400000000000e-01,x,-7.066666666667e-01,-3.315033597294e-02,-1.651836883915e-04,-3.298515228455e-02
4.400000000000e-01,x,-6.933333333333e-01,-3.327831240031e-02,-2.515690861515e-04,-3.302674331416e-02
4.400000000000e-01,x,-6.800000000000e-01,-3.327661837828e-02,-3.756254033879e-04,-3.290099297489e-02
4.400000000000e-01,x,-6.666666666667e-01,-3.313770239116e-02,-5.501812170919e-04,-3.258752117406e-02
4.400000000000e-01,x,-6.533333333333e-01,-3.285387837601e-02,-7.908458480982e-04,-3.206303252791e-02
4.400000000000e-01,x,-6.400000000000e-01,-3.241732436701e-02,-1.115917606757e-03,-3.130140676025e-02
4.400000000000e-01,x,-6.266666666667e-01,-3.182008171303e-02,-1.545918168817e-03,-3.027416354421e-02
4.400000000000e-01,x,-6.133333333333e-01,-3.105405491378e-02,-2.102622932942e-03,-2.895143198084e-02
4.400000000000e-01,x,-6.000000000000e-01,-3.011101211678e-02,-2.807470484728e-03,-2.730354163205e-02
4.400000000000e-01,x,-5.866666666667e-01,-2.898258631360e-02,-3.679273780424e-03,-2.530331253318e-02
4.400000000000e-01,x,-5.733333333333e-01,-2.766027726975e-02,-4.731226111260e-03,-2.292905115848e-02
4.400000000000e-01,x,-5.600000000000e-01,-2.613756101968e-02,-5.967297178372e-03,-2.017026384131e-02
4.400000000000e-01,x,-5.466666666667e-01,-2.442078824561e-02,-7.378243757049e-03,-1.704254448856e-02
4.400000000000e-01,x,-5.333333333333e-01,-2.252114174841e-02,-8.937603232469e-03,-1.358353851594e-02
4.400000000000e-01,x,-5.200000000000e-01,-2.044969641808e-02,-1.059817680886e-02,-9.851519609220e-03
4.400000000000e-01,x,-5.066666666667e-01,-1.821741540895e-02,-1.228961597768e-02,-5.927799431271e-03
4.400000000000e-01,x,-4.933333333333e-01,-1.583515689502e-02,-1.391777109147e-02,-1.917385803546e-03
4.400000000000e-01,x,-4.800000000000e-01,-1.331368164741e-02,-1.536641660634e-02,2.052734958929e-03
4.400000000000e-01,x,-4.666666666667e-01,-1.066366142421e-02,-1.650181388641e-02,5.838152462201e-03
4.400000000000e-01,x,-4.533333333333e-01,-7.895688157927e-03,-1.718030435086e-02,9.284616192928e-03
4.400000000000e-01,x,-4.400000000000e-01,-5.020283921479e-03,-1.725875817503e-02,1.223847425355e-02
4.400000000000e-01,x,-4.266666666667e-01,-2.047911649093e-03,-1.660727406227e-02,1.455936241318e-02
4.400000000000e-01,x,-4.133333333333e-01,1.011013414912e-03,-1.512309148131e-02,1.613410489622e-02
4.400000000000e-01,x,-4.000000000000e-01,4.146111570100e-03,-1.274430944788e-02,1.689042101798e-02
4.400000000000e-01,x,-3.866666666667e-01,7.347025850158e-03,-9.461778966989e-03,1.680880481715e-02
4.400000000000e-01,x,-3.733333333333e-01,1.060340858572e-02,-5.327511555804e-03,1.593092014152e-02
4.400000000000e-01,x,-3.600000000000e-01,1.390490737863e-02,-4.581600623966e-04,1.436306744102e-02
4.400000000000e-01,x,-3.466666666667e-01,1.724115052898e-02,4.967420193308e-03,1.227373033568e-02
4.400000000000e-01,x,-3.333333333333e-01,2.060173195868e-02,1.071687432282e-02,9.884857635862e-03
4.400000000000e-01,x,-3.200000000000e-01,2.397619567781e-02,1.651889689270e-02,7.457298785104e-03
4.400000000000e-01,x,-3.066666666667e-01,2.735401984293e-02,2.208244107854e-02,5.271578764388e-03
4.400000000000e-01,x,-2.933333333333e-01,3.072460045932e-02,2.711874703488e-02,3.605853424444e-03
4.400000000000e-01,x,-2.800000000000e-01,3.407723478248e-02,3.136391448194e-02,2.713320300536e-03
4.400000000000e-01,x,-2.666666666667e-01,3.740110447787e-02,3.459960736348e-02,2.801497114398e-03
4.400000000000e-01,x,-2.533333333333e-01,4.068525860213e-02,3.666966757936e-02,4.015591022765e-03
4.400000000000e-01,x,-2.400000000000e-01,4.391859647280e-02,3.749090635356e-02,6.427690119235e-03
4.400000000000e-01,x,-2.266666666667e-01,4.708985049902e-02,3.705706235390e-02,1.003278814512e-02
4.400000000000e-01,x,-2.133333333333e-01,5.018756904977e-02,3.543575556939e-02,1.475181348038e-02
4.400000000000e-01,x,-2.000000000000e-01,5.320009944177e-02,3.275909924995e-02,2.044100019182e-02
4.400000000000e-01,x,-1.866666666667e-01,5.611557113364e-02,2.920933918092e-02,2.690623195272e-02
4.400000000000e-01,x,-1.733333333333e-01,5.892187921797e-02,2.500137681393e-02,3.392050240404e-02
4.400000000000e-01,x,-1.600000000000e-01,6.160666830691e-02,2.036424716976e-02,4.124242113714e-02
4.400000000000e-01,x,-1.466666666667e-01,6.415731691075e-02,1.552355639391e-02,4.863376051683e-02
4.400000000000e-01,x,-1.333333333333e-01,6.656092241169e-02,1.068657195895e-02,5.587435045275e-02
4.400000000000e-01,x,-1.200000000000e-01,6.880428673680e-02,6.031167267646e-03,6.277311946915e-02
4.400000000000e-01,x,-1.066666666667e-01,7.087390283459e-02,1.699236349965e-03,6.917466648463e-02
4.400000000000e-01,x,-9.333333333333e-02,7.275594205890e-02,-2.205398279268e-03,7.496134033817e-02
4.400000000000e-01,x,-8.000000000000e-02,7.443624256094e-02,-5.615081227528e-03,8.005132378847e-02
4.400000000000e-01,x,-6.666666666667e-02,7.590029878647e-02,-8.493305754480e-03,8.439360454095e-02
4.400000000000e-01,x,-5.333333333333e-02,7.713325216893e-02,-1.082768048755e-02,8.796093265647e-02
4.400000000000e-01,x,-4.000000000000e-02,7.811988310156e-02,-1.262202332049e-02,9.074190642204e-02
4.400000000000e-01,x,-2.666666666667e-02,7.884460426231e-02,-1.388861846896e-02,9.273322273127e-02
4.400000000000e-01,x,-1.333333333333e-02,7.929145535417e-02,-1.464146763944e-02,9.393292299361e-02
4.400000000000e-01,x,0.000000000000e+00,7.944409931132e-02,-1.489112347458e-02,9.433522278590e-02
4.400000000000e-01,x,1.333333333333e-02,7.929145535417e-02,-1.464146763944e-02,9.393292299361e-02
4.400000000000e-01,x,2.666666666667e-02,7.884460426231e-02,-1.388861846896e-02,9.273322273127e-02
4.400000000000e-01,x,4.000000000000e-02,7.811988310156e-02,-1.262202332049e-02,9.074190642204e-02
4.400000000000e-01,x,5.333333333333e-02,7.713325216893e-02,-1.082768048755e-02,8.796093265647e-02
4.400000000000e-01,x,6.666666666667e-02,7.590029878647e-02,-8.493305754480e-03,8.439360454095e-02
4.400000000000e-01,x,8.000000000000e-02,7.443624256094e-02,-5.615081227528e-03,8.005132378847e-02
4.400000000000e-01,x,9.333333333333e-02,7.275594205890e-02,-2.205398279268e-03,7.496134033817e-02
4.400000000000e-01,x,1.066666666667e-01,7.087390283460e-02,1.699236349965e-03,6.917466648463e-02
4.400000000000e-01,x,1.200000000000e-01,6.880428673680e-02,6.031167267646e-03,6.277311946915e-02
4.400000000000e-01,x,1.333333333333e-01,6.656092241169e-02,1.068657195895e-02,5.587435045275e-02
4.400000000000e-01,x,1.466666666667e-01,6.415731691075e-02,1.552355639391e-02,4.863376051684e-02
4.400000000000e-01,x,1.600000000000e-01,6.160666830691e-02,2.036424716976e-02,4.124242113715e-02
4.400000000000e-01,x,1.733333333333e-01,5.892187921797e-02,2.500137681393e-02,3.392050240404e-02
4.400000000000e-01,x,1.866666666667e-01,5.611557113364e-02,2.920933918092e-02,2.690623195272e-02
4.400000000000e-01,x,2.000000000000e-01,5.320009944177e-02,3.275909924995e-02,2.044100019182e-02
4.400000000000e-01,x,2.133333333333e-01,5.018756904978e-02,3.543575556939e-02,1.475181348039e-02
4.400000000000e-01,x,2.266666666667e-01,4.708985049902e-02,3.705706235390e-02,1.003278814512e-02
4.400000000000e-01,x,2.400000000000e-01,4.391859647280e-02,3.749090635356e-02,6.427690119238e-03
4.400000000000e-01,x,2.533333333333e-01,4.068525860213e-02,3.666966757936e-02,4.015591022768e-03
4.400000000000e-01,x,2.666666666667e-01,3.740110447788e-02,3.459960736348e-02,2.801497114403e-03
4.400000000000e-01,x,2.800000000000e-01,3.407723478248e-02,3.136391448194e-02,2.713320300539e-03
4.400000000000e-01,x,2.933333333333e-01,3.072460045933e-02,2.711874703488e-02,3.605853424447e-03
4.400000000000e-01,x,3.066666666667e-01,2.735401984293e-02,2.208244107854e-02,5.271578764392e-03
4.400000000000e-01,x,3.200000000000e-01,2.397619567781e-02,1.651889689270e-02,7.457298785108e-03
4.400000000000e-01,x,3.333333333333e-01,2.060173195868e-02,1.071687432282e-02,9.884857635866e-03
4.400000000000e-01,x,3.466666666667e-01,1.724115052899e-02,4.967420193308e-03,1.227373033568e-02
4.400000000000e-01,x,3.600000000000e-01,1.390490737863e-02,-4.581600623966e-04,1.436306744103e-02
4.400000000000e-01,x,3.733333333333e-01,1.060340858572e-02,-5.327511555804e-03,1.593092014152e-02
4.400000000000e-01,x,3.866666666667e-01,7.347025850161e-03,-9.461778966989e-03,1.680880481715e-02
4.400000000000e-01,x,4.000000000000e-01,4.146111570104e-03,-1.274430944788e-02,1.689042101799e-02
4.400000000000e-01,x,4.133333333333e-01,1.011013414915e-03,-1.512309148131e-02,1.613410489622e-02
4.400000000000e-01,x,4.266666666667e-01,-2.047911649090e-03,-1.660727406227e-02,1.455936241318e-02
4.400000000000e-01,x,4.400000000000e-01,-5.020283921474e-03,-1.725875817503e-02,1.223847425356e-02
4.400000000000e-01,x,4.533333333333e-01,-7.895688157925e-03,-1.718030435086e-02,9.284616192931e-03
4.400000000000e-01,x,4.666666666667e-01,-1.066366142421e-02,-1.650181388641e-02,5.838152462203e-03
4.400000000000e-01,x,4.800000000000e-01,-1.331368164741e-02,-1.536641660634e-02,2.052734958932e-03
4.400000000000e-01,x,4.933333333333e-01,-1.583515689501e-02,-1.391777109147e-02,-1.917385803544e-03
4.400000000000e-01,x,5.066666666667e-01,-1.821741540895e-02,-1.228961597768e-02,-5.927799431270e-03
4.400000000000e-01,x,5.200000000000e-01,-2.044969641808e-02,-1.059817680886e-02,-9.851519609218e-03
4.400000000000e-01,x,5.333333333333e-01,-2.252114174841e-02,-8.937603232469e-03,-1.358353851594e-02
4.400000000000e-01,x,5.466666666667e-01,-2.442078824561e-02,-7.378243757049e-03,-1.704254448856e-02
4.400000000000e-01,x,5.600000000000e-01,-2.613756101968e-02,-5.967297178372e-03,-2.017026384131e-02
4.400000000000e-01,x,5.733333333333e-01,-2.766027726974e-02,-4.731226111260e-03,-2.292905115848e-02
4.400000000000e-01,x,5.866666666667e-01,-2.898258631360e-02,-3.679273780424e-03,-2.530331253318e-02
4.400000000000e-01,x,6.000000000000e-01,-3.011101211678e-02,-2.807470484728e-03,-2.730354163205e-02
4.400000000000e-01,x,6.133333333333e-01,-3.105405491378e-02,-2.102622932942e-03,-2.895143198084e-02
4.400000000000e-01,x,6.266666666667e-01,-3.182008171303e-02,-1.545918168817e-03,-3.027416354421e-02
4.400000000000e-01,x,6.400000000000e-01,-3.241732436701e-02,-1.115917606757e-03,-3.130140676025e-02
4.400000000000e-01,x,6.533333333333e-01,-3.285387837601e-02,-7.908458480982e-04,-3.206303252791e-02
4.400000000000e-01,x,6.666666666667e-01,-3.313770239116e-02,-5.501812170919e-04,-3.258752117407e-02
4.400000000000e-01,x,6.800000000000e-01,-3.327661837829e-02,-3.756254033879e-04,-3.290099297490e-02
4.400000000000e-01,x,6.933333333333e-01,-3.327831240031e-02,-2.515690861515e-04,-3.302674331416e-02
4.400000000000e-01,x,7.066666666667e-01,-3.315033597294e-02,-1.651836883915e-04,-3.298515228455e-02
4.400000000000e-01,x,7.200000000000e-01,-3.290010794598e-02,-1.062632168022e-04,-3.279384472918e-02
4.400000000000e-01,x,7.333333333333e-01,-3.253491686121e-02,-6.692168430891e-05,-3.246799517690e-02
4.400000000000e-01,x,7.466666666667e-01,-3.206192373671e-02,-4.122742750558e-05,-3.202069630921e-02
4.400000000000e-01,x,7.600000000000e-01,-3.148816522756e-02,-2.483089798262e-05,-3.146333432958e-02
4.400000000000e-01,x,7.733333333333e-01,-3.082055711324e-02,-1.462072157352e-05,-3.080593639167e-02
4.400000000000e-01,x,7.866666666667e-01,-3.006589806330e-02,-8.425794402880e-06,-3.005747226890e-02
4.400000000000e-01,x,8.000000000000e-01,-2.923087363452e-02,-4.769306225384e-06,-2.922610432830e-02
4.400000000000e-01,x,8.133333333333e-01,-2.832206045484e-02,-2.673248770352e-06,-2.831938720607e-02
4.400000000000e-01,x,8.266666666667e-01,-2.734593055198e-02,-1.508085085196e-06,-2.734442246689e-02
4.400000000000e-01,x,8.400000000000e-01,-2.630885578729e-02,-8.806654075237e-07,-2.630797512188e-02
4.400000000000e-01,x,8.533333333333e-01,-2.521711235868e-02,-5.532252536415e-07,-2.521655913342e-02
4.400000000000e-01,x,8.666666666667e-01,-2.407688533909e-02,-3.867501211651e-07,-2.407649858897e-02
4.400000000000e-01,x,8.800000000000e-01,-2.289427322086e-02,-3.027708400109e-07,-2.289397045002e-02
4.400000000000e-01,x,8.933333333333e-01,-2.167529243878e-02,-2.585754660074e-07,-2.167503386332e-02
4.400000000000e-01,x,9.066666666667e-01,-2.042588184836e-02,-2.317854729223e-07,-2.042565006289e-02
4.400000000000e-01,x,9.200000000000e-01,-1.915190713846e-02,-2.111741536952e-07,-1.915169596430e-02
4.400000000000e-01,x,9.333333333333e-01,-1.785916516055e-02,-1.914443317725e-07,-1.785897371621e-02
4.400000000000e-01,x,9.466666666667e-01,-1.655338815937e-02,-1.703873217718e-07,-1.655321777205e-02
4.400000000000e-01,x,9.600000000000e-01,-1.524024789248e-02,-1.473951622415e-07,-1.524010049732e-02
4.400000000000e-01,x,9.733333333333e-01,-1.392535962827e-02,-1.226970090456e-07,-1.392523693126e-02
4.400000000000e-01,x,9.866666666667e-01,-1.261428601443e-02,-9.695956884280e-08,-1.261418905486e-02
4.400000000000e-01,x,1.000000000000e+00,-1.131254081047e-02,-7.106034437665e-08,-1.131246975013e-02
4.400000000000e-01,x,1.013333333333e+00,-1.002559247988e-02,-4.594110829331e-08,-1.002554653877e-02
4.400000000000e-01,x,1.026666666667e+00,-8.758867638696e-03,-2.250226700493e-08,-8.758845136429e-03
4.400000000000e-01,x,1.040000000000e+00,-7.517754359125e-03,-1.524748019865e-09,-7.517752834377e-03
4.400000000000e-01,x,1.053333333333e+00,-6.307605327477e-03,1.638329254832e-08,-6.307621710769e-03
4.400000000000e-01,x,1.066666666667e+00,-5.133740857130e-03,3.081496420073e-08,-5.133771672094e-03
4.400000000000e-01,x,1.080000000000e+00,-4.001451757953e-03,4.156938423216e-08,-4.001493327337e-03
4.400000000000e-01,x,1.093333333333e+00,-2.916002064500e-03,4.863600734829e-08,-2.916050700507e-03
4.400000000000e-01,x,1.106666666667e+00,-1.882631625862e-03,5.216407417657e-08,-1.882683789936e-03
4.400000000000e-01,x,1.120000000000e+00,-9.065585607477e-04,5.242407196416e-08,-9.066109848196e-04
4.400000000000e-01,x,1.133333333333e+00,7.018418121718e-06,4.976832851256e-08,6.968649793205e-06
4.400000000000e-01,x,1.146666666667e+00,8.529464677863e-04,4.459695339209e-08,8.529018708329e-04
4.400000000000e-01,x,1.160000000000e+00,1.628585039771e-03,3.733351832700e-08,1.628547706252e-03
4.400000000000e-01,x,1.173333333333e+00,2.335706349679e-03,2.841249170048e-08,2.335677937188e-03
4.400000000000e-01,x,1.186666666667e+00,2.976541775830e-03,1.827792828220e-08,2.976523497902e-03
4.400000000000e-01,x,1.200000000000e+00,3.553332273799e-03,7.390675673082e-09,3.553324883123e-03
4.400000000000e-01,x,1.213333333333e+00,4.068326731893e-03,-3.760272839098e-09,4.068330492166e-03
4.400000000000e-01,x,1.226666666667e+00,4.523780420441e-03,-1.464744431219e-08,4.523795067885e-03
4.400000000000e-01,x,1.240000000000e+00,4.921953529029e-03,-2.470060208702e-08,4.921978229631e-03
4.400000000000e-01,x,1.253333333333e+00,5.265109785770e-03,-3.331252078601e-08,5.265143098290e-03
4.400000000000e-01,x,1.266666666667e+00,5.555515152833e-03,-3.985708255813e-08,5.555555009916e-03
4.400000000000e-01,x,1.280000000000e+00,5.795436592494e-03,-4.371975250989e-08,5.795480312247e-03
4.400000000000e-01,x,1.293333333333e+00,5.987140898039e-03,-4.433816261579e-08,5.987185236202e-03
4.400000000000e-01,x,1.306666666667e+00,6.132893584220e-03,-4.124844116753e-08,6.132934832661e-03
4.400000000000e-01,x,1.320000000000e+00,6.234957831971e-03,-3.413141438808e-08,6.234991963385e-03
4.400000000000e-01,x,1.333333333333e+00,6.295593482483e-03,-2.285214957966e-08,6.295616334633e-03
4.400000000000e-01,x,1.346666666667e+00,6.317056076129e-03,-7.486666870116e-09,6.317063562796e-03
4.400000000000e-01,x,1.360000000000e+00,6.301595931792e-03,1.166897372321e-08,6.301584262818e-03
4.400000000000e-01,x,1.373333333333e+00,6.251457262950e-03,3.410975827576e-08,6.251423153192e-03
4.400000000000e-01,x,1.386666666667e+00,6.168877326982e-03,5.915273138212e-08,6.168818174250e-03
4.400000000000e-01,x,1.400000000000e+00,6.056085604694e-03,8.598477712484e-08,6.055999619917e-03
4.400000000000e-01,x,1.413333333333e+00,5.915303007778e-03,1.137214679482e-07,5.915189286311e-03
4.400000000000e-01,x,1.426666666667e+00,5.748741112094e-03,1.414695627042e-07,5.748599642531e-03
4.400000000000e-01,x,1.440000000000e+00,5.558601415518e-03,1.683851816552e-07,5.558433030336e-03
4.400000000000e-01,x,1.453333333333e+00,5.347074619572e-03,1.937204464315e-07,5.346880899126e-03
4.400000000000e-01,x,1.466666666667e+00,5.116339934582e-03,2.168533651149e-07,5.116123081216e-03
4.400000000000e-01,x,1.480000000000e+00,4.868564408888e-03,2.372986486954e-07,4.868327110240e-03
4.400000000000e-01,x,1.493333333333e+00,4.605902282987e-03,2.547004617938e-07,4.605647582525e-03
4.400000000000e-01,x,1.506666666667e+00,4.330494370483e-03,2.688112304166e-07,4.330225559253e-03
4.400000000000e-01,x,1.520000000000e+00,4.044467467989e-03,2.794629597477e-07,4.044188005029e-03
4.400000000000e-01,x,1.533333333333e+00,3.749933796767e-03,2.865385979550e-07,3.749647258169e-03
4.400000000000e-01,x,1.546666666667e+00,3.448990479833e-03,2.899505856603e-07,3.448700529247e-03
4.400000000000e-01,x,1.560000000000e+00,3.143719058292e-03,2.896319222248e-07,3.143429426370e-03
4.400000000000e-01,x,1.573333333333e+00,2.836185051443e-03,2.855422000629e-07,2.835899509243e-03
4.400000000000e-01,x,1.586666666667e+00,2.528437565861e-03,2.776876796224e-07,2.528159878181e-03
4.400000000000e-01,x,1.600000000000e+00,2.222508958591e-03,2.661512742530e-07,2.222242807317e-03
4.400000000000e-01,x,1.613333333333e+00,1.920414560425e-03,2.511259330895e-07,1.920163434492e-03
4.400000000000e-01,x,1.626666666667e+00,1.624152465377e-03,2.329438293588e-07,1.623919521548e-03
4.400000000000e-01,x,1.640000000000e+00,1.335703392701e-03,2.120941908074e-07,1.335491298510e-03
4.400000000000e-01,x,1.653333333333e+00,1.057030628066e-03,1.892244533814e-07,1.056841403613e-03
4.400000000000e-01,x,1.666666666667e+00,7.900800509264e-04,1.651222915527e-07,7.899149286349e-04
4.400000000000e-01,x,1.680000000000e+00,5.367802550102e-04,1.406793979961e-07,5.366395756122e-04
4.400000000000e-01,x,1.693333333333e+00,2.990427693174e-04,1.168409922751e-07,2.989259283251e-04
4.400000000000e-01,x,1.706666666667e+00,7.876238747107e-05,9.454734231990e-08,7.866784012875e-05
4.400000000000e-01,x,1.720000000000e+00,-1.222167927465e-04,7.467467825586e-08,-1.222914674248e-04
4.400000000000e-01,x,1.733333333333e+00,-3.032030699712e-04,5.798262241658e-08,-3.032610525936e-04
4.400000000000e-01,x,1.746666666667e+00,-4.648896303250e-04,4.507378726113e-08,-4.649347041122e-04
4.400000000000e-01,x,1.760000000000e+00,-6.080653752077e-04,3.636887721935e-08,-6.081017440849e-04
4.400000000000e-01,x,1.773333333333e+00,-7.335323537016e-04,3.209797814199e-08,-7.335644516797e-04
4.400000000000e-01,x,1.786666666667e+00,-8.421045752370e-04,3.230626990805e-08,-8.421368815069e-04
4.400000000000e-01,x,1.800000000000e+00,-9.346066279259e-04,3.687059506689e-08,-9.346434985209e-04
4.400000000000e-01,x,1.813333333333e+00,-1.011872079246e-03,4.552242986790e-08,-1.011917601676e-03
4.400000000000e-01,x,1.826666666667e+00,-1.074741630754e-03,5.787288593455e-08,-1.074799503639e-03
4.400000000000e-01,x,1.840000000000e+00,-1.124060992586e-03,7.343626649529e-08,-1.124134428853e-03
4.400000000000e-01,x,1.853333333333e+00,-1.160678437002e-03,9.165010647850e-08,-1.160770087109e-03
4.400000000000e-01,x,1.866666666667e+00,-1.185441985116e-03,1.118911717120e-07,-1.185553876288e-03
4.400000000000e-01,x,1.880000000000e+00,-1.199196177449e-03,1.334882286640e-07,-1.199329665678e-03
4.400000000000e-01,x,1.893333333333e+00,-1.202778380570e-03,1.557332752796e-07,-1.202934113845e-03
4.400000000000e-01,x,1.906666666667e+00,-1.197014593132e-03,1.778932337870e-07,-1.197192486366e-03
4.400000000000e-01,x,1.920000000000e+00,-1.182714739453e-03,1.992238846551e-07,-1.182913963337e-03
4.400000000000e-01,x,1.933333333333e+00,-1.160667482415e-03,2.189872139617e-07,-1.160886469629e-03
4.400000000000e-01,x,1.946666666667e+00,-1.131634655332e-03,2.364725610033e-07,-1.131871127893e-03
4.400000000000e-01,x,1.960000000000e+00,-1.096345499910e-03,2.510211882816e-07,-1.096596521098e-03
4.400000000000e-01,x,1.973333333333e+00,-1.055490996812e-03,2.620532976607e-07,-1.055753050109e-03
4.400000000000e-01,x,1.986666666667e+00,-1.009718663096e-03,2.690961398795e-07,-1.009987759236e-03
4.400000000000e-01,x,2.000000000000e+00,-9.596282372388e-04,2.718116855170e-07,-9.599000489243e-04
4.400000000000e-01,y,-2.000000000000e+00,1.871174896807e-04,-1.528113328754e-06,1.886456030095e-04
4.400000000000e-01,y,-1.986666666667e+00,1.481044835403e-04,-1.713719094424e-06,1.498182026347e-04
4.400000000000e-01,y,-1.973333333333e+00,1.102254236044e-04,-1.830748459040e-06,1.120561720634e-04
4.400000000000e-01,y,-1.960000000000e+00,7.381214122257e-05,-1.871422561314e-06,7.568356378388e-05
4.400000000000e-01,y,-1.946666666667e+00,3.923086332566e-05,-1.834327070899e-06,4.106519039656e-05
4.400000000000e-01,y,-1.933333333333e+00,6.879089339521e-06,-1.724527377640e-06,8.603616717161e-06
4.400000000000e-01,y,-1.920000000000e+00,-2.281821561867e-05,-1.552833673528e-06,-2.126538194514e-05
4.400000000000e-01,y,-1.906666666667e+00,-4.941276359036e-05,-1.334347130347e-06,-4.807841646001e-05
4.400000000000e-01,y,-1.893333333333e+00,-7.243711581382e-05,-1.086545836239e-06,-7.135056997758e-05
4.400000000000e-01,y,-1.880000000000e+00,-9.140865165232e-05,-8.272401875771e-07,-9.058141146474e-05
4.400000000000e-01,y,-1.866666666667e+00,-1.058331866949e-04,-5.727269861503e-07,-1.052604597088e-04
4.400000000000e-01,y,-1.853333333333e+00,-1.152081665191e-04,-3.364028473204e-07,-1.148717636718e-04
4.400000000000e-01,y,-1.840000000000e+00,-1.190254197244e-04,-1.279810885954e-07,-1.188974386358e-04
4.400000000000e-01,y,-1.826666666667e+00,-1.167734904839e-04,4.667661288394e-08,-1.168201670968e-04
4.400000000000e-01,y,-1.813333333333e+00,-1.079395914879e-04,1.852187611589e-07,-1.081248102490e-04
4.400000000000e-01,y,-1.800000000000e+00,-9.201122676214e-05,2.881319014853e-07,-9.229935866362e-05
4.400000000000e-01,y,-1.786666666667e+00,-6.847753451823e-05,3.579375798532e-07,-6.883547209808e-05
4.400000000000e-01,y,-1.773333333333e+00,-3.683039632414e-05,3.984298031867e-07,-3.722882612733e-05
4.400000000000e-01,y,-1.760000000000e+00,3.434646249358e-06,4.140640564279e-07,3.020582192930e-06
4.400000000000e-01,y,-1.746666666667e+00,5.281763296008e-05,4.095395192542e-07,5.240809344083e-05
4.400000000000e-01,y,-1.733333333333e+00,1.118135555107e-04,3.895585595567e-07,1.114239969512e-04
4.400000000000e-01,y,-1.720000000000e+00,1.809118339821e-04,3.587146492016e-07,1.805531193329e-04
4.400000000000e-01,y,-1.706666666667e+00,2.605512271282e-04,3.214536039303e-07,2.602297735243e-04
4.400000000000e-01,y,-1.693333333333e+00,3.504140901878e-04,2.820661693198e-07,3.501320240185e-04
4.400000000000e-01,y,-1.680000000000e+00,4.495537491026e-04,2.446901017965e-07,4.493090590008e-04
4.400000000000e-01,y,-1.666666666667e+00,5.569977579429e-04,2.133150370837e-07,5.567844429058e-04
4.400000000000e-01,y,-1.653333333333e+00,6.717665235064e-04,1.917864227577e-07,6.715747370837e-04
4.400000000000e-01,y,-1.640000000000e+00,7.928731276006e-04,1.837953654638e-07,7.926893322352e-04
4.400000000000e-01,y,-1.626666666667e+00,9.193231798440e-04,1.928254549273e-07,9.191303543891e-04
4.400000000000e-01,y,-1.613333333333e+00,1.050114696723e-03,2.220150863531e-07,1.049892681637e-03
4.400000000000e-01,y,-1.600000000000e+00,1.184238003269e-03,2.738939609275e-07,1.183964109308e-03
4.400000000000e-01,y,-1.586666666667e+00,1.320675654547e-03,3.499711595124e-07,1.320325683387e-03
4.400000000000e-01,y,-1.573333333333e+00,1.458402374369e-03,4.501894882604e-07,1.457952184881e-03
4.400000000000e-01,y,-1.560000000000e+00,1.596385009228e-03,5.723103322080e-07,1.595812698895e-03
4.400000000000e-01,y,-1.546666666667e+00,1.733582495761e-03,7.113434092237e-07,1.732871152352e-03
4.400000000000e-01,y,-1.533333333333e+00,1.868945840500e-03,8.591722266455e-07,1.868086668273e-03
4.400000000000e-01,y,-1.520000000000e+00,2.001418110676e-03,1.004534999050e-06,2.000413575677e-03
4.400000000000e-01,y,-1.506666666667e+00,2.129934435729e-03,1.133492886738e-06,2.128800942842e-03
4.400000000000e-01,y,-1.493333333333e+00,2.253422018987e-03,1.230450713206e-06,2.252191568274e-03
4.400000000000e-01,y,-1.480000000000e+00,2.370800159529e-03,1.279697176822e-06,2.369520462353e-03
4.400000000000e-01,y,-1.466666666667e+00,2.480980284827e-03,1.267318531965e-06,2.479712966295e-03
4.400000000000e-01,y,-1.453333333333e+00,2.582865994777e-03,1.183235050037e-06,2.581682759727e-03
4.400000000000e-01,y,-1.440000000000e+00,2.675353118309e-03,1.023038668662e-06,2.674330079641e-03
4.400000000000e-01,y,-1.426666666667e+00,2.757329784356e-03,7.892946277538e-07,2.756540489729e-03
4.400000000000e-01,y,-1.413333333333e+00,2.827676509031e-03,4.920212749948e-07,2.827184487756e-03
4.400000000000e-01,y,-1.400000000000e+00,2.885266301629e-03,1.481781090986e-07,2.885118123520e-03
4.400000000000e-01,y,-1.386666666667e+00,2.928964792376e-03,-2.198454475203e-07,2.929184637824e-03
4.400000000000e-01,y,-1.373333333333e+00,2.957630385391e-03,-5.865699250102e-07,2.958216955316e-03
4.400000000000e-01,y,-1.360000000000e+00,2.970114440688e-03,-9.262672243591e-07,2.971040707912e-03
4.400000000000e-01,y,-1.346666666667e+00,2.965261489635e-03,-1.215876736150e-06,2.966477366371e-03
4.400000000000e-01,y,-1.333333333333e+00,2.941909488709e-03,-1.437550204518e-06,2.943347038914e-03
4.400000000000e-01,y,-1.320000000000e+00,2.898890116722e-03,-1.580446831774e-06,2.900470563554e-03
4.400000000000e-01,y,-1.306666666667e+00,2.835029121256e-03,-1.641539918643e-06,2.836670661175e-03
4.400000000000e-01,y,-1.293333333333e+00,2.749146720401e-03,-1.625377220929e-06,2.750772097622e-03
4.400000000000e-01,y,-1.280000000000e+00,2.640058066078e-03,-1.542918723035e-06,2.641600984801e-03
4.400000000000e-01,y,-1.266666666667e+00,2.506573775813e-03,-1.409718451229e-06,2.507983494264e-03
4.400000000000e-01,y,-1.253333333333e+00,2.347500539810e-03,-1.243793242755e-06,2.348744333053e-03
4.400000000000e-01,y,-1.240000000000e+00,2.161641810496e-03,-1.063520881766e-06,2.162705331378e-03
4.400000000000e-01,y,-1.226666666667e+00,1.947798581880e-03,-8.858419269984e-07,1.948684423807e-03
4.400000000000e-01,y,-1.213333333333e+00,1.704770265919e-03,-7.249287251143e-07,1.705495194644e-03
4.400000000000e-01,y,-1.200000000000e+00,1.431355673302e-03,-5.913642825849e-07,1.431947037585e-03
4.400000000000e-01,y,-1.186666666667e+00,1.126354105833e-03,-4.917743323577e-07,1.126845880165e-03
4.400000000000e-01,y,-1.173333333333e+00,7.885665673833e-04,-4.288001055702e-07,7.889953674889e-04
4.400000000000e-01,y,-1.160000000000e+00,4.167971002428e-04,-4.012944538688e-07,4.171983946967e-04
4.400000000000e-01,y,-1.146666666667e+00,9.854253332670e-06,-4.046618801476e-07,1.025891521282e-05
4.400000000000e-01,y,-1.133333333333e+00,-4.331917986006e-04,-4.313229153317e-07,-4.327604756852e-04
4.400000000000e-01,y,-1.120000000000e+00,-9.107528576555e-04,-4.713379960998e-07,-9.102815196594e-04
4.400000000000e-01,y,-1.106666666667e+00,-1.419806224349e-03,-5.132502429754e-07,-1.419292974106e-03
4.400000000000e-01,y,-1.093333333333e+00,-1.957301034725e-03,-5.451849365736e-07,-1.956755849789e-03
4.400000000000e-01,y,-1.080000000000e+00,-2.520172405036e-03,-5.561765062147e-07,-2.519616228530e-03
4.400000000000e-01,y,-1.066666666667e+00,-3.105339063361e-03,-5.375994273952e-07,-3.104801463933e-03
4.400000000000e-01,y,-1.053333333333e+00,-3.709700818557e-03,-4.844891043320e-07,-3.709216329453e-03
4.400000000000e-01,y,-1.040000000000e+00,-4.330135864783e-03,-3.964885082452e-07,-4.329739376274e-03
4.400000000000e-01,y,-1.026666666667e+00,-4.963497920551e-03,-2.781741144952e-07,-4.963219746436e-03
4.400000000000e-01,y,-1.013333333333e+00,-5.606613202339e-03,-1.386093866978e-07,-5.606474592952e-03
4.400000000000e-01,y,-1.000000000000e+00,-6.256277233420e-03,9.870655759882e-09,-6.256287104076e-03
4.400000000000e-01,y,-9.866666666667e-01,-6.909251489785e-03,1.534634525098e-07,-6.909404953238e-03
4.400000000000e-01,y,-9.733333333333e-01,-7.562259885927e-03,2.789634942903e-07,-7.562538849422e-03
4.400000000000e-01,y,-9.600000000000e-01,-8.211985104527e-03,3.756866517693e-07,-8.212360791179e-03
4.400000000000e-01,y,-9.466666666667e-01,-8.855064775249e-03,4.368802518222e-07,-8.855501655501e-03
4.400000000000e-01,y,-9.333333333333e-01,-9.488087509359e-03,4.603662226621e-07,-9.488547875581e-03
4.400000000000e-01,y,-9.200000000000e-01,-1.010758879834e-02,4.483463597735e-07,-1.010803714470e-02
4.400000000000e-01,y,-9.066666666667e-01,-1.071004678643e-02,4.064894421148e-07,-1.071045327588e-02
4.400000000000e-01,y,-8.933333333333e-01,-1.129187792900e-02,3.425677773053e-07,-1.129222049678e-02
4.400000000000e-01,y,-8.800000000000e-01,-1.184943255046e-02,2.649800048585e-07,-1.184969753046e-02
4.400000000000e-01,y,-8.666666666667e-01,-1.237899031816e-02,1.814774971004e-07,-1.237917179565e-02
4.400000000000e-01,y,-8.533333333333e-01,-1.287675565074e-02,9.831907039316e-08,-1.287685396981e-02
4.400000000000e-01,y,-8.400000000000e-01,-1.333885308233e-02,1.994604360717e-08,-1.333887302837e-02
4.400000000000e-01,y,-8.266666666667e-01,-1.376132260679e-02,-5.086489964053e-08,-1.376127174189e-02
4.400000000000e-01,y,-8.133333333333e-01,-1.414011502908e-02,-1.125183914767e-07,-1.414000251069e-02
4.400000000000e-01,y,-8.000000000000e-01,-1.447108735412e-02,-1.639905730122e-07,-1.447092336355e-02
4.400000000000e-01,y,-7.866666666667e-01,-1.474999824652e-02,-2.043010920896e-07,-1.474979394543e-02
4.400000000000e-01,y,-7.733333333333e-01,-1.497250359785e-02,-2.322340071897e-07,-1.497227136384e-02
4.400000000000e-01,y,-7.600000000000e-01,-1.513415224134e-02,-2.464008230446e-07,-1.513390584051e-02
4.400000000000e-01,y,-7.466666666667e-01,-1.523038185685e-02,-2.456474459349e-07,-1.523013620940e-02
4.400000000000e-01,y,-7.333333333333e-01,-1.525651511190e-02,-2.297139243221e-07,-1.525628539797e-02
4.400000000000e-01,y,-7.200000000000e-01,-1.520775608714e-02,-1.999790924916e-07,-1.520755610805e-02
4.400000000000e-01,y,-7.066666666667e-01,-1.507918703690e-02,-1.600820628172e-07,-1.507902695484e-02
4.400000000000e-01,y,-6.933333333333e-01,-1.486576553725e-02,-1.162325791215e-07,-1.486564930467e-02
4.400000000000e-01,y,-6.800000000000e-01,-1.456232207531e-02,-7.712963374762e-08,-1.456224494568e-02
4.400000000000e-01,y,-6.666666666667e-01,-1.416355813430e-02,-5.363512683015e-08,-1.416350449918e-02
4.400000000000e-01,y,-6.533333333333e-01,-1.366404482878e-02,-5.874288081327e-08,-1.366398608590e-02
4.400000000000e-01,y,-6.400000000000e-01,-1.305822214395e-02,-1.090196757694e-07,-1.305811312427e-02
4.400000000000e-01,y,-6.266666666667e-01,-1.234039883152e-02,-2.297067629371e-07,-1.234016912476e-02
4.400000000000e-01,y,-6.133333333333e-01,-1.150475301254e-02,-4.672719322445e-07,-1.150428574061e-02
4.400000000000e-01,y,-6.000000000000e-01,-1.054533353468e-02,-9.156965634378e-07,-1.054441783811e-02
4.400000000000e-01,y,-5.866666666667e-01,-9.456062128108e-03,-1.766516097933e-06,-9.454295612010e-03
4.400000000000e-01,y,-5.733333333333e-01,-8.230736399942e-03,-3.397858238374e-06,-8.227338541704e-03
4.400000000000e-01,y,-5.600000000000e-01,-6.864525220218e-03,-6.524320645778e-06,-6.858000899573e-03
4.400000000000e-01,y,-5.466666666667e-01,-5.361686574620e-03,-1.243656242923e-05,-5.349250012190e-03
4.400000000000e-01,y,-5.333333333333e-01,-3.729876496145e-03,-2.336461509081e-05,-3.706511881055e-03
4.400000000000e-01,y,-5.200000000000e-01,-1.976654790343e-03,-4.299782215555e-05,-1.933656968187e-03
4.400000000000e-01,y,-5.066666666667e-01,-1.094857404021e-04,-7.718037442780e-05,-3.230536597433e-05
4.400000000000e-01,y,-4.933333333333e-01,1.864253313635e-03,-1.347661907040e-04,1.999019504339e-03
4.400000000000e-01,y,-4.800000000000e-01,3.937262424681e-03,-2.285520483023e-04,4.165814472983e-03
4.400000000000e-01,y,-4.666666666667e-01,6.102308520838e-03,-3.761089365381e-04,6.478417457376e-03
4.400000000000e-01,y,-4.533333333333e-01,8.352213928666e-03,-6.002037865976e-04,8.952417715264e-03
4.400000000000e-01,y,-4.400000000000e-01,1.067984395094e-02,-9.283685003710e-04,1.160821245131e-02
4.400000000000e-01,y,-4.266666666667e-01,1.307809351693e-02,-1.391073243517e-03,1.446916676045e-02
4.400000000000e-01,y,-4.133333333333e-01,1.553987292766e-02,-2.017959467273e-03,1.755783239494e-02
4.400000000000e-01,y,-4.000000000000e-01,1.805809272235e-02,-2.831758151130e-03,2.088985087348e-02
4.400000000000e-01,y,-3.866666666667e-01,2.062564769648e-02,-3.839920285287e-03,2.446556798177e-02
4.400000000000e-01,y,-3.733333333333e-01,2.323540010545e-02,-5.024633128998e-03,2.826003323445e-02
4.400000000000e-01,y,-3.600000000000e-01,2.588016209148e-02,-6.332719098191e-03,3.221288118967e-02
4.400000000000e-01,y,-3.466666666667e-01,2.855267737556e-02,-7.667742367299e-03,3.622041974286e-02
4.400000000000e-01,y,-3.333333333333e-01,3.124560225998e-02,-8.887214745611e-03,4.013281700559e-02
4.400000000000e-01,y,-3.200000000000e-01,3.395148599151e-02,-9.807788536729e-03,4.375927452824e-02
4.400000000000e-01,y,-3.066666666667e-01,3.666275054007e-02,-1.022049560447e-02,4.688324614454e-02
4.400000000000e-01,y,-2.933333333333e-01,3.937166985284e-02,-9.916357105627e-03,4.928802695846e-02
4.400000000000e-01,y,-2.800000000000e-01,4.207034864954e-02,-8.720238251918e-03,5.079058690146e-02
4.400000000000e-01,y,-2.666666666667e-01,4.475070083110e-02,-6.528152636816e-03,5.127885346792e-02
4.400000000000e-01,y,-2.533333333333e-01,4.740442758031e-02,-3.341057473710e-03,5.074548505402e-02
4.400000000000e-01,y,-2.400000000000e-01,5.002299524080e-02,7.127032620254e-04,4.931029197877e-02
4.400000000000e-01,y,-2.266666666667e-01,5.259761306805e-02,5.373192954285e-03,4.722442011377e-02
4.400000000000e-01,y,-2.133333333333e-01,5.511921095416e-02,1.026688620036e-02,4.485232475380e-02
4.400000000000e-01,y,-2.000000000000e-01,5.757841723600e-02,1.494645659969e-02,4.263196063631e-02
4.400000000000e-01,y,-1.866666666667e-01,5.996553670438e-02,1.894703737345e-02,4.101849933092e-02
4.400000000000e-01,y,-1.733333333333e-01,6.227052893909e-02,2.184955040461e-02,4.042097853448e-02
4.400000000000e-01,y,-1.600000000000e-01,6.448298710171e-02,2.333957765512e-02,4.114340944658e-02
4.400000000000e-01,y,-1.466666666667e-01,6.659211732360e-02,2.325079367414e-02,4.334132364946e-02
4.400000000000e-01,y,-1.333333333333e-01,6.858671883140e-02,2.158514792046e-02,4.700157091094e-02
4.400000000000e-01,y,-1.200000000000e-01,7.045516495504e-02,1.850698670707e-02,5.194817824796e-02
4.400000000000e-01,y,-1.066666666667e-01,7.218538516462e-02,1.431382094773e-02,5.787156421689e-02
4.400000000000e-01,y,-9.333333333333e-02,7.376484828149e-02,9.391042239472e-03,6.437380604202e-02
4.400000000000e-01,y,-8.000000000000e-02,7.518054700554e-02,4.160443194774e-03,7.102010381076e-02
4.400000000000e-01,y,-6.666666666667e-02,7.641898389507e-02,-9.675884033512e-04,7.738657229843e-02
4.400000000000e-01,y,-5.333333333333e-02,7.746615892734e-02,-5.630630345665e-03,8.309678927301e-02
4.400000000000e-01,y,-4.000000000000e-02,7.830755875696e-02,-9.535758970395e-03,8.784331772736e-02
4.400000000000e-01,y,-2.666666666667e-02,7.892814777639e-02,-1.246642662853e-02,9.139457440493e-02
4.400000000000e-01,y,-1.333333333333e-02,7.931236106690e-02,-1.427848917845e-02,9.359085024535e-02
4.400000000000e-01,y,0.000000000000e+00,7.944409931132e-02,-1.489112347458e-02,9.433522278590e-02
4.400000000000e-01,y,1.333333333333e-02,7.931236106690e-02,-1.427848917845e-02,9.359085024535e-02
4.400000000000e-01,y,2.666666666667e-02,7.892814777639e-02,-1.246642662853e-02,9.139457440493e-02
4.400000000000e-01,y,4.000000000000e-02,7.830755875697e-02,-9.535758970395e-03,8.784331772736e-02
4.400000000000e-01,y,5.333333333333e-02,7.746615892734e-02,-5.630630345665e-03,8.309678927301e-02
4.400000000000e-01,y,6.666666666667e-02,7.641898389508e-02,-9.675884033512e-04,7.738657229843e-02
4.400000000000e-01,y,8.000000000000e-02,7.518054700554e-02,4.160443194774e-03,7.102010381077e-02
4.400000000000e-01,y,9.333333333333e-02,7.376484828149e-02,9.391042239472e-03,6.437380604202e-02
4.400000000000e-01,y,1.066666666667e-01,7.218538516462e-02,1.431382094773e-02,5.787156421689e-02
4.400000000000e-01,y,1.200000000000e-01,7.045516495504e-02,1.850698670707e-02,5.194817824797e-02
4.400000000000e-01,y,1.333333333333e-01,6.858671883141e-02,2.158514792046e-02,4.700157091094e-02
4.400000000000e-01,y,1.466666666667e-01,6.659211732360e-02,2.325079367414e-02,4.334132364947e-02
4.400000000000e-01,y,1.600000000000e-01,6.448298710171e-02,2.333957765512e-02,4.114340944659e-02
4.400000000000e-01,y,1.733333333333e-01,6.227052893910e-02,2.184955040461e-02,4.042097853449e-02
4.400000000000e-01,y,1.866666666667e-01,5.996553670439e-02,1.894703737345e-02,4.101849933093e-02
4.400000000000e-01,y,2.000000000000e-01,5.757841723601e-02,1.494645659969e-02,4.263196063632e-02
4.400000000000e-01,y,2.133333333333e-01,5.511921095417e-02,1.026688620036e-02,4.485232475381e-02
4.400000000000e-01,y,2.266666666667e-01,5.259761306806e-02,5.373192954285e-03,4.722442011378e-02
4.400000000000e-01,y,2.400000000000e-01,5.002299524081e-02,7.127032620254e-04,4.931029197878e-02
4.400000000000e-01,y,2.533333333333e-01,4.740442758032e-02,-3.341057473710e-03,5.074548505403e-02
4.400000000000e-01,y,2.666666666667e-01,4.475070083111e-02,-6.528152636816e-03,5.127885346793e-02
4.400000000000e-01,y,2.800000000000e-01,4.207034864955e-02,-8.720238251918e-03,5.079058690147e-02
4.400000000000e-01,y,2.933333333333e-01,3.937166985285e-02,-9.916357105627e-03,4.928802695847e-02
4.400000000000e-01,y,3.066666666667e-01,3.666275054008e-02,-1.022049560447e-02,4.688324614455e-02
4.400000000000e-01,y,3.200000000000e-01,3.395148599152e-02,-9.807788536729e-03,4.375927452825e-02
4.400000000000e-01,y,3.333333333333e-01,3.124560225999e-02,-8.887214745611e-03,4.013281700560e-02
4.400000000000e-01,y,3.466666666667e-01,2.855267737557e-02,-7.667742367299e-03,3.622041974287e-02
4.400000000000e-01,y,3.600000000000e-01,2.588016209149e-02,-6.332719098191e-03,3.221288118968e-02
4.400000000000e-01,y,3.733333333333e-01,2.323540010546e-02,-5.024633128998e-03,2.826003323446e-02
4.400000000000e-01,y,3.866666666667e-01,2.062564769650e-02,-3.839920285287e-03,2.446556798178e-02
4.400000000000e-01,y,4.000000000000e-01,1.805809272236e-02,-2.831758151130e-03,2.088985087349e-02
4.400000000000e-01,y,4.133333333333e-01,1.553987292768e-02,-2.017959467273e-03,1.755783239495e-02
4.400000000000e-01,y,4.266666666667e-01,1.307809351695e-02,-1.391073243517e-03,1.446916676046e-02
4.400000000000e-01,y,4.400000000000e-01,1.067984395095e-02,-9.283685003710e-04,1.160821245132e-02
4.400000000000e-01,y,4.533333333333e-01,8.352213928679e-03,-6.002037865976e-04,8.952417715276e-03
4.400000000000e-01,y,4.666666666667e-01,6.102308520851e-03,-3.761089365381e-04,6.478417457389e-03
4.400000000000e-01,y,4.800000000000e-01,3.937262424694e-03,-2.285520483023e-04,4.165814472996e-03
4.400000000000e-01,y,4.933333333333e-01,1.864253313648e-03,-1.347661907040e-04,1.999019504352e-03
4.400000000000e-01,y,5.066666666667e-01,-1.094857403888e-04,-7.718037442780e-05,-3.230536596100e-05
4.400000000000e-01,y,5.200000000000e-01,-1.976654790330e-03,-4.299782215555e-05,-1.933656968175e-03
4.400000000000e-01,y,5.333333333333e-01,-3.729876496132e-03,-2.336461509081e-05,-3.706511881041e-03
4.400000000000e-01,y,5.466666666667e-01,-5.361686574607e-03,-1.243656242923e-05,-5.349250012178e-03
4.400000000000e-01,y,5.600000000000e-01,-6.864525220206e-03,-6.524320645778e-06,-6.858000899560e-03
4.400000000000e-01,y,5.733333333333e-01,-8.230736399929e-03,-3.397858238374e-06,-8.227338541691e-03
4.400000000000e-01,y,5.866666666667e-01,-9.456062128096e-03,-1.766516097933e-06,-9.454295611998e-03
4.400000000000e-01,y,6.000000000000e-01,-1.054533353466e-02,-9.156965634378e-07,-1.054441783810e-02
4.400000000000e-01,y,6.133333333333e-01,-1.150475301253e-02,-4.672719322445e-07,-1.150428574060e-02
4.400000000000e-01,y,6.266666666667e-01,-1.234039883151e-02,-2.297067629371e-07,-1.234016912475e-02
4.400000000000e-01,y,6.400000000000e-01,-1.305822214394e-02,-1.090196757694e-07,-1.305811312426e-02
4.400000000000e-01,y,6.533333333333e-01,-1.366404482877e-02,-5.874288081327e-08,-1.366398608589e-02
4.400000000000e-01,y,6.666666666667e-01,-1.416355813429e-02,-5.363512683015e-08,-1.416350449917e-02
4.400000000000e-01,y,6.800000000000e-01,-1.456232207530e-02,-7.712963374762e-08,-1.456224494567e-02
4.400000000000e-01,y,6.933333333333e-01,-1.486576553724e-02,-1.162325791215e-07,-1.486564930466e-02
4.400000000000e-01,y,7.066666666667e-01,-1.507918703690e-02,-1.600820628172e-07,-1.507902695483e-02
4.400000000000e-01,y,7.200000000000e-01,-1.520775608713e-02,-1.999790924916e-07,-1.520755610804e-02
4.400000000000e-01,y,7.333333333333e-01,-1.525651511189e-02,-2.297139243221e-07,-1.525628539797e-02
4.400000000000e-01,y,7.466666666667e-01,-1.523038185684e-02,-2.456474459349e-07,-1.523013620939e-02
4.400000000000e-01,y,7.600000000000e-01,-1.513415224133e-02,-2.464008230446e-07,-1.513390584051e-02
4.400000000000e-01,y,7.733333333333e-01,-1.497250359784e-02,-2.322340071897e-07,-1.497227136383e-02
4.400000000000e-01,y,7.866666666667e-01,-1.474999824651e-02,-2.043010920896e-07,-1.474979394542e-02
4.400000000000e-01,y,8.000000000000e-01,-1.447108735412e-02,-1.639905730122e-07,-1.447092336354e-02
4.400000000000e-01,y,8.133333333333e-01,-1.414011502907e-02,-1.125183914767e-07,-1.414000251068e-02
4.400000000000e-01,y,8.266666666667e-01,-1.376132260678e-02,-5.086489964053e-08,-1.376127174188e-02
4.400000000000e-01,y,8.400000000000e-01,-1.333885308232e-02,1.994604360717e-08,-1.333887302837e-02
4.400000000000e-01,y,8.533333333333e-01,-1.287675565073e-02,9.831907039316e-08,-1.287685396980e-02
4.400000000000e-01,y,8.666666666667e-01,-1.237899031815e-02,1.814774971004e-07,-1.237917179565e-02
4.400000000000e-01,y,8.800000000000e-01,-1.184943255046e-02,2.649800048585e-07,-1.184969753046e-02
4.400000000000e-01,y,8.933333333333e-01,-1.129187792900e-02,3.425677773053e-07,-1.129222049678e-02
4.400000000000e-01,y,9.066666666667e-01,-1.071004678643e-02,4.064894421148e-07,-1.071045327588e-02
4.400000000000e-01,y,9.200000000000e-01,-1.010758879834e-02,4.483463597735e-07,-1.010803714470e-02
4.400000000000e-01,y,9.333333333333e-01,-9.488087509356e-03,4.603662226621e-07,-9.488547875579e-03
4.400000000000e-01,y,9.466666666667e-01,-8.855064775248e-03,4.368802518222e-07,-8.855501655500e-03
4.400000000000e-01,y,9.600000000000e-01,-8.211985104526e-03,3.756866517693e-07,-8.212360791178e-03
4.400000000000e-01,y,9.733333333333e-01,-7.562259885926e-03,2.789634942903e-07,-7.562538849421e-03
4.400000000000e-01,y,9.866666666667e-01,-6.909251489784e-03,1.534634525098e-07,-6.909404953236e-03
4.400000000000e-01,y,1.000000000000e+00,-6.256277233419e-03,9.870655759882e-09,-6.256287104075e-03
4.400000000000e-01,y,1.013333333333e+00,-5.606613202339e-03,-1.386093866978e-07,-5.606474592953e-03
4.400000000000e-01,y,1.026666666667e+00,-4.963497920550e-03,-2.781741144952e-07,-4.963219746436e-03
4.400000000000e-01,y,1.040000000000e+00,-4.330135864782e-03,-3.964885082452e-07,-4.329739376274e-03
4.400000000000e-01,y,1.053333333333e+00,-3.709700818559e-03,-4.844891043320e-07,-3.709216329455e-03
4.400000000000e-01,y,1.066666666667e+00,-3.105339063360e-03,-5.375994273952e-07,-3.104801463933e-03
4.400000000000e-01,y,1.080000000000e+00,-2.520172405035e-03,-5.561765062147e-07,-2.519616228528e-03
4.400000000000e-01,y,1.093333333333e+00,-1.957301034726e-03,-5.451849365736e-07,-1.956755849790e-03
4.400000000000e-01,y,1.106666666667e+00,-1.419806224346e-03,-5.132502429754e-07,-1.419292974104e-03
4.400000000000e-01,y,1.120000000000e+00,-9.107528576539e-04,-4.713379960998e-07,-9.102815196578e-04
4.400000000000e-01,y,1.133333333333e+00,-4.331917986015e-04,-4.313229153317e-07,-4.327604756862e-04
4.400000000000e-01,y,1.146666666667e+00,9.854253337868e-06,-4.046618801476e-07,1.025891521802e-05
4.400000000000e-01,y,1.160000000000e+00,4.167971002432e-04,-4.012944538688e-07,4.171983946970e-04
4.400000000000e-01,y,1.173333333333e+00,7.885665673830e-04,-4.288001055702e-07,7.889953674886e-04
4.400000000000e-01,y,1.186666666667e+00,1.126354105836e-03,-4.917743323577e-07,1.126845880169e-03
4.400000000000e-01,y,1.200000000000e+00,1.431355673308e-03,-5.913642825849e-07,1.431947037590e-03
4.400000000000e-01,y,1.213333333333e+00,1.704770265920e-03,-7.249287251143e-07,1.705495194645e-03
4.400000000000e-01,y,1.226666666667e+00,1.947798581885e-03,-8.858419269984e-07,1.948684423812e-03
4.400000000000e-01,y,1.240000000000e+00,2.161641810501e-03,-1.063520881766e-06,2.162705331383e-03
4.400000000000e-01,y,1.253333333333e+00,2.347500539814e-03,-1.243793242755e-06,2.348744333057e-03
4.400000000000e-01,y,1.266666666667e+00,2.506573775820e-03,-1.409718451229e-06,2.507983494271e-03
4.400000000000e-01,y,1.280000000000e+00,2.640058066087e-03,-1.542918723035e-06,2.641600984810e-03
4.400000000000e-01,y,1.293333333333e+00,2.749146720411e-03,-1.625377220929e-06,2.750772097632e-03
4.400000000000e-01,y,1.306666666667e+00,2.835029121270e-03,-1.641539918643e-06,2.836670661188e-03
4.400000000000e-01,y,1.320000000000e+00,2.898890116733e-03,-1.580446831774e-06,2.900470563564e-03
4.400000000000e-01,y,1.333333333333e+00,2.941909488722e-03,-1.437550204518e-06,2.943347038927e-03
4.400000000000e-01,y,1.346666666667e+00,2.965261489648e-03,-1.215876736150e-06,2.966477366384e-03
4.400000000000e-01,y,1.360000000000e+00,2.970114440701e-03,-9.262672243591e-07,2.971040707926e-03
4.400000000000e-01,y,1.373333333333e+00,2.957630385409e-03,-5.865699250102e-07,2.958216955334e-03
4.400000000000e-01,y,1.386666666667e+00,2.928964792395e-03,-2.198454475203e-07,2.929184637842e-03
4.400000000000e-01,y,1.400000000000e+00,2.885266301644e-03,1.481781090986e-07,2.885118123535e-03
4.400000000000e-01,y,1.413333333333e+00,2.827676509051e-03,4.920212749948e-07,2.827184487776e-03
4.400000000000e-01,y,1.426666666667e+00,2.757329784373e-03,7.892946277538e-07,2.756540489745e-03
4.400000000000e-01,y,1.440000000000e+00,2.675353118323e-03,1.023038668662e-06,2.674330079655e-03
4.400000000000e-01,y,1.453333333333e+00,2.582865994794e-03,1.183235050037e-06,2.581682759744e-03
4.400000000000e-01,y,1.466666666667e+00,2.480980284849e-03,1.267318531965e-06,2.479712966317e-03
4.400000000000e-01,y,1.480000000000e+00,2.370800159548e-03,1.279697176822e-06,2.369520462372e-03
4.400000000000e-01,y,1.493333333333e+00,2.253422019006e-03,1.230450713206e-06,2.252191568293e-03
4.400000000000e-01,y,1.506666666667e+00,2.129934435754e-03,1.133492886738e-06,2.128800942868e-03
4.400000000000e-01,y,1.520000000000e+00,2.001418110696e-03,1.004534999050e-06,2.000413575697e-03
4.400000000000e-01,y,1.533333333333e+00,1.868945840516e-03,8.591722266455e-07,1.868086668289e-03
4.400000000000e-01,y,1.546666666667e+00,1.733582495785e-03,7.113434092237e-07,1.732871152375e-03
4.400000000000e-01,y,1.560000000000e+00,1.596385009246e-03,5.723103322080e-07,1.595812698913e-03
4.400000000000e-01,y,1.573333333333e+00,1.458402374391e-03,4.501894882604e-07,1.457952184902e-03
4.400000000000e-01,y,1.586666666667e+00,1.320675654568e-03,3.499711595124e-07,1.320325683409e-03
4.400000000000e-01,y,1.600000000000e+00,1.184238003287e-03,2.738939609275e-07,1.183964109326e-03
4.400000000000e-01,y,1.613333333333e+00,1.050114696739e-03,2.220150863531e-07,1.049892681652e-03
4.400000000000e-01,y,1.626666666667e+00,9.193231798629e-04,1.928254549273e-07,9.191303544080e-04
4.400000000000e-01,y,1.640000000000e+00,7.928731276177e-04,1.837953654638e-07,7.926893322523e-04
4.400000000000e-01,y,1.653333333333e+00,6.717665235233e-04,1.917864227577e-07,6.715747371005e-04
4.400000000000e-01,y,1.666666666667e+00,5.569977579581e-04,2.133150370837e-07,5.567844429210e-04
4.400000000000e-01,y,1.680000000000e+00,4.495537491150e-04,2.446901017965e-07,4.493090590132e-04
4.400000000000e-01,y,1.693333333333e+00,3.504140902010e-04,2.820661693198e-07,3.501320240317e-04
4.400000000000e-01,y,1.706666666667e+00,2.605512271408e-04,3.214536039303e-07,2.602297735368e-04
4.400000000000e-01,y,1.720000000000e+00,1.809118339879e-04,3.587146492016e-07,1.805531193386e-04
4.400000000000e-01,y,1.733333333333e+00,1.118135555140e-04,3.895585595567e-07,1.114239969545e-04
4.400000000000e-01,y,1.746666666667e+00,5.281763296238e-05,4.095395192542e-07,5.240809344313e-05
4.400000000000e-01,y,1.760000000000e+00,3.434646246192e-06,4.140640564279e-07,3.020582189765e-06
4.400000000000e-01,y,1.773333333333e+00,-3.683039632868e-05,3.984298031867e-07,-3.722882613187e-05
4.400000000000e-01,y,1.786666666667e+00,-6.847753452336e-05,3.579375798532e-07,-6.883547210321e-05
4.400000000000e-01,y,1.800000000000e+00,-9.201122676679e-05,2.881319014853e-07,-9.229935866828e-05
4.400000000000e-01,y,1.813333333333e+00,-1.079395914944e-04,1.852187611589e-07,-1.081248102556e-04
4.400000000000e-01,y,1.826666666667e+00,-1.167734905034e-04,4.667661288394e-08,-1.168201671163e-04
4.400000000000e-01,y,1.840000000000e+00,-1.190254197429e-04,-1.279810885954e-07,-1.188974386543e-04
4.400000000000e-01,y,1.853333333333e+00,-1.152081665383e-04,-3.364028473204e-07,-1.148717636910e-04
4.400000000000e-01,y,1.866666666667e+00,-1.058331867241e-04,-5.727269861503e-07,-1.052604597380e-04
4.400000000000e-01,y,1.880000000000e+00,-9.140865167955e-05,-8.272401875771e-07,-9.058141149198e-05
4.400000000000e-01,y,1.893333333333e+00,-7.243711584150e-05,-1.086545836239e-06,-7.135057000526e-05
4.400000000000e-01,y,1.906666666667e+00,-4.941276362470e-05,-1.334347130347e-06,-4.807841649436e-05
4.400000000000e-01,y,1.920000000000e+00,-2.281821565070e-05,-1.552833673528e-06,-2.126538197717e-05
4.400000000000e-01,y,1.933333333333e+00,6.879089301394e-06,-1.724527377640e-06,8.603616679034e-06
4.400000000000e-01,y,1.946666666667e+00,3.923086328395e-05,-1.834327070899e-06,4.106519035485e-05
4.400000000000e-01,y,1.960000000000e+00,7.381214116974e-05,-1.871422561314e-06,7.568356373105e-05
4.400000000000e-01,y,1.973333333333e+00,1.102254235576e-04,-1.830748459040e-06,1.120561720166e-04
4.400000000000e-01,y,1.986666666667e+00,1.481044834880e-04,-1.713719094424e-06,1.498182025824e-04
4.400000000000e-01,y,2.000000000000e+00,1.871174896273e-04,-1.528113328754e-06,1.886456029561e-04
6.000000000000e-01,x,-2.000000000000e+00,6.385572203726e-04,2.737901136512e-07,6.382834302589e-04
6.000000000000e-01,x,-1.986666666667e+00,7.333300435260e-04,2.814861833167e-07,7.330485573427e-04
6.000000000000e-01,x,-1.973333333333e+00,8.274484500647e-04,3.025806850017e-07,8.271458693796e-04
6.000000000000e-01,x,-1.960000000000e+00,9.205546596309e-04,3.365765408569e-07,9.202180830900e-04
6.000000000000e-01,x,-1.946666666667e+00,1.012254219836e-03,3.822028644588e-07,1.011872016971e-03
6.000000000000e-01,x,-1.933333333333e+00,1.102117581414e-03,4.375004539783e-07,1.101680080960e-03
6.000000000000e-01,x,-1.920000000000e+00,1.189682160921e-03,4.999723214922e-07,1.189182188600e-03
6.000000000000e-01,x,-1.906666666667e+00,1.274454653854e-03,5.667830044777e-07,1.273887870850e-03
6.000000000000e-01,x,-1.893333333333e+00,1.355913388637e-03,6.349839373115e-07,1.355278404700e-03
6.000000000000e-01,x,-1.880000000000e+00,1.433510564145e-03,7.017388758743e-07,1.432808825269e-03
6.000000000000e-01,x,-1.866666666667e+00,1.506674272066e-03,7.645238855812e-07,1.505909748180e-03
6.000000000000e-01,x,-1.853333333333e+00,1.574810257258e-03,8.212806930711e-07,1.573988976565e-03
6.000000000000e-01,x,-1.840000000000e+00,1.637303408809e-03,8.705095672017e-07,1.636432899242e-03
6.000000000000e-01,x,-1.826666666667e+00,1.693519000545e-03,9.112970810938e-07,1.692607703464e-03
6.000000000000e-01,x,-1.813333333333e+00,1.742803713939e-03,9.432835341989e-07,1.741860430405e-03
6.000000000000e-01,x,-1.800000000000e+00,1.784486482660e-03,9.665828792541e-07,1.783519899780e-03
6.000000000000e-01,x,-1.786666666667e+00,1.817879198575e-03,9.816733863344e-07,1.816897525188e-03
6.000000000000e-01,x,-1.773333333333e+00,1.842277316580e-03,9.892792093601e-07,1.841288037371e-03
6.000000000000e-01,x,-1.760000000000e+00,1.856960391661e-03,9.902613963069e-07,1.855970130264e-03
6.000000000000e-01,x,-1.746666666667e+00,1.861192577190e-03,9.855322713209e-07,1.860207044919e-03
6.000000000000e-01,x,-1.733333333333e+00,1.854223109129e-03,9.760006093733e-07,1.853247108520e-03
6.000000000000e-01,x,-1.720000000000e+00,1.835286796650e-03,9.625479960392e-07,1.834324248654e-03
6.000000000000e-01,x,-1.706666666667e+00,1.803633189228e-03,9.460305810551e-07,1.802687158647e-03
6.000000000000e-01,x,-1.693333333333e+00,1.758979754519e-03,9.272961804623e-07,1.758052458338e-03
6.000000000000e-01,x,-1.680000000000e+00,1.701430549406e-03,9.072049703767e-07,1.700523344435e-03
6.000000000000e-01,x,-1.666666666667e+00,1.631089616433e-03,8.866429105349e-07,1.630202973522e-03
6.000000000000e-01,x,-1.653333333333e+00,1.548049618882e-03,8.665200857474e-07,1.547183098796e-03
6.000000000000e-01,x,-1.640000000000e+00,1.452392633940e-03,8.477505393747e-07,1.451544883401e-03
6.000000000000e-01,x,-1.626666666667e+00,1.344191019877e-03,8.312149000809e-07,1.343359804977e-03
6.000000000000e-01,x,-1.613333333333e+00,1.223508359931e-03,8.177112183303e-07,1.222690648712e-03
6.000000000000e-01,x,-1.600000000000e+00,1.090400484367e-03,8.079021968354e-07,1.089592582170e-03
6.000000000000e-01,x,-1.586666666667e+00,9.449165713757e-04,8.022680154817e-07,9.441143033602e-04
6.000000000000e-01,x,-1.573333333333e+00,7.871003265813e-04,8.010731773134e-07,7.862992534040e-04
6.000000000000e-01,x,-1.560000000000e+00,6.169912403168e-04,8.043535236778e-07,6.161868867931e-04
6.000000000000e-01,x,-1.546666666667e+00,4.346259211128e-04,8.119262969619e-07,4.338139948158e-04
6.000000000000e-01,x,-1.533333333333e+00,2.400395034784e-04,8.234224896172e-07,2.392160809888e-04
6.000000000000e-01,x,-1.520000000000e+00,3.326712748800e-05,8.383373105042e-07,3.242879017750e-05
6.000000000000e-01,x,-1.506666666667e+00,-1.856545126012e-04,8.560919193476e-07,-1.865106045206e-04
6.000000000000e-01,x,-1.493333333333e+00,-4.166855539701e-04,8.760979486692e-07,-4.175616519187e-04
6.000000000000e-01,x,-1.480000000000e+00,-6.597812885101e-04,8.978158914765e-07,-6.606791044016e-04
6.000000000000e-01,x,-1.466666666667e+00,-9.148904276078e-04,9.207991503266e-07,-9.158112267581e-04
6.000000000000e-01,x,-1.453333333333e+00,-1.181953312641e-03,9.447172648245e-07,-1.182898029906e-03
6.000000000000e-01,x,-1.440000000000e+00,-1.460900075560e-03,9.693543203292e-07,-1.461869429880e-03
6.000000000000e-01,x,-1.426666666667e+00,-1.751648754453e-03,9.945815135224e-07,-1.752643335966e-03
6.000000000000e-01,x,-1.413333333333e+00,-2.054103369280e-03,1.020306019561e-06,-2.055123675300e-03
6.000000000000e-01,x,-1.400000000000e+00,-2.368151963356e-03,1.046401384734e-06,-2.369198364741e-03
6.000000000000e-01,x,-1.386666666667e+00,-2.693664616626e-03,1.072627375023e-06,-2.694737244002e-03
6.000000000000e-01,x,-1.373333333333e+00,-3.030491437245e-03,1.098549272456e-06,-3.031589986517e-03
6.000000000000e-01,x,-1.360000000000e+00,-3.378460538407e-03,1.123467769796e-06,-3.379584006176e-03
6.000000000000e-01,x,-1.346666666667e+00,-3.737376007886e-03,1.146370649142e-06,-3.738522378535e-03
6.000000000000e-01,x,-1.333333333333e+00,-4.107015878220e-03,1.165916188580e-06,-4.108181794408e-03
6.000000000000e-01,x,-1.320000000000e+00,-4.487130105943e-03,1.180455683237e-06,-4.488310561626e-03
6.000000000000e-01,x,-1.306666666667e+00,-4.877438568651e-03,1.188098699098e-06,-4.878626667350e-03
6.000000000000e-01,x,-1.293333333333e+00,-5.277629089084e-03,1.186819979701e-06,-5.278815909064e-03
6.000000000000e-01,x,-1.280000000000e+00,-5.687355495703e-03,1.174601740851e-06,-5.688530097444e-03
6.000000000000e-01,x,-1.266666666667e+00,-6.106235729324e-03,1.149599962071e-06,-6.107385329286e-03
6.000000000000e-01,x,-1.253333333333e+00,-6.533850005522e-03,1.110318738854e-06,-6.534960324261e-03
6.000000000000e-01,x,-1.240000000000e+00,-6.969739042425e-03,1.055773058397e-06,-6.970794815484e-03
6.000000000000e-01,x,-1.226666666667e+00,-7.413402363141e-03,9.856171153554e-07,-7.414387980257e-03
6.000000000000e-01,x,-1.213333333333e+00,-7.864296681816e-03,9.002108313034e-07,-7.865196892647e-03
6.000000000000e-01,x,-1.200000000000e+00,-8.321834381609e-03,8.005877149322e-07,-8.322634969324e-03
6.000000000000e-01,x,-1.186666666667e+00,-8.785382092171e-03,6.882652642351e-07,-8.786070357435e-03
6.000000000000e-01,x,-1.173333333333e+00,-9.254259373153e-03,5.647925380226e-07,-9.254824165691e-03
6.000000000000e-01,x,-1.160000000000e+00,-9.727737509382e-03,4.308400939966e-07,-9.728168349476e-03
6.000000000000e-01,x,-1.146666666667e+00,-1.020503842183e-02,2.844811460947e-07,-1.020532290298e-02
6.000000000000e-01,x,-1.133333333333e+00,-1.068529702980e-02,1.180621643336e-07,-1.068541509196e-02
6.000000000000e-01,x,-1.120000000000e+00,-1.116723684570e-02,-8.730881157650e-08,-1.116714953689e-02
6.000000000000e-01,x,-1.106666666667e+00,-1.164932500951e-02,-3.711316661456e-07,-1.164895387784e-02
6.000000000000e-01,x,-1.093333333333e+00,-1.212997378962e-02,-8.088505640517e-07,-1.212916493905e-02
6.000000000000e-01,x,-1.080000000000e+00,-1.260754243430e-02,-1.536002776016e-06,-1.260600643153e-02
6.000000000000e-01,x,-1.066666666667e+00,-1.308033678773e-02,-2.784818737401e-06,-1.307755196899e-02
6.000000000000e-01,x,-1.053333333333e+00,-1.354660901161e-02,-4.937702963485e-06,-1.354167130865e-02
6.000000000000e-01,x,-1.040000000000e+00,-1.400455740562e-02,-8.602743342435e-06,-1.399595466228e-02
6.000000000000e-01,x,-1.026666666667e+00,-1.445232631877e-02,-1.471693648621e-05,-1.443760938228e-02
6.000000000000e-01,x,-1.013333333333e+00,-1.488800614304e-02,-2.468298326502e-05,-1.486332315978e-02
6.000000000000e-01,x,-1.000000000000e+00,-1.530963338018e-02,-4.054493037721e-05,-1.526908844980e-02
6.000000000000e-01,x,-9.866666666667e-01,-1.571519077188e-02,-6.520599204245e-05,-1.564998477984e-02
6.000000000000e-01,x,-9.733333333333e-01,-1.610260748400e-02,-1.026877138711e-04,-1.599991977013e-02
6.000000000000e-01,x,-9.600000000000e-01,-1.646975933492e-02,-1.584222551754e-04,-1.631133707975e-02
6.000000000000e-01,x,-9.466666666667e-01,-1.681446905917e-02,-2.395581509530e-04,-1.657491090822e-02
6.000000000000e-01,x,-9.333333333333e-01,-1.713450659749e-02,-3.552442226816e-04,-1.677926237481e-02
6.000000000000e-01,x,-9.200000000000e-01,-1.742758940570e-02,-5.168370799270e-04,-1.691075232578e-02
6.000000000000e-01,x,-9.066666666667e-01,-1.769138277544e-02,-7.379569547842e-04,-1.695342582065e-02
6.000000000000e-01,x,-8.933333333333e-01,-1.792350016120e-02,-1.034297961588e-03,-1.688920219961e-02
6.000000000000e-01,x,-8.800000000000e-01,-1.812150350935e-02,-1.423087146164e-03,-1.669841636319e-02
6.000000000000e-01,x,-8.666666666667e-01,-1.828290358616e-02,-1.922087692314e-03,-1.636081589384e-02
6.000000000000e-01,x,-8.533333333333e-01,-1.840516030361e-02,-2.548061396073e-03,-1.585709890754e-02
6.000000000000e-01,x,-8.400000000000e-01,-1.848568304336e-02,-3.314649103663e-03,-1.517103393969e-02
6.000000000000e-01,x,-8.266666666667e-01,-1.852183098073e-02,-4.229697994973e-03,-1.429213298576e-02
6.000000000000e-01,x,-8.133333333333e-01,-1.851091341277e-02,-5.292160159214e-03,-1.321875325356e-02
6.000000000000e-01,x,-8.000000000000e-01,-1.845019009573e-02,-6.488801131892e-03,-1.196138896384e-02
6.000000000000e-01,x,-7.866666666667e-01,-1.833687159944e-02,-7.791076783852e-03,-1.054579481558e-02
6.000000000000e-01,x,-7.733333333333e-01,-1.816811968763e-02,-9.152642750010e-03,-9.015476937616e-03
6.000000000000e-01,x,-7.600000000000e-01,-1.794104773496e-02,-1.050802849339e-02,-7.433019241570e-03
6.000000000000e-01,x,-7.466666666667e-01,-1.765272119316e-02,-1.177301306423e-02,-5.879708128930e-03
6.000000000000e-01,x,-7.333333333333e-01,-1.730015812007e-02,-1.284716042512e-02,-4.452997694949e-03
6.000000000000e-01,x,-7.200000000000e-01,-1.688032978709e-02,-1.361879721231e-02,-3.261532574782e-03
6.000000000000e-01,x,-7.066666666667e-01,-1.639016138137e-02,-1.397244819969e-02,-2.417713181672e-03
6.000000000000e-01,x,-6.933333333333e-01,-1.582653282044e-02,-1.379840614765e-02,-2.028126672788e-03
6.000000000000e-01,x,-6.800000000000e-01,-1.518627969784e-02,-1.300374360645e-02,-2.182536091393e-03
6.000000000000e-01,x,-6.666666666667e-01,-1.446619437888e-02,-1.152373028823e-02,-2.942464090652e-03
6.000000000000e-01,x,-6.533333333333e-01,-1.366302726624e-02,-9.332363976211e-03,-4.330663290034e-03
6.000000000000e-01,x,-6.400000000000e-01,-1.277348825544e-02,-6.450615188413e-03,-6.322873067032e-03
6.000000000000e-01,x,-6.266666666667e-01,-1.179424839994e-02,-2.951069504511e-03,-8.843178895430e-03
6.000000000000e-01,x,-6.133333333333e-01,-1.072194180579e-02,1.042057188221e-03,-1.176399899401e-02
6.000000000000e-01,x,-6.000000000000e-01,-9.553167775039e-03,5.358074783732e-03,-1.491124255877e-02
6.000000000000e-01,x,-5.866666666667e-01,-8.284493216509e-03,9.790075450607e-03,-1.807456866712e-02
6.000000000000e-01,x,-5.733333333333e-01,-6.912455341772e-03,1.410955403211e-02,-2.102200937389e-02
6.000000000000e-01,x,-5.600000000000e-01,-5.434552578764e-03,1.808404117765e-02,-2.351859375642e-02
6.000000000000e-01,x,-5.466666666667e-01,-3.854356692191e-03,2.149593489452e-02,-2.535029158671e-02
6.000000000000e-01,x,-5.333333333333e-01,-2.177743141046e-03,2.416048578005e-02,-2.633822892109e-02
6.000000000000e-01,x,-5.200000000000e-01,-4.105762120285e-04,2.594093900237e-02,-2.635151521440e-02
6.000000000000e-01,x,-5.066666666667e-01,1.441291207261e-03,2.675916220833e-02,-2.531787100107e-02
6.000000000000e-01,x,-4.933333333333e-01,3.372012916189e-03,2.660064638222e-02,-2.322863346604e-02
6.000000000000e-01,x,-4.800000000000e-01,5.375744315610e-03,2.551347101236e-02,-2.013772669675e-02
6.000000000000e-01,x,-4.666666666667e-01,7.446636942675e-03,2.360156731181e-02,-1.615493036913e-02
6.000000000000e-01,x,-4.533333333333e-01,9.578832621137e-03,2.101328183975e-02,-1.143444921861e-02
6.000000000000e-01,x,-4.400000000000e-01,1.176645722409e-02,1.792674231891e-02,-6.160285094821e-03
6.000000000000e-01,x,-4.266666666667e-01,1.400361404778e-02,1.453379480388e-02,-5.301807561015e-04
6.000000000000e-01,x,-4.133333333333e-01,1.628437679686e-02,1.102429506034e-02,5.260081736518e-03
6.000000000000e-01,x,-4.000000000000e-01,1.860278218332e-02,7.572317466258e-03,1.103046471706e-02
6.000000000000e-01,x,-3.866666666667e-01,2.095282214313e-02,4.325447065371e-03,1.662737507776e-02
6.000000000000e-01,x,-3.733333333333e-01,2.332843567693e-02,1.397821499676e-03,2.193061417725e-02
6.000000000000e-01,x,-3.600000000000e-01,2.572350032298e-02,-1.132927383423e-03,2.685642770640e-02
6.000000000000e-01,x,-3.466666666667e-01,2.813182327340e-02,-3.225142660027e-03,3.135696593342e-02
6.000000000000e-01,x,-3.333333333333e-01,3.054713214702e-02,-4.869680999786e-03,3.541681314680e-02
6.000000000000e-01,x,-3.200000000000e-01,3.296306543547e-02,-6.084386882376e-03,3.904745231785e-02
6.000000000000e-01,x,-3.066666666667e-01,3.537316264217e-02,-6.907431217414e-03,4.228059385959e-02
6.000000000000e-01,x,-2.933333333333e-01,3.777085413748e-02,-7.390380622830e-03,4.516123476031e-02
6.000000000000e-01,x,-2.800000000000e-01,4.014945075732e-02,-7.591709256546e-03,4.774116001387e-02
6.000000000000e-01,x,-2.666666666667e-01,4.250213317668e-02,-7.571259095062e-03,5.007339227174e-02
6.000000000000e-01,x,-2.533333333333e-01,4.482194109385e-02,-7.385935716703e-03,5.220787681055e-02
6.000000000000e-01,x,-2.400000000000e-01,4.710176226620e-02,-7.086726669011e-03,5.418848893521e-02
6.000000000000e-01,x,-2.266666666667e-01,4.933432144307e-02,-6.716969700944e-03,5.605129114401e-02
6.000000000000e-01,x,-2.133333333333e-01,5.151216924640e-02,-6.311688747563e-03,5.782385799397e-02
6.000000000000e-01,x,-2.000000000000e-01,5.362767105485e-02,-5.897757003788e-03,5.952542805863e-02
6.000000000000e-01,x,-1.866666666667e-01,5.567299595183e-02,-5.494631937086e-03,6.116762788892e-02
6.000000000000e-01,x,-1.733333333333e-01,5.764010580289e-02,-5.115425723151e-03,6.275553152604e-02
6.000000000000e-01,x,-1.600000000000e-01,5.952074453150e-02,-4.768114087776e-03,6.428885861928e-02
6.000000000000e-01,x,-1.466666666667e-01,6.130642766662e-02,-4.456735552414e-03,6.576316321903e-02
6.000000000000e-01,x,-1.333333333333e-01,6.298843223760e-02,-4.182482559542e-03,6.717091479715e-02
6.000000000000e-01,x,-1.200000000000e-01,6.455778709457e-02,-3.944629732088e-03,6.850241682665e-02
6.000000000000e-01,x,-1.066666666667e-01,6.600526373281e-02,-3.741279259495e-03,6.974654299230e-02
6.000000000000e-01,x,-9.333333333333e-02,6.732136769982e-02,-3.569928106039e-03,7.089129580586e-02
6.000000000000e-01,x,-8.000000000000e-02,6.849633066181e-02,-3.427877073988e-03,7.192420773580e-02
6.000000000000e-01,x,-6.666666666667e-02,6.952010320360e-02,-3.312509363569e-03,7.283261256717e-02
6.000000000000e-01,x,-5.333333333333e-02,7.038234843146e-02,-3.221468171066e-03,7.360381660252e-02
6.000000000000e-01,x,-4.000000000000e-02,7.107243644263e-02,-3.152761021892e-03,7.422519746452e-02
6.000000000000e-01,x,-2.666666666667e-02,7.157943971818e-02,-3.104814602923e-03,7.468425432110e-02
6.000000000000e-01,x,-1.333333333333e-02,7.189212948736e-02,-3.076499066106e-03,7.496862855347e-02
6.000000000000e-01,x,0.000000000000e+00,7.199897310224e-02,-3.067135915071e-03,7.506610901732e-02
6.000000000000e-01,x,1.333333333333e-02,7.189212948736e-02,-3.076499066106e-03,7.496862855347e-02
6.000000000000e-01,x,2.666666666667e-02,7.157943971818e-02,-3.104814602923e-03,7.468425432110e-02
6.000000000000e-01,x,4.000000000000e-02,7.107243644263e-02,-3.152761021892e-03,7.422519746452e-02
6.000000000000e-01,x,5.333333333333e-02,7.038234843146e-02,-3.221468171066e-03,7.360381660252e-02
6.000000000000e-01,x,6.666666666667e-02,6.952010320360e-02,-3.312509363569e-03,7.283261256717e-02
6.000000000000e-01,x,8.000000000000e-02,6.849633066181e-02,-3.427877073988e-03,7.192420773580e-02
6.000000000000e-01,x,9.333333333333e-02,6.732136769982e-02,-3.569928106039e-03,7.089129580585e-02
6.000000000000e-01,x,1.066666666667e-01,6.600526373280e-02,-3.741279259495e-03,6.974654299230e-02
6.000000000000e-01,x,1.200000000000e-01,6.455778709456e-02,-3.944629732088e-03,6.850241682665e-02
6.000000000000e-01,x,1.333333333333e-01,6.298843223760e-02,-4.182482559542e-03,6.717091479714e-02
6.000000000000e-01,x,1.466666666667e-01,6.130642766662e-02,-4.456735552414e-03,6.576316321903e-02
6.000000000000e-01,x,1.600000000000e-01,5.952074453150e-02,-4.768114087776e-03,6.428885861927e-02
6.000000000000e-01,x,1.733333333333e-01,5.764010580288e-02,-5.115425723151e-03,6.275553152603e-02
6.000000000000e-01,x,1.866666666667e-01,5.567299595183e-02,-5.494631937086e-03,6.116762788891e-02
6.000000000000e-01,x,2.000000000000e-01,5.362767105484e-02,-5.897757003788e-03,5.952542805863e-02
6.000000000000e-01,x,2.133333333333e-01,5.151216924640e-02,-6.311688747563e-03,5.782385799396e-02
6.000000000000e-01,x,2.266666666667e-01,4.933432144306e-02,-6.716969700944e-03,5.605129114401e-02
6.000000000000e-01,x,2.400000000000e-01,4.710176226619e-02,-7.086726669011e-03,5.418848893520e-02
6.000000000000e-01,x,2.533333333333e-01,4.482194109384e-02,-7.385935716703e-03,5.220787681054e-02
6.000000000000e-01,x,2.666666666667e-01,4.250213317667e-02,-7.571259095062e-03,5.007339227173e-02
6.000000000000e-01,x,2.800000000000e-01,4.014945075731e-02,-7.591709256546e-03,4.774116001386e-02
6.000000000000e-01,x,2.933333333333e-01,3.777085413747e-02,-7.390380622830e-03,4.516123476030e-02
6.000000000000e-01,x,3.066666666667e-01,3.537316264217e-02,-6.907431217414e-03,4.228059385958e-02
6.000000000000e-01,x,3.200000000000e-01,3.296306543547e-02,-6.084386882376e-03,3.904745231784e-02
6.000000000000e-01,x,3.333333333333e-01,3.054713214701e-02,-4.869680999786e-03,3.541681314680e-02
6.000000000000e-01,x,3.466666666667e-01,2.813182327339e-02,-3.225142660027e-03,3.135696593342e-02
6.000000000000e-01,x,3.600000000000e-01,2.572350032297e-02,-1.132927383423e-03,2.685642770639e-02
6.000000000000e-01,x,3.733333333333e-01,2.332843567692e-02,1.397821499676e-03,2.193061417724e-02
6.000000000000e-01,x,3.866666666667e-01,2.095282214312e-02,4.325447065371e-03,1.662737507775e-02
6.000000000000e-01,x,4.000000000000e-01,1.860278218331e-02,7.572317466258e-03,1.103046471705e-02
6.000000000000e-01,x,4.133333333333e-01,1.628437679685e-02,1.102429506034e-02,5.260081736508e-03
6.000000000000e-01,x,4.266666666667e-01,1.400361404777e-02,1.453379480388e-02,-5.301807561120e-04
6.000000000000e-01,x,4.400000000000e-01,1.176645722408e-02,1.792674231891e-02,-6.160285094832e-03
6.000000000000e-01,x,4.533333333333e-01,9.578832621125e-03,2.101328183975e-02,-1.143444921862e-02
6.000000000000e-01,x,4.666666666667e-01,7.446636942664e-03,2.360156731181e-02,-1.615493036914e-02
6.000000000000e-01,x,4.800000000000e-01,5.375744315599e-03,2.551347101236e-02,-2.013772669676e-02
6.000000000000e-01,x,4.933333333333e-01,3.372012916177e-03,2.660064638222e-02,-2.322863346605e-02
6.000000000000e-01,x,5.066666666667e-01,1.441291207250e-03,2.675916220833e-02,-2.531787100108e-02
6.000000000000e-01,x,5.200000000000e-01,-4.105762120401e-04,2.594093900237e-02,-2.635151521441e-02
6.000000000000e-01,x,5.333333333333e-01,-2.177743141058e-03,2.416048578005e-02,-2.633822892111e-02
6.000000000000e-01,x,5.466666666667e-01,-3.854356692204e-03,2.149593489452e-02,-2.535029158672e-02
6.000000000000e-01,x,5.600000000000e-01,-5.434552578777e-03,1.808404117765e-02,-2.351859375643e-02
6.000000000000e-01,x,5.733333333333e-01,-6.912455341784e-03,1.410955403211e-02,-2.102200937390e-02
6.000000000000e-01,x,5.866666666667e-01,-8.284493216522e-03,9.790075450607e-03,-1.807456866713e-02
6.000000000000e-01,x,6.000000000000e-01,-9.553167775052e-03,5.358074783732e-03,-1.491124255878e-02
6.000000000000e-01,x,6.133333333333e-01,-1.072194180580e-02,1.042057188221e-03,-1.176399899403e-02
6.000000000000e-01,x,6.266666666667e-01,-1.179424839995e-02,-2.951069504511e-03,-8.843178895443e-03
6.000000000000e-01,x,6.400000000000e-01,-1.277348825546e-02,-6.450615188413e-03,-6.322873067045e-03
6.000000000000e-01,x,6.533333333333e-01,-1.366302726626e-02,-9.332363976211e-03,-4.330663290048e-03
6.000000000000e-01,x,6.666666666667e-01,-1.446619437889e-02,-1.152373028823e-02,-2.942464090664e-03
6.000000000000e-01,x,6.800000000000e-01,-1.518627969786e-02,-1.300374360645e-02,-2.182536091406e-03
6.000000000000e-01,x,6.933333333333e-01,-1.582653282045e-02,-1.379840614765e-02,-2.028126672801e-03
6.000000000000e-01,x,7.066666666667e-01,-1.639016138138e-02,-1.397244819969e-02,-2.417713181685e-03
6.000000000000e-01,x,7.200000000000e-01,-1.688032978710e-02,-1.361879721231e-02,-3.261532574796e-03
6.000000000000e-01,x,7.333333333333e-01,-1.730015812008e-02,-1.284716042512e-02,-4.452997694963e-03
6.000000000000e-01,x,7.466666666667e-01,-1.765272119317e-02,-1.177301306423e-02,-5.879708128944e-03
6.000000000000e-01,x,7.600000000000e-01,-1.794104773498e-02,-1.050802849339e-02,-7.433019241583e-03
6.000000000000e-01,x,7.733333333333e-01,-1.816811968764e-02,-9.152642750010e-03,-9.015476937629e-03
6.000000000000e-01,x,7.866666666667e-01,-1.833687159945e-02,-7.791076783852e-03,-1.054579481560e-02
6.000000000000e-01,x,8.000000000000e-01,-1.845019009574e-02,-6.488801131892e-03,-1.196138896385e-02
6.000000000000e-01,x,8.133333333333e-01,-1.851091341279e-02,-5.292160159214e-03,-1.321875325357e-02
6.000000000000e-01,x,8.266666666667e-01,-1.852183098075e-02,-4.229697994973e-03,-1.429213298577e-02
6.000000000000e-01,x,8.400000000000e-01,-1.848568304337e-02,-3.314649103663e-03,-1.517103393971e-02
6.000000000000e-01,x,8.533333333333e-01,-1.840516030363e-02,-2.548061396073e-03,-1.585709890755e-02
6.000000000000e-01,x,8.666666666667e-01,-1.828290358617e-02,-1.922087692314e-03,-1.636081589386e-02
6.000000000000e-01,x,8.800000000000e-01,-1.812150350937e-02,-1.423087146164e-03,-1.669841636320e-02
6.000000000000e-01,x,8.933333333333e-01,-1.792350016122e-02,-1.034297961588e-03,-1.688920219963e-02
6.000000000000e-01,x,9.066666666667e-01,-1.769138277545e-02,-7.379569547842e-04,-1.695342582067e-02
6.000000000000e-01,x,9.200000000000e-01,-1.742758940572e-02,-5.168370799270e-04,-1.691075232579e-02
6.000000000000e-01,x,9.333333333333e-01,-1.713450659751e-02,-3.552442226816e-04,-1.677926237483e-02
6.000000000000e-01,x,9.466666666667e-01,-1.681446905919e-02,-2.395581509530e-04,-1.657491090823e-02
6.000000000000e-01,x,9.600000000000e-01,-1.646975933494e-02,-1.584222551754e-04,-1.631133707976e-02
6.000000000000e-01,x,9.733333333333e-01,-1.610260748401e-02,-1.026877138711e-04,-1.599991977014e-02
6.000000000000e-01,x,9.866666666667e-01,-1.571519077190e-02,-6.520599204245e-05,-1.564998477986e-02
6.000000000000e-01,x,1.000000000000e+00,-1.530963338019e-02,-4.054493037721e-05,-1.526908844981e-02
6.000000000000e-01,x,1.013333333333e+00,-1.488800614306e-02,-2.468298326502e-05,-1.486332315980e-02
6.000000000000e-01,x,1.026666666667e+00,-1.445232631878e-02,-1.471693648621e-05,-1.443760938230e-02
6.000000000000e-01,x,1.040000000000e+00,-1.400455740563e-02,-8.602743342435e-06,-1.399595466229e-02
6.000000000000e-01,x,1.053333333333e+00,-1.354660901163e-02,-4.937702963485e-06,-1.354167130866e-02
6.000000000000e-01,x,1.066666666667e+00,-1.308033678775e-02,-2.784818737401e-06,-1.307755196901e-02
6.000000000000e-01,x,1.080000000000e+00,-1.260754243432e-02,-1.536002776016e-06,-1.260600643154e-02
6.000000000000e-01,x,1.093333333333e+00,-1.212997378964e-02,-8.088505640517e-07,-1.212916493907e-02
6.000000000000e-01,x,1.106666666667e+00,-1.164932500953e-02,-3.711316661456e-07,-1.164895387786e-02
6.000000000000e-01,x,1.120000000000e+00,-1.116723684572e-02,-8.730881157650e-08,-1.116714953691e-02
6.000000000000e-01,x,1.133333333333e+00,-1.068529702981e-02,1.180621643336e-07,-1.068541509198e-02
6.000000000000e-01,x,1.146666666667e+00,-1.020503842185e-02,2.844811460947e-07,-1.020532290300e-02
6.000000000000e-01,x,1.160000000000e+00,-9.727737509402e-03,4.308400939966e-07,-9.728168349496e-03
6.000000000000e-01,x,1.173333333333e+00,-9.254259373174e-03,5.647925380226e-07,-9.254824165712e-03
6.000000000000e-01,x,1.186666666667e+00,-8.785382092192e-03,6.882652642351e-07,-8.786070357456e-03
6.000000000000e-01,x,1.200000000000e+00,-8.321834381630e-03,8.005877149322e-07,-8.322634969345e-03
6.000000000000e-01,x,1.213333333333e+00,-7.864296681835e-03,9.002108313034e-07,-7.865196892667e-03
6.000000000000e-01,x,1.226666666667e+00,-7.413402363161e-03,9.856171153554e-07,-7.414387980276e-03
6.000000000000e-01,x,1.240000000000e+00,-6.969739042448e-03,1.055773058397e-06,-6.970794815506e-03
6.000000000000e-01,x,1.253333333333e+00,-6.533850005544e-03,1.110318738854e-06,-6.534960324283e-03
6.000000000000e-01,x,1.266666666667e+00,-6.106235729345e-03,1.149599962071e-06,-6.107385329307e-03
6.000000000000e-01,x,1.280000000000e+00,-5.687355495728e-03,1.174601740851e-06,-5.688530097469e-03
6.000000000000e-01,x,1.293333333333e+00,-5.277629089107e-03,1.186819979701e-06,-5.278815909087e-03
6.000000000000e-01,x,1.306666666667e+00,-4.877438568674e-03,1.188098699098e-06,-4.878626667373e-03
6.000000000000e-01,x,1.320000000000e+00,-4.487130105968e-03,1.180455683237e-06,-4.488310561651e-03
6.000000000000e-01,x,1.333333333333e+00,-4.107015878245e-03,1.165916188580e-06,-4.108181794433e-03
6.000000000000e-01,x,1.346666666667e+00,-3.737376007910e-03,1.146370649142e-06,-3.738522378559e-03
6.000000000000e-01,x,1.360000000000e+00,-3.378460538432e-03,1.123467769796e-06,-3.379584006201e-03
6.000000000000e-01,x,1.373333333333e+00,-3.030491437271e-03,1.098549272456e-06,-3.031589986544e-03
6.000000000000e-01,x,1.386666666667e+00,-2.693664616649e-03,1.072627375023e-06,-2.694737244024e-03
6.000000000000e-01,x,1.400000000000e+00,-2.368151963381e-03,1.046401384734e-06,-2.369198364766e-03
6.000000000000e-01,x,1.413333333333e+00,-2.054103369305e-03,1.020306019561e-06,-2.055123675325e-03
6.000000000000e-01,x,1.426666666667e+00,-1.751648754475e-03,9.945815135224e-07,-1.752643335989e-03
6.000000000000e-01,x,1.440000000000e+00,-1.460900075583e-03,9.693543203292e-07,-1.461869429903e-03
6.000000000000e-01,x,1.453333333333e+00,-1.181953312664e-03,9.447172648245e-07,-1.182898029929e-03
6.000000000000e-01,x,1.466666666667e+00,-9.148904276340e-04,9.207991503266e-07,-9.158112267843e-04
6.000000000000e-01,x,1.480000000000e+00,-6.597812885309e-04,8.978158914765e-07,-6.606791044224e-04
6.000000000000e-01,x,1.493333333333e+00,-4.166855539915e-04,8.760979486692e-07,-4.175616519401e-04
6.000000000000e-01,x,1.506666666667e+00,-1.856545126226e-04,8.560919193476e-07,-1.865106045419e-04
6.000000000000e-01,x,1.520000000000e+00,3.326712746988e-05,8.383373105042e-07,3.242879015937e-05
6.000000000000e-01,x,1.533333333333e+00,2.400395034602e-04,8.234224896172e-07,2.392160809706e-04
6.000000000000e-01,x,1.546666666667e+00,4.346259210922e-04,8.119262969619e-07,4.338139947953e-04
6.000000000000e-01,x,1.560000000000e+00,6.169912403030e-04,8.043535236778e-07,6.161868867793e-04
6.000000000000e-01,x,1.573333333333e+00,7.871003265689e-04,8.010731773134e-07,7.862992533915e-04
6.000000000000e-01,x,1.586666666667e+00,9.449165713620e-04,8.022680154817e-07,9.441143033465e-04
6.000000000000e-01,x,1.600000000000e+00,1.090400484359e-03,8.079021968354e-07,1.089592582162e-03
6.000000000000e-01,x,1.613333333333e+00,1.223508359926e-03,8.177112183303e-07,1.222690648708e-03
6.000000000000e-01,x,1.626666666667e+00,1.344191019869e-03,8.312149000809e-07,1.343359804969e-03
6.000000000000e-01,x,1.640000000000e+00,1.452392633937e-03,8.477505393747e-07,1.451544883398e-03
6.000000000000e-01,x,1.653333333333e+00,1.548049618884e-03,8.665200857474e-07,1.547183098798e-03
6.000000000000e-01,x,1.666666666667e+00,1.631089616434e-03,8.866429105349e-07,1.630202973523e-03
6.000000000000e-01,x,1.680000000000e+00,1.701430549414e-03,9.072049703767e-07,1.700523344443e-03
6.000000000000e-01,x,1.693333333333e+00,1.758979754530e-03,9.272961804623e-07,1.758052458350e-03
6.000000000000e-01,x,1.706666666667e+00,1.803633189240e-03,9.460305810551e-07,1.802687158659e-03
6.000000000000e-01,x,1.720000000000e+00,1.835286796669e-03,9.625479960392e-07,1.834324248673e-03
6.000000000000e-01,x,1.733333333333e+00,1.854223109149e-03,9.760006093733e-07,1.853247108540e-03
6.000000000000e-01,x,1.746666666667e+00,1.861192577217e-03,9.855322713209e-07,1.860207044946e-03
6.000000000000e-01,x,1.760000000000e+00,1.856960391691e-03,9.902613963069e-07,1.855970130295e-03
6.000000000000e-01,x,1.773333333333e+00,1.842277316617e-03,9.892792093601e-07,1.841288037408e-03
6.000000000000e-01,x,1.786666666667e+00,1.817879198615e-03,9.816733863344e-07,1.816897525228e-03
6.000000000000e-01,x,1.800000000000e+00,1.784486482705e-03,9.665828792541e-07,1.783519899826e-03
6.000000000000e-01,x,1.813333333333e+00,1.742803713988e-03,9.432835341989e-07,1.741860430454e-03
6.000000000000e-01,x,1.826666666667e+00,1.693519000602e-03,9.112970810938e-07,1.692607703521e-03
6.000000000000e-01,x,1.840000000000e+00,1.637303408873e-03,8.705095672017e-07,1.636432899306e-03
6.000000000000e-01,x,1.853333333333e+00,1.574810257321e-03,8.212806930711e-07,1.573988976628e-03
6.000000000000e-01,x,1.866666666667e+00,1.506674272139e-03,7.645238855812e-07,1.505909748253e-03
6.000000000000e-01,x,1.880000000000e+00,1.433510564223e-03,7.017388758743e-07,1.432808825347e-03
6.000000000000e-01,x,1.893333333333e+00,1.355913388715e-03,6.349839373115e-07,1.355278404778e-03
6.000000000000e-01,x,1.906666666667e+00,1.274454653943e-03,5.667830044777e-07,1.273887870939e-03
6.000000000000e-01,x,1.920000000000e+00,1.189682161013e-03,4.999723214922e-07,1.189182188691e-03
6.000000000000e-01,x,1.933333333333e+00,1.102117581503e-03,4.375004539783e-07,1.101680081049e-03
6.000000000000e-01,x,1.946666666667e+00,1.012254219935e-03,3.822028644588e-07,1.011872017070e-03
6.000000000000e-01,x,1.960000000000e+00,9.205546597339e-04,3.365765408569e-07,9.202180831930e-04
6.000000000000e-01,x,1.973333333333e+00,8.274484501666e-04,3.025806850017e-07,8.271458694816e-04
6.000000000000e-01,x,1.986666666667e+00,7.333300436347e-04,2.814861833167e-07,7.330485574514e-04
6.000000000000e-01,x,2.000000000000e+00,6.385572204867e-04,2.737901136512e-07,6.382834303731e-04
6.000000000000e-01,y,-2.000000000000e+00,-4.527976428594e-05,1.122656714376e-06,-4.640242100031e-05
6.000000000000e-01,y,-1.986666666667e+00,-7.321374174896e-05,1.306722944273e-06,-7.452046469323e-05
6.000000000000e-01,y,-1.973333333333e+00,-9.960450774743e-05,1.389648348278e-06,-1.009941560957e-04
6.000000000000e-01,y,-1.960000000000e+00,-1.241603168450e-04,1.397848655853e-06,-1.255581655009e-04
6.000000000000e-01,y,-1.946666666667e+00,-1.465624286983e-04,1.356284509993e-06,-1.479187132083e-04
6.000000000000e-01,y,-1.933333333333e+00,-1.664677523132e-04,1.285744280791e-06,-1.677534965940e-04
6.000000000000e-01,y,-1.920000000000e+00,-1.835120360071e-04,1.201521677340e-06,-1.847135576845e-04
6.000000000000e-01,y,-1.906666666667e+00,-1.973133311975e-04,1.113366860685e-06,-1.984266980582e-04
6.000000000000e-01,y,-1.893333333333e+00,-2.074754887100e-04,1.026367503928e-06,-2.085018562140e-04
6.000000000000e-01,y,-1.880000000000e+00,-2.135915039553e-04,9.423127921660e-07,-2.145338167475e-04
6.000000000000e-01,y,-1.866666666667e+00,-2.152465920840e-04,8.611121680133e-07,-2.161077042521e-04
6.000000000000e-01,y,-1.853333333333e+00,-2.120209316836e-04,7.819541122668e-07,-2.128028857959e-04
6.000000000000e-01,y,-1.840000000000e+00,-2.034920594440e-04,7.040509210683e-07,-2.041961103650e-04
6.000000000000e-01,y,-1.826666666667e+00,-1.892369266978e-04,6.269715167544e-07,-1.898638982145e-04
6.000000000000e-01,y,-1.813333333333e+00,-1.688336447081e-04,5.506747564927e-07,-1.693843194646e-04
6.000000000000e-01,y,-1.800000000000e+00,-1.418629524420e-04,4.754001759319e-07,-1.423383526179e-04
6.000000000000e-01,y,-1.786666666667e+00,-1.079094412579e-04,4.015545778499e-07,-1.083109958357e-04
6.000000000000e-01,y,-1.773333333333e+00,-6.656256838796e-05,3.296726959336e-07,-6.689224108389e-05
6.000000000000e-01,y,-1.760000000000e+00,-1.741748733175e-05,2.604583436006e-07,-1.767794567535e-05
6.000000000000e-01,y,-1.746666666667e+00,3.992428140960e-05,1.948567882192e-07,3.972942462138e-05
6.000000000000e-01,y,-1.733333333333e+00,1.058543199551e-04,1.340867046944e-07,1.057202332504e-04
6.000000000000e-01,y,-1.720000000000e+00,1.807569072868e-04,7.957371603700e-08,1.806773335708e-04
6.000000000000e-01,y,-1.706666666667e+00,2.649675829224e-04,3.276704291069e-08,2.649348158795e-04
6.000000000000e-01,y,-1.693333333333e+00,3.581230297789e-04,-5.131604886045e-09,3.581281613837e-04
6.000000000000e-01,y,-1.680000000000e+00,4.592786186014e-04,-3.346042729280e-08,4.593120790287e-04
6.000000000000e-01,y,-1.666666666667e+00,5.674644660001e-04,-5.233050550544e-08,5.675167965056e-04
6.000000000000e-01,y,-1.653333333333e+00,6.817028621647e-04,-6.273114432253e-08,6.817655933090e-04
6.000000000000e-01,y,-1.640000000000e+00,8.010084179323e-04,-6.647304609140e-08,8.010748909784e-04
6.000000000000e-01,y,-1.626666666667e+00,9.243882840995e-04,-6.597745686098e-08,9.244542615564e-04
6.000000000000e-01,y,-1.613333333333e+00,1.050842438899e-03,-6.395704235907e-08,1.050906395941e-03
6.000000000000e-01,y,-1.600000000000e+00,1.179364039940e-03,-6.305543458140e-08,1.179427095374e-03
6.000000000000e-01,y,-1.586666666667e+00,1.308939837140e-03,-6.551183249556e-08,1.309005348973e-03
6.000000000000e-01,y,-1.573333333333e+00,1.438550643174e-03,-7.289664864183e-08,1.438623539822e-03
6.000000000000e-01,y,-1.560000000000e+00,1.567171858072e-03,-8.593198239823e-08,1.567257790054e-03
6.000000000000e-01,y,-1.546666666667e+00,1.693774044802e-03,-1.043780142181e-07,1.693878422816e-03
6.000000000000e-01,y,-1.533333333333e+00,1.817323552563e-03,-1.269445030695e-07,1.817450497066e-03
6.000000000000e-01,y,-1.520000000000e+00,1.936783184623e-03,-1.511835147997e-07,1.936934368138e-03
6.000000000000e-01,y,-1.506666666667e+00,2.051112907766e-03,-1.733382379504e-07,2.051286246003e-03
6.000000000000e-01,y,-1.493333333333e+00,2.159270600236e-03,-1.881603573806e-07,2.159458760593e-03
6.000000000000e-01,y,-1.480000000000e+00,2.260212835295e-03,-1.887567631953e-07,2.260401592058e-03
6.000000000000e-01,y,-1.466666666667e+00,2.352895697654e-03,-1.665732644446e-07,2.353062270919e-03
6.000000000000e-01,y,-1.453333333333e+00,2.436275629909e-03,-1.116543239841e-07,2.436387284233e-03
6.000000000000e-01,y,-1.440000000000e+00,2.509310306357e-03,-1.331974023478e-08,2.509323626097e-03
6.000000000000e-01,y,-1.426666666667e+00,2.570959531607e-03,1.386393657910e-07,2.570820892241e-03
6.000000000000e-01,y,-1.413333333333e+00,2.620186161330e-03,3.522271158228e-07,2.619833934215e-03
6.000000000000e-01,y,-1.400000000000e+00,2.655957042689e-03,6.310798289302e-07,2.655325962860e-03
6.000000000000e-01,y,-1.386666666667e+00,2.677243971849e-03,9.721332647718e-07,2.676271838585e-03
6.000000000000e-01,y,-1.373333333333e+00,2.683024666138e-03,1.363529624407e-06,2.681661136514e-03
6.000000000000e-01,y,-1.360000000000e+00,2.672283748202e-03,1.783281388685e-06,2.670500466813e-03
6.000000000000e-01,y,-1.346666666667e+00,2.644013739664e-03,2.199230743968e-06,2.641814508920e-03
6.000000000000e-01,y,-1.333333333333e+00,2.597216061674e-03,2.570741556462e-06,2.594645320118e-03
6.000000000000e-01,y,-1.320000000000e+00,2.530902039644e-03,2.852318583239e-06,2.528049721061e-03
6.000000000000e-01,y,-1.306666666667e+00,2.444093909549e-03,2.998982719873e-06,2.441094926829e-03
6.000000000000e-01,y,-1.293333333333e+00,2.335825823030e-03,2.972799802960e-06,2.332853023227e-03
6.000000000000e-01,y,-1.280000000000e+00,2.205144848564e-03,2.749559568465e-06,2.202395288996e-03
6.000000000000e-01,y,-1.266666666667e+00,2.051111966025e-03,2.324345980183e-06,2.048787620045e-03
6.000000000000e-01,y,-1.253333333333e+00,1.872803051883e-03,1.714734036856e-06,1.871088317846e-03
6.000000000000e-01,y,-1.240000000000e+00,1.669309852471e-03,9.606475141742e-07,1.668349204957e-03
6.000000000000e-01,y,-1.226666666667e+00,1.439740942840e-03,1.204959291346e-07,1.439620446911e-03
6.000000000000e-01,y,-1.213333333333e+00,1.183222668830e-03,-7.360309058024e-07,1.183958699736e-03
6.000000000000e-01,y,-1.200000000000e+00,8.989000702752e-04,-1.537373756997e-06,9.004374440322e-04
6.000000000000e-01,y,-1.186666666667e+00,5.859377834976e-04,-2.220028306845e-06,5.881578118044e-04
6.000000000000e-01,y,-1.173333333333e+00,2.435209215211e-04,-2.737105605253e-06,2.462580271264e-04
6.000000000000e-01,y,-1.160000000000e+00,-1.291440691862e-04,-3.063908898408e-06,-1.260801602878e-04
6.000000000000e-01,y,-1.146666666667e+00,-5.328285761878e-04,-3.199557590568e-06,-5.296290185972e-04
6.000000000000e-01,y,-1.133333333333e+00,-9.680601896272e-04,-3.164567213867e-06,-9.648956224133e-04
6.000000000000e-01,y,-1.120000000000e+00,-1.433173371638e-03,-2.995167203115e-06,-1.430178204434e-03
6.000000000000e-01,y,-1.106666666667e+00,-1.925246755710e-03,-2.735777176712e-06,-1.922510978533e-03
6.000000000000e-01,y,-1.093333333333e+00,-2.441319590236e-03,-2.431313027364e-06,-2.438888277209e-03
6.000000000000e-01,y,-1.080000000000e+00,-2.978405156965e-03,-2.120821141623e-06,-2.976284335823e-03
6.000000000000e-01,y,-1.066666666667e+00,-3.533490076788e-03,-1.833429622270e-06,-3.531656647166e-03
6.000000000000e-01,y,-1.053333333333e+00,-4.103533633542e-03,-1.586932308102e-06,-4.101946701234e-03
6.000000000000e-01,y,-1.040000000000e+00,-4.685467113494e-03,-1.388682116858e-06,-4.684078431377e-03
6.000000000000e-01,y,-1.026666666667e+00,-5.276193157955e-03,-1.238024818092e-06,-5.274955133137e-03
6.000000000000e-01,y,-1.013333333333e+00,-5.872585126422e-03,-1.129333691733e-06,-5.871455792730e-03
6.000000000000e-01,y,-1.000000000000e+00,-6.471486467565e-03,-1.054801122957e-06,-6.470431666442e-03
6.000000000000e-01,y,-9.866666666667e-01,-7.069710095490e-03,-1.006426260628e-06,-7.068703669230e-03
6.000000000000e-01,y,-9.733333333333e-01,-7.664037768897e-03,-9.769960888439e-07,-7.663060772808e-03
6.000000000000e-01,y,-9.600000000000e-01,-8.251219471019e-03,-9.601831854514e-07,-8.250259287833e-03
6.000000000000e-01,y,-9.466666666667e-01,-8.827972788621e-03,-9.501021235942e-07,-8.827022686497e-03
6.000000000000e-01,y,-9.333333333333e-01,-9.390982288916e-03,-9.407466152637e-07,-9.390041542301e-03
6.000000000000e-01,y,-9.200000000000e-01,-9.936898893732e-03,-9.256798100821e-07,-9.935973213921e-03
6.000000000000e-01,y,-9.066666666667e-01,-1.046233925109e-02,-8.982070047848e-07,-1.046144104409e-02
6.000000000000e-01,y,-8.933333333333e-01,-1.096388510515e-02,-8.520730637560e-07,-1.096303303208e-02
6.000000000000e-01,y,-8.800000000000e-01,-1.143808266621e-02,-7.825473286062e-07,-1.143730011888e-02
6.000000000000e-01,y,-8.666666666667e-01,-1.188144198373e-02,-6.876319479895e-07,-1.188075435178e-02
6.000000000000e-01,y,-8.533333333333e-01,-1.229043632605e-02,-5.690910596476e-07,-1.228986723499e-02
6.000000000000e-01,y,-8.400000000000e-01,-1.266150157186e-02,-4.330742842345e-07,-1.266106849758e-02
6.000000000000e-01,y,-8.266666666667e-01,-1.299103561947e-02,-2.903198501413e-07,-1.299074529962e-02
6.000000000000e-01,y,-8.133333333333e-01,-1.327539782120e-02,-1.562978815301e-07,-1.327524152332e-02
6.000000000000e-01,y,-8.000000000000e-01,-1.351090845146e-02,-5.224553854789e-08,-1.351085620592e-02
6.000000000000e-01,y,-7.866666666667e-01,-1.369384821823e-02,-8.954973890994e-09,-1.369383926326e-02
6.000000000000e-01,y,-7.733333333333e-01,-1.382045782903e-02,-7.657594621269e-08,-1.382038125308e-02
6.000000000000e-01,y,-7.600000000000e-01,-1.388693762344e-02,-3.458340195277e-07,-1.388659178942e-02
6.000000000000e-01,y,-7.466666666667e-01,-1.388944728566e-02,-9.892178114130e-07,-1.388845806785e-02
6.000000000000e-01,y,-7.333333333333e-01,-1.382410565146e-02,-2.335034203614e-06,-1.382177061726e-02
6.000000000000e-01,y,-7.200000000000e-01,-1.368699062492e-02,-4.992614966027e-06,-1.368199800995e-02
6.000000000000e-01,y,-7.066666666667e-01,-1.347413922133e-02,-1.005252715610e-05,-1.346408669418e-02
6.000000000000e-01,y,-6.933333333333e-01,-1.318154775325e-02,-1.938936843483e-05,-1.316215838482e-02
6.000000000000e-01,y,-6.800000000000e-01,-1.280517217722e-02,-3.609296993132e-05,-1.276907920729e-02
6.000000000000e-01,y,-6.666666666667e-01,-1.234092861936e-02,-6.504112956241e-05,-1.227588748980e-02
6.000000000000e-01,y,-6.533333333333e-01,-1.178469409787e-02,-1.135965891153e-04,-1.167109750875e-02
6.000000000000e-01,y,-6.400000000000e-01,-1.113230746071e-02,-1.923564343790e-04,-1.093995102633e-02
6.000000000000e-01,y,-6.266666666667e-01,-1.037957055660e-02,-3.158006164661e-04,-1.006376994014e-02
6.000000000000e-01,y,-6.133333333333e-01,-9.522249656714e-03,-5.025833608886e-04,-9.019666295826e-03
6.000000000000e-01,y,-6.000000000000e-01,-8.556077144216e-03,-7.751058879895e-04,-7.780971256226e-03
6.000000000000e-01,y,-5.866666666667e-01,-7.476753487722e-03,-1.157937202057e-03,-6.318816285665e-03
6.000000000000e-01,y,-5.733333333333e-01,-6.279949513797e-03,-1.674663391152e-03,-4.605286122645e-03
6.000000000000e-01,y,-5.600000000000e-01,-4.962452603637e-03,-2.342902414310e-03,-2.619550189327e-03
6.000000000000e-01,y,-5.466666666667e-01,-3.528083556500e-03,-3.167564392412e-03,-3.605191640888e-04
6.000000000000e-01,y,-5.333333333333e-01,-1.983331878259e-03,-4.132969486220e-03,2.149637607961e-03
6.000000000000e-01,y,-5.200000000000e-01,-3.346750662398e-04,-5.195090718664e-03,4.860415652424e-03
6.000000000000e-01,y,-5.066666666667e-01,1.411422736261e-03,-6.275818906808e-03,7.687241643069e-03
6.000000000000e-01,y,-4.933333333333e-01,3.248506429953e-03,-7.261531948525e-03,1.051003837848e-02
6.000000000000e-01,y,-4.800000000000e-01,5.170125283687e-03,-8.008149379301e-03,1.317827466299e-02
6.000000000000e-01,y,-4.666666666667e-01,7.169827889595e-03,-8.354082356141e-03,1.552391024574e-02
6.000000000000e-01,y,-4.533333333333e-01,9.241156747711e-03,-8.141018860472e-03,1.738217560818e-02
6.000000000000e-01,y,-4.400000000000e-01,1.137764248018e-02,-7.240509161804e-03,1.861815164199e-02
6.000000000000e-01,y,-4.266666666667e-01,1.357279767679e-02,-5.582269689835e-03,1.915506736663e-02
6.000000000000e-01,y,-4.133333333333e-01,1.582011037518e-02,-3.178597376727e-03,1.899870775191e-02
6.000000000000e-01,y,-4.000000000000e-01,1.811303718083e-02,-1.388731448005e-04,1.825191032563e-02
6.000000000000e-01,y,-3.866666666667e-01,2.044499603347e-02,3.330783462408e-03,1.711421257106e-02
6.000000000000e-01,y,-3.733333333333e-01,2.280935862865e-02,6.945071205693e-03,1.586428742296e-02
6.000000000000e-01,y,-3.600000000000e-01,2.519944250487e-02,1.037304186705e-02,1.482640063782e-02
6.000000000000e-01,y,-3.466666666667e-01,2.760850280884e-02,1.328262109791e-02,1.432588171093e-02
6.000000000000e-01,y,-3.333333333333e-01,3.002972375384e-02,1.538822465164e-02,1.464149910220e-02
6.000000000000e-01,y,-3.200000000000e-01,3.245620978851e-02,1.649240539337e-02,1.596380439514e-02
6.000000000000e-01,y,-3.066666666667e-01,3.488097649616e-02,1.651343834369e-02,1.836753815247e-02
6.000000000000e-01,y,-2.933333333333e-01,3.729694124773e-02,1.549368325275e-02,2.180325799499e-02
6.000000000000e-01,y,-2.800000000000e-01,3.969691363484e-02,1.358770395924e-02,2.610920967560e-02
6.000000000000e-01,y,-2.666666666667e-01,4.207358571280e-02,1.103337972698e-02,3.104020598582e-02
6.000000000000e-01,y,-2.533333333333e-01,4.441952208737e-02,8.112525409904e-03,3.630699667746e-02
6.000000000000e-01,y,-2.400000000000e-01,4.672714988287e-02,5.109083483238e-03,4.161806639963e-02
6.000000000000e-01,y,-2.266666666667e-01,4.898874863361e-02,2.272533879217e-03,4.671621475439e-02
6.000000000000e-01,y,-2.133333333333e-01,5.119644014458e-02,-2.078888265034e-04,5.140432897108e-02
6.000000000000e-01,y,-2.000000000000e-01,5.334217837178e-02,-2.215557732604e-03,5.555773610438e-02
6.000000000000e-01,y,-1.866666666667e-01,5.541773937645e-02,-3.705823476141e-03,5.912356285259e-02
6.000000000000e-01,y,-1.733333333333e-01,5.741471141161e-02,-4.695197304417e-03,6.210990871602e-02
6.000000000000e-01,y,-1.600000000000e-01,5.932448520247e-02,-5.244445891429e-03,6.456893109390e-02
6.000000000000e-01,y,-1.466666666667e-01,6.113824448566e-02,-5.439845258217e-03,6.657808974388e-02
6.000000000000e-01,y,-1.333333333333e-01,6.284695687430e-02,-5.376085260019e-03,6.822304213432e-02
6.000000000000e-01,y,-1.200000000000e-01,6.444136511760e-02,-5.143057956431e-03,6.958442307403e-02
6.000000000000e-01,y,-1.066666666667e-01,6.591197882447e-02,-4.817419720463e-03,7.072939854493e-02
6.000000000000e-01,y,-9.333333333333e-02,6.724906672003e-02,-4.458706496112e-03,7.170777321614e-02
6.000000000000e-01,y,-8.000000000000e-02,6.844264950265e-02,-4.109070640432e-03,7.255172014308e-02
6.000000000000e-01,y,-6.666666666667e-02,6.948249336622e-02,-3.795415657504e-03,7.327790902373e-02
6.000000000000e-01,y,-5.333333333333e-02,7.035810424875e-02,-3.532747425212e-03,7.389085167396e-02
6.000000000000e-01,y,-4.000000000000e-02,7.105872286297e-02,-3.327805556962e-03,7.438652841993e-02
6.000000000000e-01,y,-2.666666666667e-02,7.157332055865e-02,-3.182356431498e-03,7.475567699014e-02
6.000000000000e-01,y,-1.333333333333e-02,7.189059605856e-02,-3.095822498394e-03,7.498641855695e-02
6.000000000000e-01,y,0.000000000000e+00,7.199897310224e-02,-3.067135915071e-03,7.506610901732e-02
6.000000000000e-01,y,1.333333333333e-02,7.189059605856e-02,-3.095822498394e-03,7.498641855695e-02
6.000000000000e-01,y,2.666666666667e-02,7.157332055865e-02,-3.182356431498e-03,7.475567699014e-02
6.000000000000e-01,y,4.000000000000e-02,7.105872286297e-02,-3.327805556962e-03,7.438652841993e-02
6.000000000000e-01,y,5.333333333333e-02,7.035810424875e-02,-3.532747425212e-03,7.389085167396e-02
6.000000000000e-01,y,6.666666666667e-02,6.948249336622e-02,-3.795415657504e-03,7.327790902373e-02
6.000000000000e-01,y,8.000000000000e-02,6.844264950265e-02,-4.109070640432e-03,7.255172014308e-02
6.000000000000e-01,y,9.333333333333e-02,6.724906672003e-02,-4.458706496112e-03,7.170777321615e-02
6.000000000000e-01,y,1.066666666667e-01,6.591197882447e-02,-4.817419720463e-03,7.072939854493e-02
6.000000000000e-01,y,1.200000000000e-01,6.444136511760e-02,-5.143057956431e-03,6.958442307403e-02
6.000000000000e-01,y,1.333333333333e-01,6.284695687430e-02,-5.376085260019e-03,6.822304213432e-02
6.000000000000e-01,y,1.466666666667e-01,6.113824448566e-02,-5.439845258217e-03,6.657808974388e-02
6.000000000000e-01,y,1.600000000000e-01,5.932448520247e-02,-5.244445891429e-03,6.456893109390e-02
6.000000000000e-01,y,1.733333333333e-01,5.741471141161e-02,-4.695197304417e-03,6.210990871603e-02
6.000000000000e-01,y,1.866666666667e-01,5.541773937645e-02,-3.705823476141e-03,5.912356285259e-02
6.000000000000e-01,y,2.000000000000e-01,5.334217837178e-02,-2.215557732604e-03,5.555773610438e-02
6.000000000000e-01,y,2.133333333333e-01,5.119644014458e-02,-2.078888265034e-04,5.140432897108e-02
6.000000000000e-01,y,2.266666666667e-01,4.898874863361e-02,2.272533879217e-03,4.671621475439e-02
6.000000000000e-01,y,2.400000000000e-01,4.672714988287e-02,5.109083483238e-03,4.161806639963e-02
6.000000000000e-01,y,2.533333333333e-01,4.441952208737e-02,8.112525409904e-03,3.630699667746e-02
6.000000000000e-01,y,2.666666666667e-01,4.207358571280e-02,1.103337972698e-02,3.104020598582e-02
6.000000000000e-01,y,2.800000000000e-01,3.969691363484e-02,1.358770395924e-02,2.610920967560e-02
6.000000000000e-01,y,2.933333333333e-01,3.729694124773e-02,1.549368325275e-02,2.180325799499e-02
6.000000000000e-01,y,3.066666666667e-01,3.488097649616e-02,1.651343834369e-02,1.836753815248e-02
6.000000000000e-01,y,3.200000000000e-01,3.245620978851e-02,1.649240539337e-02,1.596380439514e-02
6.000000000000e-01,y,3.333333333333e-01,3.002972375384e-02,1.538822465164e-02,1.464149910220e-02
6.000000000000e-01,y,3.466666666667e-01,2.760850280884e-02,1.328262109791e-02,1.432588171093e-02
6.000000000000e-01,y,3.600000000000e-01,2.519944250488e-02,1.037304186705e-02,1.482640063782e-02
6.000000000000e-01,y,3.733333333333e-01,2.280935862866e-02,6.945071205693e-03,1.586428742296e-02
6.000000000000e-01,y,3.866666666667e-01,2.044499603347e-02,3.330783462408e-03,1.711421257106e-02
6.000000000000e-01,y,4.000000000000e-01,1.811303718083e-02,-1.388731448005e-04,1.825191032563e-02
6.000000000000e-01,y,4.133333333333e-01,1.582011037519e-02,-3.178597376727e-03,1.899870775191e-02
6.000000000000e-01,y,4.266666666667e-01,1.357279767679e-02,-5.582269689835e-03,1.915506736663e-02
6.000000000000e-01,y,4.400000000000e-01,1.137764248018e-02,-7.240509161804e-03,1.861815164199e-02
6.000000000000e-01,y,4.533333333333e-01,9.241156747714e-03,-8.141018860472e-03,1.738217560819e-02
6.000000000000e-01,y,4.666666666667e-01,7.169827889597e-03,-8.354082356141e-03,1.552391024574e-02
6.000000000000e-01,y,4.800000000000e-01,5.170125283690e-03,-8.008149379301e-03,1.317827466299e-02
6.000000000000e-01,y,4.933333333333e-01,3.248506429956e-03,-7.261531948525e-03,1.051003837848e-02
6.000000000000e-01,y,5.066666666667e-01,1.411422736263e-03,-6.275818906808e-03,7.687241643071e-03
6.000000000000e-01,y,5.200000000000e-01,-3.346750662375e-04,-5.195090718664e-03,4.860415652427e-03
6.000000000000e-01,y,5.333333333333e-01,-1.983331878256e-03,-4.132969486220e-03,2.149637607964e-03
6.000000000000e-01,y,5.466666666667e-01,-3.528083556497e-03,-3.167564392412e-03,-3.605191640856e-04
6.000000000000e-01,y,5.600000000000e-01,-4.962452603634e-03,-2.342902414310e-03,-2.619550189324e-03
6.000000000000e-01,y,5.733333333333e-01,-6.279949513793e-03,-1.674663391152e-03,-4.605286122641e-03
6.000000000000e-01,y,5.866666666667e-01,-7.476753487719e-03,-1.157937202057e-03,-6.318816285662e-03
6.000000000000e-01,y,6.000000000000e-01,-8.556077144212e-03,-7.751058879895e-04,-7.780971256222e-03
6.000000000000e-01,y,6.133333333333e-01,-9.522249656711e-03,-5.025833608886e-04,-9.019666295822e-03
6.000000000000e-01,y,6.266666666667e-01,-1.037957055660e-02,-3.158006164661e-04,-1.006376994013e-02
6.000000000000e-01,y,6.400000000000e-01,-1.113230746071e-02,-1.923564343790e-04,-1.093995102633e-02
6.000000000000e-01,y,6.533333333333e-01,-1.178469409786e-02,-1.135965891153e-04,-1.167109750875e-02
6.000000000000e-01,y,6.666666666667e-01,-1.234092861936e-02,-6.504112956241e-05,-1.227588748980e-02
6.000000000000e-01,y,6.800000000000e-01,-1.280517217722e-02,-3.609296993132e-05,-1.276907920729e-02
6.000000000000e-01,y,6.933333333333e-01,-1.318154775325e-02,-1.938936843483e-05,-1.316215838481e-02
6.000000000000e-01,y,7.066666666667e-01,-1.347413922133e-02,-1.005252715610e-05,-1.346408669417e-02
6.000000000000e-01,y,7.200000000000e-01,-1.368699062491e-02,-4.992614966027e-06,-1.368199800995e-02
6.000000000000e-01,y,7.333333333333e-01,-1.382410565145e-02,-2.335034203614e-06,-1.382177061725e-02
6.000000000000e-01,y,7.466666666667e-01,-1.388944728566e-02,-9.892178114130e-07,-1.388845806785e-02
6.000000000000e-01,y,7.600000000000e-01,-1.388693762343e-02,-3.458340195277e-07,-1.388659178942e-02
6.000000000000e-01,y,7.733333333333e-01,-1.382045782902e-02,-7.657594621269e-08,-1.382038125308e-02
6.000000000000e-01,y,7.866666666667e-01,-1.369384821822e-02,-8.954973890994e-09,-1.369383926325e-02
6.000000000000e-01,y,8.000000000000e-01,-1.351090845145e-02,-5.224553854789e-08,-1.351085620591e-02
6.000000000000e-01,y,8.133333333333e-01,-1.327539782120e-02,-1.562978815301e-07,-1.327524152331e-02
6.000000000000e-01,y,8.266666666667e-01,-1.299103561947e-02,-2.903198501413e-07,-1.299074529962e-02
6.000000000000e-01,y,8.400000000000e-01,-1.266150157186e-02,-4.330742842345e-07,-1.266106849757e-02
6.000000000000e-01,y,8.533333333333e-01,-1.229043632604e-02,-5.690910596476e-07,-1.228986723498e-02
6.000000000000e-01,y,8.666666666667e-01,-1.188144198372e-02,-6.876319479895e-07,-1.188075435177e-02
6.000000000000e-01,y,8.800000000000e-01,-1.143808266620e-02,-7.825473286062e-07,-1.143730011888e-02
6.000000000000e-01,y,8.933333333333e-01,-1.096388510515e-02,-8.520730637560e-07,-1.096303303208e-02
6.000000000000e-01,y,9.066666666667e-01,-1.046233925109e-02,-8.982070047848e-07,-1.046144104409e-02
6.000000000000e-01,y,9.200000000000e-01,-9.936898893727e-03,-9.256798100821e-07,-9.935973213917e-03
6.000000000000e-01,y,9.333333333333e-01,-9.390982288914e-03,-9.407466152637e-07,-9.390041542299e-03
6.000000000000e-01,y,9.466666666667e-01,-8.827972788618e-03,-9.501021235942e-07,-8.827022686495e-03
6.000000000000e-01,y,9.600000000000e-01,-8.251219471015e-03,-9.601831854514e-07,-8.250259287829e-03
6.000000000000e-01,y,9.733333333333e-01,-7.664037768895e-03,-9.769960888439e-07,-7.663060772807e-03
6.000000000000e-01,y,9.866666666667e-01,-7.069710095488e-03,-1.006426260628e-06,-7.068703669228e-03
6.000000000000e-01,y,1.000000000000e+00,-6.471486467564e-03,-1.054801122957e-06,-6.470431666441e-03
6.000000000000e-01,y,1.013333333333e+00,-5.872585126422e-03,-1.129333691733e-06,-5.871455792730e-03
6.000000000000e-01,y,1.026666666667e+00,-5.276193157956e-03,-1.238024818092e-06,-5.274955133138e-03
6.000000000000e-01,y,1.040000000000e+00,-4.685467113493e-03,-1.388682116858e-06,-4.684078431377e-03
6.000000000000e-01,y,1.053333333333e+00,-4.103533633544e-03,-1.586932308102e-06,-4.101946701236e-03
6.000000000000e-01,y,1.066666666667e+00,-3.533490076789e-03,-1.833429622270e-06,-3.531656647166e-03
6.000000000000e-01,y,1.080000000000e+00,-2.978405156967e-03,-2.120821141623e-06,-2.976284335825e-03
6.000000000000e-01,y,1.093333333333e+00,-2.441319590239e-03,-2.431313027364e-06,-2.438888277212e-03
6.000000000000e-01,y,1.106666666667e+00,-1.925246755713e-03,-2.735777176712e-06,-1.922510978537e-03
6.000000000000e-01,y,1.120000000000e+00,-1.433173371642e-03,-2.995167203115e-06,-1.430178204439e-03
6.000000000000e-01,y,1.133333333333e+00,-9.680601896345e-04,-3.164567213867e-06,-9.648956224206e-04
6.000000000000e-01,y,1.146666666667e+00,-5.328285761953e-04,-3.199557590568e-06,-5.296290186048e-04
6.000000000000e-01,y,1.160000000000e+00,-1.291440691966e-04,-3.063908898408e-06,-1.260801602982e-04
6.000000000000e-01,y,1.173333333333e+00,2.435209215100e-04,-2.737105605253e-06,2.462580271152e-04
6.000000000000e-01,y,1.186666666667e+00,5.859377834874e-04,-2.220028306845e-06,5.881578117942e-04
6.000000000000e-01,y,1.200000000000e+00,8.989000702633e-04,-1.537373756997e-06,9.004374440203e-04
6.000000000000e-01,y,1.213333333333e+00,1.183222668815e-03,-7.360309058024e-07,1.183958699721e-03
6.000000000000e-01,y,1.226666666667e+00,1.439740942825e-03,1.204959291346e-07,1.439620446896e-03
6.000000000000e-01,y,1.240000000000e+00,1.669309852454e-03,9.606475141742e-07,1.668349204940e-03
6.000000000000e-01,y,1.253333333333e+00,1.872803051864e-03,1.714734036856e-06,1.871088317827e-03
6.000000000000e-01,y,1.266666666667e+00,2.051111966005e-03,2.324345980183e-06,2.048787620025e-03
6.000000000000e-01,y,1.280000000000e+00,2.205144848541e-03,2.749559568465e-06,2.202395288973e-03
6.000000000000e-01,y,1.293333333333e+00,2.335825823008e-03,2.972799802960e-06,2.332853023205e-03
6.000000000000e-01,y,1.306666666667e+00,2.444093909525e-03,2.998982719873e-06,2.441094926805e-03
6.000000000000e-01,y,1.320000000000e+00,2.530902039617e-03,2.852318583239e-06,2.528049721034e-03
6.000000000000e-01,y,1.333333333333e+00,2.597216061646e-03,2.570741556462e-06,2.594645320090e-03
6.000000000000e-01,y,1.346666666667e+00,2.644013739635e-03,2.199230743968e-06,2.641814508891e-03
6.000000000000e-01,y,1.360000000000e+00,2.672283748170e-03,1.783281388685e-06,2.670500466782e-03
6.000000000000e-01,y,1.373333333333e+00,2.683024666108e-03,1.363529624407e-06,2.681661136483e-03
6.000000000000e-01,y,1.386666666667e+00,2.677243971818e-03,9.721332647718e-07,2.676271838553e-03
6.000000000000e-01,y,1.400000000000e+00,2.655957042653e-03,6.310798289302e-07,2.655325962824e-03
6.000000000000e-01,y,1.413333333333e+00,2.620186161296e-03,3.522271158228e-07,2.619833934180e-03
6.000000000000e-01,y,1.426666666667e+00,2.570959531571e-03,1.386393657910e-07,2.570820892205e-03
6.000000000000e-01,y,1.440000000000e+00,2.509310306317e-03,-1.331974023478e-08,2.509323626058e-03
6.000000000000e-01,y,1.453333333333e+00,2.436275629867e-03,-1.116543239841e-07,2.436387284191e-03
6.000000000000e-01,y,1.466666666667e+00,2.352895697614e-03,-1.665732644446e-07,2.353062270878e-03
6.000000000000e-01,y,1.480000000000e+00,2.260212835253e-03,-1.887567631953e-07,2.260401592016e-03
6.000000000000e-01,y,1.493333333333e+00,2.159270600194e-03,-1.881603573806e-07,2.159458760552e-03
6.000000000000e-01,y,1.506666666667e+00,2.051112907725e-03,-1.733382379504e-07,2.051286245963e-03
6.000000000000e-01,y,1.520000000000e+00,1.936783184581e-03,-1.511835147997e-07,1.936934368096e-03
6.000000000000e-01,y,1.533333333333e+00,1.817323552520e-03,-1.269445030695e-07,1.817450497024e-03
6.000000000000e-01,y,1.546666666667e+00,1.693774044760e-03,-1.043780142181e-07,1.693878422774e-03
6.000000000000e-01,y,1.560000000000e+00,1.567171858030e-03,-8.593198239823e-08,1.567257790013e-03
6.000000000000e-01,y,1.573333333333e+00,1.438550643133e-03,-7.289664864183e-08,1.438623539782e-03
6.000000000000e-01,y,1.586666666667e+00,1.308939837102e-03,-6.551183249556e-08,1.309005348935e-03
6.000000000000e-01,y,1.600000000000e+00,1.179364039902e-03,-6.305543458140e-08,1.179427095336e-03
6.000000000000e-01,y,1.613333333333e+00,1.050842438864e-03,-6.395704235907e-08,1.050906395906e-03
6.000000000000e-01,y,1.626666666667e+00,9.243882840656e-04,-6.597745686098e-08,9.244542615224e-04
6.000000000000e-01,y,1.640000000000e+00,8.010084179003e-04,-6.647304609140e-08,8.010748909464e-04
6.000000000000e-01,y,1.653333333333e+00,6.817028621352e-04,-6.273114432253e-08,6.817655932795e-04
6.000000000000e-01,y,1.666666666667e+00,5.674644659754e-04,-5.233050550544e-08,5.675167964809e-04
6.000000000000e-01,y,1.680000000000e+00,4.592786185798e-04,-3.346042729280e-08,4.593120790071e-04
6.000000000000e-01,y,1.693333333333e+00,3.581230297607e-04,-5.131604886045e-09,3.581281613656e-04
6.000000000000e-01,y,1.706666666667e+00,2.649675829090e-04,3.276704291069e-08,2.649348158661e-04
6.000000000000e-01,y,1.720000000000e+00,1.807569072781e-04,7.957371603700e-08,1.806773335620e-04
6.000000000000e-01,y,1.733333333333e+00,1.058543199505e-04,1.340867046944e-07,1.057202332459e-04
6.000000000000e-01,y,1.746666666667e+00,3.992428141083e-05,1.948567882192e-07,3.972942462261e-05
6.000000000000e-01,y,1.760000000000e+00,-1.741748732607e-05,2.604583436006e-07,-1.767794566967e-05
6.000000000000e-01,y,1.773333333333e+00,-6.656256837419e-05,3.296726959336e-07,-6.689224107012e-05
6.000000000000e-01,y,1.786666666667e+00,-1.079094412353e-04,4.015545778499e-07,-1.083109958132e-04
6.000000000000e-01,y,1.800000000000e+00,-1.418629524139e-04,4.754001759319e-07,-1.423383525899e-04
6.000000000000e-01,y,1.813333333333e+00,-1.688336446718e-04,5.506747564927e-07,-1.693843194283e-04
6.000000000000e-01,y,1.826666666667e+00,-1.892369266545e-04,6.269715167544e-07,-1.898638981712e-04
6.000000000000e-01,y,1.840000000000e+00,-2.034920593956e-04,7.040509210683e-07,-2.041961103167e-04
6.000000000000e-01,y,1.853333333333e+00,-2.120209316282e-04,7.819541122668e-07,-2.128028857404e-04
6.000000000000e-01,y,1.866666666667e+00,-2.152465920219e-04,8.611121680133e-07,-2.161077041899e-04
6.000000000000e-01,y,1.880000000000e+00,-2.135915038846e-04,9.423127921660e-07,-2.145338166768e-04
6.000000000000e-01,y,1.893333333333e+00,-2.074754886308e-04,1.026367503928e-06,-2.085018561348e-04
6.000000000000e-01,y,1.906666666667e+00,-1.973133311120e-04,1.113366860685e-06,-1.984266979727e-04
6.000000000000e-01,y,1.920000000000e+00,-1.835120359136e-04,1.201521677340e-06,-1.847135575910e-04
6.000000000000e-01,y,1.933333333333e+00,-1.664677522149e-04,1.285744280791e-06,-1.677534964957e-04
6.000000000000e-01,y,1.946666666667e+00,-1.465624285952e-04,1.356284509993e-06,-1.479187131052e-04
6.000000000000e-01,y,1.960000000000e+00,-1.241603167360e-04,1.397848655853e-06,-1.255581653918e-04
6.000000000000e-01,y,1.973333333333e+00,-9.960450763022e-05,1.389648348278e-06,-1.009941559785e-04
6.000000000000e-01,y,1.986666666667e+00,-7.321374162668e-05,1.306722944273e-06,-7.452046457095e-05
6.000000000000e-01,y,2.000000000000e+00,-4.527976416003e-05,1.122656714376e-06,-4.640242087440e-05
