t,axis,s,p_dibem,p_exact,error
4.400000000000e-01,x,-2.000000000000e+00,4.484596025410e-04,2.718116855170e-07,4.481877908555e-04
4.400000000000e-01,x,-1.986666666667e+00,4.143885783216e-04,2.690961398795e-07,4.141194821818e-04
4.400000000000e-01,x,-1.973333333333e+00,3.810269662982e-04,2.620532976607e-07,3.807649130005e-04
4.400000000000e-01,x,-1.960000000000e+00,3.487265377702e-04,2.510211882816e-07,3.484755165820e-04
4.400000000000e-01,x,-1.946666666667e+00,3.178810811266e-04,2.364725610033e-07,3.176446085656e-04
4.400000000000e-01,x,-1.933333333333e+00,2.889220023452e-04,2.189872139617e-07,2.887030151313e-04
4.400000000000e-01,x,-1.920000000000e+00,2.623129867794e-04,1.992238846551e-07,2.621137628947e-04
4.400000000000e-01,x,-1.906666666667e+00,2.385442183999e-04,1.778932337870e-07,2.383663251661e-04
4.400000000000e-01,x,-1.893333333333e+00,2.181265939728e-04,1.557332752796e-07,2.179708606975e-04
4.400000000000e-01,x,-1.880000000000e+00,2.015862616841e-04,1.334882286640e-07,2.014527734554e-04
4.400000000000e-01,x,-1.866666666667e+00,1.894596926410e-04,1.118911717120e-07,1.893478014693e-04
4.400000000000e-01,x,-1.853333333333e+00,1.822893861295e-04,9.165010647850e-08,1.821977360230e-04
4.400000000000e-01,x,-1.840000000000e+00,1.806202283342e-04,7.343626649529e-08,1.805467920677e-04
4.400000000000e-01,x,-1.826666666667e+00,1.849964714526e-04,5.787288593455e-08,1.849385985667e-04
4.400000000000e-01,x,-1.813333333333e+00,1.959592706695e-04,4.552242986790e-08,1.959137482397e-04
4.400000000000e-01,x,-1.800000000000e+00,2.140447049471e-04,3.687059506689e-08,2.140078343520e-04
4.400000000000e-01,x,-1.786666666667e+00,2.397822069129e-04,3.230626990805e-08,2.397499006430e-04
4.400000000000e-01,x,-1.773333333333e+00,2.736933327997e-04,3.209797814199e-08,2.736612348216e-04
4.400000000000e-01,x,-1.760000000000e+00,3.162908119244e-04,3.636887721935e-08,3.162544430472e-04
4.400000000000e-01,x,-1.746666666667e+00,3.680778246514e-04,4.507378726113e-08,3.680327508642e-04
4.400000000000e-01,x,-1.733333333333e+00,4.295474668777e-04,5.798262241658e-08,4.294894842553e-04
4.400000000000e-01,x,-1.720000000000e+00,5.011823668079e-04,7.467467825586e-08,5.011076921297e-04
4.400000000000e-01,x,-1.706666666667e+00,5.834046206745e-04,9.454734231990e-08,5.833100733322e-04
4.400000000000e-01,x,-1.693333333333e+00,6.757888562201e-04,1.168409922751e-07,6.756720152279e-04
4.400000000000e-01,x,-1.680000000000e+00,7.772045791611e-04,1.406793979961e-07,7.770638997631e-04
4.400000000000e-01,x,-1.666666666667e+00,8.864893398505e-04,1.651222915527e-07,8.863242175590e-04
4.400000000000e-01,x,-1.653333333333e+00,1.002469812665e-03,1.892244533814e-07,1.002280588211e-03
4.400000000000e-01,x,-1.640000000000e+00,1.123961917505e-03,2.120941908074e-07,1.123749823315e-03
4.400000000000e-01,x,-1.626666666667e+00,1.249770988506e-03,2.329438293588e-07,1.249538044677e-03
4.400000000000e-01,x,-1.613333333333e+00,1.378691984677e-03,2.511259330895e-07,1.378440858744e-03
4.400000000000e-01,x,-1.600000000000e+00,1.509509737891e-03,2.661512742530e-07,1.509243586617e-03
4.400000000000e-01,x,-1.586666666667e+00,1.640999234512e-03,2.776876796224e-07,1.640721546832e-03
4.400000000000e-01,x,-1.573333333333e+00,1.771925927558e-03,2.855422000629e-07,1.771640385358e-03
4.400000000000e-01,x,-1.560000000000e+00,1.901046076684e-03,2.896319222248e-07,1.900756444762e-03
4.400000000000e-01,x,-1.546666666667e+00,2.027107113596e-03,2.899505856603e-07,2.026817163011e-03
4.400000000000e-01,x,-1.533333333333e+00,2.148848030985e-03,2.865385979550e-07,2.148561492387e-03
4.400000000000e-01,x,-1.520000000000e+00,2.264999793132e-03,2.794629597477e-07,2.264720330172e-03
4.400000000000e-01,x,-1.506666666667e+00,2.374285766756e-03,2.688112304166e-07,2.374016955525e-03
4.400000000000e-01,x,-1.493333333333e+00,2.475422170882e-03,2.547004617938e-07,2.475167470421e-03
4.400000000000e-01,x,-1.480000000000e+00,2.567118544626e-03,2.372986486954e-07,2.566881245977e-03
4.400000000000e-01,x,-1.466666666667e+00,2.648078232284e-03,2.168533651149e-07,2.647861378919e-03
4.400000000000e-01,x,-1.453333333333e+00,2.716998885131e-03,1.937204464315e-07,2.716805164685e-03
4.400000000000e-01,x,-1.440000000000e+00,2.772572979715e-03,1.683851816552e-07,2.772404594534e-03
4.400000000000e-01,x,-1.426666666667e+00,2.813488352674e-03,1.414695627042e-07,2.813346883111e-03
4.400000000000e-01,x,-1.413333333333e+00,2.838428752329e-03,1.137214679482e-07,2.838315030861e-03
4.400000000000e-01,x,-1.400000000000e+00,2.846074407639e-03,8.598477712484e-08,2.845988422862e-03
4.400000000000e-01,x,-1.386666666667e+00,2.835102615289e-03,5.915273138212e-08,2.835043462557e-03
4.400000000000e-01,x,-1.373333333333e+00,2.804188346021e-03,3.410975827576e-08,2.804154236263e-03
4.400000000000e-01,x,-1.360000000000e+00,2.752004871499e-03,1.166897372321e-08,2.751993202525e-03
4.400000000000e-01,x,-1.346666666667e+00,2.677224413327e-03,-7.486666870116e-09,2.677231899994e-03
4.400000000000e-01,x,-1.333333333333e+00,2.578518816067e-03,-2.285214957966e-08,2.578541668217e-03
4.400000000000e-01,x,-1.320000000000e+00,2.454560246240e-03,-3.413141438808e-08,2.454594377654e-03
4.400000000000e-01,x,-1.306666666667e+00,2.304021919722e-03,-4.124844116753e-08,2.304063168163e-03
4.400000000000e-01,x,-1.293333333333e+00,2.125578859989e-03,-4.433816261579e-08,2.125623198151e-03
4.400000000000e-01,x,-1.280000000000e+00,1.917908689925e-03,-4.371975250989e-08,1.917952409678e-03
4.400000000000e-01,x,-1.266666666667e+00,1.679692460147e-03,-3.985708255813e-08,1.679732317229e-03
4.400000000000e-01,x,-1.253333333333e+00,1.409615516971e-03,-3.331252078601e-08,1.409648829492e-03
4.400000000000e-01,x,-1.240000000000e+00,1.106368413207e-03,-2.470060208702e-08,1.106393113809e-03
4.400000000000e-01,x,-1.226666666667e+00,7.686478653479e-04,-1.464744431219e-08,7.686625127922e-04
4.400000000000e-01,x,-1.213333333333e+00,3.951577606275e-04,-3.760272839098e-09,3.951615209003e-04
4.400000000000e-01,x,-1.200000000000e+00,-1.538978232363e-05,7.390675673082e-09,-1.539717299930e-05
4.400000000000e-01,x,-1.186666666667e+00,-4.642732953606e-04,1.827792828220e-08,-4.642915732889e-04
4.400000000000e-01,x,-1.173333333333e+00,-9.527607813670e-04,2.841249170048e-08,-9.527891938587e-04
4.400000000000e-01,x,-1.160000000000e+00,-1.482108469538e-03,3.733351832700e-08,-1.482145803057e-03
4.400000000000e-01,x,-1.146666666667e+00,-2.053559501228e-03,4.459695339209e-08,-2.053604098181e-03
4.400000000000e-01,x,-1.133333333333e+00,-2.668053533777e-03,4.976832851256e-08,-2.668103302106e-03
4.400000000000e-01,x,-1.120000000000e+00,-3.323675063019e-03,5.242407196416e-08,-3.323727487091e-03
4.400000000000e-01,x,-1.106666666667e+00,-4.016879585645e-03,5.216407417657e-08,-4.016931749719e-03
4.400000000000e-01,x,-1.093333333333e+00,-4.744084983128e-03,4.863600734829e-08,-4.744133619135e-03
4.400000000000e-01,x,-1.080000000000e+00,-5.501688297111e-03,4.156938423216e-08,-5.501729866495e-03
4.400000000000e-01,x,-1.066666666667e+00,-6.286063915329e-03,3.081496420073e-08,-6.286094730293e-03
4.400000000000e-01,x,-1.053333333333e+00,-7.093561661121e-03,1.638329254832e-08,-7.093578044414e-03
4.400000000000e-01,x,-1.040000000000e+00,-7.920504783334e-03,-1.524748019865e-09,-7.920503258586e-03
4.400000000000e-01,x,-1.026666666667e+00,-8.763187843823e-03,-2.250226700493e-08,-8.763165341556e-03
4.400000000000e-01,x,-1.013333333333e+00,-9.617874500083e-03,-4.594110829331e-08,-9.617828558974e-03
4.400000000000e-01,x,-1.000000000000e+00,-1.048079518113e-02,-7.106034437665e-08,-1.048072412079e-02
4.400000000000e-01,x,-9.866666666667e-01,-1.134814465533e-02,-9.695956884280e-08,-1.134804769576e-02
4.400000000000e-01,x,-9.733333333333e-01,-1.221607948962e-02,-1.226970090456e-07,-1.221595679261e-02
4.400000000000e-01,x,-9.600000000000e-01,-1.308071540037e-02,-1.473951622415e-07,-1.308056800521e-02
4.400000000000e-01,x,-9.466666666667e-01,-1.393812449723e-02,-1.703873217718e-07,-1.393795410991e-02
4.400000000000e-01,x,-9.333333333333e-01,-1.478433242219e-02,-1.914443317725e-07,-1.478414097785e-02
4.400000000000e-01,x,-9.200000000000e-01,-1.561531538772e-02,-2.111741536952e-07,-1.561510421357e-02
4.400000000000e-01,x,-9.066666666667e-01,-1.642699711895e-02,-2.317854729223e-07,-1.642676533347e-02
4.400000000000e-01,x,-8.933333333333e-01,-1.721524570659e-02,-2.585754660074e-07,-1.721498713112e-02
4.400000000000e-01,x,-8.800000000000e-01,-1.797587037927e-02,-3.027708400109e-07,-1.797556760843e-02
4.400000000000e-01,x,-8.666666666667e-01,-1.870461820549e-02,-3.867501211651e-07,-1.870423145537e-02
4.400000000000e-01,x,-8.533333333333e-01,-1.939717073796e-02,-5.532252536415e-07,-1.939661751271e-02
4.400000000000e-01,x,-8.400000000000e-01,-2.004914061501e-02,-8.806654075237e-07,-2.004825994960e-02
4.400000000000e-01,x,-8.266666666667e-01,-2.065606813642e-02,-1.508085085196e-06,-2.065456005133e-02
4.400000000000e-01,x,-8.133333333333e-01,-2.121341783335e-02,-2.673248770352e-06,-2.121074458458e-02
4.400000000000e-01,x,-8.000000000000e-01,-2.171657505485e-02,-4.769306225384e-06,-2.171180574863e-02
4.400000000000e-01,x,-7.866666666667e-01,-2.216084259594e-02,-8.425794402880e-06,-2.215241680154e-02
4.400000000000e-01,x,-7.733333333333e-01,-2.254143739494e-02,-1.462072157352e-05,-2.252681667337e-02
4.400000000000e-01,x,-7.600000000000e-01,-2.285348733060e-02,-2.483089798262e-05,-2.282865643262e-02
4.400000000000e-01,x,-7.466666666667e-01,-2.309202815166e-02,-4.122742750558e-05,-2.305080072416e-02
4.400000000000e-01,x,-7.333333333333e-01,-2.325200057434e-02,-6.692168430891e-05,-2.318507889003e-02
4.400000000000e-01,x,-7.200000000000e-01,-2.332824758497e-02,-1.062632168022e-04,-2.322198436817e-02
4.400000000000e-01,x,-7.066666666667e-01,-2.331551198715e-02,-1.651836883915e-04,-2.315032829876e-02
4.400000000000e-01,x,-6.933333333333e-01,-2.320843423407e-02,-2.515690861515e-04,-2.295686514792e-02
4.400000000000e-01,x,-6.800000000000e-01,-2.300155058779e-02,-3.756254033879e-04,-2.262592518440e-02
4.400000000000e-01,x,-6.666666666667e-01,-2.268929164794e-02,-5.501812170919e-04,-2.213911043085e-02
4.400000000000e-01,x,-6.533333333333e-01,-2.226598129205e-02,-7.908458480982e-04,-2.147513544395e-02
4.400000000000e-01,x,-6.400000000000e-01,-2.172583606960e-02,-1.115917606757e-03,-2.060991846284e-02
4.400000000000e-01,x,-6.266666666667e-01,-2.106296509047e-02,-1.545918168817e-03,-1.951704692166e-02
4.400000000000e-01,x,-6.133333333333e-01,-2.027137044687e-02,-2.102622932942e-03,-1.816874751393e-02
4.400000000000e-01,x,-6.000000000000e-01,-1.934494820559e-02,-2.807470484728e-03,-1.653747772086e-02
4.400000000000e-01,x,-5.866666666667e-01,-1.827749000467e-02,-3.679273780424e-03,-1.459821622424e-02
4.400000000000e-01,x,-5.733333333333e-01,-1.706268528500e-02,-4.731226111260e-03,-1.233145917374e-02
4.400000000000e-01,x,-5.600000000000e-01,-1.569570071937e-02,-5.967297178372e-03,-9.728403541001e-03
4.400000000000e-01,x,-5.466666666667e-01,-1.418133652229e-02,-7.378243757049e-03,-6.803092765238e-03
4.400000000000e-01,x,-5.333333333333e-01,-1.252800924293e-02,-8.937603232469e-03,-3.590406010460e-03
4.400000000000e-01,x,-5.200000000000e-01,-1.074405628592e-02,-1.059817680886e-02,-1.458794770600e-04
4.400000000000e-01,x,-5.066666666667e-01,-8.837734338999e-03,-1.228961597768e-02,3.451881638681e-03
4.400000000000e-01,x,-4.933333333333e-01,-6.817225831264e-03,-1.391777109147e-02,7.100545260207e-03
4.400000000000e-01,x,-4.800000000000e-01,-4.690646123694e-03,-1.536641660634e-02,1.067577048265e-02
4.400000000000e-01,x,-4.666666666667e-01,-2.466051428016e-03,-1.650181388641e-02,1.403576245839e-02
4.400000000000e-01,x,-4.533333333333e-01,-1.514474460051e-04,-1.718030435086e-02,1.702885690485e-02
4.400000000000e-01,x,-4.400000000000e-01,2.245201282565e-03,-1.725875817503e-02,1.950395945760e-02
4.400000000000e-01,x,-4.266666666667e-01,4.715961338621e-03,-1.660727406227e-02,2.132323540090e-02
4.400000000000e-01,x,-4.133333333333e-01,7.252919707766e-03,-1.512309148131e-02,2.237601118907e-02
4.400000000000e-01,x,-4.000000000000e-01,9.848172411222e-03,-1.274430944788e-02,2.259248185910e-02
4.400000000000e-01,x,-3.866666666667e-01,1.249381250827e-02,-9.461778966989e-03,2.195559147526e-02
4.400000000000e-01,x,-3.733333333333e-01,1.518191749754e-02,-5.327511555804e-03,2.050942905334e-02
4.400000000000e-01,x,-3.600000000000e-01,1.790453614718e-02,-4.581600623966e-04,1.836269620958e-02
4.400000000000e-01,x,-3.466666666667e-01,2.065367478673e-02,4.967420193308e-03,1.568625459342e-02
4.400000000000e-01,x,-3.333333333333e-01,2.342128309619e-02,1.071687432282e-02,1.270440877338e-02
4.400000000000e-01,x,-3.200000000000e-01,2.619923943132e-02,1.651889689270e-02,9.680342538618e-03
4.400000000000e-01,x,-3.066666666667e-01,2.897933572677e-02,2.208244107854e-02,6.896894648231e-03
4.400000000000e-01,x,-2.933333333333e-01,3.175326202311e-02,2.711874703488e-02,4.634514988233e-03
4.400000000000e-01,x,-2.800000000000e-01,3.451259066721e-02,3.136391448194e-02,3.148676185271e-03
4.400000000000e-01,x,-2.666666666667e-01,3.724876024012e-02,3.459960736348e-02,2.649152876647e-03
4.400000000000e-01,x,-2.533333333333e-01,3.995305927139e-02,3.666966757936e-02,3.283391692032e-03
4.400000000000e-01,x,-2.400000000000e-01,4.261660980371e-02,3.749090635356e-02,5.125703450143e-03
4.400000000000e-01,x,-2.266666666667e-01,4.523035087732e-02,3.705706235390e-02,8.173288523425e-03
4.400000000000e-01,x,-2.133333333333e-01,4.778502200926e-02,3.543575556939e-02,1.234926643987e-02
4.400000000000e-01,x,-2.000000000000e-01,5.027114674788e-02,3.275909924995e-02,1.751204749793e-02
4.400000000000e-01,x,-1.866666666667e-01,5.267901638913e-02,2.920933918092e-02,2.346967720821e-02
4.400000000000e-01,x,-1.733333333333e-01,5.499867394578e-02,2.500137681393e-02,2.999729713185e-02
4.400000000000e-01,x,-1.600000000000e-01,5.721989846628e-02,2.036424716976e-02,3.685565129652e-02
4.400000000000e-01,x,-1.466666666667e-01,5.933218980332e-02,1.552355639391e-02,4.380863340941e-02
4.400000000000e-01,x,-1.333333333333e-01,6.132475393613e-02,1.068657195895e-02,5.063818197719e-02
4.400000000000e-01,x,-1.200000000000e-01,6.318648895209e-02,6.031167267646e-03,5.715532168445e-02
4.400000000000e-01,x,-1.066666666667e-01,6.490597179430e-02,1.699236349965e-03,6.320673544433e-02
4.400000000000e-01,x,-9.333333333333e-02,6.647144588090e-02,-2.205398279268e-03,6.867684416017e-02
4.400000000000e-01,x,-8.000000000000e-02,6.787080969961e-02,-5.615081227528e-03,7.348589092714e-02
4.400000000000e-01,x,-6.666666666667e-02,6.909160647655e-02,-8.493305754480e-03,7.758491223103e-02
4.400000000000e-01,x,-5.333333333333e-02,7.012101501267e-02,-1.082768048755e-02,8.094869550021e-02
4.400000000000e-01,x,-4.000000000000e-02,7.094584177292e-02,-1.262202332049e-02,8.356786509341e-02
4.400000000000e-01,x,-2.666666666667e-02,7.155251430404e-02,-1.388861846896e-02,8.544113277300e-02
4.400000000000e-01,x,-1.333333333333e-02,7.192707604520e-02,-1.464146763944e-02,8.656854368464e-02
4.400000000000e-01,x,0.000000000000e+00,7.205518258331e-02,-1.489112347458e-02,8.694630605790e-02
4.400000000000e-01,x,1.333333333333e-02,7.192707604520e-02,-1.464146763944e-02,8.656854368464e-02
4.400000000000e-01,x,2.666666666667e-02,7.155251430404e-02,-1.388861846896e-02,8.544113277300e-02
4.400000000000e-01,x,4.000000000000e-02,7.094584177292e-02,-1.262202332049e-02,8.356786509340e-02
4.400000000000e-01,x,5.333333333333e-02,7.012101501267e-02,-1.082768048755e-02,8.094869550021e-02
4.400000000000e-01,x,6.666666666667e-02,6.909160647655e-02,-8.493305754480e-03,7.758491223103e-02
4.400000000000e-01,x,8.000000000000e-02,6.787080969961e-02,-5.615081227528e-03,7.348589092713e-02
4.400000000000e-01,x,9.333333333333e-02,6.647144588090e-02,-2.205398279268e-03,6.867684416017e-02
4.400000000000e-01,x,1.066666666667e-01,6.490597179430e-02,1.699236349965e-03,6.320673544433e-02
4.400000000000e-01,x,1.200000000000e-01,6.318648895209e-02,6.031167267646e-03,5.715532168445e-02
4.400000000000e-01,x,1.333333333333e-01,6.132475393613e-02,1.068657195895e-02,5.063818197718e-02
4.400000000000e-01,x,1.466666666667e-01,5.933218980332e-02,1.552355639391e-02,4.380863340940e-02
4.400000000000e-01,x,1.600000000000e-01,5.721989846627e-02,2.036424716976e-02,3.685565129651e-02
4.400000000000e-01,x,1.733333333333e-01,5.499867394578e-02,2.500137681393e-02,2.999729713185e-02
4.400000000000e-01,x,1.866666666667e-01,5.267901638912e-02,2.920933918092e-02,2.346967720821e-02
4.400000000000e-01,x,2.000000000000e-01,5.027114674788e-02,3.275909924995e-02,1.751204749793e-02
4.400000000000e-01,x,2.133333333333e-01,4.778502200925e-02,3.543575556939e-02,1.234926643987e-02
4.400000000000e-01,x,2.266666666667e-01,4.523035087732e-02,3.705706235390e-02,8.173288523420e-03
4.400000000000e-01,x,2.400000000000e-01,4.261660980370e-02,3.749090635356e-02,5.125703450139e-03
4.400000000000e-01,x,2.533333333333e-01,3.995305927139e-02,3.666966757936e-02,3.283391692026e-03
4.400000000000e-01,x,2.666666666667e-01,3.724876024012e-02,3.459960736348e-02,2.649152876642e-03
4.400000000000e-01,x,2.800000000000e-01,3.451259066721e-02,3.136391448194e-02,3.148676185265e-03
4.400000000000e-01,x,2.933333333333e-01,3.175326202311e-02,2.711874703488e-02,4.634514988227e-03
4.400000000000e-01,x,3.066666666667e-01,2.897933572676e-02,2.208244107854e-02,6.896894648224e-03
4.400000000000e-01,x,3.200000000000e-01,2.619923943131e-02,1.651889689270e-02,9.680342538612e-03
4.400000000000e-01,x,3.333333333333e-01,2.342128309619e-02,1.071687432282e-02,1.270440877337e-02
4.400000000000e-01,x,3.466666666667e-01,2.065367478672e-02,4.967420193308e-03,1.568625459341e-02
4.400000000000e-01,x,3.600000000000e-01,1.790453614718e-02,-4.581600623966e-04,1.836269620957e-02
4.400000000000e-01,x,3.733333333333e-01,1.518191749753e-02,-5.327511555804e-03,2.050942905333e-02
4.400000000000e-01,x,3.866666666667e-01,1.249381250826e-02,-9.461778966989e-03,2.195559147525e-02
4.400000000000e-01,x,4.000000000000e-01,9.848172411215e-03,-1.274430944788e-02,2.259248185910e-02
4.400000000000e-01,x,4.133333333333e-01,7.252919707759e-03,-1.512309148131e-02,2.237601118907e-02
4.400000000000e-01,x,4.266666666667e-01,4.715961338613e-03,-1.660727406227e-02,2.132323540089e-02
4.400000000000e-01,x,4.400000000000e-01,2.245201282559e-03,-1.725875817503e-02,1.950395945759e-02
4.400000000000e-01,x,4.533333333333e-01,-1.514474460129e-04,-1.718030435086e-02,1.702885690484e-02
4.400000000000e-01,x,4.666666666667e-01,-2.466051428024e-03,-1.650181388641e-02,1.403576245838e-02
4.400000000000e-01,x,4.800000000000e-01,-4.690646123702e-03,-1.536641660634e-02,1.067577048264e-02
4.400000000000e-01,x,4.933333333333e-01,-6.817225831271e-03,-1.391777109147e-02,7.100545260199e-03
4.400000000000e-01,x,5.066666666667e-01,-8.837734339007e-03,-1.228961597768e-02,3.451881638672e-03
4.400000000000e-01,x,5.200000000000e-01,-1.074405628593e-02,-1.059817680886e-02,-1.458794770672e-04
4.400000000000e-01,x,5.333333333333e-01,-1.252800924294e-02,-8.937603232469e-03,-3.590406010467e-03
4.400000000000e-01,x,5.466666666667e-01,-1.418133652230e-02,-7.378243757049e-03,-6.803092765246e-03
4.400000000000e-01,x,5.600000000000e-01,-1.569570071938e-02,-5.967297178372e-03,-9.728403541009e-03
4.400000000000e-01,x,5.733333333333e-01,-1.706268528501e-02,-4.731226111260e-03,-1.233145917375e-02
4.400000000000e-01,x,5.866666666667e-01,-1.827749000468e-02,-3.679273780424e-03,-1.459821622425e-02
4.400000000000e-01,x,6.000000000000e-01,-1.934494820560e-02,-2.807470484728e-03,-1.653747772087e-02
4.400000000000e-01,x,6.133333333333e-01,-2.027137044688e-02,-2.102622932942e-03,-1.816874751393e-02
4.400000000000e-01,x,6.266666666667e-01,-2.106296509048e-02,-1.545918168817e-03,-1.951704692166e-02
4.400000000000e-01,x,6.400000000000e-01,-2.172583606961e-02,-1.115917606757e-03,-2.060991846285e-02
4.400000000000e-01,x,6.533333333333e-01,-2.226598129205e-02,-7.908458480982e-04,-2.147513544395e-02
4.400000000000e-01,x,6.666666666667e-01,-2.268929164794e-02,-5.501812170919e-04,-2.213911043085e-02
4.400000000000e-01,x,6.800000000000e-01,-2.300155058780e-02,-3.756254033879e-04,-2.262592518441e-02
4.400000000000e-01,x,6.933333333333e-01,-2.320843423407e-02,-2.515690861515e-04,-2.295686514792e-02
4.400000000000e-01,x,7.066666666667e-01,-2.331551198716e-02,-1.651836883915e-04,-2.315032829876e-02
4.400000000000e-01,x,7.200000000000e-01,-2.332824758498e-02,-1.062632168022e-04,-2.322198436817e-02
4.400000000000e-01,x,7.333333333333e-01,-2.325200057434e-02,-6.692168430891e-05,-2.318507889003e-02
4.400000000000e-01,x,7.466666666667e-01,-2.309202815166e-02,-4.122742750558e-05,-2.305080072416e-02
4.400000000000e-01,x,7.600000000000e-01,-2.285348733060e-02,-2.483089798262e-05,-2.282865643262e-02
4.400000000000e-01,x,7.733333333333e-01,-2.254143739494e-02,-1.462072157352e-05,-2.252681667337e-02
4.400000000000e-01,x,7.866666666667e-01,-2.216084259594e-02,-8.425794402880e-06,-2.215241680154e-02
4.400000000000e-01,x,8.000000000000e-01,-2.171657505485e-02,-4.769306225384e-06,-2.171180574863e-02
4.400000000000e-01,x,8.133333333333e-01,-2.121341783335e-02,-2.673248770352e-06,-2.121074458458e-02
4.400000000000e-01,x,8.266666666667e-01,-2.065606813642e-02,-1.508085085196e-06,-2.065456005133e-02
4.400000000000e-01,x,8.400000000000e-01,-2.004914061501e-02,-8.806654075237e-07,-2.004825994960e-02
4.400000000000e-01,x,8.533333333333e-01,-1.939717073796e-02,-5.532252536415e-07,-1.939661751271e-02
4.400000000000e-01,x,8.666666666667e-01,-1.870461820549e-02,-3.867501211651e-07,-1.870423145537e-02
4.400000000000e-01,x,8.800000000000e-01,-1.797587037927e-02,-3.027708400109e-07,-1.797556760843e-02
4.400000000000e-01,x,8.933333333333e-01,-1.721524570658e-02,-2.585754660074e-07,-1.721498713112e-02
4.400000000000e-01,x,9.066666666667e-01,-1.642699711894e-02,-2.317854729223e-07,-1.642676533347e-02
4.400000000000e-01,x,9.200000000000e-01,-1.561531538772e-02,-2.111741536952e-07,-1.561510421357e-02
4.400000000000e-01,x,9.333333333333e-01,-1.478433242218e-02,-1.914443317725e-07,-1.478414097785e-02
4.400000000000e-01,x,9.466666666667e-01,-1.393812449722e-02,-1.703873217718e-07,-1.393795410990e-02
4.400000000000e-01,x,9.600000000000e-01,-1.308071540037e-02,-1.473951622415e-07,-1.308056800521e-02
4.400000000000e-01,x,9.733333333333e-01,-1.221607948961e-02,-1.226970090456e-07,-1.221595679260e-02
4.400000000000e-01,x,9.866666666667e-01,-1.134814465533e-02,-9.695956884280e-08,-1.134804769576e-02
4.400000000000e-01,x,1.000000000000e+00,-1.048079518112e-02,-7.106034437665e-08,-1.048072412078e-02
4.400000000000e-01,x,1.013333333333e+00,-9.617874500078e-03,-4.594110829331e-08,-9.617828558970e-03
4.400000000000e-01,x,1.026666666667e+00,-8.763187843818e-03,-2.250226700493e-08,-8.763165341551e-03
4.400000000000e-01,x,1.040000000000e+00,-7.920504783328e-03,-1.524748019865e-09,-7.920503258580e-03
4.400000000000e-01,x,1.053333333333e+00,-7.093561661115e-03,1.638329254832e-08,-7.093578044407e-03
4.400000000000e-01,x,1.066666666667e+00,-6.286063915325e-03,3.081496420073e-08,-6.286094730289e-03
4.400000000000e-01,x,1.080000000000e+00,-5.501688297103e-03,4.156938423216e-08,-5.501729866487e-03
4.400000000000e-01,x,1.093333333333e+00,-4.744084983120e-03,4.863600734829e-08,-4.744133619127e-03
4.400000000000e-01,x,1.106666666667e+00,-4.016879585641e-03,5.216407417657e-08,-4.016931749715e-03
4.400000000000e-01,x,1.120000000000e+00,-3.323675063012e-03,5.242407196416e-08,-3.323727487084e-03
4.400000000000e-01,x,1.133333333333e+00,-2.668053533773e-03,4.976832851256e-08,-2.668103302101e-03
4.400000000000e-01,x,1.146666666667e+00,-2.053559501225e-03,4.459695339209e-08,-2.053604098178e-03
4.400000000000e-01,x,1.160000000000e+00,-1.482108469536e-03,3.733351832700e-08,-1.482145803055e-03
4.400000000000e-01,x,1.173333333333e+00,-9.527607813661e-04,2.841249170048e-08,-9.527891938578e-04
4.400000000000e-01,x,1.186666666667e+00,-4.642732953591e-04,1.827792828220e-08,-4.642915732874e-04
4.400000000000e-01,x,1.200000000000e+00,-1.538978232534e-05,7.390675673082e-09,-1.539717300101e-05
4.400000000000e-01,x,1.213333333333e+00,3.951577606285e-04,-3.760272839098e-09,3.951615209014e-04
4.400000000000e-01,x,1.226666666667e+00,7.686478653476e-04,-1.464744431219e-08,7.686625127919e-04
4.400000000000e-01,x,1.240000000000e+00,1.106368413205e-03,-2.470060208702e-08,1.106393113807e-03
4.400000000000e-01,x,1.253333333333e+00,1.409615516968e-03,-3.331252078601e-08,1.409648829489e-03
4.400000000000e-01,x,1.266666666667e+00,1.679692460145e-03,-3.985708255813e-08,1.679732317227e-03
4.400000000000e-01,x,1.280000000000e+00,1.917908689919e-03,-4.371975250989e-08,1.917952409672e-03
4.400000000000e-01,x,1.293333333333e+00,2.125578859983e-03,-4.433816261579e-08,2.125623198146e-03
4.400000000000e-01,x,1.306666666667e+00,2.304021919715e-03,-4.124844116753e-08,2.304063168156e-03
4.400000000000e-01,x,1.320000000000e+00,2.454560246232e-03,-3.413141438808e-08,2.454594377646e-03
4.400000000000e-01,x,1.333333333333e+00,2.578518816057e-03,-2.285214957966e-08,2.578541668207e-03
4.400000000000e-01,x,1.346666666667e+00,2.677224413320e-03,-7.486666870116e-09,2.677231899986e-03
4.400000000000e-01,x,1.360000000000e+00,2.752004871487e-03,1.166897372321e-08,2.751993202513e-03
4.400000000000e-01,x,1.373333333333e+00,2.804188346008e-03,3.410975827576e-08,2.804154236249e-03
4.400000000000e-01,x,1.386666666667e+00,2.835102615279e-03,5.915273138212e-08,2.835043462547e-03
4.400000000000e-01,x,1.400000000000e+00,2.846074407625e-03,8.598477712484e-08,2.845988422848e-03
4.400000000000e-01,x,1.413333333333e+00,2.838428752315e-03,1.137214679482e-07,2.838315030847e-03
4.400000000000e-01,x,1.426666666667e+00,2.813488352661e-03,1.414695627042e-07,2.813346883098e-03
4.400000000000e-01,x,1.440000000000e+00,2.772572979703e-03,1.683851816552e-07,2.772404594521e-03
4.400000000000e-01,x,1.453333333333e+00,2.716998885117e-03,1.937204464315e-07,2.716805164671e-03
4.400000000000e-01,x,1.466666666667e+00,2.648078232265e-03,2.168533651149e-07,2.647861378900e-03
4.400000000000e-01,x,1.480000000000e+00,2.567118544611e-03,2.372986486954e-07,2.566881245962e-03
4.400000000000e-01,x,1.493333333333e+00,2.475422170868e-03,2.547004617938e-07,2.475167470406e-03
4.400000000000e-01,x,1.506666666667e+00,2.374285766739e-03,2.688112304166e-07,2.374016955508e-03
4.400000000000e-01,x,1.520000000000e+00,2.264999793115e-03,2.794629597477e-07,2.264720330155e-03
4.400000000000e-01,x,1.533333333333e+00,2.148848030970e-03,2.865385979550e-07,2.148561492372e-03
4.400000000000e-01,x,1.546666666667e+00,2.027107113576e-03,2.899505856603e-07,2.026817162991e-03
4.400000000000e-01,x,1.560000000000e+00,1.901046076670e-03,2.896319222248e-07,1.900756444748e-03
4.400000000000e-01,x,1.573333333333e+00,1.771925927542e-03,2.855422000629e-07,1.771640385342e-03
4.400000000000e-01,x,1.586666666667e+00,1.640999234495e-03,2.776876796224e-07,1.640721546815e-03
4.400000000000e-01,x,1.600000000000e+00,1.509509737879e-03,2.661512742530e-07,1.509243586605e-03
4.400000000000e-01,x,1.613333333333e+00,1.378691984670e-03,2.511259330895e-07,1.378440858737e-03
4.400000000000e-01,x,1.626666666667e+00,1.249770988492e-03,2.329438293588e-07,1.249538044662e-03
4.400000000000e-01,x,1.640000000000e+00,1.123961917497e-03,2.120941908074e-07,1.123749823306e-03
4.400000000000e-01,x,1.653333333333e+00,1.002469812660e-03,1.892244533814e-07,1.002280588207e-03
4.400000000000e-01,x,1.666666666667e+00,8.864893398413e-04,1.651222915527e-07,8.863242175498e-04
4.400000000000e-01,x,1.680000000000e+00,7.772045791594e-04,1.406793979961e-07,7.770638997614e-04
4.400000000000e-01,x,1.693333333333e+00,6.757888562202e-04,1.168409922751e-07,6.756720152279e-04
4.400000000000e-01,x,1.706666666667e+00,5.834046206716e-04,9.454734231990e-08,5.833100733292e-04
4.400000000000e-01,x,1.720000000000e+00,5.011823668155e-04,7.467467825586e-08,5.011076921373e-04
4.400000000000e-01,x,1.733333333333e+00,4.295474668876e-04,5.798262241658e-08,4.294894842652e-04
4.400000000000e-01,x,1.746666666667e+00,3.680778246684e-04,4.507378726113e-08,3.680327508811e-04
4.400000000000e-01,x,1.760000000000e+00,3.162908119398e-04,3.636887721935e-08,3.162544430626e-04
4.400000000000e-01,x,1.773333333333e+00,2.736933328219e-04,3.209797814199e-08,2.736612348437e-04
4.400000000000e-01,x,1.786666666667e+00,2.397822069372e-04,3.230626990805e-08,2.397499006673e-04
4.400000000000e-01,x,1.800000000000e+00,2.140447049742e-04,3.687059506689e-08,2.140078343791e-04
4.400000000000e-01,x,1.813333333333e+00,1.959592706979e-04,4.552242986790e-08,1.959137482680e-04
4.400000000000e-01,x,1.826666666667e+00,1.849964714918e-04,5.787288593455e-08,1.849385986059e-04
4.400000000000e-01,x,1.840000000000e+00,1.806202283782e-04,7.343626649529e-08,1.805467921117e-04
4.400000000000e-01,x,1.853333333333e+00,1.822893861683e-04,9.165010647850e-08,1.821977360618e-04
4.400000000000e-01,x,1.866666666667e+00,1.894596926934e-04,1.118911717120e-07,1.893478015217e-04
4.400000000000e-01,x,1.880000000000e+00,2.015862617374e-04,1.334882286640e-07,2.014527735087e-04
4.400000000000e-01,x,1.893333333333e+00,2.181265940255e-04,1.557332752796e-07,2.179708607502e-04
4.400000000000e-01,x,1.906666666667e+00,2.385442184657e-04,1.778932337870e-07,2.383663252319e-04
4.400000000000e-01,x,1.920000000000e+00,2.623129868420e-04,1.992238846551e-07,2.621137629574e-04
4.400000000000e-01,x,1.933333333333e+00,2.889220024069e-04,2.189872139617e-07,2.887030151930e-04
4.400000000000e-01,x,1.946666666667e+00,3.178810812000e-04,2.364725610033e-07,3.176446086390e-04
4.400000000000e-01,x,1.960000000000e+00,3.487265378446e-04,2.510211882816e-07,3.484755166563e-04
4.400000000000e-01,x,1.973333333333e+00,3.810269663701e-04,2.620532976607e-07,3.807649130724e-04
4.400000000000e-01,x,1.986666666667e+00,4.143885784006e-04,2.690961398795e-07,4.141194822607e-04
4.400000000000e-01,x,2.000000000000e+00,4.484596026213e-04,2.718116855170e-07,4.481877909358e-04
4.400000000000e-01,y,-2.000000000000e+00,-9.531790970443e-05,-1.528113328754e-06,-9.378979637567e-05
4.400000000000e-01,y,-1.986666666667e+00,-1.851555200519e-04,-1.713719094424e-06,-1.834418009574e-04
4.400000000000e-01,y,-1.973333333333e+00,-2.721227050386e-04,-1.830748459040e-06,-2.702919565795e-04
4.400000000000e-01,y,-1.960000000000e+00,-3.556647365244e-04,-1.871422561314e-06,-3.537933139630e-04
4.400000000000e-01,y,-1.946666666667e+00,-4.351791639948e-04,-1.834327070899e-06,-4.333448369239e-04
4.400000000000e-01,y,-1.933333333333e+00,-5.100197705980e-04,-1.724527377640e-06,-5.082952432204e-04
4.400000000000e-01,y,-1.920000000000e+00,-5.795013793158e-04,-1.552833673528e-06,-5.779485456423e-04
4.400000000000e-01,y,-1.906666666667e+00,-6.429051055149e-04,-1.334347130347e-06,-6.415707583845e-04
4.400000000000e-01,y,-1.893333333333e+00,-6.994836969291e-04,-1.086545836239e-06,-6.983971510929e-04
4.400000000000e-01,y,-1.880000000000e+00,-7.484666865102e-04,-8.272401875771e-07,-7.476394463227e-04
4.400000000000e-01,y,-1.866666666667e+00,-7.890651792208e-04,-5.727269861503e-07,-7.884924522347e-04
4.400000000000e-01,y,-1.853333333333e+00,-8.204761783934e-04,-3.364028473204e-07,-8.201397755461e-04
4.400000000000e-01,y,-1.840000000000e+00,-8.418864221975e-04,-1.279810885954e-07,-8.417584411089e-04
4.400000000000e-01,y,-1.826666666667e+00,-8.524757431183e-04,4.667661288394e-08,-8.525224197311e-04
4.400000000000e-01,y,-1.813333333333e+00,-8.514199871672e-04,1.852187611589e-07,-8.516052059284e-04
4.400000000000e-01,y,-1.800000000000e+00,-8.378935401515e-04,2.881319014853e-07,-8.381816720530e-04
4.400000000000e-01,y,-1.786666666667e+00,-8.110715099844e-04,3.579375798532e-07,-8.114294475642e-04
4.400000000000e-01,y,-1.773333333333e+00,-7.701316105573e-04,3.984298031867e-07,-7.705300403604e-04
4.400000000000e-01,y,-1.760000000000e+00,-7.142557877506e-04,4.140640564279e-07,-7.146698518070e-04
4.400000000000e-01,y,-1.746666666667e+00,-6.426316218278e-04,4.095395192542e-07,-6.430411613470e-04
4.400000000000e-01,y,-1.733333333333e+00,-5.544535345925e-04,3.895585595567e-07,-5.548430931520e-04
4.400000000000e-01,y,-1.720000000000e+00,-4.489238248907e-04,3.587146492016e-07,-4.492825395399e-04
4.400000000000e-01,y,-1.706666666667e+00,-3.253213140905e-04,3.214536039303e-07,-3.256427676944e-04
4.400000000000e-01,y,-1.693333333333e+00,-1.840725254076e-04,2.820661693198e-07,-1.843545915769e-04
4.400000000000e-01,y,-1.680000000000e+00,-2.655854911346e-05,2.446901017965e-07,-2.680323921526e-05
4.400000000000e-01,y,-1.666666666667e+00,1.458002968636e-04,2.133150370837e-07,1.455869818265e-04
4.400000000000e-01,y,-1.653333333333e+00,3.315726460229e-04,1.917864227577e-07,3.313808596001e-04
4.400000000000e-01,y,-1.640000000000e+00,5.293157692581e-04,1.837953654638e-07,5.291319738926e-04
4.400000000000e-01,y,-1.626666666667e+00,7.375753473345e-04,1.928254549273e-07,7.373825218795e-04
4.400000000000e-01,y,-1.613333333333e+00,9.548853229005e-04,2.220150863531e-07,9.546633078141e-04
4.400000000000e-01,y,-1.600000000000e+00,1.179767825401e-03,2.738939609275e-07,1.179493931440e-03
4.400000000000e-01,y,-1.586666666667e+00,1.410733162947e-03,3.499711595124e-07,1.410383191787e-03
4.400000000000e-01,y,-1.573333333333e+00,1.646279875237e-03,4.501894882604e-07,1.645829685749e-03
4.400000000000e-01,y,-1.560000000000e+00,1.884894842096e-03,5.723103322080e-07,1.884322531764e-03
4.400000000000e-01,y,-1.546666666667e+00,2.125053442489e-03,7.113434092237e-07,2.124342099079e-03
4.400000000000e-01,y,-1.533333333333e+00,2.365219759211e-03,8.591722266455e-07,2.364360586984e-03
4.400000000000e-01,y,-1.520000000000e+00,2.603846824602e-03,1.004534999050e-06,2.602842289603e-03
4.400000000000e-01,y,-1.506666666667e+00,2.839376903324e-03,1.133492886738e-06,2.838243410437e-03
4.400000000000e-01,y,-1.493333333333e+00,3.070241808369e-03,1.230450713206e-06,3.069011357656e-03
4.400000000000e-01,y,-1.480000000000e+00,3.294863246868e-03,1.279697176822e-06,3.293583549691e-03
4.400000000000e-01,y,-1.466666666667e+00,3.511653193006e-03,1.267318531965e-06,3.510385874474e-03
4.400000000000e-01,y,-1.453333333333e+00,3.719014285490e-03,1.183235050037e-06,3.717831050440e-03
4.400000000000e-01,y,-1.440000000000e+00,3.915340247557e-03,1.023038668662e-06,3.914317208889e-03
4.400000000000e-01,y,-1.426666666667e+00,4.099016328282e-03,7.892946277538e-07,4.098227033654e-03
4.400000000000e-01,y,-1.413333333333e+00,4.268419764009e-03,4.920212749948e-07,4.267927742734e-03
4.400000000000e-01,y,-1.400000000000e+00,4.421920259600e-03,1.481781090986e-07,4.421772081491e-03
4.400000000000e-01,y,-1.386666666667e+00,4.557880489468e-03,-2.198454475203e-07,4.558100334915e-03
4.400000000000e-01,y,-1.373333333333e+00,4.674656619043e-03,-5.865699250102e-07,4.675243188968e-03
4.400000000000e-01,y,-1.360000000000e+00,4.770598847584e-03,-9.262672243591e-07,4.771525114808e-03
4.400000000000e-01,y,-1.346666666667e+00,4.844051973913e-03,-1.215876736150e-06,4.845267850649e-03
4.400000000000e-01,y,-1.333333333333e+00,4.893355987036e-03,-1.437550204518e-06,4.894793537240e-03
4.400000000000e-01,y,-1.320000000000e+00,4.916846683939e-03,-1.580446831774e-06,4.918427130770e-03
4.400000000000e-01,y,-1.306666666667e+00,4.912856317445e-03,-1.641539918643e-06,4.914497857364e-03
4.400000000000e-01,y,-1.293333333333e+00,4.879714277225e-03,-1.625377220929e-06,4.881339654446e-03
4.400000000000e-01,y,-1.280000000000e+00,4.815747807424e-03,-1.542918723035e-06,4.817290726147e-03
4.400000000000e-01,y,-1.266666666667e+00,4.719282764796e-03,-1.409718451229e-06,4.720692483247e-03
4.400000000000e-01,y,-1.253333333333e+00,4.588644421311e-03,-1.243793242755e-06,4.589888214554e-03
4.400000000000e-01,y,-1.240000000000e+00,4.422158315555e-03,-1.063520881766e-06,4.423221836437e-03
4.400000000000e-01,y,-1.226666666667e+00,4.218151157454e-03,-8.858419269984e-07,4.219036999381e-03
4.400000000000e-01,y,-1.213333333333e+00,3.974951790835e-03,-7.249287251143e-07,3.975676719560e-03
4.400000000000e-01,y,-1.200000000000e+00,3.690892218629e-03,-5.913642825849e-07,3.691483582912e-03
4.400000000000e-01,y,-1.186666666667e+00,3.364308695452e-03,-4.917743323577e-07,3.364800469784e-03
4.400000000000e-01,y,-1.173333333333e+00,2.993542892312e-03,-4.288001055702e-07,2.993971692418e-03
4.400000000000e-01,y,-1.160000000000e+00,2.576943138211e-03,-4.012944538688e-07,2.577344432665e-03
4.400000000000e-01,y,-1.146666666667e+00,2.112865743307e-03,-4.046618801476e-07,2.113270405187e-03
4.400000000000e-01,y,-1.133333333333e+00,1.599996700217e-03,-4.313229153317e-07,1.600428023133e-03
4.400000000000e-01,y,-1.120000000000e+00,1.040179441024e-03,-4.713379960998e-07,1.040650779020e-03
4.400000000000e-01,y,-1.106666666667e+00,4.370558307240e-04,-5.132502429754e-07,4.375690809670e-04
4.400000000000e-01,y,-1.093333333333e+00,-2.056975901137e-04,-5.451849365736e-07,-2.051524051772e-04
4.400000000000e-01,y,-1.080000000000e+00,-8.843883093126e-04,-5.561765062147e-07,-8.838321328064e-04
4.400000000000e-01,y,-1.066666666667e+00,-1.595305943029e-03,-5.375994273952e-07,-1.594768343602e-03
4.400000000000e-01,y,-1.053333333333e+00,-2.334720227533e-03,-4.844891043320e-07,-2.334235738428e-03
4.400000000000e-01,y,-1.040000000000e+00,-3.098878900363e-03,-3.964885082452e-07,-3.098482411855e-03
4.400000000000e-01,y,-1.026666666667e+00,-3.884005468897e-03,-2.781741144952e-07,-3.883727294782e-03
4.400000000000e-01,y,-1.013333333333e+00,-4.686296864999e-03,-1.386093866978e-07,-4.686158255613e-03
4.400000000000e-01,y,-1.000000000000e+00,-5.501920984912e-03,9.870655759882e-09,-5.501930855567e-03
4.400000000000e-01,y,-9.866666666667e-01,-6.327014114340e-03,1.534634525098e-07,-6.327167577793e-03
4.400000000000e-01,y,-9.733333333333e-01,-7.157678239457e-03,2.789634942903e-07,-7.157957202951e-03
4.400000000000e-01,y,-9.600000000000e-01,-7.989978245392e-03,3.756866517693e-07,-7.990353932044e-03
4.400000000000e-01,y,-9.466666666667e-01,-8.819939004830e-03,4.368802518222e-07,-8.820375885082e-03
4.400000000000e-01,y,-9.333333333333e-01,-9.643542360440e-03,4.603662226621e-07,-9.644002726663e-03
4.400000000000e-01,y,-9.200000000000e-01,-1.045672400611e-02,4.483463597735e-07,-1.045717235247e-02
4.400000000000e-01,y,-9.066666666667e-01,-1.125537027336e-02,4.064894421148e-07,-1.125577676280e-02
4.400000000000e-01,y,-8.933333333333e-01,-1.203531483099e-02,3.425677773053e-07,-1.203565739876e-02
4.400000000000e-01,y,-8.800000000000e-01,-1.279233530745e-02,2.649800048585e-07,-1.279260028745e-02
4.400000000000e-01,y,-8.666666666667e-01,-1.352214984770e-02,1.814774971004e-07,-1.352233132519e-02
4.400000000000e-01,y,-8.533333333333e-01,-1.422041361799e-02,9.831907039316e-08,-1.422051193706e-02
4.400000000000e-01,y,-8.400000000000e-01,-1.488271527453e-02,1.994604360717e-08,-1.488273522058e-02
4.400000000000e-01,y,-8.266666666667e-01,-1.550457341397e-02,-5.086489964053e-08,-1.550452254907e-02
4.400000000000e-01,y,-8.133333333333e-01,-1.608143302651e-02,-1.125183914767e-07,-1.608132050812e-02
4.400000000000e-01,y,-8.000000000000e-01,-1.660866197458e-02,-1.639905730122e-07,-1.660849798401e-02
4.400000000000e-01,y,-7.866666666667e-01,-1.708154752293e-02,-2.043010920896e-07,-1.708134322184e-02
4.400000000000e-01,y,-7.733333333333e-01,-1.749529294836e-02,-2.322340071897e-07,-1.749506071436e-02
4.400000000000e-01,y,-7.600000000000e-01,-1.784501426012e-02,-2.464008230446e-07,-1.784476785930e-02
4.400000000000e-01,y,-7.466666666667e-01,-1.812573706417e-02,-2.456474459349e-07,-1.812549141672e-02
4.400000000000e-01,y,-7.333333333333e-01,-1.833239360717e-02,-2.297139243221e-07,-1.833216389325e-02
4.400000000000e-01,y,-7.200000000000e-01,-1.845982003791e-02,-1.999790924916e-07,-1.845962005882e-02
4.400000000000e-01,y,-7.066666666667e-01,-1.850275392564e-02,-1.600820628172e-07,-1.850259384358e-02
4.400000000000e-01,y,-6.933333333333e-01,-1.845583207663e-02,-1.162325791215e-07,-1.845571584405e-02
4.400000000000e-01,y,-6.800000000000e-01,-1.831358869068e-02,-7.712963374762e-08,-1.831351156104e-02
4.400000000000e-01,y,-6.666666666667e-01,-1.807045390050e-02,-5.363512683015e-08,-1.807040026538e-02
4.400000000000e-01,y,-6.533333333333e-01,-1.772075273641e-02,-5.874288081327e-08,-1.772069399353e-02
4.400000000000e-01,y,-6.400000000000e-01,-1.725870455845e-02,-1.090196757694e-07,-1.725859553878e-02
4.400000000000e-01,y,-6.266666666667e-01,-1.667842299713e-02,-2.297067629371e-07,-1.667819329036e-02
4.400000000000e-01,y,-6.133333333333e-01,-1.597391644177e-02,-4.672719322445e-07,-1.597344916984e-02
4.400000000000e-01,y,-6.000000000000e-01,-1.513908911376e-02,-9.156965634378e-07,-1.513817341720e-02
4.400000000000e-01,y,-5.866666666667e-01,-1.416774275868e-02,-1.766516097933e-06,-1.416597624258e-02
4.400000000000e-01,y,-5.733333333333e-01,-1.305357898836e-02,-3.397858238374e-06,-1.305018113013e-02
4.400000000000e-01,y,-5.600000000000e-01,-1.179173508185e-02,-6.524320645778e-06,-1.178521076120e-02
4.400000000000e-01,y,-5.466666666667e-01,-1.038671417403e-02,-1.243656242923e-05,-1.037427761160e-02
4.400000000000e-01,y,-5.333333333333e-01,-8.846535318144e-03,-2.336461509081e-05,-8.823170703053e-03
4.400000000000e-01,y,-5.200000000000e-01,-7.179140876848e-03,-4.299782215555e-05,-7.136143054693e-03
4.400000000000e-01,y,-5.066666666667e-01,-5.392395339508e-03,-7.718037442780e-05,-5.315214965080e-03
4.400000000000e-01,y,-4.933333333333e-01,-3.494091983334e-03,-1.347661907040e-04,-3.359325792630e-03
4.400000000000e-01,y,-4.800000000000e-01,-1.491960282703e-03,-2.285520483023e-04,-1.263408234401e-03
4.400000000000e-01,y,-4.666666666667e-01,6.063259370986e-04,-3.761089365381e-04,9.824348736367e-04
4.400000000000e-01,y,-4.533333333333e-01,2.793139609551e-03,-6.002037865976e-04,3.393343396148e-03
4.400000000000e-01,y,-4.400000000000e-01,5.060890811733e-03,-9.283685003710e-04,5.989259312104e-03
4.400000000000e-01,y,-4.266666666667e-01,7.402016439591e-03,-1.391073243517e-03,8.793089683108e-03
4.400000000000e-01,y,-4.133333333333e-01,9.808969192300e-03,-2.017959467273e-03,1.182692865957e-02
4.400000000000e-01,y,-4.000000000000e-01,1.227420588749e-02,-2.831758151130e-03,1.510596403862e-02
4.400000000000e-01,y,-3.866666666667e-01,1.479017513205e-02,-3.839920285287e-03,1.863009541734e-02
4.400000000000e-01,y,-3.733333333333e-01,1.734930437608e-02,-5.024633128998e-03,2.237393750507e-02
4.400000000000e-01,y,-3.600000000000e-01,1.994398638033e-02,-6.332719098191e-03,2.627670547852e-02
4.400000000000e-01,y,-3.466666666667e-01,2.256656513046e-02,-7.667742367299e-03,3.023430749776e-02
4.400000000000e-01,y,-3.333333333333e-01,2.520932123409e-02,-8.887214745611e-03,3.409653597970e-02
4.400000000000e-01,y,-3.200000000000e-01,2.786445684035e-02,-9.807788536729e-03,3.767224537708e-02
4.400000000000e-01,y,-3.066666666667e-01,3.052408012448e-02,-1.022049560447e-02,4.074457572894e-02
4.400000000000e-01,y,-2.933333333333e-01,3.318018938440e-02,-9.916357105627e-03,4.309654649002e-02
4.400000000000e-01,y,-2.800000000000e-01,3.582465679996e-02,-8.720238251918e-03,4.454489505188e-02
4.400000000000e-01,y,-2.666666666667e-01,3.844921191035e-02,-6.528152636816e-03,4.497736454717e-02
4.400000000000e-01,y,-2.533333333333e-01,4.104542487016e-02,-3.341057473710e-03,4.438648234387e-02
4.400000000000e-01,y,-2.400000000000e-01,4.360468954967e-02,7.127032620254e-04,4.289198628765e-02
4.400000000000e-01,y,-2.266666666667e-01,4.611820655095e-02,5.373192954285e-03,4.074501359667e-02
4.400000000000e-01,y,-2.133333333333e-01,4.857696621673e-02,1.026688620036e-02,3.831008001637e-02
4.400000000000e-01,y,-2.000000000000e-01,5.097173171520e-02,1.494645659969e-02,3.602527511550e-02
4.400000000000e-01,y,-1.866666666667e-01,5.329302228943e-02,1.894703737345e-02,3.434598491598e-02
4.400000000000e-01,y,-1.733333333333e-01,5.553109676580e-02,2.184955040461e-02,3.368154636119e-02
4.400000000000e-01,y,-1.600000000000e-01,5.767593742050e-02,2.333957765512e-02,3.433635976538e-02
4.400000000000e-01,y,-1.466666666667e-01,5.971723430788e-02,2.325079367414e-02,3.646644063374e-02
4.400000000000e-01,y,-1.333333333333e-01,6.164437015723e-02,2.158514792046e-02,4.005922223677e-02
4.400000000000e-01,y,-1.200000000000e-01,6.344640594732e-02,1.850698670707e-02,4.493941924025e-02
4.400000000000e-01,y,-1.066666666667e-01,6.511206726832e-02,1.431382094773e-02,5.079824632058e-02
4.400000000000e-01,y,-9.333333333333e-02,6.662973158024e-02,9.391042239472e-03,5.723868934076e-02
4.400000000000e-01,y,-8.000000000000e-02,6.798741647453e-02,4.160443194774e-03,6.382697327976e-02
4.400000000000e-01,y,-6.666666666667e-02,6.917276904098e-02,-9.675884033512e-04,7.014035744433e-02
4.400000000000e-01,y,-5.333333333333e-02,7.017305643593e-02,-5.630630345665e-03,7.580368678160e-02
4.400000000000e-01,y,-4.000000000000e-02,7.097515773990e-02,-9.535758970395e-03,8.051091671029e-02
4.400000000000e-01,y,-2.666666666667e-02,7.156555718235e-02,-1.246642662853e-02,8.403198381088e-02
4.400000000000e-01,y,-1.333333333333e-02,7.193033880021e-02,-1.427848917845e-02,8.620882797866e-02
4.400000000000e-01,y,0.000000000000e+00,7.205518258331e-02,-1.489112347458e-02,8.694630605790e-02
4.400000000000e-01,y,1.333333333333e-02,7.193033880021e-02,-1.427848917845e-02,8.620882797866e-02
4.400000000000e-01,y,2.666666666667e-02,7.156555718235e-02,-1.246642662853e-02,8.403198381089e-02
4.400000000000e-01,y,4.000000000000e-02,7.097515773990e-02,-9.535758970395e-03,8.051091671030e-02
4.400000000000e-01,y,5.333333333333e-02,7.017305643593e-02,-5.630630345665e-03,7.580368678160e-02
4.400000000000e-01,y,6.666666666667e-02,6.917276904098e-02,-9.675884033512e-04,7.014035744433e-02
4.400000000000e-01,y,8.000000000000e-02,6.798741647454e-02,4.160443194774e-03,6.382697327976e-02
4.400000000000e-01,y,9.333333333333e-02,6.662973158024e-02,9.391042239472e-03,5.723868934077e-02
4.400000000000e-01,y,1.066666666667e-01,6.511206726832e-02,1.431382094773e-02,5.079824632059e-02
4.400000000000e-01,y,1.200000000000e-01,6.344640594733e-02,1.850698670707e-02,4.493941924025e-02
4.400000000000e-01,y,1.333333333333e-01,6.164437015724e-02,2.158514792046e-02,4.005922223677e-02
4.400000000000e-01,y,1.466666666667e-01,5.971723430789e-02,2.325079367414e-02,3.646644063375e-02
4.400000000000e-01,y,1.600000000000e-01,5.767593742051e-02,2.333957765512e-02,3.433635976539e-02
4.400000000000e-01,y,1.733333333333e-01,5.553109676581e-02,2.184955040461e-02,3.368154636120e-02
4.400000000000e-01,y,1.866666666667e-01,5.329302228944e-02,1.894703737345e-02,3.434598491599e-02
4.400000000000e-01,y,2.000000000000e-01,5.097173171521e-02,1.494645659969e-02,3.602527511552e-02
4.400000000000e-01,y,2.133333333333e-01,4.857696621674e-02,1.026688620036e-02,3.831008001638e-02
4.400000000000e-01,y,2.266666666667e-01,4.611820655097e-02,5.373192954285e-03,4.074501359668e-02
4.400000000000e-01,y,2.400000000000e-01,4.360468954969e-02,7.127032620254e-04,4.289198628766e-02
4.400000000000e-01,y,2.533333333333e-01,4.104542487017e-02,-3.341057473710e-03,4.438648234388e-02
4.400000000000e-01,y,2.666666666667e-01,3.844921191037e-02,-6.528152636816e-03,4.497736454718e-02
4.400000000000e-01,y,2.800000000000e-01,3.582465679997e-02,-8.720238251918e-03,4.454489505189e-02
4.400000000000e-01,y,2.933333333333e-01,3.318018938441e-02,-9.916357105627e-03,4.309654649004e-02
4.400000000000e-01,y,3.066666666667e-01,3.052408012449e-02,-1.022049560447e-02,4.074457572896e-02
4.400000000000e-01,y,3.200000000000e-01,2.786445684036e-02,-9.807788536729e-03,3.767224537709e-02
4.400000000000e-01,y,3.333333333333e-01,2.520932123411e-02,-8.887214745611e-03,3.409653597972e-02
4.400000000000e-01,y,3.466666666667e-01,2.256656513048e-02,-7.667742367299e-03,3.023430749778e-02
4.400000000000e-01,y,3.600000000000e-01,1.994398638035e-02,-6.332719098191e-03,2.627670547854e-02
4.400000000000e-01,y,3.733333333333e-01,1.734930437609e-02,-5.024633128998e-03,2.237393750509e-02
4.400000000000e-01,y,3.866666666667e-01,1.479017513207e-02,-3.839920285287e-03,1.863009541736e-02
4.400000000000e-01,y,4.000000000000e-01,1.227420588751e-02,-2.831758151130e-03,1.510596403864e-02
4.400000000000e-01,y,4.133333333333e-01,9.808969192322e-03,-2.017959467273e-03,1.182692865959e-02
4.400000000000e-01,y,4.266666666667e-01,7.402016439613e-03,-1.391073243517e-03,8.793089683130e-03
4.400000000000e-01,y,4.400000000000e-01,5.060890811755e-03,-9.283685003710e-04,5.989259312126e-03
4.400000000000e-01,y,4.533333333333e-01,2.793139609573e-03,-6.002037865976e-04,3.393343396170e-03
4.400000000000e-01,y,4.666666666667e-01,6.063259371202e-04,-3.761089365381e-04,9.824348736584e-04
4.400000000000e-01,y,4.800000000000e-01,-1.491960282681e-03,-2.285520483023e-04,-1.263408234379e-03
4.400000000000e-01,y,4.933333333333e-01,-3.494091983312e-03,-1.347661907040e-04,-3.359325792608e-03
4.400000000000e-01,y,5.066666666667e-01,-5.392395339484e-03,-7.718037442780e-05,-5.315214965057e-03
4.400000000000e-01,y,5.200000000000e-01,-7.179140876824e-03,-4.299782215555e-05,-7.136143054669e-03
4.400000000000e-01,y,5.333333333333e-01,-8.846535318120e-03,-2.336461509081e-05,-8.823170703029e-03
4.400000000000e-01,y,5.466666666667e-01,-1.038671417401e-02,-1.243656242923e-05,-1.037427761158e-02
4.400000000000e-01,y,5.600000000000e-01,-1.179173508182e-02,-6.524320645778e-06,-1.178521076118e-02
4.400000000000e-01,y,5.733333333333e-01,-1.305357898834e-02,-3.397858238374e-06,-1.305018113010e-02
4.400000000000e-01,y,5.866666666667e-01,-1.416774275866e-02,-1.766516097933e-06,-1.416597624256e-02
4.400000000000e-01,y,6.000000000000e-01,-1.513908911374e-02,-9.156965634378e-07,-1.513817341717e-02
4.400000000000e-01,y,6.133333333333e-01,-1.597391644175e-02,-4.672719322445e-07,-1.597344916982e-02
4.400000000000e-01,y,6.266666666667e-01,-1.667842299710e-02,-2.297067629371e-07,-1.667819329034e-02
4.400000000000e-01,y,6.400000000000e-01,-1.725870455843e-02,-1.090196757694e-07,-1.725859553875e-02
4.400000000000e-01,y,6.533333333333e-01,-1.772075273638e-02,-5.874288081327e-08,-1.772069399350e-02
4.400000000000e-01,y,6.666666666667e-01,-1.807045390048e-02,-5.363512683015e-08,-1.807040026536e-02
4.400000000000e-01,y,6.800000000000e-01,-1.831358869065e-02,-7.712963374762e-08,-1.831351156102e-02
4.400000000000e-01,y,6.933333333333e-01,-1.845583207660e-02,-1.162325791215e-07,-1.845571584402e-02
4.400000000000e-01,y,7.066666666667e-01,-1.850275392562e-02,-1.600820628172e-07,-1.850259384356e-02
4.400000000000e-01,y,7.200000000000e-01,-1.845982003789e-02,-1.999790924916e-07,-1.845962005880e-02
4.400000000000e-01,y,7.333333333333e-01,-1.833239360715e-02,-2.297139243221e-07,-1.833216389323e-02
4.400000000000e-01,y,7.466666666667e-01,-1.812573706415e-02,-2.456474459349e-07,-1.812549141670e-02
4.400000000000e-01,y,7.600000000000e-01,-1.784501426010e-02,-2.464008230446e-07,-1.784476785928e-02
4.400000000000e-01,y,7.733333333333e-01,-1.749529294834e-02,-2.322340071897e-07,-1.749506071434e-02
4.400000000000e-01,y,7.866666666667e-01,-1.708154752291e-02,-2.043010920896e-07,-1.708134322182e-02
4.400000000000e-01,y,8.000000000000e-01,-1.660866197457e-02,-1.639905730122e-07,-1.660849798399e-02
4.400000000000e-01,y,8.133333333333e-01,-1.608143302649e-02,-1.125183914767e-07,-1.608132050810e-02
4.400000000000e-01,y,8.266666666667e-01,-1.550457341396e-02,-5.086489964053e-08,-1.550452254906e-02
4.400000000000e-01,y,8.400000000000e-01,-1.488271527451e-02,1.994604360717e-08,-1.488273522056e-02
4.400000000000e-01,y,8.533333333333e-01,-1.422041361798e-02,9.831907039316e-08,-1.422051193705e-02
4.400000000000e-01,y,8.666666666667e-01,-1.352214984768e-02,1.814774971004e-07,-1.352233132518e-02
4.400000000000e-01,y,8.800000000000e-01,-1.279233530743e-02,2.649800048585e-07,-1.279260028744e-02
4.400000000000e-01,y,8.933333333333e-01,-1.203531483097e-02,3.425677773053e-07,-1.203565739875e-02
4.400000000000e-01,y,9.066666666667e-01,-1.125537027334e-02,4.064894421148e-07,-1.125577676279e-02
4.400000000000e-01,y,9.200000000000e-01,-1.045672400609e-02,4.483463597735e-07,-1.045717235245e-02
4.400000000000e-01,y,9.333333333333e-01,-9.643542360426e-03,4.603662226621e-07,-9.644002726649e-03
4.400000000000e-01,y,9.466666666667e-01,-8.819939004816e-03,4.368802518222e-07,-8.820375885068e-03
4.400000000000e-01,y,9.600000000000e-01,-7.989978245378e-03,3.756866517693e-07,-7.990353932029e-03
4.400000000000e-01,y,9.733333333333e-01,-7.157678239444e-03,2.789634942903e-07,-7.157957202938e-03
4.400000000000e-01,y,9.866666666667e-01,-6.327014114326e-03,1.534634525098e-07,-6.327167577779e-03
4.400000000000e-01,y,1.000000000000e+00,-5.501920984897e-03,9.870655759882e-09,-5.501930855552e-03
4.400000000000e-01,y,1.013333333333e+00,-4.686296864986e-03,-1.386093866978e-07,-4.686158255599e-03
4.400000000000e-01,y,1.026666666667e+00,-3.884005468883e-03,-2.781741144952e-07,-3.883727294769e-03
4.400000000000e-01,y,1.040000000000e+00,-3.098878900348e-03,-3.964885082452e-07,-3.098482411840e-03
4.400000000000e-01,y,1.053333333333e+00,-2.334720227520e-03,-4.844891043320e-07,-2.334235738416e-03
4.400000000000e-01,y,1.066666666667e+00,-1.595305943013e-03,-5.375994273952e-07,-1.594768343585e-03
4.400000000000e-01,y,1.080000000000e+00,-8.843883092963e-04,-5.561765062147e-07,-8.838321327901e-04
4.400000000000e-01,y,1.093333333333e+00,-2.056975901009e-04,-5.451849365736e-07,-2.051524051643e-04
4.400000000000e-01,y,1.106666666667e+00,4.370558307403e-04,-5.132502429754e-07,4.375690809833e-04
4.400000000000e-01,y,1.120000000000e+00,1.040179441041e-03,-4.713379960998e-07,1.040650779037e-03
4.400000000000e-01,y,1.133333333333e+00,1.599996700229e-03,-4.313229153317e-07,1.600428023145e-03
4.400000000000e-01,y,1.146666666667e+00,2.112865743324e-03,-4.046618801476e-07,2.113270405204e-03
4.400000000000e-01,y,1.160000000000e+00,2.576943138225e-03,-4.012944538688e-07,2.577344432679e-03
4.400000000000e-01,y,1.173333333333e+00,2.993542892327e-03,-4.288001055702e-07,2.993971692433e-03
4.400000000000e-01,y,1.186666666667e+00,3.364308695470e-03,-4.917743323577e-07,3.364800469802e-03
4.400000000000e-01,y,1.200000000000e+00,3.690892218649e-03,-5.913642825849e-07,3.691483582931e-03
4.400000000000e-01,y,1.213333333333e+00,3.974951790850e-03,-7.249287251143e-07,3.975676719575e-03
4.400000000000e-01,y,1.226666666667e+00,4.218151157472e-03,-8.858419269984e-07,4.219036999399e-03
4.400000000000e-01,y,1.240000000000e+00,4.422158315574e-03,-1.063520881766e-06,4.423221836455e-03
4.400000000000e-01,y,1.253333333333e+00,4.588644421330e-03,-1.243793242755e-06,4.589888214573e-03
4.400000000000e-01,y,1.266666666667e+00,4.719282764818e-03,-1.409718451229e-06,4.720692483269e-03
4.400000000000e-01,y,1.280000000000e+00,4.815747807446e-03,-1.542918723035e-06,4.817290726169e-03
4.400000000000e-01,y,1.293333333333e+00,4.879714277249e-03,-1.625377220929e-06,4.881339654470e-03
4.400000000000e-01,y,1.306666666667e+00,4.912856317473e-03,-1.641539918643e-06,4.914497857391e-03
4.400000000000e-01,y,1.320000000000e+00,4.916846683966e-03,-1.580446831774e-06,4.918427130797e-03
4.400000000000e-01,y,1.333333333333e+00,4.893355987062e-03,-1.437550204518e-06,4.894793537267e-03
4.400000000000e-01,y,1.346666666667e+00,4.844051973941e-03,-1.215876736150e-06,4.845267850677e-03
4.400000000000e-01,y,1.360000000000e+00,4.770598847611e-03,-9.262672243591e-07,4.771525114835e-03
4.400000000000e-01,y,1.373333333333e+00,4.674656619074e-03,-5.865699250102e-07,4.675243188999e-03
4.400000000000e-01,y,1.386666666667e+00,4.557880489499e-03,-2.198454475203e-07,4.558100334946e-03
4.400000000000e-01,y,1.400000000000e+00,4.421920259630e-03,1.481781090986e-07,4.421772081521e-03
4.400000000000e-01,y,1.413333333333e+00,4.268419764044e-03,4.920212749948e-07,4.267927742769e-03
4.400000000000e-01,y,1.426666666667e+00,4.099016328313e-03,7.892946277538e-07,4.098227033686e-03
4.400000000000e-01,y,1.440000000000e+00,3.915340247585e-03,1.023038668662e-06,3.914317208916e-03
4.400000000000e-01,y,1.453333333333e+00,3.719014285520e-03,1.183235050037e-06,3.717831050470e-03
4.400000000000e-01,y,1.466666666667e+00,3.511653193039e-03,1.267318531965e-06,3.510385874507e-03
4.400000000000e-01,y,1.480000000000e+00,3.294863246898e-03,1.279697176822e-06,3.293583549721e-03
4.400000000000e-01,y,1.493333333333e+00,3.070241808402e-03,1.230450713206e-06,3.069011357688e-03
4.400000000000e-01,y,1.506666666667e+00,2.839376903358e-03,1.133492886738e-06,2.838243410472e-03
4.400000000000e-01,y,1.520000000000e+00,2.603846824631e-03,1.004534999050e-06,2.602842289632e-03
4.400000000000e-01,y,1.533333333333e+00,2.365219759242e-03,8.591722266455e-07,2.364360587015e-03
4.400000000000e-01,y,1.546666666667e+00,2.125053442519e-03,7.113434092237e-07,2.124342099110e-03
4.400000000000e-01,y,1.560000000000e+00,1.884894842123e-03,5.723103322080e-07,1.884322531791e-03
4.400000000000e-01,y,1.573333333333e+00,1.646279875269e-03,4.501894882604e-07,1.645829685780e-03
4.400000000000e-01,y,1.586666666667e+00,1.410733162977e-03,3.499711595124e-07,1.410383191817e-03
4.400000000000e-01,y,1.600000000000e+00,1.179767825425e-03,2.738939609275e-07,1.179493931464e-03
4.400000000000e-01,y,1.613333333333e+00,9.548853229246e-04,2.220150863531e-07,9.546633078383e-04
4.400000000000e-01,y,1.626666666667e+00,7.375753473543e-04,1.928254549273e-07,7.373825218994e-04
4.400000000000e-01,y,1.640000000000e+00,5.293157692778e-04,1.837953654638e-07,5.291319739123e-04
4.400000000000e-01,y,1.653333333333e+00,3.315726460442e-04,1.917864227577e-07,3.313808596215e-04
4.400000000000e-01,y,1.666666666667e+00,1.458002968827e-04,2.133150370837e-07,1.455869818456e-04
4.400000000000e-01,y,1.680000000000e+00,-2.655854910122e-05,2.446901017965e-07,-2.680323920301e-05
4.400000000000e-01,y,1.693333333333e+00,-1.840725253991e-04,2.820661693198e-07,-1.843545915684e-04
4.400000000000e-01,y,1.706666666667e+00,-3.253213140851e-04,3.214536039303e-07,-3.256427676890e-04
4.400000000000e-01,y,1.720000000000e+00,-4.489238248889e-04,3.587146492016e-07,-4.492825395381e-04
4.400000000000e-01,y,1.733333333333e+00,-5.544535345940e-04,3.895585595567e-07,-5.548430931535e-04
4.400000000000e-01,y,1.746666666667e+00,-6.426316218347e-04,4.095395192542e-07,-6.430411613540e-04
4.400000000000e-01,y,1.760000000000e+00,-7.142557877623e-04,4.140640564279e-07,-7.146698518187e-04
4.400000000000e-01,y,1.773333333333e+00,-7.701316105703e-04,3.984298031867e-07,-7.705300403735e-04
4.400000000000e-01,y,1.786666666667e+00,-8.110715100090e-04,3.579375798532e-07,-8.114294475888e-04
4.400000000000e-01,y,1.800000000000e+00,-8.378935401796e-04,2.881319014853e-07,-8.381816720810e-04
4.400000000000e-01,y,1.813333333333e+00,-8.514199871993e-04,1.852187611589e-07,-8.516052059605e-04
4.400000000000e-01,y,1.826666666667e+00,-8.524757431594e-04,4.667661288394e-08,-8.525224197723e-04
4.400000000000e-01,y,1.840000000000e+00,-8.418864222389e-04,-1.279810885954e-07,-8.417584411503e-04
4.400000000000e-01,y,1.853333333333e+00,-8.204761784383e-04,-3.364028473204e-07,-8.201397755910e-04
4.400000000000e-01,y,1.866666666667e+00,-7.890651792792e-04,-5.727269861503e-07,-7.884924522930e-04
4.400000000000e-01,y,1.880000000000e+00,-7.484666865717e-04,-8.272401875771e-07,-7.476394463841e-04
4.400000000000e-01,y,1.893333333333e+00,-6.994836969957e-04,-1.086545836239e-06,-6.983971511595e-04
4.400000000000e-01,y,1.906666666667e+00,-6.429051055875e-04,-1.334347130347e-06,-6.415707584572e-04
4.400000000000e-01,y,1.920000000000e+00,-5.795013793916e-04,-1.552833673528e-06,-5.779485457181e-04
4.400000000000e-01,y,1.933333333333e+00,-5.100197706795e-04,-1.724527377640e-06,-5.082952433019e-04
4.400000000000e-01,y,1.946666666667e+00,-4.351791640833e-04,-1.834327070899e-06,-4.333448370124e-04
4.400000000000e-01,y,1.960000000000e+00,-3.556647366198e-04,-1.871422561314e-06,-3.537933140585e-04
4.400000000000e-01,y,1.973333333333e+00,-2.721227051321e-04,-1.830748459040e-06,-2.702919566730e-04
4.400000000000e-01,y,1.986666666667e+00,-1.851555201518e-04,-1.713719094424e-06,-1.834418010574e-04
4.400000000000e-01,y,2.000000000000e+00,-9.531790981093e-05,-1.528113328754e-06,-9.378979648218e-05
6.000000000000e-01,x,-2.000000000000e+00,2.976123520045e-03,2.737901136512e-07,2.975849729931e-03
6.000000000000e-01,x,-1.986666666667e+00,2.776490920019e-03,2.814861833167e-07,2.776209433836e-03
6.000000000000e-01,x,-1.973333333333e+00,2.574129266978e-03,3.025806850017e-07,2.573826686293e-03
6.000000000000e-01,x,-1.960000000000e+00,2.369673909190e-03,3.365765408569e-07,2.369337332649e-03
6.000000000000e-01,x,-1.946666666667e+00,2.163857424016e-03,3.822028644588e-07,2.163475221152e-03
6.000000000000e-01,x,-1.933333333333e+00,1.957499445852e-03,4.375004539783e-07,1.957061945398e-03
6.000000000000e-01,x,-1.920000000000e+00,1.751494258930e-03,4.999723214922e-07,1.750994286609e-03
6.000000000000e-01,x,-1.906666666667e+00,1.546797376719e-03,5.667830044777e-07,1.546230593715e-03
6.000000000000e-01,x,-1.893333333333e+00,1.344412183043e-03,6.349839373115e-07,1.343777199106e-03
6.000000000000e-01,x,-1.880000000000e+00,1.145377440523e-03,7.017388758743e-07,1.144675701647e-03
6.000000000000e-01,x,-1.866666666667e+00,9.507561705673e-04,7.645238855812e-07,9.499916466817e-04
6.000000000000e-01,x,-1.853333333333e+00,7.616261417684e-04,8.212806930711e-07,7.608048610753e-04
6.000000000000e-01,x,-1.840000000000e+00,5.790720023556e-04,8.705095672017e-07,5.782014927884e-04
6.000000000000e-01,x,-1.826666666667e+00,4.041789609525e-04,9.112970810938e-07,4.032676638714e-04
6.000000000000e-01,x,-1.813333333333e+00,2.380278483545e-04,9.432835341989e-07,2.370845648203e-04
6.000000000000e-01,x,-1.800000000000e+00,8.169136461937e-05,9.665828792541e-07,8.072478174011e-05
6.000000000000e-01,x,-1.786666666667e+00,-6.376868465489e-05,9.816733863344e-07,-6.475035804122e-05
6.000000000000e-01,x,-1.773333333333e+00,-1.973033435448e-04,9.892792093601e-07,-1.982926227541e-04
6.000000000000e-01,x,-1.760000000000e+00,-3.178778108112e-04,9.902613963069e-07,-3.188680722075e-04
6.000000000000e-01,x,-1.746666666667e+00,-4.244722282496e-04,9.855322713209e-07,-4.254577605209e-04
6.000000000000e-01,x,-1.733333333333e+00,-5.160820621201e-04,9.760006093733e-07,-5.170580627295e-04
6.000000000000e-01,x,-1.720000000000e+00,-5.917181666208e-04,9.625479960392e-07,-5.926807146168e-04
6.000000000000e-01,x,-1.706666666667e+00,-6.504749552881e-04,9.460305810551e-07,-6.514209858691e-04
6.000000000000e-01,x,-1.693333333333e+00,-6.926098275310e-04,9.272961804623e-07,-6.935371237115e-04
6.000000000000e-01,x,-1.680000000000e+00,-7.193471896338e-04,9.072049703767e-07,-7.202543946042e-04
6.000000000000e-01,x,-1.666666666667e+00,-7.319539470779e-04,8.866429105349e-07,-7.328405899884e-04
6.000000000000e-01,x,-1.653333333333e+00,-7.317099356342e-04,8.665200857474e-07,-7.325764557199e-04
6.000000000000e-01,x,-1.640000000000e+00,-7.199071185481e-04,8.477505393747e-07,-7.207548690874e-04
6.000000000000e-01,x,-1.626666666667e+00,-6.978487267958e-04,8.312149000809e-07,-6.986799416959e-04
6.000000000000e-01,x,-1.613333333333e+00,-6.668483529443e-04,8.177112183303e-07,-6.676660641626e-04
6.000000000000e-01,x,-1.600000000000e+00,-6.282290067234e-04,8.079021968354e-07,-6.290369089203e-04
6.000000000000e-01,x,-1.586666666667e+00,-5.833221379557e-04,8.022680154817e-07,-5.841244059712e-04
6.000000000000e-01,x,-1.573333333333e+00,-5.334666312224e-04,8.010731773134e-07,-5.342677043997e-04
6.000000000000e-01,x,-1.560000000000e+00,-4.800077751903e-04,8.043535236778e-07,-4.808121287140e-04
6.000000000000e-01,x,-1.546666666667e+00,-4.242962091486e-04,8.119262969619e-07,-4.251081354456e-04
6.000000000000e-01,x,-1.533333333333e+00,-3.676868480829e-04,8.234224896172e-07,-3.685102705725e-04
6.000000000000e-01,x,-1.520000000000e+00,-3.115377879040e-04,8.383373105042e-07,-3.123761252145e-04
6.000000000000e-01,x,-1.506666666667e+00,-2.572091916089e-04,8.560919193476e-07,-2.580652835283e-04
6.000000000000e-01,x,-1.493333333333e+00,-2.060621573436e-04,8.760979486692e-07,-2.069382552922e-04
6.000000000000e-01,x,-1.480000000000e+00,-1.594575690993e-04,8.978158914765e-07,-1.603553849908e-04
6.000000000000e-01,x,-1.466666666667e+00,-1.187549308256e-04,9.207991503266e-07,-1.196757299759e-04
6.000000000000e-01,x,-1.453333333333e+00,-8.531118472741e-05,9.447172648245e-07,-8.625590199224e-05
6.000000000000e-01,x,-1.440000000000e+00,-6.047951456551e-05,9.693543203292e-07,-6.144886888584e-05
6.000000000000e-01,x,-1.426666666667e+00,-4.560813502453e-05,9.945815135224e-07,-4.660271653805e-05
6.000000000000e-01,x,-1.413333333333e+00,-4.203906811973e-05,1.020306019561e-06,-4.305937413929e-05
6.000000000000e-01,x,-1.400000000000e+00,-5.110690801156e-05,1.046401384734e-06,-5.215330939629e-05
6.000000000000e-01,x,-1.386666666667e+00,-7.413757556699e-05,1.072627375023e-06,-7.521020294201e-05
6.000000000000e-01,x,-1.373333333333e+00,-1.124470643182e-04,1.098549272456e-06,-1.135456135906e-04
6.000000000000e-01,x,-1.360000000000e+00,-1.673401797036e-04,1.123467769796e-06,-1.684636474734e-04
6.000000000000e-01,x,-1.346666666667e+00,-2.401092735743e-04,1.146370649142e-06,-2.412556442234e-04
6.000000000000e-01,x,-1.333333333333e+00,-3.320329761913e-04,1.165916188580e-06,-3.331988923799e-04
6.000000000000e-01,x,-1.320000000000e+00,-4.443749282771e-04,1.180455683237e-06,-4.455553839603e-04
6.000000000000e-01,x,-1.306666666667e+00,-5.783825156274e-04,1.188098699098e-06,-5.795706143265e-04
6.000000000000e-01,x,-1.293333333333e+00,-7.352856091407e-04,1.186819979701e-06,-7.364724291204e-04
6.000000000000e-01,x,-1.280000000000e+00,-9.162953131817e-04,1.174601740851e-06,-9.174699149225e-04
6.000000000000e-01,x,-1.266666666667e+00,-1.122602725179e-03,1.149599962071e-06,-1.123752325141e-03
6.000000000000e-01,x,-1.253333333333e+00,-1.355377709523e-03,1.110318738854e-06,-1.356488028262e-03
6.000000000000e-01,x,-1.240000000000e+00,-1.615767688690e-03,1.055773058397e-06,-1.616823461749e-03
6.000000000000e-01,x,-1.226666666667e+00,-1.904896454345e-03,9.856171153554e-07,-1.905882071461e-03
6.000000000000e-01,x,-1.213333333333e+00,-2.223863001136e-03,9.002108313034e-07,-2.224763211967e-03
6.000000000000e-01,x,-1.200000000000e+00,-2.573740385494e-03,8.005877149322e-07,-2.574540973209e-03
6.000000000000e-01,x,-1.186666666667e+00,-2.955574611415e-03,6.882652642351e-07,-2.956262876679e-03
6.000000000000e-01,x,-1.173333333333e+00,-3.370383544782e-03,5.647925380226e-07,-3.370948337320e-03
6.000000000000e-01,x,-1.160000000000e+00,-3.819155857435e-03,4.308400939966e-07,-3.819586697529e-03
6.000000000000e-01,x,-1.146666666667e+00,-4.302850001313e-03,2.844811460947e-07,-4.303134482459e-03
6.000000000000e-01,x,-1.133333333333e+00,-4.822140803681e-03,1.180621643336e-07,-4.822258865845e-03
6.000000000000e-01,x,-1.120000000000e+00,-5.375191243240e-03,-8.730881157650e-08,-5.375103934429e-03
6.000000000000e-01,x,-1.106666666667e+00,-5.958723745623e-03,-3.711316661456e-07,-5.958352613957e-03
6.000000000000e-01,x,-1.093333333333e+00,-6.569410550110e-03,-8.088505640517e-07,-6.568601699546e-03
6.000000000000e-01,x,-1.080000000000e+00,-7.203888975274e-03,-1.536002776016e-06,-7.202352972498e-03
6.000000000000e-01,x,-1.066666666667e+00,-7.858760550888e-03,-2.784818737401e-06,-7.855975732151e-03
6.000000000000e-01,x,-1.053333333333e+00,-8.530590166643e-03,-4.937702963485e-06,-8.525652463679e-03
6.000000000000e-01,x,-1.040000000000e+00,-9.215905233696e-03,-8.602743342435e-06,-9.207302490353e-03
6.000000000000e-01,x,-1.026666666667e+00,-9.911194854723e-03,-1.471693648621e-05,-9.896477918236e-03
6.000000000000e-01,x,-1.013333333333e+00,-1.061290899800e-02,-2.468298326502e-05,-1.058822601473e-02
6.000000000000e-01,x,-1.000000000000e+00,-1.131745767097e-02,-4.054493037721e-05,-1.127691274059e-02
6.000000000000e-01,x,-9.866666666667e-01,-1.202121008889e-02,-6.520599204245e-05,-1.195600409685e-02
6.000000000000e-01,x,-9.733333333333e-01,-1.272049383439e-02,-1.026877138711e-04,-1.261780612052e-02
6.000000000000e-01,x,-9.600000000000e-01,-1.341159400408e-02,-1.584222551754e-04,-1.325317174891e-02
6.000000000000e-01,x,-9.466666666667e-01,-1.409075233906e-02,-2.395581509530e-04,-1.385119418811e-02
6.000000000000e-01,x,-9.333333333333e-01,-1.475416633684e-02,-3.552442226816e-04,-1.439892211416e-02
6.000000000000e-01,x,-9.200000000000e-01,-1.539798834291e-02,-5.168370799270e-04,-1.488115126298e-02
6.000000000000e-01,x,-9.066666666667e-01,-1.601832462147e-02,-7.379569547842e-04,-1.528036766669e-02
6.000000000000e-01,x,-8.933333333333e-01,-1.661123440578e-02,-1.034297961588e-03,-1.557693644419e-02
6.000000000000e-01,x,-8.800000000000e-01,-1.717272892990e-02,-1.423087146164e-03,-1.574964178374e-02
6.000000000000e-01,x,-8.666666666667e-01,-1.769877044518e-02,-1.922087692314e-03,-1.577668275286e-02
6.000000000000e-01,x,-8.533333333333e-01,-1.818527122614e-02,-2.548061396073e-03,-1.563720983007e-02
6.000000000000e-01,x,-8.400000000000e-01,-1.862809257225e-02,-3.314649103663e-03,-1.531344346859e-02
6.000000000000e-01,x,-8.266666666667e-01,-1.902304381348e-02,-4.229697994973e-03,-1.479334581851e-02
6.000000000000e-01,x,-8.133333333333e-01,-1.936588132980e-02,-5.292160159214e-03,-1.407372117059e-02
6.000000000000e-01,x,-8.000000000000e-01,-1.965230759593e-02,-6.488801131892e-03,-1.316350646404e-02
6.000000000000e-01,x,-7.866666666667e-01,-1.987797026517e-02,-7.791076783852e-03,-1.208689348132e-02
6.000000000000e-01,x,-7.733333333333e-01,-2.003846130731e-02,-9.152642750010e-03,-1.088581855730e-02
6.000000000000e-01,x,-7.600000000000e-01,-2.012931621792e-02,-1.050802849339e-02,-9.621287724530e-03
6.000000000000e-01,x,-7.466666666667e-01,-2.014601331780e-02,-1.177301306423e-02,-8.373000253571e-03
6.000000000000e-01,x,-7.333333333333e-01,-2.008397316279e-02,-1.284716042512e-02,-7.236812737670e-03
6.000000000000e-01,x,-7.200000000000e-01,-1.993855808615e-02,-1.361879721231e-02,-6.319760873850e-03
6.000000000000e-01,x,-7.066666666667e-01,-1.970507189644e-02,-1.397244819969e-02,-5.732623696746e-03
6.000000000000e-01,x,-6.933333333333e-01,-1.937875975525e-02,-1.379840614765e-02,-5.580353607601e-03
6.000000000000e-01,x,-6.800000000000e-01,-1.895480826006e-02,-1.300374360645e-02,-5.951064653606e-03
6.000000000000e-01,x,-6.666666666667e-01,-1.842834575774e-02,-1.152373028823e-02,-6.904615469514e-03
6.000000000000e-01,x,-6.533333333333e-01,-1.779444291504e-02,-9.332363976211e-03,-8.462078938829e-03
6.000000000000e-01,x,-6.400000000000e-01,-1.704811357182e-02,-6.450615188413e-03,-1.059749838341e-02
6.000000000000e-01,x,-6.266666666667e-01,-1.618431590306e-02,-2.951069504511e-03,-1.323324639855e-02
6.000000000000e-01,x,-6.133333333333e-01,-1.519795391455e-02,1.042057188221e-03,-1.624001110277e-02
6.000000000000e-01,x,-6.000000000000e-01,-1.408387929654e-02,5.358074783732e-03,-1.944195408027e-02
6.000000000000e-01,x,-5.866666666667e-01,-1.283689365830e-02,9.790075450607e-03,-2.262696910891e-02
6.000000000000e-01,x,-5.733333333333e-01,-1.145175116485e-02,1.410955403211e-02,-2.556130519696e-02
6.000000000000e-01,x,-5.600000000000e-01,-9.924532320235e-03,1.808404117765e-02,-2.800857349789e-02
6.000000000000e-01,x,-5.466666666667e-01,-8.259735888481e-03,2.149593489452e-02,-2.975567078300e-02
6.000000000000e-01,x,-5.333333333333e-01,-6.465047440864e-03,2.416048578005e-02,-3.062553322091e-02
6.000000000000e-01,x,-5.200000000000e-01,-4.548126382660e-03,2.594093900237e-02,-3.048906538503e-02
6.000000000000e-01,x,-5.066666666667e-01,-2.516604508450e-03,2.675916220833e-02,-2.927576671678e-02
6.000000000000e-01,x,-4.933333333333e-01,-3.780913912624e-04,2.660064638222e-02,-2.697873777349e-02
6.000000000000e-01,x,-4.800000000000e-01,1.859819734125e-03,2.551347101236e-02,-2.365365127824e-02
6.000000000000e-01,x,-4.666666666667e-01,4.189545589965e-03,2.360156731181e-02,-1.941202172184e-02
6.000000000000e-01,x,-4.533333333333e-01,6.603505974875e-03,2.101328183975e-02,-1.440977586487e-02
6.000000000000e-01,x,-4.400000000000e-01,9.094116384539e-03,1.792674231891e-02,-8.832625934371e-03
6.000000000000e-01,x,-4.266666666667e-01,1.165378013682e-02,1.453379480388e-02,-2.880014667055e-03
6.000000000000e-01,x,-4.133333333333e-01,1.427488000655e-02,1.102429506034e-02,3.250584946207e-03
6.000000000000e-01,x,-4.000000000000e-01,1.694976937746e-02,7.572317466258e-03,9.377451911205e-03
6.000000000000e-01,x,-3.866666666667e-01,1.967076292112e-02,4.325447065371e-03,1.534531585575e-02
6.000000000000e-01,x,-3.733333333333e-01,2.243012681485e-02,1.397821499676e-03,2.103230531517e-02
6.000000000000e-01,x,-3.600000000000e-01,2.522006851337e-02,-1.132927383423e-03,2.635299589679e-02
6.000000000000e-01,x,-3.466666666667e-01,2.803272609136e-02,-3.225142660027e-03,3.125786875139e-02
6.000000000000e-01,x,-3.333333333333e-01,3.086015717713e-02,-4.869680999786e-03,3.572983817692e-02
6.000000000000e-01,x,-3.200000000000e-01,3.369432750074e-02,-6.084386882376e-03,3.977871438311e-02
6.000000000000e-01,x,-3.066666666667e-01,3.652709908342e-02,-6.907431217414e-03,4.343453030084e-02
6.000000000000e-01,x,-2.933333333333e-01,3.935021809902e-02,-7.390380622830e-03,4.674059872185e-02
6.000000000000e-01,x,-2.800000000000e-01,4.215530244216e-02,-7.591709256546e-03,4.974701169871e-02
6.000000000000e-01,x,-2.666666666667e-01,4.493382904279e-02,-7.571259095062e-03,5.250508813785e-02
6.000000000000e-01,x,-2.533333333333e-01,4.767712097112e-02,-7.385935716703e-03,5.506305668783e-02
6.000000000000e-01,x,-2.400000000000e-01,5.037633438263e-02,-7.086726669011e-03,5.746306105164e-02
6.000000000000e-01,x,-2.266666666667e-01,5.302244535773e-02,-6.716969700944e-03,5.973941505867e-02
6.000000000000e-01,x,-2.133333333333e-01,5.560623669653e-02,-6.311688747563e-03,6.191792544409e-02
6.000000000000e-01,x,-2.000000000000e-01,5.811828473447e-02,-5.897757003788e-03,6.401604173826e-02
6.000000000000e-01,x,-1.866666666667e-01,6.054894624992e-02,-5.494631937086e-03,6.604357818701e-02
6.000000000000e-01,x,-1.733333333333e-01,6.288834554006e-02,-5.115425723151e-03,6.800377126321e-02
6.000000000000e-01,x,-1.600000000000e-01,6.512636174587e-02,-4.768114087776e-03,6.989447583365e-02
6.000000000000e-01,x,-1.466666666667e-01,6.725261651115e-02,-4.456735552414e-03,7.170935206356e-02
6.000000000000e-01,x,-1.333333333333e-01,6.925646206334e-02,-4.182482559542e-03,7.343894462288e-02
6.000000000000e-01,x,-1.200000000000e-01,7.112696980650e-02,-3.944629732088e-03,7.507159953859e-02
6.000000000000e-01,x,-1.066666666667e-01,7.285291951723e-02,-3.741279259495e-03,7.659419877673e-02
6.000000000000e-01,x,-9.333333333333e-02,7.442278923418e-02,-3.569928106039e-03,7.799271734022e-02
6.000000000000e-01,x,-8.000000000000e-02,7.582474592976e-02,-3.427877073988e-03,7.925262300375e-02
6.000000000000e-01,x,-6.666666666667e-02,7.704663704928e-02,-3.312509363569e-03,8.035914641285e-02
6.000000000000e-01,x,-5.333333333333e-02,7.807598299748e-02,-3.221468171066e-03,8.129745116854e-02
6.000000000000e-01,x,-4.000000000000e-02,7.889997064585e-02,-3.152761021892e-03,8.205273166774e-02
6.000000000000e-01,x,-2.666666666667e-02,7.950544792595e-02,-3.104814602923e-03,8.261026252887e-02
6.000000000000e-01,x,-1.333333333333e-02,7.987891956404e-02,-3.076499066106e-03,8.295541863014e-02
6.000000000000e-01,x,0.000000000000e+00,8.000654400164e-02,-3.067135915071e-03,8.307367991671e-02
6.000000000000e-01,x,1.333333333333e-02,7.987891956404e-02,-3.076499066106e-03,8.295541863014e-02
6.000000000000e-01,x,2.666666666667e-02,7.950544792595e-02,-3.104814602923e-03,8.261026252887e-02
6.000000000000e-01,x,4.000000000000e-02,7.889997064585e-02,-3.152761021892e-03,8.205273166774e-02
6.000000000000e-01,x,5.333333333333e-02,7.807598299747e-02,-3.221468171066e-03,8.129745116854e-02
6.000000000000e-01,x,6.666666666667e-02,7.704663704928e-02,-3.312509363569e-03,8.035914641285e-02
6.000000000000e-01,x,8.000000000000e-02,7.582474592976e-02,-3.427877073988e-03,7.925262300375e-02
6.000000000000e-01,x,9.333333333333e-02,7.442278923418e-02,-3.569928106039e-03,7.799271734022e-02
6.000000000000e-01,x,1.066666666667e-01,7.285291951723e-02,-3.741279259495e-03,7.659419877672e-02
6.000000000000e-01,x,1.200000000000e-01,7.112696980650e-02,-3.944629732088e-03,7.507159953858e-02
6.000000000000e-01,x,1.333333333333e-01,6.925646206333e-02,-4.182482559542e-03,7.343894462287e-02
6.000000000000e-01,x,1.466666666667e-01,6.725261651114e-02,-4.456735552414e-03,7.170935206356e-02
6.000000000000e-01,x,1.600000000000e-01,6.512636174587e-02,-4.768114087776e-03,6.989447583365e-02
6.000000000000e-01,x,1.733333333333e-01,6.288834554005e-02,-5.115425723151e-03,6.800377126320e-02
6.000000000000e-01,x,1.866666666667e-01,6.054894624992e-02,-5.494631937086e-03,6.604357818700e-02
6.000000000000e-01,x,2.000000000000e-01,5.811828473446e-02,-5.897757003788e-03,6.401604173825e-02
6.000000000000e-01,x,2.133333333333e-01,5.560623669652e-02,-6.311688747563e-03,6.191792544409e-02
6.000000000000e-01,x,2.266666666667e-01,5.302244535772e-02,-6.716969700944e-03,5.973941505866e-02
6.000000000000e-01,x,2.400000000000e-01,5.037633438263e-02,-7.086726669011e-03,5.746306105164e-02
6.000000000000e-01,x,2.533333333333e-01,4.767712097112e-02,-7.385935716703e-03,5.506305668782e-02
6.000000000000e-01,x,2.666666666667e-01,4.493382904278e-02,-7.571259095062e-03,5.250508813784e-02
6.000000000000e-01,x,2.800000000000e-01,4.215530244216e-02,-7.591709256546e-03,4.974701169870e-02
6.000000000000e-01,x,2.933333333333e-01,3.935021809901e-02,-7.390380622830e-03,4.674059872184e-02
6.000000000000e-01,x,3.066666666667e-01,3.652709908342e-02,-6.907431217414e-03,4.343453030083e-02
6.000000000000e-01,x,3.200000000000e-01,3.369432750073e-02,-6.084386882376e-03,3.977871438310e-02
6.000000000000e-01,x,3.333333333333e-01,3.086015717712e-02,-4.869680999786e-03,3.572983817691e-02
6.000000000000e-01,x,3.466666666667e-01,2.803272609135e-02,-3.225142660027e-03,3.125786875138e-02
6.000000000000e-01,x,3.600000000000e-01,2.522006851336e-02,-1.132927383423e-03,2.635299589678e-02
6.000000000000e-01,x,3.733333333333e-01,2.243012681484e-02,1.397821499676e-03,2.103230531516e-02
6.000000000000e-01,x,3.866666666667e-01,1.967076292111e-02,4.325447065371e-03,1.534531585574e-02
6.000000000000e-01,x,4.000000000000e-01,1.694976937745e-02,7.572317466258e-03,9.377451911195e-03
6.000000000000e-01,x,4.133333333333e-01,1.427488000654e-02,1.102429506034e-02,3.250584946195e-03
6.000000000000e-01,x,4.266666666667e-01,1.165378013681e-02,1.453379480388e-02,-2.880014667066e-03
6.000000000000e-01,x,4.400000000000e-01,9.094116384528e-03,1.792674231891e-02,-8.832625934382e-03
6.000000000000e-01,x,4.533333333333e-01,6.603505974863e-03,2.101328183975e-02,-1.440977586489e-02
6.000000000000e-01,x,4.666666666667e-01,4.189545589953e-03,2.360156731181e-02,-1.941202172185e-02
6.000000000000e-01,x,4.800000000000e-01,1.859819734113e-03,2.551347101236e-02,-2.365365127825e-02
6.000000000000e-01,x,4.933333333333e-01,-3.780913912749e-04,2.660064638222e-02,-2.697873777350e-02
6.000000000000e-01,x,5.066666666667e-01,-2.516604508463e-03,2.675916220833e-02,-2.927576671679e-02
6.000000000000e-01,x,5.200000000000e-01,-4.548126382673e-03,2.594093900237e-02,-3.048906538504e-02
6.000000000000e-01,x,5.333333333333e-01,-6.465047440877e-03,2.416048578005e-02,-3.062553322093e-02
6.000000000000e-01,x,5.466666666667e-01,-8.259735888496e-03,2.149593489452e-02,-2.975567078302e-02
6.000000000000e-01,x,5.600000000000e-01,-9.924532320248e-03,1.808404117765e-02,-2.800857349790e-02
6.000000000000e-01,x,5.733333333333e-01,-1.145175116486e-02,1.410955403211e-02,-2.556130519698e-02
6.000000000000e-01,x,5.866666666667e-01,-1.283689365831e-02,9.790075450607e-03,-2.262696910892e-02
6.000000000000e-01,x,6.000000000000e-01,-1.408387929656e-02,5.358074783732e-03,-1.944195408029e-02
6.000000000000e-01,x,6.133333333333e-01,-1.519795391456e-02,1.042057188221e-03,-1.624001110278e-02
6.000000000000e-01,x,6.266666666667e-01,-1.618431590308e-02,-2.951069504511e-03,-1.323324639856e-02
6.000000000000e-01,x,6.400000000000e-01,-1.704811357184e-02,-6.450615188413e-03,-1.059749838342e-02
6.000000000000e-01,x,6.533333333333e-01,-1.779444291505e-02,-9.332363976211e-03,-8.462078938843e-03
6.000000000000e-01,x,6.666666666667e-01,-1.842834575776e-02,-1.152373028823e-02,-6.904615469529e-03
6.000000000000e-01,x,6.800000000000e-01,-1.895480826007e-02,-1.300374360645e-02,-5.951064653623e-03
6.000000000000e-01,x,6.933333333333e-01,-1.937875975527e-02,-1.379840614765e-02,-5.580353607617e-03
6.000000000000e-01,x,7.066666666667e-01,-1.970507189645e-02,-1.397244819969e-02,-5.732623696761e-03
6.000000000000e-01,x,7.200000000000e-01,-1.993855808617e-02,-1.361879721231e-02,-6.319760873866e-03
6.000000000000e-01,x,7.333333333333e-01,-2.008397316281e-02,-1.284716042512e-02,-7.236812737688e-03
6.000000000000e-01,x,7.466666666667e-01,-2.014601331782e-02,-1.177301306423e-02,-8.373000253589e-03
6.000000000000e-01,x,7.600000000000e-01,-2.012931621794e-02,-1.050802849339e-02,-9.621287724547e-03
6.000000000000e-01,x,7.733333333333e-01,-2.003846130732e-02,-9.152642750010e-03,-1.088581855731e-02
6.000000000000e-01,x,7.866666666667e-01,-1.987797026519e-02,-7.791076783852e-03,-1.208689348134e-02
6.000000000000e-01,x,8.000000000000e-01,-1.965230759595e-02,-6.488801131892e-03,-1.316350646406e-02
6.000000000000e-01,x,8.133333333333e-01,-1.936588132982e-02,-5.292160159214e-03,-1.407372117060e-02
6.000000000000e-01,x,8.266666666667e-01,-1.902304381350e-02,-4.229697994973e-03,-1.479334581853e-02
6.000000000000e-01,x,8.400000000000e-01,-1.862809257227e-02,-3.314649103663e-03,-1.531344346860e-02
6.000000000000e-01,x,8.533333333333e-01,-1.818527122616e-02,-2.548061396073e-03,-1.563720983009e-02
6.000000000000e-01,x,8.666666666667e-01,-1.769877044519e-02,-1.922087692314e-03,-1.577668275288e-02
6.000000000000e-01,x,8.800000000000e-01,-1.717272892992e-02,-1.423087146164e-03,-1.574964178375e-02
6.000000000000e-01,x,8.933333333333e-01,-1.661123440580e-02,-1.034297961588e-03,-1.557693644421e-02
6.000000000000e-01,x,9.066666666667e-01,-1.601832462149e-02,-7.379569547842e-04,-1.528036766670e-02
6.000000000000e-01,x,9.200000000000e-01,-1.539798834292e-02,-5.168370799270e-04,-1.488115126300e-02
6.000000000000e-01,x,9.333333333333e-01,-1.475416633686e-02,-3.552442226816e-04,-1.439892211417e-02
6.000000000000e-01,x,9.466666666667e-01,-1.409075233908e-02,-2.395581509530e-04,-1.385119418813e-02
6.000000000000e-01,x,9.600000000000e-01,-1.341159400410e-02,-1.584222551754e-04,-1.325317174892e-02
6.000000000000e-01,x,9.733333333333e-01,-1.272049383441e-02,-1.026877138711e-04,-1.261780612054e-02
6.000000000000e-01,x,9.866666666667e-01,-1.202121008891e-02,-6.520599204245e-05,-1.195600409686e-02
6.000000000000e-01,x,1.000000000000e+00,-1.131745767098e-02,-4.054493037721e-05,-1.127691274060e-02
6.000000000000e-01,x,1.013333333333e+00,-1.061290899801e-02,-2.468298326502e-05,-1.058822601475e-02
6.000000000000e-01,x,1.026666666667e+00,-9.911194854735e-03,-1.471693648621e-05,-9.896477918249e-03
6.000000000000e-01,x,1.040000000000e+00,-9.215905233705e-03,-8.602743342435e-06,-9.207302490363e-03
6.000000000000e-01,x,1.053333333333e+00,-8.530590166653e-03,-4.937702963485e-06,-8.525652463689e-03
6.000000000000e-01,x,1.066666666667e+00,-7.858760550898e-03,-2.784818737401e-06,-7.855975732161e-03
6.000000000000e-01,x,1.080000000000e+00,-7.203888975283e-03,-1.536002776016e-06,-7.202352972507e-03
6.000000000000e-01,x,1.093333333333e+00,-6.569410550117e-03,-8.088505640517e-07,-6.568601699553e-03
6.000000000000e-01,x,1.106666666667e+00,-5.958723745631e-03,-3.711316661456e-07,-5.958352613965e-03
6.000000000000e-01,x,1.120000000000e+00,-5.375191243245e-03,-8.730881157650e-08,-5.375103934433e-03
6.000000000000e-01,x,1.133333333333e+00,-4.822140803686e-03,1.180621643336e-07,-4.822258865850e-03
6.000000000000e-01,x,1.146666666667e+00,-4.302850001317e-03,2.844811460947e-07,-4.303134482463e-03
6.000000000000e-01,x,1.160000000000e+00,-3.819155857440e-03,4.308400939966e-07,-3.819586697534e-03
6.000000000000e-01,x,1.173333333333e+00,-3.370383544785e-03,5.647925380226e-07,-3.370948337323e-03
6.000000000000e-01,x,1.186666666667e+00,-2.955574611416e-03,6.882652642351e-07,-2.956262876680e-03
6.000000000000e-01,x,1.200000000000e+00,-2.573740385497e-03,8.005877149322e-07,-2.574540973211e-03
6.000000000000e-01,x,1.213333333333e+00,-2.223863001133e-03,9.002108313034e-07,-2.224763211964e-03
6.000000000000e-01,x,1.226666666667e+00,-1.904896454340e-03,9.856171153554e-07,-1.905882071455e-03
6.000000000000e-01,x,1.240000000000e+00,-1.615767688686e-03,1.055773058397e-06,-1.616823461744e-03
6.000000000000e-01,x,1.253333333333e+00,-1.355377709517e-03,1.110318738854e-06,-1.356488028256e-03
6.000000000000e-01,x,1.266666666667e+00,-1.122602725171e-03,1.149599962071e-06,-1.123752325133e-03
6.000000000000e-01,x,1.280000000000e+00,-9.162953131725e-04,1.174601740851e-06,-9.174699149133e-04
6.000000000000e-01,x,1.293333333333e+00,-7.352856091302e-04,1.186819979701e-06,-7.364724291099e-04
6.000000000000e-01,x,1.306666666667e+00,-5.783825156144e-04,1.188098699098e-06,-5.795706143135e-04
6.000000000000e-01,x,1.320000000000e+00,-4.443749282627e-04,1.180455683237e-06,-4.455553839460e-04
6.000000000000e-01,x,1.333333333333e+00,-3.320329761792e-04,1.165916188580e-06,-3.331988923678e-04
6.000000000000e-01,x,1.346666666667e+00,-2.401092735585e-04,1.146370649142e-06,-2.412556442076e-04
6.000000000000e-01,x,1.360000000000e+00,-1.673401796873e-04,1.123467769796e-06,-1.684636474571e-04
6.000000000000e-01,x,1.373333333333e+00,-1.124470642998e-04,1.098549272456e-06,-1.135456135723e-04
6.000000000000e-01,x,1.386666666667e+00,-7.413757554620e-05,1.072627375023e-06,-7.521020292123e-05
6.000000000000e-01,x,1.400000000000e+00,-5.110690799280e-05,1.046401384734e-06,-5.215330937753e-05
6.000000000000e-01,x,1.413333333333e+00,-4.203906809763e-05,1.020306019561e-06,-4.305937411720e-05
6.000000000000e-01,x,1.426666666667e+00,-4.560813499939e-05,9.945815135224e-07,-4.660271651292e-05
6.000000000000e-01,x,1.440000000000e+00,-6.047951454255e-05,9.693543203292e-07,-6.144886886288e-05
6.000000000000e-01,x,1.453333333333e+00,-8.531118470171e-05,9.447172648245e-07,-8.625590196653e-05
6.000000000000e-01,x,1.466666666667e+00,-1.187549308055e-04,9.207991503266e-07,-1.196757299558e-04
6.000000000000e-01,x,1.480000000000e+00,-1.594575690717e-04,8.978158914765e-07,-1.603553849632e-04
6.000000000000e-01,x,1.493333333333e+00,-2.060621573131e-04,8.760979486692e-07,-2.069382552618e-04
6.000000000000e-01,x,1.506666666667e+00,-2.572091915848e-04,8.560919193476e-07,-2.580652835042e-04
6.000000000000e-01,x,1.520000000000e+00,-3.115377878775e-04,8.383373105042e-07,-3.123761251880e-04
6.000000000000e-01,x,1.533333333333e+00,-3.676868480546e-04,8.234224896172e-07,-3.685102705442e-04
6.000000000000e-01,x,1.546666666667e+00,-4.242962091229e-04,8.119262969619e-07,-4.251081354198e-04
6.000000000000e-01,x,1.560000000000e+00,-4.800077751632e-04,8.043535236778e-07,-4.808121286869e-04
6.000000000000e-01,x,1.573333333333e+00,-5.334666311895e-04,8.010731773134e-07,-5.342677043668e-04
6.000000000000e-01,x,1.586666666667e+00,-5.833221379293e-04,8.022680154817e-07,-5.841244059448e-04
6.000000000000e-01,x,1.600000000000e+00,-6.282290066927e-04,8.079021968354e-07,-6.290369088896e-04
6.000000000000e-01,x,1.613333333333e+00,-6.668483529135e-04,8.177112183303e-07,-6.676660641318e-04
6.000000000000e-01,x,1.626666666667e+00,-6.978487267709e-04,8.312149000809e-07,-6.986799416710e-04
6.000000000000e-01,x,1.640000000000e+00,-7.199071185213e-04,8.477505393747e-07,-7.207548690607e-04
6.000000000000e-01,x,1.653333333333e+00,-7.317099356050e-04,8.665200857474e-07,-7.325764556908e-04
6.000000000000e-01,x,1.666666666667e+00,-7.319539470523e-04,8.866429105349e-07,-7.328405899629e-04
6.000000000000e-01,x,1.680000000000e+00,-7.193471896043e-04,9.072049703767e-07,-7.202543945747e-04
6.000000000000e-01,x,1.693333333333e+00,-6.926098275031e-04,9.272961804623e-07,-6.935371236836e-04
6.000000000000e-01,x,1.706666666667e+00,-6.504749552659e-04,9.460305810551e-07,-6.514209858470e-04
6.000000000000e-01,x,1.720000000000e+00,-5.917181665962e-04,9.625479960392e-07,-5.926807145922e-04
6.000000000000e-01,x,1.733333333333e+00,-5.160820620983e-04,9.760006093733e-07,-5.170580627077e-04
6.000000000000e-01,x,1.746666666667e+00,-4.244722282283e-04,9.855322713209e-07,-4.254577604996e-04
6.000000000000e-01,x,1.760000000000e+00,-3.178778107890e-04,9.902613963069e-07,-3.188680721853e-04
6.000000000000e-01,x,1.773333333333e+00,-1.973033435228e-04,9.892792093601e-07,-1.982926227322e-04
6.000000000000e-01,x,1.786666666667e+00,-6.376868463969e-05,9.816733863344e-07,-6.475035802603e-05
6.000000000000e-01,x,1.800000000000e+00,8.169136463237e-05,9.665828792541e-07,8.072478175311e-05
6.000000000000e-01,x,1.813333333333e+00,2.380278483643e-04,9.432835341989e-07,2.370845648301e-04
6.000000000000e-01,x,1.826666666667e+00,4.041789609597e-04,9.112970810938e-07,4.032676638786e-04
6.000000000000e-01,x,1.840000000000e+00,5.790720023665e-04,8.705095672017e-07,5.782014927993e-04
6.000000000000e-01,x,1.853333333333e+00,7.616261417707e-04,8.212806930711e-07,7.608048610776e-04
6.000000000000e-01,x,1.866666666667e+00,9.507561705694e-04,7.645238855812e-07,9.499916466838e-04
6.000000000000e-01,x,1.880000000000e+00,1.145377440527e-03,7.017388758743e-07,1.144675701651e-03
6.000000000000e-01,x,1.893333333333e+00,1.344412183039e-03,6.349839373115e-07,1.343777199102e-03
6.000000000000e-01,x,1.906666666667e+00,1.546797376720e-03,5.667830044777e-07,1.546230593715e-03
6.000000000000e-01,x,1.920000000000e+00,1.751494258928e-03,4.999723214922e-07,1.750994286606e-03
6.000000000000e-01,x,1.933333333333e+00,1.957499445838e-03,4.375004539783e-07,1.957061945384e-03
6.000000000000e-01,x,1.946666666667e+00,2.163857424006e-03,3.822028644588e-07,2.163475221141e-03
6.000000000000e-01,x,1.960000000000e+00,2.369673909179e-03,3.365765408569e-07,2.369337332638e-03
6.000000000000e-01,x,1.973333333333e+00,2.574129266963e-03,3.025806850017e-07,2.573826686278e-03
6.000000000000e-01,x,1.986666666667e+00,2.776490920010e-03,2.814861833167e-07,2.776209433826e-03
6.000000000000e-01,x,2.000000000000e+00,2.976123520033e-03,2.737901136512e-07,2.975849729919e-03
6.000000000000e-01,y,-2.000000000000e+00,-2.739647236483e-03,1.122656714376e-06,-2.740769893197e-03
6.000000000000e-01,y,-1.986666666667e+00,-2.619846154891e-03,1.306722944273e-06,-2.621152877835e-03
6.000000000000e-01,y,-1.973333333333e+00,-2.494948423754e-03,1.389648348278e-06,-2.496338072103e-03
6.000000000000e-01,y,-1.960000000000e+00,-2.364978589591e-03,1.397848655853e-06,-2.366376438246e-03
6.000000000000e-01,y,-1.946666666667e+00,-2.229993357511e-03,1.356284509993e-06,-2.231349642021e-03
6.000000000000e-01,y,-1.933333333333e+00,-2.090078879435e-03,1.285744280791e-06,-2.091364623716e-03
6.000000000000e-01,y,-1.920000000000e+00,-1.945347319815e-03,1.201521677340e-06,-1.946548841492e-03
6.000000000000e-01,y,-1.906666666667e+00,-1.795933122657e-03,1.113366860685e-06,-1.797046489518e-03
6.000000000000e-01,y,-1.893333333333e+00,-1.641989350399e-03,1.026367503928e-06,-1.643015717903e-03
6.000000000000e-01,y,-1.880000000000e+00,-1.483684368053e-03,9.423127921660e-07,-1.484626680845e-03
6.000000000000e-01,y,-1.866666666667e+00,-1.321199038118e-03,8.611121680133e-07,-1.322060150286e-03
6.000000000000e-01,y,-1.853333333333e+00,-1.154724495794e-03,7.819541122668e-07,-1.155506449906e-03
6.000000000000e-01,y,-1.840000000000e+00,-9.844605027001e-04,7.040509210683e-07,-9.851645536212e-04
6.000000000000e-01,y,-1.826666666667e+00,-8.106143302743e-04,6.269715167544e-07,-8.112413017911e-04
6.000000000000e-01,y,-1.813333333333e+00,-6.334000991253e-04,5.506747564927e-07,-6.339507738818e-04
6.000000000000e-01,y,-1.800000000000e+00,-4.530384910317e-04,4.754001759319e-07,-4.535138912077e-04
6.000000000000e-01,y,-1.786666666667e+00,-2.697567511530e-04,4.015545778499e-07,-2.701583057309e-04
6.000000000000e-01,y,-1.773333333333e+00,-8.378890392317e-05,3.296726959336e-07,-8.411857661911e-05
6.000000000000e-01,y,-1.760000000000e+00,1.046238841136e-04,2.604583436006e-07,1.043634257700e-04
6.000000000000e-01,y,-1.746666666667e+00,2.952328517286e-04,1.948567882192e-07,2.950379949404e-04
6.000000000000e-01,y,-1.733333333333e+00,4.877811481309e-04,1.340867046944e-07,4.876470614262e-04
6.000000000000e-01,y,-1.720000000000e+00,6.820033342556e-04,7.957371603700e-08,6.819237605396e-04
6.000000000000e-01,y,-1.706666666667e+00,8.776097910759e-04,3.276704291069e-08,8.775770240330e-04
6.000000000000e-01,y,-1.693333333333e+00,1.074047452700e-03,-5.131604886045e-09,1.074052584304e-03
6.000000000000e-01,y,-1.680000000000e+00,1.270542688055e-03,-3.346042729280e-08,1.270576148482e-03
6.000000000000e-01,y,-1.666666666667e+00,1.466305386279e-03,-5.233050550544e-08,1.466357716785e-03
6.000000000000e-01,y,-1.653333333333e+00,1.660535159146e-03,-6.273114432253e-08,1.660597890290e-03
6.000000000000e-01,y,-1.640000000000e+00,1.852421263527e-03,-6.647304609140e-08,1.852487736573e-03
6.000000000000e-01,y,-1.626666666667e+00,2.041142626148e-03,-6.597745686098e-08,2.041208603605e-03
6.000000000000e-01,y,-1.613333333333e+00,2.225867971973e-03,-6.395704235907e-08,2.225931929016e-03
6.000000000000e-01,y,-1.600000000000e+00,2.405756055673e-03,-6.305543458140e-08,2.405819111107e-03
6.000000000000e-01,y,-1.586666666667e+00,2.579955994496e-03,-6.551183249556e-08,2.580021506328e-03
6.000000000000e-01,y,-1.573333333333e+00,2.747607699303e-03,-7.289664864183e-08,2.747680595952e-03
6.000000000000e-01,y,-1.560000000000e+00,2.907842399974e-03,-8.593198239823e-08,2.907928331956e-03
6.000000000000e-01,y,-1.546666666667e+00,3.059783260680e-03,-1.043780142181e-07,3.059887638694e-03
6.000000000000e-01,y,-1.533333333333e+00,3.202546080010e-03,-1.269445030695e-07,3.202673024513e-03
6.000000000000e-01,y,-1.520000000000e+00,3.335240070546e-03,-1.511835147997e-07,3.335391254060e-03
6.000000000000e-01,y,-1.506666666667e+00,3.456968712647e-03,-1.733382379504e-07,3.457142050885e-03
6.000000000000e-01,y,-1.493333333333e+00,3.566830676731e-03,-1.881603573806e-07,3.567018837088e-03
6.000000000000e-01,y,-1.480000000000e+00,3.663920808527e-03,-1.887567631953e-07,3.664109565290e-03
6.000000000000e-01,y,-1.466666666667e+00,3.747331172055e-03,-1.665732644446e-07,3.747497745320e-03
6.000000000000e-01,y,-1.453333333333e+00,3.816152144795e-03,-1.116543239841e-07,3.816263799119e-03
6.000000000000e-01,y,-1.440000000000e+00,3.869473559941e-03,-1.331974023478e-08,3.869486879681e-03
6.000000000000e-01,y,-1.426666666667e+00,3.906385890782e-03,1.386393657910e-07,3.906247251416e-03
6.000000000000e-01,y,-1.413333333333e+00,3.925981472265e-03,3.522271158228e-07,3.925629245149e-03
6.000000000000e-01,y,-1.400000000000e+00,3.927355755026e-03,6.310798289302e-07,3.926724675197e-03
6.000000000000e-01,y,-1.386666666667e+00,3.909608587349e-03,9.721332647718e-07,3.908636454084e-03
6.000000000000e-01,y,-1.373333333333e+00,3.871845520575e-03,1.363529624407e-06,3.870481990951e-03
6.000000000000e-01,y,-1.360000000000e+00,3.813179133573e-03,1.783281388685e-06,3.811395852185e-03
6.000000000000e-01,y,-1.346666666667e+00,3.732730371986e-03,2.199230743968e-06,3.730531141242e-03
6.000000000000e-01,y,-1.333333333333e+00,3.629629898071e-03,2.570741556462e-06,3.627059156514e-03
6.000000000000e-01,y,-1.320000000000e+00,3.503019446938e-03,2.852318583239e-06,3.500167128355e-03
6.000000000000e-01,y,-1.306666666667e+00,3.352053185090e-03,2.998982719873e-06,3.349054202370e-03
6.000000000000e-01,y,-1.293333333333e+00,3.175899067230e-03,2.972799802960e-06,3.172926267427e-03
6.000000000000e-01,y,-1.280000000000e+00,2.973740187368e-03,2.749559568465e-06,2.970990627800e-03
6.000000000000e-01,y,-1.266666666667e+00,2.744776120390e-03,2.324345980183e-06,2.742451774410e-03
6.000000000000e-01,y,-1.253333333333e+00,2.488224250377e-03,1.714734036856e-06,2.486509516340e-03
6.000000000000e-01,y,-1.240000000000e+00,2.203321082107e-03,9.606475141742e-07,2.202360434593e-03
6.000000000000e-01,y,-1.226666666667e+00,1.889323532549e-03,1.204959291346e-07,1.889203036620e-03
6.000000000000e-01,y,-1.213333333333e+00,1.545510199281e-03,-7.360309058024e-07,1.546246230187e-03
6.000000000000e-01,y,-1.200000000000e+00,1.171182603218e-03,-1.537373756997e-06,1.172719976975e-03
6.000000000000e-01,y,-1.186666666667e+00,7.656664034903e-04,-2.220028306845e-06,7.678864317971e-04
6.000000000000e-01,y,-1.173333333333e+00,3.283125826895e-04,-2.737105605253e-06,3.310496882948e-04
6.000000000000e-01,y,-1.160000000000e+00,-1.415013986977e-04,-3.063908898408e-06,-1.384374897993e-04
6.000000000000e-01,y,-1.146666666667e+00,-6.443704792327e-04,-3.199557590568e-06,-6.411709216421e-04
6.000000000000e-01,y,-1.133333333333e+00,-1.180638601258e-03,-3.164567213867e-06,-1.177474034044e-03
6.000000000000e-01,y,-1.120000000000e+00,-1.748436042544e-03,-2.995167203115e-06,-1.745440875341e-03
6.000000000000e-01,y,-1.106666666667e+00,-2.344622730877e-03,-2.735777176712e-06,-2.341886953701e-03
6.000000000000e-01,y,-1.093333333333e+00,-2.966012578073e-03,-2.431313027364e-06,-2.963581265046e-03
6.000000000000e-01,y,-1.080000000000e+00,-3.609386728721e-03,-2.120821141623e-06,-3.607265907580e-03
6.000000000000e-01,y,-1.066666666667e+00,-4.271492603508e-03,-1.833429622270e-06,-4.269659173886e-03
6.000000000000e-01,y,-1.053333333333e+00,-4.949042961054e-03,-1.586932308102e-06,-4.947456028745e-03
6.000000000000e-01,y,-1.040000000000e+00,-5.638714974351e-03,-1.388682116858e-06,-5.637326292234e-03
6.000000000000e-01,y,-1.026666666667e+00,-6.337149317579e-03,-1.238024818092e-06,-6.335911292761e-03
6.000000000000e-01,y,-1.013333333333e+00,-7.040949259002e-03,-1.129333691733e-06,-7.039819925310e-03
6.000000000000e-01,y,-1.000000000000e+00,-7.746679755490e-03,-1.054801122957e-06,-7.745624954367e-03
6.000000000000e-01,y,-9.866666666667e-01,-8.450866544476e-03,-1.006426260628e-06,-8.449860118215e-03
6.000000000000e-01,y,-9.733333333333e-01,-9.149995229224e-03,-9.769960888439e-07,-9.149018233135e-03
6.000000000000e-01,y,-9.600000000000e-01,-9.840510353916e-03,-9.601831854514e-07,-9.839550170731e-03
6.000000000000e-01,y,-9.466666666667e-01,-1.051881446541e-02,-9.501021235942e-07,-1.051786436329e-02
6.000000000000e-01,y,-9.333333333333e-01,-1.118126715942e-02,-9.407466152637e-07,-1.118032641280e-02
6.000000000000e-01,y,-9.200000000000e-01,-1.182418410959e-02,-9.256798100821e-07,-1.182325842978e-02
6.000000000000e-01,y,-9.066666666667e-01,-1.244383607915e-02,-8.982070047848e-07,-1.244293787215e-02
6.000000000000e-01,y,-8.933333333333e-01,-1.303644791569e-02,-8.520730637560e-07,-1.303559584263e-02
6.000000000000e-01,y,-8.800000000000e-01,-1.359819753124e-02,-7.825473286062e-07,-1.359741498391e-02
6.000000000000e-01,y,-8.666666666667e-01,-1.412521487099e-02,-6.876319479895e-07,-1.412452723904e-02
6.000000000000e-01,y,-8.533333333333e-01,-1.461358087562e-02,-5.690910596476e-07,-1.461301178456e-02
6.000000000000e-01,y,-8.400000000000e-01,-1.505932644385e-02,-4.330742842345e-07,-1.505889336957e-02
6.000000000000e-01,y,-8.266666666667e-01,-1.545843140343e-02,-2.903198501413e-07,-1.545814108358e-02
6.000000000000e-01,y,-8.133333333333e-01,-1.580682350066e-02,-1.562978815301e-07,-1.580666720278e-02
6.000000000000e-01,y,-8.000000000000e-01,-1.610037742036e-02,-5.224553854789e-08,-1.610032517483e-02
6.000000000000e-01,y,-7.866666666667e-01,-1.633491384985e-02,-8.954973890994e-09,-1.633490489488e-02
6.000000000000e-01,y,-7.733333333333e-01,-1.650619860258e-02,-7.657594621269e-08,-1.650612202663e-02
6.000000000000e-01,y,-7.600000000000e-01,-1.660994181863e-02,-3.458340195277e-07,-1.660959598461e-02
6.000000000000e-01,y,-7.466666666667e-01,-1.664179726120e-02,-9.892178114130e-07,-1.664080804339e-02
6.000000000000e-01,y,-7.333333333333e-01,-1.659736172967e-02,-2.335034203614e-06,-1.659502669546e-02
6.000000000000e-01,y,-7.200000000000e-01,-1.647217461130e-02,-4.992614966027e-06,-1.646718199633e-02
6.000000000000e-01,y,-7.066666666667e-01,-1.626171759525e-02,-1.005252715610e-05,-1.625166506810e-02
6.000000000000e-01,y,-6.933333333333e-01,-1.596141457324e-02,-1.938936843483e-05,-1.594202520481e-02
6.000000000000e-01,y,-6.800000000000e-01,-1.556663175244e-02,-3.609296993132e-05,-1.553053878251e-02
6.000000000000e-01,y,-6.666666666667e-01,-1.507267800665e-02,-6.504112956241e-05,-1.500763687709e-02
6.000000000000e-01,y,-6.533333333333e-01,-1.447480549212e-02,-1.135965891153e-04,-1.436120890300e-02
6.000000000000e-01,y,-6.400000000000e-01,-1.376821055449e-02,-1.923564343790e-04,-1.357585412011e-02
6.000000000000e-01,y,-6.266666666667e-01,-1.294803495295e-02,-3.158006164661e-04,-1.263223433648e-02
6.000000000000e-01,y,-6.133333333333e-01,-1.200936742715e-02,-5.025833608886e-04,-1.150678406626e-02
6.000000000000e-01,y,-6.000000000000e-01,-1.094724563148e-02,-7.751058879895e-04,-1.017213974349e-02
6.000000000000e-01,y,-5.866666666667e-01,-9.756658460037e-03,-1.157937202057e-03,-8.598721257980e-03
6.000000000000e-01,y,-5.733333333333e-01,-8.432548784245e-03,-1.674663391152e-03,-6.757885393093e-03
6.000000000000e-01,y,-5.600000000000e-01,-6.971129596666e-03,-2.342902414310e-03,-4.628227182356e-03
6.000000000000e-01,y,-5.466666666667e-01,-5.376677406907e-03,-3.167564392412e-03,-2.209113014495e-03
6.000000000000e-01,y,-5.333333333333e-01,-3.656521500890e-03,-4.132969486220e-03,4.764479853302e-04
6.000000000000e-01,y,-5.200000000000e-01,-1.817966669621e-03,-5.195090718664e-03,3.377124049043e-03
6.000000000000e-01,y,-5.066666666667e-01,1.317078078816e-04,-6.275818906808e-03,6.407526714689e-03
6.000000000000e-01,y,-4.933333333333e-01,2.185242601591e-03,-7.261531948525e-03,9.446774550116e-03
6.000000000000e-01,y,-4.800000000000e-01,4.335392259261e-03,-8.008149379301e-03,1.234354163856e-02
6.000000000000e-01,y,-4.666666666667e-01,6.574918622653e-03,-8.354082356141e-03,1.492900097879e-02
6.000000000000e-01,y,-4.533333333333e-01,8.896583729119e-03,-8.141018860472e-03,1.703760258959e-02
6.000000000000e-01,y,-4.400000000000e-01,1.129314219891e-02,-7.240509161804e-03,1.853365136071e-02
6.000000000000e-01,y,-4.266666666667e-01,1.375733311070e-02,-5.582269689835e-03,1.933960280053e-02
6.000000000000e-01,y,-4.133333333333e-01,1.628187137025e-02,-3.178597376727e-03,1.946046874698e-02
6.000000000000e-01,y,-4.000000000000e-01,1.885943857928e-02,-1.388731448005e-04,1.899831172408e-02
6.000000000000e-01,y,-3.866666666667e-01,2.148267341403e-02,3.330783462408e-03,1.815188995162e-02
6.000000000000e-01,y,-3.733333333333e-01,2.414416152553e-02,6.945071205693e-03,1.719909031983e-02
6.000000000000e-01,y,-3.600000000000e-01,2.683642497597e-02,1.037304186705e-02,1.646338310891e-02
6.000000000000e-01,y,-3.466666666667e-01,2.955191122857e-02,1.328262109791e-02,1.626929013066e-02
6.000000000000e-01,y,-3.333333333333e-01,3.228298171130e-02,1.538822465164e-02,1.689475705966e-02
6.000000000000e-01,y,-3.200000000000e-01,3.502189997811e-02,1.649240539337e-02,1.852949458474e-02
6.000000000000e-01,y,-3.066666666667e-01,3.776081949508e-02,1.651343834369e-02,2.124738115139e-02
6.000000000000e-01,y,-2.933333333333e-01,4.049177108298e-02,1.549368325275e-02,2.499808783024e-02
6.000000000000e-01,y,-2.800000000000e-01,4.320665005197e-02,1.358770395924e-02,2.961894609273e-02
6.000000000000e-01,y,-2.666666666667e-01,4.589720306908e-02,1.103337972698e-02,3.486382334210e-02
6.000000000000e-01,y,-2.533333333333e-01,4.855501480439e-02,8.112525409904e-03,4.044248939449e-02
6.000000000000e-01,y,-2.400000000000e-01,5.117149440683e-02,5.109083483238e-03,4.606241092359e-02
6.000000000000e-01,y,-2.266666666667e-01,5.373786186664e-02,2.272533879217e-03,5.146532798743e-02
6.000000000000e-01,y,-2.133333333333e-01,5.624513432708e-02,-2.078888265034e-04,5.645302315358e-02
6.000000000000e-01,y,-2.000000000000e-01,5.868411241361e-02,-2.215557732604e-03,6.089967014622e-02
6.000000000000e-01,y,-1.866666666667e-01,6.104536665487e-02,-3.705823476141e-03,6.475119013101e-02
6.000000000000e-01,y,-1.733333333333e-01,6.331922407449e-02,-4.695197304417e-03,6.801442137891e-02
6.000000000000e-01,y,-1.600000000000e-01,6.549575503832e-02,-5.244445891429e-03,7.074020092975e-02
6.000000000000e-01,y,-1.466666666667e-01,6.756476044516e-02,-5.439845258217e-03,7.300460570338e-02
6.000000000000e-01,y,-1.333333333333e-01,6.951575935294e-02,-5.376085260019e-03,7.489184461295e-02
6.000000000000e-01,y,-1.200000000000e-01,7.133797713410e-02,-5.143057956431e-03,7.648103509053e-02
6.000000000000e-01,y,-1.066666666667e-01,7.302033425525e-02,-4.817419720463e-03,7.783775397571e-02
6.000000000000e-01,y,-9.333333333333e-02,7.455143577536e-02,-4.458706496112e-03,7.901014227147e-02
6.000000000000e-01,y,-8.000000000000e-02,7.591956165522e-02,-4.109070640432e-03,8.002863229565e-02
6.000000000000e-01,y,-6.666666666667e-02,7.711265796673e-02,-3.795415657504e-03,8.090807362423e-02
6.000000000000e-01,y,-5.333333333333e-02,7.811832908584e-02,-3.532747425212e-03,8.165107651105e-02
6.000000000000e-01,y,-4.000000000000e-02,7.892383094550e-02,-3.327805556962e-03,8.225163650246e-02
6.000000000000e-01,y,-2.666666666667e-02,7.951606541669e-02,-3.182356431498e-03,8.269842184819e-02
6.000000000000e-01,y,-1.333333333333e-02,7.988157587533e-02,-3.095822498394e-03,8.297739837372e-02
6.000000000000e-01,y,0.000000000000e+00,8.000654400164e-02,-3.067135915071e-03,8.307367991671e-02
6.000000000000e-01,y,1.333333333333e-02,7.988157587533e-02,-3.095822498394e-03,8.297739837372e-02
6.000000000000e-01,y,2.666666666667e-02,7.951606541669e-02,-3.182356431498e-03,8.269842184819e-02
6.000000000000e-01,y,4.000000000000e-02,7.892383094550e-02,-3.327805556962e-03,8.225163650247e-02
6.000000000000e-01,y,5.333333333333e-02,7.811832908584e-02,-3.532747425212e-03,8.165107651105e-02
6.000000000000e-01,y,6.666666666667e-02,7.711265796673e-02,-3.795415657504e-03,8.090807362423e-02
6.000000000000e-01,y,8.000000000000e-02,7.591956165522e-02,-4.109070640432e-03,8.002863229565e-02
6.000000000000e-01,y,9.333333333333e-02,7.455143577536e-02,-4.458706496112e-03,7.901014227148e-02
6.000000000000e-01,y,1.066666666667e-01,7.302033425525e-02,-4.817419720463e-03,7.783775397571e-02
6.000000000000e-01,y,1.200000000000e-01,7.133797713410e-02,-5.143057956431e-03,7.648103509053e-02
6.000000000000e-01,y,1.333333333333e-01,6.951575935294e-02,-5.376085260019e-03,7.489184461296e-02
6.000000000000e-01,y,1.466666666667e-01,6.756476044516e-02,-5.439845258217e-03,7.300460570338e-02
6.000000000000e-01,y,1.600000000000e-01,6.549575503832e-02,-5.244445891429e-03,7.074020092975e-02
6.000000000000e-01,y,1.733333333333e-01,6.331922407449e-02,-4.695197304417e-03,6.801442137891e-02
6.000000000000e-01,y,1.866666666667e-01,6.104536665487e-02,-3.705823476141e-03,6.475119013101e-02
6.000000000000e-01,y,2.000000000000e-01,5.868411241362e-02,-2.215557732604e-03,6.089967014622e-02
6.000000000000e-01,y,2.133333333333e-01,5.624513432708e-02,-2.078888265034e-04,5.645302315358e-02
6.000000000000e-01,y,2.266666666667e-01,5.373786186665e-02,2.272533879217e-03,5.146532798743e-02
6.000000000000e-01,y,2.400000000000e-01,5.117149440683e-02,5.109083483238e-03,4.606241092360e-02
6.000000000000e-01,y,2.533333333333e-01,4.855501480440e-02,8.112525409904e-03,4.044248939450e-02
6.000000000000e-01,y,2.666666666667e-01,4.589720306909e-02,1.103337972698e-02,3.486382334211e-02
6.000000000000e-01,y,2.800000000000e-01,4.320665005197e-02,1.358770395924e-02,2.961894609274e-02
6.000000000000e-01,y,2.933333333333e-01,4.049177108299e-02,1.549368325275e-02,2.499808783025e-02
6.000000000000e-01,y,3.066666666667e-01,3.776081949509e-02,1.651343834369e-02,2.124738115140e-02
6.000000000000e-01,y,3.200000000000e-01,3.502189997812e-02,1.649240539337e-02,1.852949458475e-02
6.000000000000e-01,y,3.333333333333e-01,3.228298171131e-02,1.538822465164e-02,1.689475705967e-02
6.000000000000e-01,y,3.466666666667e-01,2.955191122858e-02,1.328262109791e-02,1.626929013067e-02
6.000000000000e-01,y,3.600000000000e-01,2.683642497597e-02,1.037304186705e-02,1.646338310892e-02
6.000000000000e-01,y,3.733333333333e-01,2.414416152553e-02,6.945071205693e-03,1.719909031984e-02
6.000000000000e-01,y,3.866666666667e-01,2.148267341404e-02,3.330783462408e-03,1.815188995163e-02
6.000000000000e-01,y,4.000000000000e-01,1.885943857929e-02,-1.388731448005e-04,1.899831172409e-02
6.000000000000e-01,y,4.133333333333e-01,1.628187137026e-02,-3.178597376727e-03,1.946046874699e-02
6.000000000000e-01,y,4.266666666667e-01,1.375733311071e-02,-5.582269689835e-03,1.933960280054e-02
6.000000000000e-01,y,4.400000000000e-01,1.129314219892e-02,-7.240509161804e-03,1.853365136072e-02
6.000000000000e-01,y,4.533333333333e-01,8.896583729128e-03,-8.141018860472e-03,1.703760258960e-02
6.000000000000e-01,y,4.666666666667e-01,6.574918622662e-03,-8.354082356141e-03,1.492900097880e-02
6.000000000000e-01,y,4.800000000000e-01,4.335392259273e-03,-8.008149379301e-03,1.234354163857e-02
6.000000000000e-01,y,4.933333333333e-01,2.185242601600e-03,-7.261531948525e-03,9.446774550125e-03
6.000000000000e-01,y,5.066666666667e-01,1.317078078920e-04,-6.275818906808e-03,6.407526714700e-03
6.000000000000e-01,y,5.200000000000e-01,-1.817966669611e-03,-5.195090718664e-03,3.377124049053e-03
6.000000000000e-01,y,5.333333333333e-01,-3.656521500880e-03,-4.132969486220e-03,4.764479853402e-04
6.000000000000e-01,y,5.466666666667e-01,-5.376677406897e-03,-3.167564392412e-03,-2.209113014485e-03
6.000000000000e-01,y,5.600000000000e-01,-6.971129596655e-03,-2.342902414310e-03,-4.628227182345e-03
6.000000000000e-01,y,5.733333333333e-01,-8.432548784234e-03,-1.674663391152e-03,-6.757885393082e-03
6.000000000000e-01,y,5.866666666667e-01,-9.756658460026e-03,-1.157937202057e-03,-8.598721257969e-03
6.000000000000e-01,y,6.000000000000e-01,-1.094724563147e-02,-7.751058879895e-04,-1.017213974348e-02
6.000000000000e-01,y,6.133333333333e-01,-1.200936742714e-02,-5.025833608886e-04,-1.150678406625e-02
6.000000000000e-01,y,6.266666666667e-01,-1.294803495294e-02,-3.158006164661e-04,-1.263223433647e-02
6.000000000000e-01,y,6.400000000000e-01,-1.376821055447e-02,-1.923564343790e-04,-1.357585412010e-02
6.000000000000e-01,y,6.533333333333e-01,-1.447480549211e-02,-1.135965891153e-04,-1.436120890299e-02
6.000000000000e-01,y,6.666666666667e-01,-1.507267800664e-02,-6.504112956241e-05,-1.500763687708e-02
6.000000000000e-01,y,6.800000000000e-01,-1.556663175243e-02,-3.609296993132e-05,-1.553053878250e-02
6.000000000000e-01,y,6.933333333333e-01,-1.596141457323e-02,-1.938936843483e-05,-1.594202520480e-02
6.000000000000e-01,y,7.066666666667e-01,-1.626171759524e-02,-1.005252715610e-05,-1.625166506809e-02
6.000000000000e-01,y,7.200000000000e-01,-1.647217461129e-02,-4.992614966027e-06,-1.646718199632e-02
6.000000000000e-01,y,7.333333333333e-01,-1.659736172966e-02,-2.335034203614e-06,-1.659502669545e-02
6.000000000000e-01,y,7.466666666667e-01,-1.664179726119e-02,-9.892178114130e-07,-1.664080804338e-02
6.000000000000e-01,y,7.600000000000e-01,-1.660994181862e-02,-3.458340195277e-07,-1.660959598460e-02
6.000000000000e-01,y,7.733333333333e-01,-1.650619860257e-02,-7.657594621269e-08,-1.650612202662e-02
6.000000000000e-01,y,7.866666666667e-01,-1.633491384984e-02,-8.954973890994e-09,-1.633490489487e-02
6.000000000000e-01,y,8.000000000000e-01,-1.610037742035e-02,-5.224553854789e-08,-1.610032517482e-02
6.000000000000e-01,y,8.133333333333e-01,-1.580682350065e-02,-1.562978815301e-07,-1.580666720277e-02
6.000000000000e-01,y,8.266666666667e-01,-1.545843140342e-02,-2.903198501413e-07,-1.545814108357e-02
6.000000000000e-01,y,8.400000000000e-01,-1.505932644384e-02,-4.330742842345e-07,-1.505889336956e-02
6.000000000000e-01,y,8.533333333333e-01,-1.461358087561e-02,-5.690910596476e-07,-1.461301178455e-02
6.000000000000e-01,y,8.666666666667e-01,-1.412521487098e-02,-6.876319479895e-07,-1.412452723903e-02
6.000000000000e-01,y,8.800000000000e-01,-1.359819753123e-02,-7.825473286062e-07,-1.359741498390e-02
6.000000000000e-01,y,8.933333333333e-01,-1.303644791568e-02,-8.520730637560e-07,-1.303559584261e-02
6.000000000000e-01,y,9.066666666667e-01,-1.244383607914e-02,-8.982070047848e-07,-1.244293787214e-02
6.000000000000e-01,y,9.200000000000e-01,-1.182418410958e-02,-9.256798100821e-07,-1.182325842977e-02
6.000000000000e-01,y,9.333333333333e-01,-1.118126715941e-02,-9.407466152637e-07,-1.118032641279e-02
6.000000000000e-01,y,9.466666666667e-01,-1.051881446540e-02,-9.501021235942e-07,-1.051786436328e-02
6.000000000000e-01,y,9.600000000000e-01,-9.840510353905e-03,-9.601831854514e-07,-9.839550170720e-03
6.000000000000e-01,y,9.733333333333e-01,-9.149995229214e-03,-9.769960888439e-07,-9.149018233126e-03
6.000000000000e-01,y,9.866666666667e-01,-8.450866544465e-03,-1.006426260628e-06,-8.449860118204e-03
6.000000000000e-01,y,1.000000000000e+00,-7.746679755479e-03,-1.054801122957e-06,-7.745624954356e-03
6.000000000000e-01,y,1.013333333333e+00,-7.040949258992e-03,-1.129333691733e-06,-7.039819925300e-03
6.000000000000e-01,y,1.026666666667e+00,-6.337149317570e-03,-1.238024818092e-06,-6.335911292752e-03
6.000000000000e-01,y,1.040000000000e+00,-5.638714974340e-03,-1.388682116858e-06,-5.637326292223e-03
6.000000000000e-01,y,1.053333333333e+00,-4.949042961043e-03,-1.586932308102e-06,-4.947456028735e-03
6.000000000000e-01,y,1.066666666667e+00,-4.271492603496e-03,-1.833429622270e-06,-4.269659173873e-03
6.000000000000e-01,y,1.080000000000e+00,-3.609386728709e-03,-2.120821141623e-06,-3.607265907568e-03
6.000000000000e-01,y,1.093333333333e+00,-2.966012578063e-03,-2.431313027364e-06,-2.963581265036e-03
6.000000000000e-01,y,1.106666666667e+00,-2.344622730866e-03,-2.735777176712e-06,-2.341886953689e-03
6.000000000000e-01,y,1.120000000000e+00,-1.748436042533e-03,-2.995167203115e-06,-1.745440875330e-03
6.000000000000e-01,y,1.133333333333e+00,-1.180638601248e-03,-3.164567213867e-06,-1.177474034034e-03
6.000000000000e-01,y,1.146666666667e+00,-6.443704792218e-04,-3.199557590568e-06,-6.411709216313e-04
6.000000000000e-01,y,1.160000000000e+00,-1.415013986885e-04,-3.063908898408e-06,-1.384374897900e-04
6.000000000000e-01,y,1.173333333333e+00,3.283125826972e-04,-2.737105605253e-06,3.310496883025e-04
6.000000000000e-01,y,1.186666666667e+00,7.656664035017e-04,-2.220028306845e-06,7.678864318085e-04
6.000000000000e-01,y,1.200000000000e+00,1.171182603230e-03,-1.537373756997e-06,1.172719976987e-03
6.000000000000e-01,y,1.213333333333e+00,1.545510199290e-03,-7.360309058024e-07,1.546246230196e-03
6.000000000000e-01,y,1.226666666667e+00,1.889323532559e-03,1.204959291346e-07,1.889203036630e-03
6.000000000000e-01,y,1.240000000000e+00,2.203321082115e-03,9.606475141742e-07,2.202360434601e-03
6.000000000000e-01,y,1.253333333333e+00,2.488224250386e-03,1.714734036856e-06,2.486509516349e-03
6.000000000000e-01,y,1.266666666667e+00,2.744776120402e-03,2.324345980183e-06,2.742451774421e-03
6.000000000000e-01,y,1.280000000000e+00,2.973740187378e-03,2.749559568465e-06,2.970990627809e-03
6.000000000000e-01,y,1.293333333333e+00,3.175899067240e-03,2.972799802960e-06,3.172926267437e-03
6.000000000000e-01,y,1.306666666667e+00,3.352053185100e-03,2.998982719873e-06,3.349054202380e-03
6.000000000000e-01,y,1.320000000000e+00,3.503019446947e-03,2.852318583239e-06,3.500167128364e-03
6.000000000000e-01,y,1.333333333333e+00,3.629629898079e-03,2.570741556462e-06,3.627059156522e-03
6.000000000000e-01,y,1.346666666667e+00,3.732730371995e-03,2.199230743968e-06,3.730531141251e-03
6.000000000000e-01,y,1.360000000000e+00,3.813179133580e-03,1.783281388685e-06,3.811395852191e-03
6.000000000000e-01,y,1.373333333333e+00,3.871845520585e-03,1.363529624407e-06,3.870481990961e-03
6.000000000000e-01,y,1.386666666667e+00,3.909608587356e-03,9.721332647718e-07,3.908636454091e-03
6.000000000000e-01,y,1.400000000000e+00,3.927355755030e-03,6.310798289302e-07,3.926724675202e-03
6.000000000000e-01,y,1.413333333333e+00,3.925981472272e-03,3.522271158228e-07,3.925629245156e-03
6.000000000000e-01,y,1.426666666667e+00,3.906385890786e-03,1.386393657910e-07,3.906247251420e-03
6.000000000000e-01,y,1.440000000000e+00,3.869473559940e-03,-1.331974023478e-08,3.869486879681e-03
6.000000000000e-01,y,1.453333333333e+00,3.816152144796e-03,-1.116543239841e-07,3.816263799120e-03
6.000000000000e-01,y,1.466666666667e+00,3.747331172057e-03,-1.665732644446e-07,3.747497745322e-03
6.000000000000e-01,y,1.480000000000e+00,3.663920808526e-03,-1.887567631953e-07,3.664109565290e-03
6.000000000000e-01,y,1.493333333333e+00,3.566830676728e-03,-1.881603573806e-07,3.567018837085e-03
6.000000000000e-01,y,1.506666666667e+00,3.456968712647e-03,-1.733382379504e-07,3.457142050885e-03
6.000000000000e-01,y,1.520000000000e+00,3.335240070540e-03,-1.511835147997e-07,3.335391254055e-03
6.000000000000e-01,y,1.533333333333e+00,3.202546080001e-03,-1.269445030695e-07,3.202673024504e-03
6.000000000000e-01,y,1.546666666667e+00,3.059783260673e-03,-1.043780142181e-07,3.059887638687e-03
6.000000000000e-01,y,1.560000000000e+00,2.907842399961e-03,-8.593198239823e-08,2.907928331944e-03
6.000000000000e-01,y,1.573333333333e+00,2.747607699291e-03,-7.289664864183e-08,2.747680595940e-03
6.000000000000e-01,y,1.586666666667e+00,2.579955994483e-03,-6.551183249556e-08,2.580021506315e-03
6.000000000000e-01,y,1.600000000000e+00,2.405756055654e-03,-6.305543458140e-08,2.405819111089e-03
6.000000000000e-01,y,1.613333333333e+00,2.225867971951e-03,-6.395704235907e-08,2.225931928993e-03
6.000000000000e-01,y,1.626666666667e+00,2.041142626129e-03,-6.597745686098e-08,2.041208603585e-03
6.000000000000e-01,y,1.640000000000e+00,1.852421263502e-03,-6.647304609140e-08,1.852487736548e-03
6.000000000000e-01,y,1.653333333333e+00,1.660535159120e-03,-6.273114432253e-08,1.660597890264e-03
6.000000000000e-01,y,1.666666666667e+00,1.466305386251e-03,-5.233050550544e-08,1.466357716756e-03
6.000000000000e-01,y,1.680000000000e+00,1.270542688023e-03,-3.346042729280e-08,1.270576148450e-03
6.000000000000e-01,y,1.693333333333e+00,1.074047452664e-03,-5.131604886045e-09,1.074052584269e-03
6.000000000000e-01,y,1.706666666667e+00,8.776097910382e-04,3.276704291069e-08,8.775770239953e-04
6.000000000000e-01,y,1.720000000000e+00,6.820033342115e-04,7.957371603700e-08,6.819237604955e-04
6.000000000000e-01,y,1.733333333333e+00,4.877811480864e-04,1.340867046944e-07,4.876470613817e-04
6.000000000000e-01,y,1.746666666667e+00,2.952328516790e-04,1.948567882192e-07,2.950379948907e-04
6.000000000000e-01,y,1.760000000000e+00,1.046238840585e-04,2.604583436006e-07,1.043634257149e-04
6.000000000000e-01,y,1.773333333333e+00,-8.378890397656e-05,3.296726959336e-07,-8.411857667249e-05
6.000000000000e-01,y,1.786666666667e+00,-2.697567512133e-04,4.015545778499e-07,-2.701583057911e-04
6.000000000000e-01,y,1.800000000000e+00,-4.530384910936e-04,4.754001759319e-07,-4.535138912695e-04
6.000000000000e-01,y,1.813333333333e+00,-6.334000991865e-04,5.506747564927e-07,-6.339507739430e-04
6.000000000000e-01,y,1.826666666667e+00,-8.106143303479e-04,6.269715167544e-07,-8.112413018647e-04
6.000000000000e-01,y,1.840000000000e+00,-9.844605027717e-04,7.040509210683e-07,-9.851645536928e-04
6.000000000000e-01,y,1.853333333333e+00,-1.154724495869e-03,7.819541122668e-07,-1.155506449981e-03
6.000000000000e-01,y,1.866666666667e+00,-1.321199038202e-03,8.611121680133e-07,-1.322060150370e-03
6.000000000000e-01,y,1.880000000000e+00,-1.483684368136e-03,9.423127921660e-07,-1.484626680928e-03
6.000000000000e-01,y,1.893333333333e+00,-1.641989350485e-03,1.026367503928e-06,-1.643015717989e-03
6.000000000000e-01,y,1.906666666667e+00,-1.795933122750e-03,1.113366860685e-06,-1.797046489611e-03
6.000000000000e-01,y,1.920000000000e+00,-1.945347319906e-03,1.201521677340e-06,-1.946548841583e-03
6.000000000000e-01,y,1.933333333333e+00,-2.090078879529e-03,1.285744280791e-06,-2.091364623810e-03
6.000000000000e-01,y,1.946666666667e+00,-2.229993357611e-03,1.356284509993e-06,-2.231349642121e-03
6.000000000000e-01,y,1.960000000000e+00,-2.364978589693e-03,1.397848655853e-06,-2.366376438349e-03
6.000000000000e-01,y,1.973333333333e+00,-2.494948423856e-03,1.389648348278e-06,-2.496338072204e-03
6.000000000000e-01,y,1.986666666667e+00,-2.619846155002e-03,1.306722944273e-06,-2.621152877947e-03
6.000000000000e-01,y,2.000000000000e+00,-2.739647236592e-03,1.122656714376e-06,-2.740769893306e-03
