t,axis,s,p_dibem,p_exact,error
4.500000000000e-01,x,-2.000000000000e+00,-1.396691139861e-08,3.191589524705e-07,-3.331258638691e-07
4.500000000000e-01,x,-1.986666666667e+00,-1.343594795417e-08,3.157123258635e-07,-3.291482738177e-07
4.500000000000e-01,x,-1.973333333333e+00,-1.333066547742e-08,3.076223685434e-07,-3.209530340208e-07
4.500000000000e-01,x,-1.960000000000e+00,-1.331671084894e-08,2.951075825289e-07,-3.084242933779e-07
4.500000000000e-01,x,-1.946666666667e+00,-1.322000099505e-08,2.785175054636e-07,-2.917375064587e-07
4.500000000000e-01,x,-1.933333333333e+00,-1.301537544547e-08,2.583326067875e-07,-2.713479822329e-07
4.500000000000e-01,x,-1.920000000000e+00,-1.272524545468e-08,2.351619912150e-07,-2.478872366697e-07
4.500000000000e-01,x,-1.906666666667e+00,-1.240293957510e-08,2.097365743616e-07,-2.221395139367e-07
4.500000000000e-01,x,-1.893333333333e+00,-1.210510815411e-08,1.828959652639e-07,-1.950010734180e-07
4.500000000000e-01,x,-1.880000000000e+00,-1.184363179043e-08,1.555680696930e-07,-1.674117014835e-07
4.500000000000e-01,x,-1.866666666667e+00,-1.160548869111e-08,1.287412261178e-07,-1.403467148089e-07
4.500000000000e-01,x,-1.853333333333e+00,-1.137460913930e-08,1.034293748892e-07,-1.148039840285e-07
4.500000000000e-01,x,-1.840000000000e+00,-1.113255080390e-08,8.063130863105e-08,-9.176385943495e-08
4.500000000000e-01,x,-1.826666666667e+00,-1.086382848703e-08,6.128550844483e-08,-7.214933693186e-08
4.500000000000e-01,x,-1.813333333333e+00,-1.055843801738e-08,4.622253207799e-08,-5.678097009537e-08
4.500000000000e-01,x,-1.800000000000e+00,-1.021154056304e-08,3.611746566098e-08,-4.632900622402e-08
4.500000000000e-01,x,-1.786666666667e+00,-9.823216867786e-09,3.144559174244e-08,-4.126880861023e-08
4.500000000000e-01,x,-1.773333333333e+00,-9.396766283733e-09,3.244506645329e-08,-4.184183273702e-08
4.500000000000e-01,x,-1.760000000000e+00,-8.934843034401e-09,3.909084534873e-08,-4.802568838313e-08
4.500000000000e-01,x,-1.746666666667e+00,-8.436894912532e-09,5.108409641854e-08,-5.952099133107e-08
4.500000000000e-01,x,-1.733333333333e+00,-7.904598310005e-09,6.786065532906e-08,-7.576525363907e-08
4.500000000000e-01,x,-1.720000000000e+00,-7.344000204085e-09,8.862057952687e-08,-9.596457973096e-08
4.500000000000e-01,x,-1.706666666667e+00,-6.765334689702e-09,1.123785825142e-07,-1.191439172039e-07
4.500000000000e-01,x,-1.693333333333e+00,-6.175383362648e-09,1.380323243026e-07,-1.442077076652e-07
4.500000000000e-01,x,-1.680000000000e+00,-5.581007314696e-09,1.644426357399e-07,-1.700236430546e-07
4.500000000000e-01,x,-1.666666666667e+00,-4.992908899346e-09,1.905173103398e-07,-1.955102192391e-07
4.500000000000e-01,x,-1.653333333333e+00,-4.425463718978e-09,2.152886690030e-07,-2.197141327220e-07
4.500000000000e-01,x,-1.640000000000e+00,-3.894427738592e-09,2.379751151757e-07,-2.418695429143e-07
4.500000000000e-01,x,-1.626666666667e+00,-3.403583261544e-09,2.580185451078e-07,-2.614221283693e-07
4.500000000000e-01,x,-1.613333333333e+00,-2.953967429993e-09,2.750926394921e-07,-2.780466069221e-07
4.500000000000e-01,x,-1.600000000000e+00,-2.550184364843e-09,2.890813050855e-07,-2.916314894503e-07
4.500000000000e-01,x,-1.586666666667e+00,-2.201544731724e-09,3.000311717886e-07,-3.022327165203e-07
4.500000000000e-01,x,-1.573333333333e+00,-1.915183036944e-09,3.080862707876e-07,-3.100014538245e-07
4.500000000000e-01,x,-1.560000000000e+00,-1.681064183403e-09,3.134160371129e-07,-3.150971012964e-07
4.500000000000e-01,x,-1.546666666667e+00,-1.490424638448e-09,3.161490024556e-07,-3.176394270941e-07
4.500000000000e-01,x,-1.533333333333e+00,-1.342015583431e-09,3.163236841697e-07,-3.176656997531e-07
4.500000000000e-01,x,-1.520000000000e+00,-1.242982553818e-09,3.138653304085e-07,-3.151083129623e-07
4.500000000000e-01,x,-1.506666666667e+00,-1.192884556664e-09,3.085928073530e-07,-3.097856919096e-07
4.500000000000e-01,x,-1.493333333333e+00,-1.172208038435e-09,3.002547581136e-07,-3.014269661521e-07
4.500000000000e-01,x,-1.480000000000e+00,-1.169448582571e-09,2.885891192359e-07,-2.897585678184e-07
4.500000000000e-01,x,-1.466666666667e+00,-1.189092622323e-09,2.733960226830e-07,-2.745851153053e-07
4.500000000000e-01,x,-1.453333333333e+00,-1.247367633544e-09,2.546117384552e-07,-2.558591060887e-07
4.500000000000e-01,x,-1.440000000000e+00,-1.337363229908e-09,2.323710106050e-07,-2.337083738350e-07
4.500000000000e-01,x,-1.426666666667e+00,-1.433671272389e-09,2.070469333310e-07,-2.084806046034e-07
4.500000000000e-01,x,-1.413333333333e+00,-1.530374261641e-09,1.792610542410e-07,-1.807914285027e-07
4.500000000000e-01,x,-1.400000000000e+00,-1.645170352996e-09,1.498610440287e-07,-1.515062143817e-07
4.500000000000e-01,x,-1.386666666667e+00,-1.810626819335e-09,1.198682308039e-07,-1.216788576232e-07
4.500000000000e-01,x,-1.373333333333e+00,-2.003246577038e-09,9.040173994547e-08,-9.240498652250e-08
4.500000000000e-01,x,-1.360000000000e+00,-2.189515699337e-09,6.258921301417e-08,-6.477872871351e-08
4.500000000000e-01,x,-1.346666666667e+00,-2.372712018882e-09,3.747564553745e-08,-3.984835755634e-08
4.500000000000e-01,x,-1.333333333333e+00,-2.595294435242e-09,1.594163470405e-08,-1.853692913930e-08
4.500000000000e-01,x,-1.320000000000e+00,-2.903016681900e-09,-1.359580279565e-09,-1.543436402335e-09
4.500000000000e-01,x,-1.306666666667e+00,-3.235896402643e-09,-1.404005335285e-08,1.080415695020e-08
4.500000000000e-01,x,-1.293333333333e+00,-3.551748277132e-09,-2.198762312159e-08,1.843587484446e-08
4.500000000000e-01,x,-1.280000000000e+00,-3.874397315689e-09,-2.535038116840e-08,2.147598385271e-08
4.500000000000e-01,x,-1.266666666667e+00,-4.296865336861e-09,-2.449982348117e-08,2.020295814431e-08
4.500000000000e-01,x,-1.253333333333e+00,-4.862686718249e-09,-1.997968723529e-08,1.511700051704e-08
4.500000000000e-01,x,-1.240000000000e+00,-5.451518687754e-09,-1.244854128783e-08,6.997022600076e-09
4.500000000000e-01,x,-1.226666666667e+00,-6.019266584187e-09,-2.624002474558e-09,-3.395264109629e-09
4.500000000000e-01,x,-1.213333333333e+00,-6.645111203257e-09,8.764852020744e-09,-1.540996322400e-08
4.500000000000e-01,x,-1.200000000000e+00,-7.525497183623e-09,2.101242145188e-08,-2.853791863550e-08
4.500000000000e-01,x,-1.186666666667e+00,-8.637595746812e-09,3.345696606683e-08,-4.209456181364e-08
4.500000000000e-01,x,-1.173333333333e+00,-9.746820791954e-09,4.548713625259e-08,-5.523395704455e-08
4.500000000000e-01,x,-1.160000000000e+00,-1.081718051023e-08,5.653762211822e-08,-6.735480262846e-08
4.500000000000e-01,x,-1.146666666667e+00,-1.206421630072e-08,6.607855978533e-08,-7.814277608605e-08
4.500000000000e-01,x,-1.133333333333e+00,-1.388106215015e-08,7.360416701934e-08,-8.748522916950e-08
4.500000000000e-01,x,-1.120000000000e+00,-1.604724892719e-08,7.862599188942e-08,-9.467324081662e-08
4.500000000000e-01,x,-1.106666666667e+00,-1.820332100251e-08,8.067515481629e-08,-9.887847581880e-08
4.500000000000e-01,x,-1.093333333333e+00,-2.045985520842e-08,7.931617868014e-08,-9.977603388856e-08
4.500000000000e-01,x,-1.080000000000e+00,-2.346655074776e-08,7.417266907225e-08,-9.763921982002e-08
4.500000000000e-01,x,-1.066666666667e+00,-2.795578271428e-08,6.496256131486e-08,-9.291834402915e-08
4.500000000000e-01,x,-1.053333333333e+00,-3.302958983623e-08,5.153827688850e-08,-8.456786672473e-08
4.500000000000e-01,x,-1.040000000000e+00,-3.804226623182e-08,3.392531035948e-08,-7.196757659130e-08
4.500000000000e-01,x,-1.026666666667e+00,-4.351091096104e-08,1.235178273469e-08,-5.586269369573e-08
4.500000000000e-01,x,-1.013333333333e+00,-5.127857430940e-08,-1.273860039483e-08,-3.853997391456e-08
4.500000000000e-01,x,-1.000000000000e+00,-6.231469584296e-08,-4.069734157806e-08,-2.161735426489e-08
4.500000000000e-01,x,-9.866666666667e-01,-7.402605732402e-08,-7.071310089793e-08,-3.312956426093e-09
4.500000000000e-01,x,-9.733333333333e-01,-8.567234467530e-08,-1.018956121633e-07,1.622326748796e-08
4.500000000000e-01,x,-9.600000000000e-01,-9.981467796726e-08,-1.334236742113e-07,3.360899624401e-08
4.500000000000e-01,x,-9.466666666667e-01,-1.226361737522e-07,-1.648068087175e-07,4.217063496528e-08
4.500000000000e-01,x,-9.333333333333e-01,-1.522018608564e-07,-1.963672507622e-07,4.416538990585e-08
4.500000000000e-01,x,-9.200000000000e-01,-1.786903264666e-07,-2.301554578416e-07,5.146513137499e-08
4.500000000000e-01,x,-9.066666666667e-01,-2.044674969879e-07,-2.716946681053e-07,6.722717111746e-08
4.500000000000e-01,x,-8.933333333333e-01,-2.509765560834e-07,-3.332386927663e-07,8.226213668289e-08
4.500000000000e-01,x,-8.800000000000e-01,-3.621110775948e-07,-4.396508019809e-07,7.753972438612e-08
4.500000000000e-01,x,-8.666666666667e-01,-5.660108306459e-07,-6.385883935959e-07,7.257756295002e-08
4.500000000000e-01,x,-8.533333333333e-01,-9.191395782274e-07,-1.017406656055e-06,9.826707782715e-08
4.500000000000e-01,x,-8.400000000000e-01,-1.576842295824e-06,-1.730048763211e-06,1.532064673878e-07
4.500000000000e-01,x,-8.266666666667e-01,-2.838298416306e-06,-3.038122587570e-06,1.998241712636e-07
4.500000000000e-01,x,-8.133333333333e-01,-5.193057021788e-06,-5.371312555211e-06,1.782555334233e-07
4.500000000000e-01,x,-8.000000000000e-01,-9.351992427724e-06,-9.413164690863e-06,6.117226313906e-08
4.500000000000e-01,x,-7.866666666667e-01,-1.639496692196e-05,-1.621899981144e-05,-1.759671105115e-07
4.500000000000e-01,x,-7.733333333333e-01,-2.793364584179e-05,-2.737303930302e-05,-5.606065387655e-07
4.500000000000e-01,x,-7.600000000000e-01,-4.628752780476e-05,-4.519135749436e-05,-1.096170310397e-06
4.500000000000e-01,x,-7.466666666667e-01,-7.489591653926e-05,-7.297530642160e-05,-1.920610117659e-06
4.500000000000e-01,x,-7.333333333333e-01,-1.188700044709e-04,-1.153155976480e-04,-3.554406822896e-06
4.500000000000e-01,x,-7.200000000000e-01,-1.847205232719e-04,-1.784391122729e-04,-6.281410998968e-06
4.500000000000e-01,x,-7.066666666667e-01,-2.804948226063e-04,-2.705777280539e-04,-9.917094552345e-06
4.500000000000e-01,x,-6.933333333333e-01,-4.160447956687e-04,-4.023205753475e-04,-1.372422032121e-05
4.500000000000e-01,x,-6.800000000000e-01,-6.046386904303e-04,-5.868888131624e-04,-1.774987726796e-05
4.500000000000e-01,x,-6.666666666667e-01,-8.634083679976e-04,-8.402473868854e-04,-2.316098111223e-05
4.500000000000e-01,x,-6.533333333333e-01,-1.211036630143e-03,-1.180945113550e-03,-3.009151659254e-05
4.500000000000e-01,x,-6.400000000000e-01,-1.666984330238e-03,-1.629558284661e-03,-3.742604557752e-05
4.500000000000e-01,x,-6.266666666667e-01,-2.250686677480e-03,-2.207610453196e-03,-4.307622428383e-05
4.500000000000e-01,x,-6.133333333333e-01,-2.980793134358e-03,-2.935859304950e-03,-4.493382940728e-05
4.500000000000e-01,x,-6.000000000000e-01,-3.873420186298e-03,-3.831886881350e-03,-4.153330494788e-05
4.500000000000e-01,x,-5.866666666667e-01,-4.939614401880e-03,-4.907005933491e-03,-3.260846838927e-05
4.500000000000e-01,x,-5.733333333333e-01,-6.182572188140e-03,-6.162602596205e-03,-1.996959193480e-05
4.500000000000e-01,x,-5.600000000000e-01,-7.592546573571e-03,-7.586167515657e-03,-6.379057914365e-06
4.500000000000e-01,x,-5.466666666667e-01,-9.133215149217e-03,-9.147410281887e-03,1.419513266982e-05
4.500000000000e-01,x,-5.333333333333e-01,-1.074842489395e-02,-1.079498422647e-02,4.655933251999e-05
4.500000000000e-01,x,-5.200000000000e-01,-1.236645314332e-02,-1.245444313801e-02,8.798999469768e-05
4.500000000000e-01,x,-5.066666666667e-01,-1.389956877246e-02,-1.402807867574e-02,1.285099032730e-04
4.500000000000e-01,x,-4.933333333333e-01,-1.524071934548e-02,-1.539722073332e-02,1.565013878380e-04
4.500000000000e-01,x,-4.800000000000e-01,-1.625844636263e-02,-1.642740579229e-02,1.689594296553e-04
4.500000000000e-01,x,-4.666666666667e-01,-1.681093786679e-02,-1.697652942228e-02,1.655915554848e-04
4.500000000000e-01,x,-4.533333333333e-01,-1.675598492767e-02,-1.690571819168e-02,1.497332640090e-04
4.500000000000e-01,x,-4.400000000000e-01,-1.596101963171e-02,-1.609222508731e-02,1.312054555990e-04
4.500000000000e-01,x,-4.266666666667e-01,-1.433499939255e-02,-1.444323192887e-02,1.082325363200e-04
4.500000000000e-01,x,-4.133333333333e-01,-1.184903904169e-02,-1.190910430278e-02,6.006526108493e-05
4.500000000000e-01,x,-4.000000000000e-01,-8.511296449617e-03,-8.494460713948e-03,-1.683573566919e-05
4.500000000000e-01,x,-3.866666666667e-01,-4.370729776893e-03,-4.265444731509e-03,-1.052850453845e-04
4.500000000000e-01,x,-3.733333333333e-01,4.746013412411e-04,6.481445972471e-04,-1.735432560061e-04
4.500000000000e-01,x,-3.600000000000e-01,5.851943152789e-03,6.056712436143e-03,-2.047692833538e-04
4.500000000000e-01,x,-3.466666666667e-01,1.151944809049e-02,1.172089115055e-02,-2.014430600651e-04
4.500000000000e-01,x,-3.333333333333e-01,1.719336728859e-02,1.736713362443e-02,-1.737663358379e-04
4.500000000000e-01,x,-3.200000000000e-01,2.256298819825e-02,2.270753868064e-02,-1.445504823877e-04
4.500000000000e-01,x,-3.066666666667e-01,2.731817434152e-02,2.746196333751e-02,-1.437889959906e-04
4.500000000000e-01,x,-2.933333333333e-01,3.123370519771e-02,3.138010915535e-02,-1.464039576337e-04
4.500000000000e-01,x,-2.800000000000e-01,3.413679514727e-02,3.426120800825e-02,-1.244128609883e-04
4.500000000000e-01,x,-2.666666666667e-01,3.588577062277e-02,3.596919351317e-02,-8.342289039931e-05
4.500000000000e-01,x,-2.533333333333e-01,3.638746241142e-02,3.644179230714e-02,-5.432989571998e-05
4.500000000000e-01,x,-2.400000000000e-01,3.561962403402e-02,3.569272158218e-02,-7.309754815176e-05
4.500000000000e-01,x,-2.266666666667e-01,3.365203578762e-02,3.380702092791e-02,-1.549851402860e-04
4.500000000000e-01,x,-2.133333333333e-01,3.063772477473e-02,3.093035164899e-02,-2.926268742536e-04
4.500000000000e-01,x,-2.000000000000e-01,2.680386785070e-02,2.725375067219e-02,-4.498828214890e-04
4.500000000000e-01,x,-1.866666666667e-01,2.244371427606e-02,2.299574485429e-02,-5.520305782317e-04
4.500000000000e-01,x,-1.733333333333e-01,1.781071819212e-02,1.838387377795e-02,-5.731555858317e-04
4.500000000000e-01,x,-1.600000000000e-01,1.303526563515e-02,1.363754010897e-02,-6.022744738278e-04
4.500000000000e-01,x,-1.466666666667e-01,8.276794542848e-03,8.953752191678e-03,-6.769576488307e-04
4.500000000000e-01,x,-1.333333333333e-01,3.727999746376e-03,4.496818085165e-03,-7.688183387890e-04
4.500000000000e-01,x,-1.200000000000e-01,-4.070459361453e-04,3.924805434511e-04,-7.995264795964e-04
4.500000000000e-01,x,-1.066666666667e-01,-4.025044890855e-03,-3.273567660606e-03,-7.514772302487e-04
4.500000000000e-01,x,-9.333333333333e-02,-7.125347741351e-03,-6.453310646633e-03,-6.720370947177e-04
4.500000000000e-01,x,-8.000000000000e-02,-9.721147325838e-03,-9.131029184427e-03,-5.901181414110e-04
4.500000000000e-01,x,-6.666666666667e-02,-1.184222116875e-02,-1.131593752039e-02,-5.262836483591e-04
4.500000000000e-01,x,-5.333333333333e-02,-1.353617467116e-02,-1.303388461326e-02,-5.022900579076e-04
4.500000000000e-01,x,-4.000000000000e-02,-1.480402520046e-02,-1.431906476306e-02,-4.849604374065e-04
4.500000000000e-01,x,-2.666666666667e-02,-1.564407243413e-02,-1.520649567654e-02,-4.375767575953e-04
4.500000000000e-01,x,-1.333333333333e-02,-1.609074682298e-02,-1.572579979639e-02,-3.649470265898e-04
4.500000000000e-01,x,0.000000000000e+00,-1.621635330671e-02,-1.589661508863e-02,-3.197382180857e-04
4.500000000000e-01,x,1.333333333333e-02,-1.609074643558e-02,-1.572579979639e-02,-3.649466391976e-04
4.500000000000e-01,x,2.666666666667e-02,-1.564407171925e-02,-1.520649567654e-02,-4.375760427133e-04
4.500000000000e-01,x,4.000000000000e-02,-1.480402426389e-02,-1.431906476306e-02,-4.849595008371e-04
4.500000000000e-01,x,5.333333333333e-02,-1.353617363309e-02,-1.303388461326e-02,-5.022890198365e-04
4.500000000000e-01,x,6.666666666667e-02,-1.184222011166e-02,-1.131593752039e-02,-5.262825912703e-04
4.500000000000e-01,x,8.000000000000e-02,-9.721146297460e-03,-9.131029184427e-03,-5.901171130322e-04
4.500000000000e-01,x,9.333333333333e-02,-7.125346825433e-03,-6.453310646633e-03,-6.720361788004e-04
4.500000000000e-01,x,1.066666666667e-01,-4.025044154143e-03,-3.273567660606e-03,-7.514764935366e-04
4.500000000000e-01,x,1.200000000000e-01,-4.070453707196e-04,3.924805434511e-04,-7.995259141707e-04
4.500000000000e-01,x,1.333333333333e-01,3.728000265128e-03,4.496818085165e-03,-7.688178200369e-04
4.500000000000e-01,x,1.466666666667e-01,8.276795162300e-03,8.953752191678e-03,-6.769570293787e-04
4.500000000000e-01,x,1.600000000000e-01,1.303526641776e-02,1.363754010897e-02,-6.022736912169e-04
4.500000000000e-01,x,1.733333333333e-01,1.781071913937e-02,1.838387377795e-02,-5.731546385845e-04
4.500000000000e-01,x,1.866666666667e-01,2.244371535618e-02,2.299574485429e-02,-5.520294981078e-04
4.500000000000e-01,x,2.000000000000e-01,2.680386902366e-02,2.725375067219e-02,-4.498816485271e-04
4.500000000000e-01,x,2.133333333333e-01,3.063772599778e-02,3.093035164899e-02,-2.926256512031e-04
4.500000000000e-01,x,2.266666666667e-01,3.365203701843e-02,3.380702092791e-02,-1.549839094780e-04
4.500000000000e-01,x,2.400000000000e-01,3.561962522557e-02,3.569272158218e-02,-7.309635660784e-05
4.500000000000e-01,x,2.533333333333e-01,3.638746348441e-02,3.644179230714e-02,-5.432882273510e-05
4.500000000000e-01,x,2.666666666667e-01,3.588577145658e-02,3.596919351317e-02,-8.342205659299e-05
4.500000000000e-01,x,2.800000000000e-01,3.413679570035e-02,3.426120800825e-02,-1.244123079072e-04
4.500000000000e-01,x,2.933333333333e-01,3.123370550214e-02,3.138010915535e-02,-1.464036532026e-04
4.500000000000e-01,x,3.066666666667e-01,2.731817445452e-02,2.746196333751e-02,-1.437888829940e-04
4.500000000000e-01,x,3.200000000000e-01,2.256298816190e-02,2.270753868064e-02,-1.445505187390e-04
4.500000000000e-01,x,3.333333333333e-01,1.719336712203e-02,1.736713362443e-02,-1.737665023969e-04
4.500000000000e-01,x,3.466666666667e-01,1.151944782432e-02,1.172089115055e-02,-2.014433262363e-04
4.500000000000e-01,x,3.600000000000e-01,5.851942824085e-03,6.056712436143e-03,-2.047696120584e-04
4.500000000000e-01,x,3.733333333333e-01,4.746009974770e-04,6.481445972471e-04,-1.735435997701e-04
4.500000000000e-01,x,3.866666666667e-01,-4.370730058711e-03,-4.265444731509e-03,-1.052853272019e-04
4.500000000000e-01,x,4.000000000000e-01,-8.511296600735e-03,-8.494460713948e-03,-1.683588678674e-05
4.500000000000e-01,x,4.133333333333e-01,-1.184903905071e-02,-1.190910430278e-02,6.006525207028e-05
4.500000000000e-01,x,4.266666666667e-01,-1.433499927839e-02,-1.444323192887e-02,1.082326504831e-04
4.500000000000e-01,x,4.400000000000e-01,-1.596101941939e-02,-1.609222508731e-02,1.312056679194e-04
4.500000000000e-01,x,4.533333333333e-01,-1.675598463262e-02,-1.690571819168e-02,1.497335590596e-04
4.500000000000e-01,x,4.666666666667e-01,-1.681093750404e-02,-1.697652942228e-02,1.655919182403e-04
4.500000000000e-01,x,4.800000000000e-01,-1.625844595256e-02,-1.642740579229e-02,1.689598397246e-04
4.500000000000e-01,x,4.933333333333e-01,-1.524071891093e-02,-1.539722073332e-02,1.565018223907e-04
4.500000000000e-01,x,5.066666666667e-01,-1.389956834053e-02,-1.402807867574e-02,1.285103352091e-04
4.500000000000e-01,x,5.200000000000e-01,-1.236645274605e-02,-1.245444313801e-02,8.799039196513e-05
4.500000000000e-01,x,5.333333333333e-01,-1.074842455031e-02,-1.079498422647e-02,4.655967616581e-05
4.500000000000e-01,x,5.466666666667e-01,-9.133214864040e-03,-9.147410281887e-03,1.419541784610e-05
4.500000000000e-01,x,5.600000000000e-01,-7.592546344338e-03,-7.586167515657e-03,-6.378828681151e-06
4.500000000000e-01,x,5.733333333333e-01,-6.182572010240e-03,-6.162602596205e-03,-1.996941403514e-05
4.500000000000e-01,x,5.866666666667e-01,-4.939614270778e-03,-4.907005933491e-03,-3.260833728739e-05
4.500000000000e-01,x,6.000000000000e-01,-3.873420094734e-03,-3.831886881350e-03,-4.153321338389e-05
4.500000000000e-01,x,6.133333333333e-01,-2.980793073984e-03,-2.935859304950e-03,-4.493376903330e-05
4.500000000000e-01,x,6.266666666667e-01,-2.250686640521e-03,-2.207610453196e-03,-4.307618732499e-05
4.500000000000e-01,x,6.400000000000e-01,-1.666984309861e-03,-1.629558284661e-03,-3.742602520081e-05
4.500000000000e-01,x,6.533333333333e-01,-1.211036620871e-03,-1.180945113550e-03,-3.009150732034e-05
4.500000000000e-01,x,6.666666666667e-01,-8.634083661017e-04,-8.402473868854e-04,-2.316097921637e-05
4.500000000000e-01,x,6.800000000000e-01,-6.046386933384e-04,-5.868888131624e-04,-1.774988017606e-05
4.500000000000e-01,x,6.933333333333e-01,-4.160448014736e-04,-4.023205753475e-04,-1.372422612609e-05
4.500000000000e-01,x,7.066666666667e-01,-2.804948299415e-04,-2.705777280539e-04,-9.917101887588e-06
4.500000000000e-01,x,7.200000000000e-01,-1.847205310254e-04,-1.784391122729e-04,-6.281418752505e-06
4.500000000000e-01,x,7.333333333333e-01,-1.188700118056e-04,-1.153155976480e-04,-3.554414157607e-06
4.500000000000e-01,x,7.466666666667e-01,-7.489592284553e-05,-7.297530642160e-05,-1.920616423932e-06
4.500000000000e-01,x,7.600000000000e-01,-4.628753289382e-05,-4.519135749436e-05,-1.096175399459e-06
4.500000000000e-01,x,7.733333333333e-01,-2.793364968987e-05,-2.737303930302e-05,-5.606103868511e-07
4.500000000000e-01,x,7.866666666667e-01,-1.639496964460e-05,-1.621899981144e-05,-1.759698331590e-07
4.500000000000e-01,x,8.000000000000e-01,-9.351994258022e-06,-9.413164690863e-06,6.117043284107e-08
4.500000000000e-01,x,8.133333333333e-01,-5.193058243989e-06,-5.371312555211e-06,1.782543112219e-07
4.500000000000e-01,x,8.266666666667e-01,-2.838299252056e-06,-3.038122587570e-06,1.998233355137e-07
4.500000000000e-01,x,8.400000000000e-01,-1.576843031908e-06,-1.730048763211e-06,1.532057313032e-07
4.500000000000e-01,x,8.533333333333e-01,-9.191402905979e-07,-1.017406656055e-06,9.826636545668e-08
4.500000000000e-01,x,8.666666666667e-01,-5.660116317958e-07,-6.385883935959e-07,7.257676180007e-08
4.500000000000e-01,x,8.800000000000e-01,-3.621118583787e-07,-4.396508019809e-07,7.753894360222e-08
4.500000000000e-01,x,8.933333333333e-01,-2.509770375681e-07,-3.332386927663e-07,8.226165519813e-08
4.500000000000e-01,x,9.066666666667e-01,-2.044674292595e-07,-2.716946681053e-07,6.722723884579e-08
4.500000000000e-01,x,9.200000000000e-01,-1.786895604263e-07,-2.301554578416e-07,5.146589741527e-08
4.500000000000e-01,x,9.333333333333e-01,-1.522004438448e-07,-1.963672507622e-07,4.416680691745e-08
4.500000000000e-01,x,9.466666666667e-01,-1.226343777368e-07,-1.648068087175e-07,4.217243098067e-08
4.500000000000e-01,x,9.600000000000e-01,-9.981296335076e-08,-1.334236742113e-07,3.361071086050e-08
4.500000000000e-01,x,9.733333333333e-01,-8.567114376271e-08,-1.018956121633e-07,1.622446840055e-08
4.500000000000e-01,x,9.866666666667e-01,-7.402556704334e-08,-7.071310089793e-08,-3.312466145418e-09
4.500000000000e-01,x,1.000000000000e+00,-6.231509203489e-08,-4.069734157806e-08,-2.161775045682e-08
4.500000000000e-01,x,1.013333333333e+00,-5.127959782534e-08,-1.273860039483e-08,-3.854099743051e-08
4.500000000000e-01,x,1.026666666667e+00,-4.351218491920e-08,1.235178273469e-08,-5.586396765390e-08
4.500000000000e-01,x,1.040000000000e+00,-3.804331817096e-08,3.392531035948e-08,-7.196862853043e-08
4.500000000000e-01,x,1.053333333333e+00,-3.303017975951e-08,5.153827688850e-08,-8.456845664801e-08
4.500000000000e-01,x,1.066666666667e+00,-2.795599445305e-08,6.496256131486e-08,-9.291855576791e-08
4.500000000000e-01,x,1.080000000000e+00,-2.346629951323e-08,7.417266907225e-08,-9.763896858548e-08
4.500000000000e-01,x,1.093333333333e+00,-2.045923659377e-08,7.931617868014e-08,-9.977541527390e-08
4.500000000000e-01,x,1.106666666667e+00,-1.820258720419e-08,8.067515481629e-08,-9.887774202048e-08
4.500000000000e-01,x,1.120000000000e+00,-1.604643843069e-08,7.862599188942e-08,-9.467243032011e-08
4.500000000000e-01,x,1.133333333333e+00,-1.388041789053e-08,7.360416701934e-08,-8.748458490988e-08
4.500000000000e-01,x,1.146666666667e+00,-1.206398678711e-08,6.607855978533e-08,-7.814254657244e-08
4.500000000000e-01,x,1.160000000000e+00,-1.081751735459e-08,5.653762211822e-08,-6.735513947282e-08
4.500000000000e-01,x,1.173333333333e+00,-9.747789665943e-09,4.548713625259e-08,-5.523492591854e-08
4.500000000000e-01,x,1.186666666667e+00,-8.639167523513e-09,3.345696606683e-08,-4.209613359034e-08
4.500000000000e-01,x,1.200000000000e+00,-7.527411877887e-09,2.101242145188e-08,-2.853983332976e-08
4.500000000000e-01,x,1.213333333333e+00,-6.647068227608e-09,8.764852020744e-09,-1.541192024835e-08
4.500000000000e-01,x,1.226666666667e+00,-6.020920778445e-09,-2.624002474558e-09,-3.396918303887e-09
4.500000000000e-01,x,1.240000000000e+00,-5.452649967823e-09,-1.244854128783e-08,6.995891320007e-09
4.500000000000e-01,x,1.253333333333e+00,-4.863162957342e-09,-1.997968723529e-08,1.511652427795e-08
4.500000000000e-01,x,1.266666666667e+00,-4.296705735333e-09,-2.449982348117e-08,2.020311774583e-08
4.500000000000e-01,x,1.280000000000e+00,-3.873871299975e-09,-2.535038116840e-08,2.147650986843e-08
4.500000000000e-01,x,1.293333333333e+00,-3.551115239687e-09,-2.198762312159e-08,1.843650788190e-08
4.500000000000e-01,x,1.306666666667e+00,-3.235186540871e-09,-1.404005335285e-08,1.080486681198e-08
4.500000000000e-01,x,1.320000000000e+00,-2.902441362449e-09,-1.359580279565e-09,-1.542861082883e-09
4.500000000000e-01,x,1.333333333333e+00,-2.595056973057e-09,1.594163470405e-08,-1.853669167711e-08
4.500000000000e-01,x,1.346666666667e+00,-2.373158254643e-09,3.747564553745e-08,-3.984880379210e-08
4.500000000000e-01,x,1.360000000000e+00,-2.190793158116e-09,6.258921301417e-08,-6.478000617229e-08
4.500000000000e-01,x,1.373333333333e+00,-2.005278451866e-09,9.040173994547e-08,-9.240701839733e-08
4.500000000000e-01,x,1.386666666667e+00,-1.813266371118e-09,1.198682308039e-07,-1.216814971750e-07
4.500000000000e-01,x,1.400000000000e+00,-1.647983298836e-09,1.498610440287e-07,-1.515090273275e-07
4.500000000000e-01,x,1.413333333333e+00,-1.532607624917e-09,1.792610542410e-07,-1.807936618660e-07
4.500000000000e-01,x,1.426666666667e+00,-1.434971589370e-09,2.070469333310e-07,-2.084819049203e-07
4.500000000000e-01,x,1.440000000000e+00,-1.337574601889e-09,2.323710106050e-07,-2.337085852069e-07
4.500000000000e-01,x,1.453333333333e+00,-1.246630336432e-09,2.546117384552e-07,-2.558583687916e-07
4.500000000000e-01,x,1.466666666667e+00,-1.187807573562e-09,2.733960226830e-07,-2.745838302566e-07
4.500000000000e-01,x,1.480000000000e+00,-1.167864796011e-09,2.885891192359e-07,-2.897569840319e-07
4.500000000000e-01,x,1.493333333333e+00,-1.170570556602e-09,3.002547581136e-07,-3.014253286702e-07
4.500000000000e-01,x,1.506666666667e+00,-1.191531698028e-09,3.085928073530e-07,-3.097843390510e-07
4.500000000000e-01,x,1.520000000000e+00,-1.241598860976e-09,3.138653304085e-07,-3.151069292695e-07
4.500000000000e-01,x,1.533333333333e+00,-1.340760882974e-09,3.163236841697e-07,-3.176644450527e-07
4.500000000000e-01,x,1.546666666667e+00,-1.489235509510e-09,3.161490024556e-07,-3.176382379652e-07
4.500000000000e-01,x,1.560000000000e+00,-1.680135670458e-09,3.134160371129e-07,-3.150961727834e-07
4.500000000000e-01,x,1.573333333333e+00,-1.914429329009e-09,3.080862707876e-07,-3.100007001166e-07
4.500000000000e-01,x,1.586666666667e+00,-2.201160120145e-09,3.000311717886e-07,-3.022323319088e-07
4.500000000000e-01,x,1.600000000000e+00,-2.550372960804e-09,2.890813050855e-07,-2.916316780463e-07
4.500000000000e-01,x,1.613333333333e+00,-2.954747122991e-09,2.750926394921e-07,-2.780473866151e-07
4.500000000000e-01,x,1.626666666667e+00,-3.404984633752e-09,2.580185451078e-07,-2.614235297415e-07
4.500000000000e-01,x,1.640000000000e+00,-3.896046387073e-09,2.379751151757e-07,-2.418711615627e-07
4.500000000000e-01,x,1.653333333333e+00,-4.427062427627e-09,2.152886690030e-07,-2.197157314306e-07
4.500000000000e-01,x,1.666666666667e+00,-4.994259187260e-09,1.905173103398e-07,-1.955115695270e-07
4.500000000000e-01,x,1.680000000000e+00,-5.581937730656e-09,1.644426357399e-07,-1.700245734706e-07
4.500000000000e-01,x,1.693333333333e+00,-6.175751878894e-09,1.380323243026e-07,-1.442080761815e-07
4.500000000000e-01,x,1.706666666667e+00,-6.765445259467e-09,1.123785825142e-07,-1.191440277736e-07
4.500000000000e-01,x,1.720000000000e+00,-7.343865647789e-09,8.862057952687e-08,-9.596444517466e-08
4.500000000000e-01,x,1.733333333333e+00,-7.904304349035e-09,6.786065532906e-08,-7.576495967809e-08
4.500000000000e-01,x,1.746666666667e+00,-8.436661305777e-09,5.108409641854e-08,-5.952075772432e-08
4.500000000000e-01,x,1.760000000000e+00,-8.934636898851e-09,3.909084534873e-08,-4.802548224758e-08
4.500000000000e-01,x,1.773333333333e+00,-9.396596580047e-09,3.244506645329e-08,-4.184166303333e-08
4.500000000000e-01,x,1.786666666667e+00,-9.822655164708e-09,3.144559174244e-08,-4.126824690715e-08
4.500000000000e-01,x,1.800000000000e+00,-1.021024743740e-08,3.611746566098e-08,-4.632771309839e-08
4.500000000000e-01,x,1.813333333333e+00,-1.055633400311e-08,4.622253207799e-08,-5.677886608110e-08
4.500000000000e-01,x,1.826666666667e+00,-1.086092144302e-08,6.128550844483e-08,-7.214642988785e-08
4.500000000000e-01,x,1.840000000000e+00,-1.112936549037e-08,8.063130863105e-08,-9.176067412143e-08
4.500000000000e-01,x,1.853333333333e+00,-1.137148166284e-08,1.034293748892e-07,-1.148008565520e-07
4.500000000000e-01,x,1.866666666667e+00,-1.160250366307e-08,1.287412261178e-07,-1.403437297809e-07
4.500000000000e-01,x,1.880000000000e+00,-1.184068659321e-08,1.555680696930e-07,-1.674087562862e-07
4.500000000000e-01,x,1.893333333333e+00,-1.210242153688e-08,1.828959652639e-07,-1.949983868008e-07
4.500000000000e-01,x,1.906666666667e+00,-1.240004952420e-08,2.097365743616e-07,-2.221366238858e-07
4.500000000000e-01,x,1.920000000000e+00,-1.272241094762e-08,2.351619912150e-07,-2.478844021626e-07
4.500000000000e-01,x,1.933333333333e+00,-1.301257548265e-08,2.583326067875e-07,-2.713451822701e-07
4.500000000000e-01,x,1.946666666667e+00,-1.321763111953e-08,2.785175054636e-07,-2.917351365831e-07
4.500000000000e-01,x,1.960000000000e+00,-1.331539801496e-08,2.951075825289e-07,-3.084229805439e-07
4.500000000000e-01,x,1.973333333333e+00,-1.333259303388e-08,3.076223685434e-07,-3.209549615773e-07
4.500000000000e-01,x,1.986666666667e+00,-1.344228312644e-08,3.157123258635e-07,-3.291546089899e-07
4.500000000000e-01,x,2.000000000000e+00,-1.397707339522e-08,3.191589524705e-07,-3.331360258657e-07
4.500000000000e-01,y,-2.000000000000e+00,8.645715619246e-09,-1.874194462683e-06,1.882840178302e-06
4.500000000000e-01,y,-1.986666666667e+00,8.677443736811e-09,-2.002008877603e-06,2.010686321339e-06
4.500000000000e-01,y,-1.973333333333e+00,8.607565558950e-09,-2.045761652052e-06,2.054369217611e-06
4.500000000000e-01,y,-1.960000000000e+00,8.528474948190e-09,-2.003817272825e-06,2.012345747773e-06
4.500000000000e-01,y,-1.946666666667e+00,8.473400510594e-09,-1.881722065330e-06,1.890195465840e-06
4.500000000000e-01,y,-1.933333333333e+00,8.426883646485e-09,-1.691438795154e-06,1.699865678800e-06
4.500000000000e-01,y,-1.920000000000e+00,8.356671277833e-09,-1.449766367015e-06,1.458123038293e-06
4.500000000000e-01,y,-1.906666666667e+00,8.224071462410e-09,-1.176215717243e-06,1.184439788706e-06
4.500000000000e-01,y,-1.893333333333e+00,7.993622996038e-09,-8.907037118654e-07,8.986973348614e-07
4.500000000000e-01,y,-1.880000000000e+00,7.655587730713e-09,-6.114402259078e-07,6.190958136385e-07
4.500000000000e-01,y,-1.866666666667e+00,7.215342589734e-09,-3.533182225937e-07,3.605335651835e-07
4.500000000000e-01,y,-1.853333333333e+00,6.684587390540e-09,-1.269912852451e-07,1.336758726357e-07
4.500000000000e-01,y,-1.840000000000e+00,6.079545951967e-09,6.132896431585e-08,-5.524941836389e-08
4.500000000000e-01,y,-1.826666666667e+00,5.420643079636e-09,2.094635155452e-07,-2.040428724656e-07
4.500000000000e-01,y,-1.813333333333e+00,4.730557429156e-09,3.184491302343e-07,-3.137185728051e-07
4.500000000000e-01,y,-1.800000000000e+00,4.032725486354e-09,3.915534711223e-07,-3.875207456359e-07
4.500000000000e-01,y,-1.786666666667e+00,3.350405342754e-09,4.333360582000e-07,-4.299856528572e-07
4.500000000000e-01,y,-1.773333333333e+00,2.704825268257e-09,4.488998794817e-07,-4.461950542134e-07
4.500000000000e-01,y,-1.760000000000e+00,2.112130295006e-09,4.433925339848e-07,-4.412804036898e-07
4.500000000000e-01,y,-1.746666666667e+00,1.584332285426e-09,4.217396521491e-07,-4.201553198636e-07
4.500000000000e-01,y,-1.733333333333e+00,1.128933258163e-09,3.885458418526e-07,-3.874169085944e-07
4.500000000000e-01,y,-1.720000000000e+00,7.493429741890e-10,3.480858974940e-07,-3.473365545198e-07
4.500000000000e-01,y,-1.706666666667e+00,4.457541542348e-10,3.043254892984e-07,-3.038797351441e-07
4.500000000000e-01,y,-1.693333333333e+00,2.130974452685e-10,2.609417869313e-07,-2.607286894860e-07
4.500000000000e-01,y,-1.680000000000e+00,4.240563143119e-11,2.213441709481e-07,-2.213017653166e-07
4.500000000000e-01,y,-1.666666666667e+00,-7.778724512601e-11,1.887108290757e-07,-1.887886163209e-07
4.500000000000e-01,y,-1.653333333333e+00,-1.600996339826e-10,1.660535214329e-07,-1.662136210669e-07
4.500000000000e-01,y,-1.640000000000e+00,-2.171762077740e-10,1.563030925915e-07,-1.565202687993e-07
4.500000000000e-01,y,-1.626666666667e+00,-2.569282814410e-10,1.623814327340e-07,-1.626383610155e-07
4.500000000000e-01,y,-1.613333333333e+00,-2.838672807217e-10,1.872031320167e-07,-1.874869992974e-07
4.500000000000e-01,y,-1.600000000000e+00,-3.025668748590e-10,2.335424714238e-07,-2.338450382987e-07
4.500000000000e-01,y,-1.586666666667e+00,-3.178044361441e-10,3.037150573151e-07,-3.040328617513e-07
4.500000000000e-01,y,-1.573333333333e+00,-3.339857221283e-10,3.990591010560e-07,-3.993930867781e-07
4.500000000000e-01,y,-1.560000000000e+00,-3.507261363770e-10,5.192539115069e-07,-5.196046376433e-07
4.500000000000e-01,y,-1.546666666667e+00,-3.682169308524e-10,6.615723564984e-07,-6.619405734292e-07
4.500000000000e-01,y,-1.533333333333e+00,-3.875197526356e-10,8.202162488530e-07,-8.206037686056e-07
4.500000000000e-01,y,-1.520000000000e+00,-4.110070039143e-10,9.859143296822e-07,-9.863253366861e-07
4.500000000000e-01,y,-1.506666666667e+00,-4.391188372688e-10,1.145959390396e-06,-1.146398509233e-06
4.500000000000e-01,y,-1.493333333333e+00,-4.695776690870e-10,1.284817037519e-06,-1.285286615188e-06
4.500000000000e-01,y,-1.480000000000e+00,-5.013368129767e-10,1.385354642711e-06,-1.385855979524e-06
4.500000000000e-01,y,-1.466666666667e+00,-5.351637253489e-10,1.430625633200e-06,-1.431160796925e-06
4.500000000000e-01,y,-1.453333333333e+00,-5.744208736261e-10,1.406020964980e-06,-1.406595385854e-06
4.500000000000e-01,y,-1.440000000000e+00,-6.186722272564e-10,1.301491971943e-06,-1.302110644170e-06
4.500000000000e-01,y,-1.426666666667e+00,-6.646332836871e-10,1.113483377638e-06,-1.114148010922e-06
4.500000000000e-01,y,-1.413333333333e+00,-7.125118894619e-10,8.462132863296e-07,-8.469257982191e-07
4.500000000000e-01,y,-1.400000000000e+00,-7.657810937945e-10,5.120080908356e-07,-5.127738719294e-07
4.500000000000e-01,y,-1.386666666667e+00,-8.291283919770e-10,1.305383918040e-07,-1.313675201959e-07
4.500000000000e-01,y,-1.373333333333e+00,-8.994142122905e-10,-2.730152357883e-07,2.721158215760e-07
4.500000000000e-01,y,-1.360000000000e+00,-9.716047216840e-10,-6.706457367665e-07,6.696741320448e-07
4.500000000000e-01,y,-1.346666666667e+00,-1.045952284043e-09,-1.034670698436e-06,1.033624746152e-06
4.500000000000e-01,y,-1.333333333333e+00,-1.127751413217e-09,-1.340876309745e-06,1.339748558331e-06
4.500000000000e-01,y,-1.320000000000e+00,-1.223698481505e-09,-1.571176185441e-06,1.569952486960e-06
4.500000000000e-01,y,-1.306666666667e+00,-1.327622819571e-09,-1.715395977757e-06,1.714068354938e-06
4.500000000000e-01,y,-1.293333333333e+00,-1.435635751684e-09,-1.771956149636e-06,1.770520513884e-06
4.500000000000e-01,y,-1.280000000000e+00,-1.552713183707e-09,-1.747422776867e-06,1.745870063683e-06
4.500000000000e-01,y,-1.266666666667e+00,-1.691681054952e-09,-1.655085676195e-06,1.653393995140e-06
4.500000000000e-01,y,-1.253333333333e+00,-1.858534542106e-09,-1.512864404847e-06,1.511005870305e-06
4.500000000000e-01,y,-1.240000000000e+00,-2.037893102192e-09,-1.340909956264e-06,1.338872063162e-06
4.500000000000e-01,y,-1.226666666667e+00,-2.222862491896e-09,-1.159257856629e-06,1.157034994137e-06
4.500000000000e-01,y,-1.213333333333e+00,-2.420503061460e-09,-9.858118128373e-07,9.833913097758e-07
4.500000000000e-01,y,-1.200000000000e+00,-2.652122012331e-09,-8.348256272126e-07,8.321735052003e-07
4.500000000000e-01,y,-1.186666666667e+00,-2.917904575353e-09,-7.159392385659e-07,7.130213339905e-07
4.500000000000e-01,y,-1.173333333333e+00,-3.196690185149e-09,-6.337412974044e-07,6.305446072192e-07
4.500000000000e-01,y,-1.160000000000e+00,-3.488111136286e-09,-5.877905977070e-07,5.843024865707e-07
4.500000000000e-01,y,-1.146666666667e+00,-3.817482531100e-09,-5.730295559525e-07,5.692120734214e-07
4.500000000000e-01,y,-1.133333333333e+00,-4.227121560467e-09,-5.805471347180e-07,5.763200131576e-07
4.500000000000e-01,y,-1.120000000000e+00,-4.703071567701e-09,-5.986705584487e-07,5.939674868810e-07
4.500000000000e-01,y,-1.106666666667e+00,-5.216621159080e-09,-6.143613605246e-07,6.091447393655e-07
4.500000000000e-01,y,-1.093333333333e+00,-5.778048175141e-09,-6.148500786604e-07,6.090720304852e-07
4.500000000000e-01,y,-1.080000000000e+00,-6.440849700791e-09,-5.893714981664e-07,5.829306484657e-07
4.500000000000e-01,y,-1.066666666667e+00,-7.261845183941e-09,-5.307825734076e-07,5.235207282237e-07
4.500000000000e-01,y,-1.053333333333e+00,-8.155841364916e-09,-4.367922921337e-07,4.286364507688e-07
4.500000000000e-01,y,-1.040000000000e+00,-9.049762028392e-09,-3.105390695051e-07,3.014893074767e-07
4.500000000000e-01,y,-1.026666666667e+00,-9.958344269267e-09,-1.603336349035e-07,1.503752906343e-07
4.500000000000e-01,y,-1.013333333333e+00,-1.099627548915e-08,1.464107780103e-09,-1.246038326925e-08
4.500000000000e-01,y,-1.000000000000e+00,-1.227907059721e-08,1.602807626470e-07,-1.725598332442e-07
4.500000000000e-01,y,-9.866666666667e-01,-1.379483171113e-08,3.015552502839e-07,-3.153500819950e-07
4.500000000000e-01,y,-9.733333333333e-01,-1.563207091279e-08,4.129306879933e-07,-4.285627589061e-07
4.500000000000e-01,y,-9.600000000000e-01,-1.801857747370e-08,4.859879716864e-07,-5.040065491601e-07
4.500000000000e-01,y,-9.466666666667e-01,-2.129630895541e-08,5.172018677099e-07,-5.384981766653e-07
4.500000000000e-01,y,-9.333333333333e-01,-2.534503739046e-08,5.079830833405e-07,-5.333281207310e-07
4.500000000000e-01,y,-9.200000000000e-01,-2.951844065044e-08,4.638788323209e-07,-4.933972729714e-07
4.500000000000e-01,y,-9.066666666667e-01,-3.343372850204e-08,3.931826921812e-07,-4.266164206833e-07
4.500000000000e-01,y,-8.933333333333e-01,-3.712487475025e-08,3.053072563282e-07,-3.424321310784e-07
4.500000000000e-01,y,-8.800000000000e-01,-4.105358908345e-08,2.092806974211e-07,-2.503342865045e-07
4.500000000000e-01,y,-8.666666666667e-01,-4.537698499065e-08,1.126499276699e-07,-1.580269126605e-07
4.500000000000e-01,y,-8.533333333333e-01,-5.037016246594e-08,2.093969615379e-08,-7.130985861974e-08
4.500000000000e-01,y,-8.400000000000e-01,-5.708634532376e-08,-6.233068180749e-08,5.244336483736e-09
4.500000000000e-01,y,-8.266666666667e-01,-6.741901641046e-08,-1.351963782021e-07,6.777736179168e-08
4.500000000000e-01,y,-8.133333333333e-01,-8.322611159226e-08,-1.965640237116e-07,1.133379121194e-07
4.500000000000e-01,y,-8.000000000000e-01,-1.024488346251e-07,-2.455230689560e-07,1.430742343308e-07
4.500000000000e-01,y,-7.866666666667e-01,-1.235793198427e-07,-2.808530927179e-07,1.572737728753e-07
4.500000000000e-01,y,-7.733333333333e-01,-1.486301815023e-07,-3.008670768811e-07,1.522368953788e-07
4.500000000000e-01,y,-7.600000000000e-01,-1.841829302581e-07,-3.036473178730e-07,1.194643876148e-07
4.500000000000e-01,y,-7.466666666667e-01,-2.435104932183e-07,-2.876396485095e-07,4.412915529120e-08
4.500000000000e-01,y,-7.333333333333e-01,-3.484401267659e-07,-2.524866873832e-07,-9.595343938268e-08
4.500000000000e-01,y,-7.200000000000e-01,-5.222629204987e-07,-1.999173289683e-07,-3.223455915303e-07
4.500000000000e-01,y,-7.066666666667e-01,-7.838822248263e-07,-1.344875749470e-07,-6.493946498793e-07
4.500000000000e-01,y,-6.933333333333e-01,-1.140861772236e-06,-6.401415650949e-08,-1.076847615727e-06
4.500000000000e-01,y,-6.800000000000e-01,-1.535542782307e-06,3.054745180571e-10,-1.535848256825e-06
4.500000000000e-01,y,-6.666666666667e-01,-1.828777410094e-06,4.378184423741e-08,-1.872559254332e-06
4.500000000000e-01,y,-6.533333333333e-01,-1.874577273425e-06,4.727426168519e-08,-1.921851535110e-06
4.500000000000e-01,y,-6.400000000000e-01,-1.539594627180e-06,-1.639140128079e-08,-1.523203225899e-06
4.500000000000e-01,y,-6.266666666667e-01,-7.097084318233e-07,-1.918810594561e-07,-5.178273723672e-07
4.500000000000e-01,y,-6.133333333333e-01,9.141069632028e-07,-5.622449541168e-07,1.476351917320e-06
4.500000000000e-01,y,-6.000000000000e-01,3.625295124534e-06,-1.290249010287e-06,4.915544134821e-06
4.500000000000e-01,y,-5.866666666667e-01,7.333440422860e-06,-2.693995518229e-06,1.002743594109e-05
4.500000000000e-01,y,-5.733333333333e-01,1.133382134702e-05,-5.376903551927e-06,1.671072489895e-05
4.500000000000e-01,y,-5.600000000000e-01,1.397109420144e-05,-1.043902012648e-05,2.441011432793e-05
4.500000000000e-01,y,-5.466666666667e-01,1.196835928476e-05,-1.980231327224e-05,3.177067255700e-05
4.500000000000e-01,y,-5.333333333333e-01,3.545234116202e-07,-3.668335059797e-05,3.703787400959e-05
4.500000000000e-01,y,-5.200000000000e-01,-2.778216622588e-05,-6.623666822498e-05,3.845450199910e-05
4.500000000000e-01,y,-5.066666666667e-01,-8.172724089459e-05,-1.163632665145e-04,3.463602561988e-05
4.500000000000e-01,y,-4.933333333333e-01,-1.753138647503e-04,-1.986225689389e-04,2.330870418862e-05
4.500000000000e-01,y,-4.800000000000e-01,-3.305263017180e-04,-3.290971069889e-04,-1.429194729100e-06
4.500000000000e-01,y,-4.666666666667e-01,-5.716848849416e-04,-5.289393775278e-04,-4.274550741387e-05
4.500000000000e-01,y,-4.533333333333e-01,-9.226981568433e-04,-8.241964492669e-04,-9.850170757641e-05
4.500000000000e-01,y,-4.400000000000e-01,-1.405026372844e-03,-1.244396684386e-03,-1.606296884582e-04
4.500000000000e-01,y,-4.266666666667e-01,-2.034811636368e-03,-1.819352151179e-03,-2.154594851889e-04
4.500000000000e-01,y,-4.133333333333e-01,-2.819771796739e-03,-2.573750961126e-03,-2.460208356129e-04
4.500000000000e-01,y,-4.000000000000e-01,-3.756474258175e-03,-3.519450478793e-03,-2.370237793815e-04
4.500000000000e-01,y,-3.866666666667e-01,-4.826341551037e-03,-4.645962420013e-03,-1.803791310239e-04
4.500000000000e-01,y,-3.733333333333e-01,-5.990190326861e-03,-5.910398940804e-03,-7.979138605668e-05
4.500000000000e-01,y,-3.600000000000e-01,-7.161233066511e-03,-7.228980701543e-03,6.774763503174e-05
4.500000000000e-01,y,-3.466666666667e-01,-8.211311931854e-03,-8.472850584759e-03,2.615386529047e-04
4.500000000000e-01,y,-3.333333333333e-01,-8.997757971860e-03,-9.471089768135e-03,4.733317962751e-04
4.500000000000e-01,y,-3.200000000000e-01,-9.371867395691e-03,-1.002322385649e-02,6.513564607954e-04
4.500000000000e-01,y,-3.066666666667e-01,-9.188568393998e-03,-9.922005812279e-03,7.334374182811e-04
4.500000000000e-01,y,-2.933333333333e-01,-8.320180888940e-03,-8.984988760920e-03,6.648078719800e-04
4.500000000000e-01,y,-2.800000000000e-01,-6.667074199688e-03,-7.090775106826e-03,4.237009071386e-04
4.500000000000e-01,y,-2.666666666667e-01,-4.171423094867e-03,-4.213522500749e-03,4.209940588187e-05
4.500000000000e-01,y,-2.533333333333e-01,-8.337958089150e-04,-4.480714007184e-04,-3.857244081966e-04
4.500000000000e-01,y,-2.400000000000e-01,3.238354022308e-03,3.981442341436e-03,-7.430883191286e-04
4.500000000000e-01,y,-2.266666666667e-01,7.741085168576e-03,8.734183247275e-03,-9.930980786997e-04
4.500000000000e-01,y,-2.133333333333e-01,1.228479597385e-02,1.338705265710e-02,-1.102256683256e-03
4.500000000000e-01,y,-2.000000000000e-01,1.644731058771e-02,1.748679627175e-02,-1.039485684042e-03
4.500000000000e-01,y,-1.866666666667e-01,1.980590979709e-02,2.061129492362e-02,-8.053851265293e-04
4.500000000000e-01,y,-1.733333333333e-01,2.201682719379e-02,2.242893513443e-02,-4.121079406392e-04
4.500000000000e-01,y,-1.600000000000e-01,2.287758248981e-02,2.274486695434e-02,1.327155354618e-04
4.500000000000e-01,y,-1.466666666667e-01,2.226599062244e-02,2.152553506165e-02,7.404555607905e-04
4.500000000000e-01,y,-1.333333333333e-01,2.014700252870e-02,1.889749916776e-02,1.249503360934e-03
4.500000000000e-01,y,-1.200000000000e-01,1.659108081654e-02,1.512204249614e-02,1.469038320401e-03
4.500000000000e-01,y,-1.066666666667e-01,1.187552656664e-02,1.055198526340e-02,1.323541303239e-03
4.500000000000e-01,y,-9.333333333333e-02,6.463665207160e-03,5.580264918141e-03,8.834002890184e-04
4.500000000000e-01,y,-8.000000000000e-02,8.774819809211e-04,5.905570160396e-04,2.869249648814e-04
4.500000000000e-01,y,-6.666666666667e-02,-4.353331179344e-03,-4.081473960828e-03,-2.718572185153e-04
4.500000000000e-01,y,-5.333333333333e-02,-8.761213142531e-03,-8.171134306138e-03,-5.900788363924e-04
4.500000000000e-01,y,-4.000000000000e-02,-1.214373758400e-02,-1.149087319224e-02,-6.528643917561e-04
4.500000000000e-01,y,-2.666666666667e-02,-1.447550218716e-02,-1.392250676555e-02,-5.529954216078e-04
4.500000000000e-01,y,-1.333333333333e-02,-1.580138620688e-02,-1.540102470158e-02,-4.003615052971e-04
4.500000000000e-01,y,0.000000000000e+00,-1.621635330671e-02,-1.589661508863e-02,-3.197382180857e-04
4.500000000000e-01,y,1.333333333333e-02,-1.580138534202e-02,-1.540102470158e-02,-4.003606404354e-04
4.500000000000e-01,y,2.666666666667e-02,-1.447550049701e-02,-1.392250676555e-02,-5.529937314555e-04
4.500000000000e-01,y,4.000000000000e-02,-1.214373514957e-02,-1.149087319224e-02,-6.528619573261e-04
4.500000000000e-01,y,5.333333333333e-02,-8.761210090083e-03,-8.171134306138e-03,-5.900757839446e-04
4.500000000000e-01,y,6.666666666667e-02,-4.353327685986e-03,-4.081473960828e-03,-2.718537251571e-04
4.500000000000e-01,y,8.000000000000e-02,8.774857014365e-04,5.905570160396e-04,2.869286853969e-04
4.500000000000e-01,y,9.333333333333e-02,6.463668939583e-03,5.580264918141e-03,8.834040214410e-04
4.500000000000e-01,y,1.066666666667e-01,1.187553009166e-02,1.055198526340e-02,1.323544828257e-03
4.500000000000e-01,y,1.200000000000e-01,1.659108390365e-02,1.512204249614e-02,1.469041407511e-03
4.500000000000e-01,y,1.333333333333e-01,2.014700493223e-02,1.889749916776e-02,1.249505764467e-03
4.500000000000e-01,y,1.466666666667e-01,2.226599214705e-02,2.152553506165e-02,7.404570854016e-04
4.500000000000e-01,y,1.600000000000e-01,2.287758306068e-02,2.274486695434e-02,1.327161063317e-04
4.500000000000e-01,y,1.733333333333e-01,2.201682685387e-02,2.242893513443e-02,-4.121082805566e-04
4.500000000000e-01,y,1.866666666667e-01,1.980590870054e-02,2.061129492362e-02,-8.053862230742e-04
4.500000000000e-01,y,2.000000000000e-01,1.644730898388e-02,1.748679627175e-02,-1.039487287875e-03
4.500000000000e-01,y,2.133333333333e-01,1.228479410879e-02,1.338705265710e-02,-1.102258548306e-03
4.500000000000e-01,y,2.266666666667e-01,7.741083230749e-03,8.734183247275e-03,-9.931000165260e-04
4.500000000000e-01,y,2.400000000000e-01,3.238352147124e-03,3.981442341436e-03,-7.430901943123e-04
4.500000000000e-01,y,2.533333333333e-01,-8.337975251028e-04,-4.480714007184e-04,-3.857261243843e-04
4.500000000000e-01,y,2.666666666667e-01,-4.171424581720e-03,-4.213522500749e-03,4.209791902842e-05
4.500000000000e-01,y,2.800000000000e-01,-6.667075428711e-03,-7.090775106826e-03,4.236996781153e-04
4.500000000000e-01,y,2.933333333333e-01,-8.320181862223e-03,-8.984988760920e-03,6.648068986966e-04
4.500000000000e-01,y,3.066666666667e-01,-9.188569128372e-03,-9.922005812279e-03,7.334366839067e-04
4.500000000000e-01,y,3.200000000000e-01,-9.371867915435e-03,-1.002322385649e-02,6.513559410518e-04
4.500000000000e-01,y,3.333333333333e-01,-8.997758305445e-03,-9.471089768135e-03,4.733314626897e-04
4.500000000000e-01,y,3.466666666667e-01,-8.211312108768e-03,-8.472850584759e-03,2.615384759911e-04
4.500000000000e-01,y,3.600000000000e-01,-7.161233119541e-03,-7.228980701543e-03,6.774758200135e-05
4.500000000000e-01,y,3.733333333333e-01,-5.990190293498e-03,-5.910398940804e-03,-7.979135269385e-05
4.500000000000e-01,y,3.866666666667e-01,-4.826341472550e-03,-4.645962420013e-03,-1.803790525367e-04
4.500000000000e-01,y,4.000000000000e-01,-3.756474172797e-03,-3.519450478793e-03,-2.370236940038e-04
4.500000000000e-01,y,4.133333333333e-01,-2.819771731732e-03,-2.573750961126e-03,-2.460207706055e-04
4.500000000000e-01,y,4.266666666667e-01,-2.034811605967e-03,-1.819352151179e-03,-2.154594547880e-04
4.500000000000e-01,y,4.400000000000e-01,-1.405026378042e-03,-1.244396684386e-03,-1.606296936562e-04
4.500000000000e-01,y,4.533333333333e-01,-9.226981872806e-04,-8.241964492669e-04,-9.850173801376e-05
4.500000000000e-01,y,4.666666666667e-01,-5.716849265077e-04,-5.289393775278e-04,-4.274554897995e-05
4.500000000000e-01,y,4.800000000000e-01,-3.305263424218e-04,-3.290971069889e-04,-1.429235432853e-06
4.500000000000e-01,y,4.933333333333e-01,-1.753138966133e-04,-1.986225689389e-04,2.330867232563e-05
4.500000000000e-01,y,5.066666666667e-01,-8.172726071975e-05,-1.163632665145e-04,3.463600579471e-05
4.500000000000e-01,y,5.200000000000e-01,-2.778217516606e-05,-6.623666822498e-05,3.845449305892e-05
4.500000000000e-01,y,5.333333333333e-01,3.545225844642e-07,-3.668335059797e-05,3.703787318243e-05
4.500000000000e-01,y,5.466666666667e-01,1.196836363680e-05,-1.980231327224e-05,3.177067690903e-05
4.500000000000e-01,y,5.600000000000e-01,1.397110112967e-05,-1.043902012648e-05,2.441012125616e-05
4.500000000000e-01,y,5.733333333333e-01,1.133382882462e-05,-5.376903551927e-06,1.671073237655e-05
4.500000000000e-01,y,5.866666666667e-01,7.333447050853e-06,-2.693995518229e-06,1.002744256908e-05
4.500000000000e-01,y,6.000000000000e-01,3.625300205582e-06,-1.290249010287e-06,4.915549215869e-06
4.500000000000e-01,y,6.133333333333e-01,9.141103734513e-07,-5.622449541168e-07,1.476355327568e-06
4.500000000000e-01,y,6.266666666667e-01,-7.097064687296e-07,-1.918810594561e-07,-5.178254092735e-07
4.500000000000e-01,y,6.400000000000e-01,-1.539593542404e-06,-1.639140128079e-08,-1.523202141123e-06
4.500000000000e-01,y,6.533333333333e-01,-1.874576419120e-06,4.727426168519e-08,-1.921850680805e-06
4.500000000000e-01,y,6.666666666667e-01,-1.828776428026e-06,4.378184423741e-08,-1.872558272263e-06
4.500000000000e-01,y,6.800000000000e-01,-1.535541526306e-06,3.054745180571e-10,-1.535847000824e-06
4.500000000000e-01,y,6.933333333333e-01,-1.140860329536e-06,-6.401415650949e-08,-1.076846173026e-06
4.500000000000e-01,y,7.066666666667e-01,-7.838808725370e-07,-1.344875749470e-07,-6.493932975900e-07
4.500000000000e-01,y,7.200000000000e-01,-5.222619150727e-07,-1.999173289683e-07,-3.223445861044e-07
4.500000000000e-01,y,7.333333333333e-01,-3.484396249200e-07,-2.524866873832e-07,-9.595293753681e-08
4.500000000000e-01,y,7.466666666667e-01,-2.435104649557e-07,-2.876396485095e-07,4.412918355386e-08
4.500000000000e-01,y,7.600000000000e-01,-1.841832031724e-07,-3.036473178730e-07,1.194641147005e-07
4.500000000000e-01,y,7.733333333333e-01,-1.486305929750e-07,-3.008670768811e-07,1.522364839061e-07
4.500000000000e-01,y,7.866666666667e-01,-1.235796433533e-07,-2.808530927179e-07,1.572734493647e-07
4.500000000000e-01,y,8.000000000000e-01,-1.024489947729e-07,-2.455230689560e-07,1.430740741831e-07
4.500000000000e-01,y,8.133333333333e-01,-8.322612700683e-08,-1.965640237116e-07,1.133378967048e-07
4.500000000000e-01,y,8.266666666667e-01,-6.741886471129e-08,-1.351963782021e-07,6.777751349086e-08
4.500000000000e-01,y,8.400000000000e-01,-5.708614883213e-08,-6.233068180749e-08,5.244532975360e-09
4.500000000000e-01,y,8.533333333333e-01,-5.036992377882e-08,2.093969615379e-08,-7.130961993261e-08
4.500000000000e-01,y,8.666666666667e-01,-4.537666644925e-08,1.126499276699e-07,-1.580265941191e-07
4.500000000000e-01,y,8.800000000000e-01,-4.105315918213e-08,2.092806974211e-07,-2.503338566032e-07
4.500000000000e-01,y,8.933333333333e-01,-3.712424191837e-08,3.053072563282e-07,-3.424314982466e-07
4.500000000000e-01,y,9.066666666667e-01,-3.343286084361e-08,3.931826921812e-07,-4.266155530248e-07
4.500000000000e-01,y,9.200000000000e-01,-2.951732814286e-08,4.638788323209e-07,-4.933961604638e-07
4.500000000000e-01,y,9.333333333333e-01,-2.534373226454e-08,5.079830833405e-07,-5.333268156051e-07
4.500000000000e-01,y,9.466666666667e-01,-2.129491521989e-08,5.172018677099e-07,-5.384967829298e-07
4.500000000000e-01,y,9.600000000000e-01,-1.801725215646e-08,4.859879716864e-07,-5.040052238429e-07
4.500000000000e-01,y,9.733333333333e-01,-1.563100957604e-08,4.129306879933e-07,-4.285616975694e-07
4.500000000000e-01,y,9.866666666667e-01,-1.379413787800e-08,3.015552502839e-07,-3.153493881619e-07
4.500000000000e-01,y,1.000000000000e+00,-1.227879937364e-08,1.602807626470e-07,-1.725595620206e-07
4.500000000000e-01,y,1.013333333333e+00,-1.099642971836e-08,1.464107780103e-09,-1.246053749846e-08
4.500000000000e-01,y,1.026666666667e+00,-9.958875034498e-09,-1.603336349035e-07,1.503747598690e-07
4.500000000000e-01,y,1.040000000000e+00,-9.050584681213e-09,-3.105390695051e-07,3.014884848239e-07
4.500000000000e-01,y,1.053333333333e+00,-8.156768246859e-09,-4.367922921337e-07,4.286355238869e-07
4.500000000000e-01,y,1.066666666667e+00,-7.262831602144e-09,-5.307825734076e-07,5.235197418055e-07
4.500000000000e-01,y,1.080000000000e+00,-6.441687380926e-09,-5.893714981664e-07,5.829298107855e-07
4.500000000000e-01,y,1.093333333333e+00,-5.778577528922e-09,-6.148500786604e-07,6.090715011315e-07
4.500000000000e-01,y,1.106666666667e+00,-5.216848294537e-09,-6.143613605246e-07,6.091445122301e-07
4.500000000000e-01,y,1.120000000000e+00,-4.703011447460e-09,-5.986705584487e-07,5.939675470012e-07
4.500000000000e-01,y,1.133333333333e+00,-4.226889693965e-09,-5.805471347180e-07,5.763202450241e-07
4.500000000000e-01,y,1.146666666667e+00,-3.817297078353e-09,-5.730295559525e-07,5.692122588742e-07
4.500000000000e-01,y,1.160000000000e+00,-3.488192850682e-09,-5.877905977070e-07,5.843024048563e-07
4.500000000000e-01,y,1.173333333333e+00,-3.197136024775e-09,-6.337412974044e-07,6.305441613796e-07
4.500000000000e-01,y,1.186666666667e+00,-2.918796375830e-09,-7.159392385659e-07,7.130204421901e-07
4.500000000000e-01,y,1.200000000000e+00,-2.653371309522e-09,-8.348256272126e-07,8.321722559031e-07
4.500000000000e-01,y,1.213333333333e+00,-2.421879083910e-09,-9.858118128373e-07,9.833899337533e-07
4.500000000000e-01,y,1.226666666667e+00,-2.224052128835e-09,-1.159257856629e-06,1.157033804500e-06
4.500000000000e-01,y,1.240000000000e+00,-2.038814467434e-09,-1.340909956264e-06,1.338871141796e-06
4.500000000000e-01,y,1.253333333333e+00,-1.859116495631e-09,-1.512864404847e-06,1.511005288352e-06
4.500000000000e-01,y,1.266666666667e+00,-1.691916238998e-09,-1.655085676195e-06,1.653393759956e-06
4.500000000000e-01,y,1.280000000000e+00,-1.552768285155e-09,-1.747422776867e-06,1.745870008582e-06
4.500000000000e-01,y,1.293333333333e+00,-1.435448888599e-09,-1.771956149636e-06,1.770520700747e-06
4.500000000000e-01,y,1.306666666667e+00,-1.327180361023e-09,-1.715395977757e-06,1.714068797396e-06
4.500000000000e-01,y,1.320000000000e+00,-1.223053026913e-09,-1.571176185441e-06,1.569953132414e-06
4.500000000000e-01,y,1.333333333333e+00,-1.126739163498e-09,-1.340876309745e-06,1.339749570581e-06
4.500000000000e-01,y,1.346666666667e+00,-1.044391743062e-09,-1.034670698436e-06,1.033626306693e-06
4.500000000000e-01,y,1.360000000000e+00,-9.694469734783e-10,-6.706457367665e-07,6.696762897930e-07
4.500000000000e-01,y,1.373333333333e+00,-8.967648090102e-10,-2.730152357883e-07,2.721184709793e-07
4.500000000000e-01,y,1.386666666667e+00,-8.261733630909e-10,1.305383918040e-07,-1.313645651671e-07
4.500000000000e-01,y,1.400000000000e+00,-7.630330076839e-10,5.120080908356e-07,-5.127711238433e-07
4.500000000000e-01,y,1.413333333333e+00,-7.105074186805e-10,8.462132863296e-07,-8.469237937483e-07
4.500000000000e-01,y,1.426666666667e+00,-6.637287926819e-10,1.113483377638e-06,-1.114147106431e-06
4.500000000000e-01,y,1.440000000000e+00,-6.185933676394e-10,1.301491971943e-06,-1.302110565311e-06
4.500000000000e-01,y,1.453333333333e+00,-5.752265884821e-10,1.406020964980e-06,-1.406596191569e-06
4.500000000000e-01,y,1.466666666667e+00,-5.362903264623e-10,1.430625633200e-06,-1.431161923526e-06
4.500000000000e-01,y,1.480000000000e+00,-5.023946490643e-10,1.385354642711e-06,-1.385857037360e-06
4.500000000000e-01,y,1.493333333333e+00,-4.703255933381e-10,1.284817037519e-06,-1.285287363112e-06
4.500000000000e-01,y,1.506666666667e+00,-4.394783673917e-10,1.145959390396e-06,-1.146398868763e-06
4.500000000000e-01,y,1.520000000000e+00,-4.106402197739e-10,9.859143296822e-07,-9.863249699020e-07
4.500000000000e-01,y,1.533333333333e+00,-3.869439268715e-10,8.202162488530e-07,-8.206031927798e-07
4.500000000000e-01,y,1.546666666667e+00,-3.675061938367e-10,6.615723564984e-07,-6.619398626922e-07
4.500000000000e-01,y,1.560000000000e+00,-3.500563106280e-10,5.192539115069e-07,-5.196039678176e-07
4.500000000000e-01,y,1.573333333333e+00,-3.334208867456e-10,3.990591010560e-07,-3.993925219427e-07
4.500000000000e-01,y,1.586666666667e+00,-3.178238575346e-10,3.037150573151e-07,-3.040328811727e-07
4.500000000000e-01,y,1.600000000000e+00,-3.027922944274e-10,2.335424714238e-07,-2.338452637183e-07
4.500000000000e-01,y,1.613333333333e+00,-2.843785141115e-10,1.872031320167e-07,-1.874875105308e-07
4.500000000000e-01,y,1.626666666667e+00,-2.579228918908e-10,1.623814327340e-07,-1.626393556259e-07
4.500000000000e-01,y,1.640000000000e+00,-2.186517301063e-10,1.563030925915e-07,-1.565217443216e-07
4.500000000000e-01,y,1.653333333333e+00,-1.617308017858e-10,1.660535214329e-07,-1.662152522347e-07
4.500000000000e-01,y,1.666666666667e+00,-7.955507464339e-11,1.887108290757e-07,-1.887903841504e-07
4.500000000000e-01,y,1.680000000000e+00,4.066309082554e-11,2.213441709481e-07,-2.213035078572e-07
4.500000000000e-01,y,1.693333333333e+00,2.116313977834e-10,2.609417869313e-07,-2.607301555335e-07
4.500000000000e-01,y,1.706666666667e+00,4.447952850650e-10,3.043254892984e-07,-3.038806940133e-07
4.500000000000e-01,y,1.720000000000e+00,7.489829206442e-10,3.480858974940e-07,-3.473369145734e-07
4.500000000000e-01,y,1.733333333333e+00,1.129221092833e-09,3.885458418526e-07,-3.874166207598e-07
4.500000000000e-01,y,1.746666666667e+00,1.585106166484e-09,4.217396521491e-07,-4.201545459826e-07
4.500000000000e-01,y,1.760000000000e+00,2.113443220450e-09,4.433925339848e-07,-4.412790907644e-07
4.500000000000e-01,y,1.773333333333e+00,2.705941200323e-09,4.488998794817e-07,-4.461939382814e-07
4.500000000000e-01,y,1.786666666667e+00,3.351152751986e-09,4.333360582000e-07,-4.299849054480e-07
4.500000000000e-01,y,1.800000000000e+00,4.032869466337e-09,3.915534711223e-07,-3.875206016559e-07
4.500000000000e-01,y,1.813333333333e+00,4.729721983877e-09,3.184491302343e-07,-3.137194082504e-07
4.500000000000e-01,y,1.826666666667e+00,5.419394663759e-09,2.094635155452e-07,-2.040441208814e-07
4.500000000000e-01,y,1.840000000000e+00,6.078078898433e-09,6.132896431585e-08,-5.525088541742e-08
4.500000000000e-01,y,1.853333333333e+00,6.683716961701e-09,-1.269912852451e-07,1.336750022068e-07
4.500000000000e-01,y,1.866666666667e+00,7.215416938888e-09,-3.533182225937e-07,3.605336395326e-07
4.500000000000e-01,y,1.880000000000e+00,7.656867824794e-09,-6.114402259078e-07,6.190970937326e-07
4.500000000000e-01,y,1.893333333333e+00,7.996074201888e-09,-8.907037118654e-07,8.986997860673e-07
4.500000000000e-01,y,1.906666666667e+00,8.226878035489e-09,-1.176215717243e-06,1.184442595279e-06
4.500000000000e-01,y,1.920000000000e+00,8.359590187407e-09,-1.449766367015e-06,1.458125957202e-06
4.500000000000e-01,y,1.933333333333e+00,8.429210801608e-09,-1.691438795154e-06,1.699868005955e-06
4.500000000000e-01,y,1.946666666667e+00,8.474855083740e-09,-1.881722065330e-06,1.890196920413e-06
4.500000000000e-01,y,1.960000000000e+00,8.528691170840e-09,-2.003817272825e-06,2.012345963996e-06
4.500000000000e-01,y,1.973333333333e+00,8.607024363727e-09,-2.045761652052e-06,2.054368676416e-06
4.500000000000e-01,y,1.986666666667e+00,8.676025040437e-09,-2.002008877603e-06,2.010684902643e-06
4.500000000000e-01,y,2.000000000000e+00,8.643945436187e-09,-1.874194462683e-06,1.882838408119e-06
7.000000000000e-01,x,-2.000000000000e+00,-3.858122958292e-08,2.352616397719e-06,-2.391197627302e-06
7.000000000000e-01,x,-1.986666666667e+00,-3.575230803019e-08,2.374666909324e-06,-2.410419217354e-06
7.000000000000e-01,x,-1.973333333333e+00,-3.522939201416e-08,2.378502642054e-06,-2.413732034068e-06
7.000000000000e-01,x,-1.960000000000e+00,-3.521118609650e-08,2.365564851650e-06,-2.400776037746e-06
7.000000000000e-01,x,-1.946666666667e+00,-3.476439049296e-08,2.338194940271e-06,-2.372959330764e-06
7.000000000000e-01,x,-1.933333333333e+00,-3.375610380446e-08,2.299343716074e-06,-2.333099819878e-06
7.000000000000e-01,x,-1.920000000000e+00,-3.231915697255e-08,2.252258374145e-06,-2.284577531117e-06
7.000000000000e-01,x,-1.906666666667e+00,-3.075431416385e-08,2.200185142803e-06,-2.230939456967e-06
7.000000000000e-01,x,-1.893333333333e+00,-2.939055434655e-08,2.146119577440e-06,-2.175510131786e-06
7.000000000000e-01,x,-1.880000000000e+00,-2.829962744653e-08,2.092626700269e-06,-2.120926327715e-06
7.000000000000e-01,x,-1.866666666667e+00,-2.743112783491e-08,2.041741328439e-06,-2.069172456274e-06
7.000000000000e-01,x,-1.853333333333e+00,-2.672175976239e-08,1.994946903189e-06,-2.021668662951e-06
7.000000000000e-01,x,-1.840000000000e+00,-2.610792757551e-08,1.953220667004e-06,-1.979328594579e-06
7.000000000000e-01,x,-1.826666666667e+00,-2.554030669987e-08,1.917125462474e-06,-1.942665769174e-06
7.000000000000e-01,x,-1.813333333333e+00,-2.498121160805e-08,1.886924516009e-06,-1.911905727617e-06
7.000000000000e-01,x,-1.800000000000e+00,-2.442369969296e-08,1.862695488975e-06,-1.887119188668e-06
7.000000000000e-01,x,-1.786666666667e+00,-2.389661689933e-08,1.844423445519e-06,-1.868320062418e-06
7.000000000000e-01,x,-1.773333333333e+00,-2.345941641216e-08,1.832058388478e-06,-1.855517804890e-06
7.000000000000e-01,x,-1.760000000000e+00,-2.313543606832e-08,1.825530575003e-06,-1.848666011071e-06
7.000000000000e-01,x,-1.746666666667e+00,-2.287828931219e-08,1.824724768147e-06,-1.847603057459e-06
7.000000000000e-01,x,-1.733333333333e+00,-2.267061806221e-08,1.829421798241e-06,-1.852092416303e-06
7.000000000000e-01,x,-1.720000000000e+00,-2.253456183214e-08,1.839221369719e-06,-1.861755931551e-06
7.000000000000e-01,x,-1.706666666667e+00,-2.253323597216e-08,1.853463302720e-06,-1.875996538692e-06
7.000000000000e-01,x,-1.693333333333e+00,-2.264663459253e-08,1.871165009174e-06,-1.893811643766e-06
7.000000000000e-01,x,-1.680000000000e+00,-2.280664888473e-08,1.890990972119e-06,-1.913797621004e-06
7.000000000000e-01,x,-1.666666666667e+00,-2.301353326589e-08,1.911265642483e-06,-1.934279175749e-06
7.000000000000e-01,x,-1.653333333333e+00,-2.334594021380e-08,1.930035084142e-06,-1.953381024356e-06
7.000000000000e-01,x,-1.640000000000e+00,-2.392503362332e-08,1.945175691882e-06,-1.969100725505e-06
7.000000000000e-01,x,-1.626666666667e+00,-2.466581370428e-08,1.954541310042e-06,-1.979207123747e-06
7.000000000000e-01,x,-1.613333333333e+00,-2.546743898260e-08,1.956134046217e-06,-1.981601485200e-06
7.000000000000e-01,x,-1.600000000000e+00,-2.636383529006e-08,1.948279862720e-06,-1.974643698010e-06
7.000000000000e-01,x,-1.586666666667e+00,-2.753700743284e-08,1.929788280720e-06,-1.957325288153e-06
7.000000000000e-01,x,-1.573333333333e+00,-2.916033252655e-08,1.900076570959e-06,-1.929236903485e-06
7.000000000000e-01,x,-1.560000000000e+00,-3.100592685758e-08,1.859242562524e-06,-1.890248489381e-06
7.000000000000e-01,x,-1.546666666667e+00,-3.295087787684e-08,1.808076207238e-06,-1.841027085115e-06
7.000000000000e-01,x,-1.533333333333e+00,-3.515205135646e-08,1.748007468485e-06,-1.783159519842e-06
7.000000000000e-01,x,-1.520000000000e+00,-3.806530517781e-08,1.680995902965e-06,-1.719061208143e-06
7.000000000000e-01,x,-1.506666666667e+00,-4.186905619858e-08,1.609374346632e-06,-1.651243402831e-06
7.000000000000e-01,x,-1.493333333333e+00,-4.606703111853e-08,1.535664395270e-06,-1.581731426388e-06
7.000000000000e-01,x,-1.480000000000e+00,-5.057643781209e-08,1.462384166631e-06,-1.512960604443e-06
7.000000000000e-01,x,-1.466666666667e+00,-5.593896677118e-08,1.391868832607e-06,-1.447807799378e-06
7.000000000000e-01,x,-1.453333333333e+00,-6.328884111706e-08,1.326121746445e-06,-1.389410587562e-06
7.000000000000e-01,x,-1.440000000000e+00,-7.254009479686e-08,1.266709186567e-06,-1.339249281364e-06
7.000000000000e-01,x,-1.426666666667e+00,-8.272200027708e-08,1.214705566415e-06,-1.297427566692e-06
7.000000000000e-01,x,-1.413333333333e+00,-9.407071194976e-08,1.170689219185e-06,-1.264759931135e-06
7.000000000000e-01,x,-1.400000000000e+00,-1.083302705241e-07,1.134782075093e-06,-1.243112345618e-06
7.000000000000e-01,x,-1.386666666667e+00,-1.281228860203e-07,1.106719535262e-06,-1.234842421282e-06
7.000000000000e-01,x,-1.373333333333e+00,-1.512707292983e-07,1.085928167293e-06,-1.237198896592e-06
7.000000000000e-01,x,-1.360000000000e+00,-1.750486598812e-07,1.071574965779e-06,-1.246623625661e-06
7.000000000000e-01,x,-1.346666666667e+00,-2.005873949346e-07,1.062526100906e-06,-1.263113495840e-06
7.000000000000e-01,x,-1.333333333333e+00,-2.339492634875e-07,1.057104123127e-06,-1.291053386615e-06
7.000000000000e-01,x,-1.320000000000e+00,-2.807755316235e-07,1.052443890850e-06,-1.333219422474e-06
7.000000000000e-01,x,-1.306666666667e+00,-3.287531799278e-07,1.043097194807e-06,-1.371850374734e-06
7.000000000000e-01,x,-1.293333333333e+00,-3.755014566237e-07,1.018299480101e-06,-1.393800936725e-06
7.000000000000e-01,x,-1.280000000000e+00,-4.446325204828e-07,9.569669568139e-07,-1.401599477297e-06
7.000000000000e-01,x,-1.266666666667e+00,-5.970691424122e-07,8.190265115406e-07,-1.416095653953e-06
7.000000000000e-01,x,-1.253333333333e+00,-9.142035139610e-07,5.310993990456e-07,-1.445302913007e-06
7.000000000000e-01,x,-1.240000000000e+00,-1.491212678296e-06,-3.611115086431e-08,-1.455101527432e-06
7.000000000000e-01,x,-1.226666666667e+00,-2.539225903484e-06,-1.102094458259e-06,-1.437131445225e-06
7.000000000000e-01,x,-1.213333333333e+00,-4.448303702610e-06,-3.026541492835e-06,-1.421762209775e-06
7.000000000000e-01,x,-1.200000000000e+00,-7.855547891868e-06,-6.379791858686e-06,-1.475756033182e-06
7.000000000000e-01,x,-1.186666666667e+00,-1.374083171153e-05,-1.203887952661e-05,-1.701952184922e-06
7.000000000000e-01,x,-1.173333333333e+00,-2.353316147694e-05,-2.131443873803e-05,-2.218722738918e-06
7.000000000000e-01,x,-1.160000000000e+00,-3.923264677835e-05,-3.611312759985e-05,-3.119519178508e-06
7.000000000000e-01,x,-1.146666666667e+00,-6.357524355072e-05,-5.913834154599e-05,-4.436902004728e-06
7.000000000000e-01,x,-1.133333333333e+00,-1.002966445775e-04,-9.412801977534e-05,-6.168624802207e-06
7.000000000000e-01,x,-1.120000000000e+00,-1.550410707460e-04,-1.461213957050e-04,-8.919675041011e-06
7.000000000000e-01,x,-1.106666666667e+00,-2.350973659070e-04,-2.217358816091e-04,-1.336148429794e-05
7.000000000000e-01,x,-1.093333333333e+00,-3.489862688137e-04,-3.294207294939e-04,-1.956553931981e-05
7.000000000000e-01,x,-1.080000000000e+00,-5.064891074530e-04,-4.796364321310e-04,-2.685267532199e-05
7.000000000000e-01,x,-1.066666666667e+00,-7.191063596030e-04,-6.848900084986e-04,-3.421635110439e-05
7.000000000000e-01,x,-1.053333333333e+00,-1.001622151518e-03,-9.595396889527e-04,-4.208246256527e-05
7.000000000000e-01,x,-1.040000000000e+00,-1.369804226745e-03,-1.319272625258e-03,-5.053160148643e-05
7.000000000000e-01,x,-1.026666666667e+00,-1.838782092016e-03,-1.780161458549e-03,-5.862063346689e-05
7.000000000000e-01,x,-1.013333333333e+00,-2.421879085929e-03,-2.357225343462e-03,-6.465374246742e-05
7.000000000000e-01,x,-1.000000000000e+00,-3.128448659643e-03,-3.062462867383e-03,-6.598579225988e-05
7.000000000000e-01,x,-9.866666666667e-01,-3.961330756199e-03,-3.902390457188e-03,-5.894029901101e-05
7.000000000000e-01,x,-9.733333333333e-01,-4.916925966479e-03,-4.875208790194e-03,-4.171717628512e-05
7.000000000000e-01,x,-9.600000000000e-01,-5.983588576238e-03,-5.967824741401e-03,-1.576383483719e-05
7.000000000000e-01,x,-9.466666666667e-01,-7.139390896024e-03,-7.153064903778e-03,1.367400775401e-05
7.000000000000e-01,x,-9.333333333333e-01,-8.342029584127e-03,-8.387510466786e-03,4.548088265863e-05
7.000000000000e-01,x,-9.200000000000e-01,-9.526798758168e-03,-9.610440071193e-03,8.364131302406e-05
7.000000000000e-01,x,-9.066666666667e-01,-1.061790013482e-02,-1.074436441552e-02,1.264642807004e-04
7.000000000000e-01,x,-8.933333333333e-01,-1.153121086005e-02,-1.169755514696e-02,1.663442869039e-04
7.000000000000e-01,x,-8.800000000000e-01,-1.217687634882e-02,-1.236880149353e-02,1.919251447087e-04
7.000000000000e-01,x,-8.666666666667e-01,-1.246153423518e-02,-1.265437582138e-02,1.928415862061e-04
7.000000000000e-01,x,-8.533333333333e-01,-1.229359133885e-02,-1.245687554914e-02,1.632842102948e-04
7.000000000000e-01,x,-8.400000000000e-01,-1.159043987459e-02,-1.169527244441e-02,1.048325698185e-04
7.000000000000e-01,x,-8.266666666667e-01,-1.028600529438e-02,-1.031519346305e-02,2.918816866893e-05
7.000000000000e-01,x,-8.133333333333e-01,-8.345175492902e-03,-8.298238013654e-03,-4.693747924804e-05
7.000000000000e-01,x,-8.000000000000e-01,-5.799378681682e-03,-5.669058315875e-03,-1.303203658065e-04
7.000000000000e-01,x,-7.866666666667e-01,-2.723774879892e-03,-2.499029798579e-03,-2.247450813132e-04
7.000000000000e-01,x,-7.733333333333e-01,7.756775314970e-04,1.094371500660e-03,-3.186939691633e-04
7.000000000000e-01,x,-7.600000000000e-01,4.564057846191e-03,4.952908996855e-03,-3.888511506637e-04
7.000000000000e-01,x,-7.466666666667e-01,8.476162146723e-03,8.887494348631e-03,-4.113322019081e-04
7.000000000000e-01,x,-7.333333333333e-01,1.231493250669e-02,1.269190872653e-02,-3.769762198429e-04
7.000000000000e-01,x,-7.200000000000e-01,1.586991292427e-02,1.615903250375e-02,-2.891195794880e-04
7.000000000000e-01,x,-7.066666666667e-01,1.893141698790e-02,1.909788243655e-02,-1.664654486517e-04
7.000000000000e-01,x,-6.933333333333e-01,2.130529819490e-02,2.134958047165e-02,-4.428227674647e-05
7.000000000000e-01,x,-6.800000000000e-01,2.286155159669e-02,2.280046180992e-02,6.108978676601e-05
7.000000000000e-01,x,-6.666666666667e-01,2.355587107385e-02,2.339086555342e-02,1.650055204275e-04
7.000000000000e-01,x,-6.533333333333e-01,2.338594727600e-02,2.311869033382e-02,2.672569421845e-04
7.000000000000e-01,x,-6.400000000000e-01,2.238840242842e-02,2.203745678365e-02,3.509456447746e-04
7.000000000000e-01,x,-6.266666666667e-01,2.063950339894e-02,2.024929660143e-02,3.902067975172e-04
7.000000000000e-01,x,-6.133333333333e-01,1.826616172589e-02,1.789388197577e-02,3.722797501142e-04
7.000000000000e-01,x,-6.000000000000e-01,1.543680402645e-02,1.513473484578e-02,3.020691806686e-04
7.000000000000e-01,x,-5.866666666667e-01,1.234183931063e-02,1.214456036956e-02,1.972789410781e-04
7.000000000000e-01,x,-5.733333333333e-01,9.180899504826e-03,9.091219658746e-03,8.967984608042e-05
7.000000000000e-01,x,-5.600000000000e-01,6.140848863491e-03,6.125718395655e-03,1.513046783577e-05
7.000000000000e-01,x,-5.466666666667e-01,3.338550359035e-03,3.373196164720e-03,-3.464580568510e-05
7.000000000000e-01,x,-5.333333333333e-01,8.507629194139e-04,9.274299752494e-04,-7.666705583545e-05
7.000000000000e-01,x,-5.200000000000e-01,-1.265547074726e-03,-1.151108322820e-03,-1.144387519054e-04
7.000000000000e-01,x,-5.066666666667e-01,-2.972875835523e-03,-2.834010136646e-03,-1.388656988771e-04
7.000000000000e-01,x,-4.933333333333e-01,-4.259920491056e-03,-4.121170352295e-03,-1.387501387617e-04
7.000000000000e-01,x,-4.800000000000e-01,-5.155012652202e-03,-5.035338975538e-03,-1.196736766639e-04
7.000000000000e-01,x,-4.666666666667e-01,-5.705573852611e-03,-5.615843270505e-03,-8.973058210633e-05
7.000000000000e-01,x,-4.533333333333e-01,-5.969320698737e-03,-5.912257607849e-03,-5.706309088750e-05
7.000000000000e-01,x,-4.400000000000e-01,-6.008214960355e-03,-5.978638397091e-03,-2.957656326398e-05
7.000000000000e-01,x,-4.266666666667e-01,-5.877838142491e-03,-5.868741841170e-03,-9.096301320216e-06
7.000000000000e-01,x,-4.133333333333e-01,-5.621545381457e-03,-5.632438415940e-03,1.089303448251e-05
7.000000000000e-01,x,-4.000000000000e-01,-5.278068671116e-03,-5.313357913846e-03,3.528924272981e-05
7.000000000000e-01,x,-3.866666666667e-01,-4.884465380489e-03,-4.947660352862e-03,6.319497237287e-05
7.000000000000e-01,x,-3.733333333333e-01,-4.477455955090e-03,-4.563738343258e-03,8.628238816860e-05
7.000000000000e-01,x,-3.600000000000e-01,-4.074385313306e-03,-4.182614061711e-03,1.082287484051e-04
7.000000000000e-01,x,-3.466666666667e-01,-3.678404324899e-03,-3.818791008110e-03,1.403866832109e-04
7.000000000000e-01,x,-3.333333333333e-01,-3.298239954373e-03,-3.481346126349e-03,1.831061719758e-04
7.000000000000e-01,x,-3.200000000000e-01,-2.952130686699e-03,-3.175089912034e-03,2.229592253348e-04
7.000000000000e-01,x,-3.066666666667e-01,-2.664534296808e-03,-2.901670369344e-03,2.371360725360e-04
7.000000000000e-01,x,-2.933333333333e-01,-2.420520896427e-03,-2.660543132924e-03,2.400222364968e-04
7.000000000000e-01,x,-2.800000000000e-01,-2.198449790566e-03,-2.449769601267e-03,2.513198107007e-04
7.000000000000e-01,x,-2.666666666667e-01,-1.993619620762e-03,-2.266635055009e-03,2.730154342470e-04
7.000000000000e-01,x,-2.533333333333e-01,-1.818354289767e-03,-2.108099088107e-03,2.897447983391e-04
7.000000000000e-01,x,-2.400000000000e-01,-1.687727489098e-03,-1.971102318310e-03,2.833748292123e-04
7.000000000000e-01,x,-2.266666666667e-01,-1.581241259071e-03,-1.852758082664e-03,2.715168235928e-04
7.000000000000e-01,x,-2.133333333333e-01,-1.483939137469e-03,-1.750457702421e-03,2.665185649515e-04
7.000000000000e-01,x,-2.000000000000e-01,-1.394992296037e-03,-1.661914808408e-03,2.669225123708e-04
7.000000000000e-01,x,-1.866666666667e-01,-1.324921285417e-03,-1.585169684553e-03,2.602483991360e-04
7.000000000000e-01,x,-1.733333333333e-01,-1.279570258791e-03,-1.518569717747e-03,2.389994589557e-04
7.000000000000e-01,x,-1.600000000000e-01,-1.247580818847e-03,-1.460737532804e-03,2.131567139569e-04
7.000000000000e-01,x,-1.466666666667e-01,-1.221765896464e-03,-1.410534603629e-03,1.887687071652e-04
7.000000000000e-01,x,-1.333333333333e-01,-1.199047081423e-03,-1.367025184627e-03,1.679781032040e-04
7.000000000000e-01,x,-1.200000000000e-01,-1.177894609305e-03,-1.329443263846e-03,1.515486545405e-04
7.000000000000e-01,x,-1.066666666667e-01,-1.159894892259e-03,-1.297163782963e-03,1.372688907040e-04
7.000000000000e-01,x,-9.333333333333e-02,-1.148287720761e-03,-1.269678450647e-03,1.213907298860e-04
7.000000000000e-01,x,-8.000000000000e-02,-1.143541022103e-03,-1.246575949575e-03,1.030349274721e-04
7.000000000000e-01,x,-6.666666666667e-02,-1.141599690720e-03,-1.227526078879e-03,8.592638815930e-05
7.000000000000e-01,x,-5.333333333333e-02,-1.134215709254e-03,-1.212267285441e-03,7.805157618753e-05
7.000000000000e-01,x,-4.000000000000e-02,-1.126973418087e-03,-1.200597048746e-03,7.362363065913e-05
7.000000000000e-01,x,-2.666666666667e-02,-1.127727657785e-03,-1.192364647283e-03,6.463698949777e-05
7.000000000000e-01,x,-1.333333333333e-02,-1.135988795013e-03,-1.187465920300e-03,5.147712528633e-05
7.000000000000e-01,x,0.000000000000e+00,-1.142467975328e-03,-1.185839730203e-03,4.337175487430e-05
7.000000000000e-01,x,1.333333333333e-02,-1.135987905526e-03,-1.187465920300e-03,5.147801477328e-05
7.000000000000e-01,x,2.666666666667e-02,-1.127725917963e-03,-1.192364647283e-03,6.463872932062e-05
7.000000000000e-01,x,4.000000000000e-02,-1.126970919230e-03,-1.200597048746e-03,7.362612951595e-05
7.000000000000e-01,x,5.333333333333e-02,-1.134212622848e-03,-1.212267285441e-03,7.805466259339e-05
7.000000000000e-01,x,6.666666666667e-02,-1.141596312230e-03,-1.227526078879e-03,8.592976664923e-05
7.000000000000e-01,x,8.000000000000e-02,-1.143537699848e-03,-1.246575949575e-03,1.030382497268e-04
7.000000000000e-01,x,9.333333333333e-02,-1.148284660202e-03,-1.269678450647e-03,1.213937904450e-04
7.000000000000e-01,x,1.066666666667e-01,-1.159892188941e-03,-1.297163782963e-03,1.372715940217e-04
7.000000000000e-01,x,1.200000000000e-01,-1.177892307612e-03,-1.329443263846e-03,1.515509562336e-04
7.000000000000e-01,x,1.333333333333e-01,-1.199045226430e-03,-1.367025184627e-03,1.679799581970e-04
7.000000000000e-01,x,1.466666666667e-01,-1.221764500738e-03,-1.410534603629e-03,1.887701028908e-04
7.000000000000e-01,x,1.600000000000e-01,-1.247579814618e-03,-1.460737532804e-03,2.131577181859e-04
7.000000000000e-01,x,1.733333333333e-01,-1.279569518946e-03,-1.518569717747e-03,2.390001988009e-04
7.000000000000e-01,x,1.866666666667e-01,-1.324920629090e-03,-1.585169684553e-03,2.602490554626e-04
7.000000000000e-01,x,2.000000000000e-01,-1.394991490491e-03,-1.661914808408e-03,2.669233179169e-04
7.000000000000e-01,x,2.133333333333e-01,-1.483938018067e-03,-1.750457702421e-03,2.665196843538e-04
7.000000000000e-01,x,2.266666666667e-01,-1.581239776058e-03,-1.852758082664e-03,2.715183066059e-04
7.000000000000e-01,x,2.400000000000e-01,-1.687725663420e-03,-1.971102318310e-03,2.833766548896e-04
7.000000000000e-01,x,2.533333333333e-01,-1.818352157915e-03,-2.108099088107e-03,2.897469301917e-04
7.000000000000e-01,x,2.666666666667e-01,-1.993617201980e-03,-2.266635055009e-03,2.730178530290e-04
7.000000000000e-01,x,2.800000000000e-01,-2.198447169875e-03,-2.449769601267e-03,2.513224313919e-04
7.000000000000e-01,x,2.933333333333e-01,-2.420518206553e-03,-2.660543132924e-03,2.400249263711e-04
7.000000000000e-01,x,3.066666666667e-01,-2.664531669812e-03,-2.901670369344e-03,2.371386995322e-04
7.000000000000e-01,x,3.200000000000e-01,-2.952128217704e-03,-3.175089912034e-03,2.229616943297e-04
7.000000000000e-01,x,3.333333333333e-01,-3.298237690006e-03,-3.481346126349e-03,1.831084363434e-04
7.000000000000e-01,x,3.466666666667e-01,-3.678402282425e-03,-3.818791008110e-03,1.403887256856e-04
7.000000000000e-01,x,3.600000000000e-01,-4.074383479594e-03,-4.182614061711e-03,1.082305821176e-04
7.000000000000e-01,x,3.733333333333e-01,-4.477454296211e-03,-4.563738343258e-03,8.628404704751e-05
7.000000000000e-01,x,3.866666666667e-01,-4.884463865055e-03,-4.947660352862e-03,6.319648780716e-05
7.000000000000e-01,x,4.000000000000e-01,-5.278067249787e-03,-5.313357913846e-03,3.529066405859e-05
7.000000000000e-01,x,4.133333333333e-01,-5.621543960581e-03,-5.632438415940e-03,1.089445535855e-05
7.000000000000e-01,x,4.266666666667e-01,-5.877836624152e-03,-5.868741841170e-03,-9.094782982048e-06
7.000000000000e-01,x,4.400000000000e-01,-6.008213290598e-03,-5.978638397091e-03,-2.957489350767e-05
7.000000000000e-01,x,4.533333333333e-01,-5.969318909058e-03,-5.912257607849e-03,-5.706130120920e-05
7.000000000000e-01,x,4.666666666667e-01,-5.705571971797e-03,-5.615843270505e-03,-8.972870129190e-05
7.000000000000e-01,x,4.800000000000e-01,-5.155010667651e-03,-5.035338975538e-03,-1.196716921126e-04
7.000000000000e-01,x,4.933333333333e-01,-4.259918396158e-03,-4.121170352295e-03,-1.387480438632e-04
7.000000000000e-01,x,5.066666666667e-01,-2.972873673365e-03,-2.834010136646e-03,-1.388635367189e-04
7.000000000000e-01,x,5.200000000000e-01,-1.265544954958e-03,-1.151108322820e-03,-1.144366321379e-04
7.000000000000e-01,x,5.333333333333e-01,8.507649147200e-04,9.274299752494e-04,-7.666506052938e-05
7.000000000000e-01,x,5.466666666667e-01,3.338552184423e-03,3.373196164720e-03,-3.464398029677e-05
7.000000000000e-01,x,5.600000000000e-01,6.140850482272e-03,6.125718395655e-03,1.513208661646e-05
7.000000000000e-01,x,5.733333333333e-01,9.180900868123e-03,9.091219658746e-03,8.968120937768e-05
7.000000000000e-01,x,5.866666666667e-01,1.234184036108e-02,1.214456036956e-02,1.972799915292e-04
7.000000000000e-01,x,6.000000000000e-01,1.543680473794e-02,1.513473484578e-02,3.020698921659e-04
7.000000000000e-01,x,6.133333333333e-01,1.826616209965e-02,1.789388197577e-02,3.722801238774e-04
7.000000000000e-01,x,6.266666666667e-01,2.063950345400e-02,2.024929660143e-02,3.902068525729e-04
7.000000000000e-01,x,6.400000000000e-01,2.238840219547e-02,2.203745678365e-02,3.509454118214e-04
7.000000000000e-01,x,6.533333333333e-01,2.338594679926e-02,2.311869033382e-02,2.672564654415e-04
7.000000000000e-01,x,6.666666666667e-01,2.355587041468e-02,2.339086555342e-02,1.650048612587e-04
7.000000000000e-01,x,6.800000000000e-01,2.286155082432e-02,2.280046180992e-02,6.108901440062e-05
7.000000000000e-01,x,6.933333333333e-01,2.130529736922e-02,2.134958047165e-02,-4.428310242766e-05
7.000000000000e-01,x,7.066666666667e-01,1.893141613894e-02,1.909788243655e-02,-1.664662976116e-04
7.000000000000e-01,x,7.200000000000e-01,1.586991208463e-02,1.615903250375e-02,-2.891204191187e-04
7.000000000000e-01,x,7.333333333333e-01,1.231493172894e-02,1.269190872653e-02,-3.769769975899e-04
7.000000000000e-01,x,7.466666666667e-01,8.476161482821e-03,8.887494348631e-03,-4.113328658100e-04
7.000000000000e-01,x,7.600000000000e-01,4.564057333944e-03,4.952908996855e-03,-3.888516629108e-04
7.000000000000e-01,x,7.733333333333e-01,7.756771883567e-04,1.094371500660e-03,-3.186943123036e-04
7.000000000000e-01,x,7.866666666667e-01,-2.723775050309e-03,-2.499029798579e-03,-2.247452517300e-04
7.000000000000e-01,x,8.000000000000e-01,-5.799378687534e-03,-5.669058315875e-03,-1.303203716594e-04
7.000000000000e-01,x,8.133333333333e-01,-8.345175356622e-03,-8.298238013654e-03,-4.693734296761e-05
7.000000000000e-01,x,8.266666666667e-01,-1.028600505399e-02,-1.031519346305e-02,2.918840905614e-05
7.000000000000e-01,x,8.400000000000e-01,-1.159043957936e-02,-1.169527244441e-02,1.048328650523e-04
7.000000000000e-01,x,8.533333333333e-01,-1.229359103034e-02,-1.245687554914e-02,1.632845188025e-04
7.000000000000e-01,x,8.666666666667e-01,-1.246153394539e-02,-1.265437582138e-02,1.928418759955e-04
7.000000000000e-01,x,8.800000000000e-01,-1.217687609957e-02,-1.236880149353e-02,1.919253939618e-04
7.000000000000e-01,x,8.933333333333e-01,-1.153121065948e-02,-1.169755514696e-02,1.663444874813e-04
7.000000000000e-01,x,9.066666666667e-01,-1.061789998284e-02,-1.074436441552e-02,1.264644326792e-04
7.000000000000e-01,x,9.200000000000e-01,-9.526798655919e-03,-9.610440071193e-03,8.364141527337e-05
7.000000000000e-01,x,9.333333333333e-01,-8.342029529294e-03,-8.387510466786e-03,4.548093749229e-05
7.000000000000e-01,x,9.466666666667e-01,-7.139390879017e-03,-7.153064903778e-03,1.367402476069e-05
7.000000000000e-01,x,9.600000000000e-01,-5.983588576538e-03,-5.967824741401e-03,-1.576383513673e-05
7.000000000000e-01,x,9.733333333333e-01,-4.916925963724e-03,-4.875208790194e-03,-4.171717353007e-05
7.000000000000e-01,x,9.866666666667e-01,-3.961330739510e-03,-3.902390457188e-03,-5.894028232182e-05
7.000000000000e-01,x,1.000000000000e+00,-3.128448625566e-03,-3.062462867383e-03,-6.598575818228e-05
7.000000000000e-01,x,1.013333333333e+00,-2.421879037371e-03,-2.357225343462e-03,-6.465369390900e-05
7.000000000000e-01,x,1.026666666667e+00,-1.838782037875e-03,-1.780161458549e-03,-5.862057932576e-05
7.000000000000e-01,x,1.040000000000e+00,-1.369804174347e-03,-1.319272625258e-03,-5.053154908886e-05
7.000000000000e-01,x,1.053333333333e+00,-1.001622105467e-03,-9.595396889527e-04,-4.208241651383e-05
7.000000000000e-01,x,1.066666666667e+00,-7.191063222525e-04,-6.848900084986e-04,-3.421631375393e-05
7.000000000000e-01,x,1.080000000000e+00,-5.064890804867e-04,-4.796364321310e-04,-2.685264835566e-05
7.000000000000e-01,x,1.093333333333e+00,-3.489862535386e-04,-3.294207294939e-04,-1.956552404469e-05
7.000000000000e-01,x,1.106666666667e+00,-2.350973615559e-04,-2.217358816091e-04,-1.336147994677e-05
7.000000000000e-01,x,1.120000000000e+00,-1.550410751928e-04,-1.461213957050e-04,-8.919679487836e-06
7.000000000000e-01,x,1.133333333333e+00,-1.002966547080e-04,-9.412801977534e-05,-6.168634932682e-06
7.000000000000e-01,x,1.146666666667e+00,-6.357525574137e-05,-5.913834154599e-05,-4.436914195382e-06
7.000000000000e-01,x,1.160000000000e+00,-3.923265743798e-05,-3.611312759985e-05,-3.119529838138e-06
7.000000000000e-01,x,1.173333333333e+00,-2.353316857400e-05,-2.131443873803e-05,-2.218729835973e-06
7.000000000000e-01,x,1.186666666667e+00,-1.374083460419e-05,-1.203887952661e-05,-1.701955077579e-06
7.000000000000e-01,x,1.200000000000e+00,-7.855547477368e-06,-6.379791858686e-06,-1.475755618682e-06
7.000000000000e-01,x,1.213333333333e+00,-4.448301510658e-06,-3.026541492835e-06,-1.421760017823e-06
7.000000000000e-01,x,1.226666666667e+00,-2.539223506867e-06,-1.102094458259e-06,-1.437129048608e-06
7.000000000000e-01,x,1.240000000000e+00,-1.491211099494e-06,-3.611115086431e-08,-1.455099948630e-06
7.000000000000e-01,x,1.253333333333e+00,-9.142034685171e-07,5.310993990456e-07,-1.445302867563e-06
7.000000000000e-01,x,1.266666666667e+00,-5.970700859184e-07,8.190265115406e-07,-1.416096597459e-06
7.000000000000e-01,x,1.280000000000e+00,-4.446337467777e-07,9.569669568139e-07,-1.401600703592e-06
7.000000000000e-01,x,1.293333333333e+00,-3.755023078106e-07,1.018299480101e-06,-1.393801787912e-06
7.000000000000e-01,x,1.306666666667e+00,-3.287531034485e-07,1.043097194807e-06,-1.371850298255e-06
7.000000000000e-01,x,1.320000000000e+00,-2.807742555748e-07,1.052443890850e-06,-1.333218146425e-06
7.000000000000e-01,x,1.333333333333e+00,-2.339471741574e-07,1.057104123127e-06,-1.291051297284e-06
7.000000000000e-01,x,1.346666666667e+00,-2.005851882148e-07,1.062526100906e-06,-1.263111289121e-06
7.000000000000e-01,x,1.360000000000e+00,-1.750465238156e-07,1.071574965779e-06,-1.246621489595e-06
7.000000000000e-01,x,1.373333333333e+00,-1.512685910321e-07,1.085928167293e-06,-1.237196758326e-06
7.000000000000e-01,x,1.386666666667e+00,-1.281212978827e-07,1.106719535262e-06,-1.234840833145e-06
7.000000000000e-01,x,1.400000000000e+00,-1.083290134510e-07,1.134782075093e-06,-1.243111088544e-06
7.000000000000e-01,x,1.413333333333e+00,-9.406966501846e-08,1.170689219185e-06,-1.264758884204e-06
7.000000000000e-01,x,1.426666666667e+00,-8.272165831168e-08,1.214705566415e-06,-1.297427224727e-06
7.000000000000e-01,x,1.440000000000e+00,-7.254041871020e-08,1.266709186567e-06,-1.339249605277e-06
7.000000000000e-01,x,1.453333333333e+00,-6.328969399922e-08,1.326121746445e-06,-1.389411440444e-06
7.000000000000e-01,x,1.466666666667e+00,-5.594102107780e-08,1.391868832607e-06,-1.447809853684e-06
7.000000000000e-01,x,1.480000000000e+00,-5.057943205014e-08,1.462384166631e-06,-1.512963598681e-06
7.000000000000e-01,x,1.493333333333e+00,-4.607097556441e-08,1.535664395270e-06,-1.581735370834e-06
7.000000000000e-01,x,1.506666666667e+00,-4.187389611134e-08,1.609374346632e-06,-1.651248242743e-06
7.000000000000e-01,x,1.520000000000e+00,-3.807051133220e-08,1.680995902965e-06,-1.719066414298e-06
7.000000000000e-01,x,1.533333333333e+00,-3.515708979277e-08,1.748007468485e-06,-1.783164558278e-06
7.000000000000e-01,x,1.546666666667e+00,-3.295533442507e-08,1.808076207238e-06,-1.841031541663e-06
7.000000000000e-01,x,1.560000000000e+00,-3.100933681518e-08,1.859242562524e-06,-1.890251899339e-06
7.000000000000e-01,x,1.573333333333e+00,-2.916293414349e-08,1.900076570959e-06,-1.929239505102e-06
7.000000000000e-01,x,1.586666666667e+00,-2.753868421369e-08,1.929788280720e-06,-1.957326964934e-06
7.000000000000e-01,x,1.600000000000e+00,-2.636556501958e-08,1.948279862720e-06,-1.974645427740e-06
7.000000000000e-01,x,1.613333333333e+00,-2.546940710761e-08,1.956134046217e-06,-1.981603453325e-06
7.000000000000e-01,x,1.626666666667e+00,-2.466743642771e-08,1.954541310042e-06,-1.979208746470e-06
7.000000000000e-01,x,1.640000000000e+00,-2.392676141370e-08,1.945175691882e-06,-1.969102453296e-06
7.000000000000e-01,x,1.653333333333e+00,-2.334782848122e-08,1.930035084142e-06,-1.953382912623e-06
7.000000000000e-01,x,1.666666666667e+00,-2.301520252245e-08,1.911265642483e-06,-1.934280845006e-06
7.000000000000e-01,x,1.680000000000e+00,-2.280747820279e-08,1.890990972119e-06,-1.913798450322e-06
7.000000000000e-01,x,1.693333333333e+00,-2.264701097307e-08,1.871165009174e-06,-1.893812020147e-06
7.000000000000e-01,x,1.706666666667e+00,-2.253307407368e-08,1.853463302720e-06,-1.875996376794e-06
7.000000000000e-01,x,1.720000000000e+00,-2.253443446054e-08,1.839221369719e-06,-1.861755804179e-06
7.000000000000e-01,x,1.733333333333e+00,-2.267004371138e-08,1.829421798241e-06,-1.852091841952e-06
7.000000000000e-01,x,1.746666666667e+00,-2.287854644771e-08,1.824724768147e-06,-1.847603314595e-06
7.000000000000e-01,x,1.760000000000e+00,-2.313580007029e-08,1.825530575003e-06,-1.848666375073e-06
7.000000000000e-01,x,1.773333333333e+00,-2.346018724432e-08,1.832058388478e-06,-1.855518575722e-06
7.000000000000e-01,x,1.786666666667e+00,-2.389765857683e-08,1.844423445519e-06,-1.868321104095e-06
7.000000000000e-01,x,1.800000000000e+00,-2.442442729501e-08,1.862695488975e-06,-1.887119916270e-06
7.000000000000e-01,x,1.813333333333e+00,-2.498152281903e-08,1.886924516009e-06,-1.911906038828e-06
7.000000000000e-01,x,1.826666666667e+00,-2.554045667744e-08,1.917125462474e-06,-1.942665919152e-06
7.000000000000e-01,x,1.840000000000e+00,-2.610771218120e-08,1.953220667004e-06,-1.979328379185e-06
7.000000000000e-01,x,1.853333333333e+00,-2.672139495931e-08,1.994946903189e-06,-2.021668298148e-06
7.000000000000e-01,x,1.866666666667e+00,-2.743052804730e-08,2.041741328439e-06,-2.069171856486e-06
7.000000000000e-01,x,1.880000000000e+00,-2.829915548774e-08,2.092626700269e-06,-2.120925855756e-06
7.000000000000e-01,x,1.893333333333e+00,-2.939019968491e-08,2.146119577440e-06,-2.175509777124e-06
7.000000000000e-01,x,1.906666666667e+00,-3.075412744106e-08,2.200185142803e-06,-2.230939270244e-06
7.000000000000e-01,x,1.920000000000e+00,-3.231920865891e-08,2.252258374145e-06,-2.284577582803e-06
7.000000000000e-01,x,1.933333333333e+00,-3.375622335085e-08,2.299343716074e-06,-2.333099939425e-06
7.000000000000e-01,x,1.946666666667e+00,-3.476471189899e-08,2.338194940271e-06,-2.372959652170e-06
7.000000000000e-01,x,1.960000000000e+00,-3.521001081984e-08,2.365564851650e-06,-2.400774862469e-06
7.000000000000e-01,x,1.973333333333e+00,-3.522517556285e-08,2.378502642054e-06,-2.413727817616e-06
7.000000000000e-01,x,1.986666666667e+00,-3.574434517045e-08,2.374666909324e-06,-2.410411254494e-06
7.000000000000e-01,x,2.000000000000e+00,-3.856979263776e-08,2.352616397719e-06,-2.391186190357e-06
7.000000000000e-01,y,-2.000000000000e+00,1.115683815137e-08,1.363716282578e-06,-1.352559444426e-06
7.000000000000e-01,y,-1.986666666667e+00,1.124787203281e-08,1.191636608977e-06,-1.180388736944e-06
7.000000000000e-01,y,-1.973333333333e+00,1.101094438133e-08,1.025243197069e-06,-1.014232252688e-06
7.000000000000e-01,y,-1.960000000000e+00,1.069705814147e-08,8.561470473391e-07,-8.454499891976e-07
7.000000000000e-01,y,-1.946666666667e+00,1.043576284145e-08,6.798102763506e-07,-6.693745135091e-07
7.000000000000e-01,y,-1.933333333333e+00,1.024801060154e-08,4.962238482735e-07,-4.859758376720e-07
7.000000000000e-01,y,-1.920000000000e+00,1.011645779909e-08,3.095619444516e-07,-2.994454866526e-07
7.000000000000e-01,y,-1.906666666667e+00,1.000293017087e-08,1.271124810884e-07,-1.171095509176e-07
7.000000000000e-01,y,-1.893333333333e+00,9.864606064419e-09,-4.216823834441e-08,5.203284440883e-08
7.000000000000e-01,y,-1.880000000000e+00,9.692127279314e-09,-1.891586766275e-07,1.988508039068e-07
7.000000000000e-01,y,-1.866666666667e+00,9.494280675252e-09,-3.058927008819e-07,3.153869815572e-07
7.000000000000e-01,y,-1.853333333333e+00,9.281587223914e-09,-3.865511592200e-07,3.958327464440e-07
7.000000000000e-01,y,-1.840000000000e+00,9.066445932903e-09,-4.280638582025e-07,4.371303041354e-07
7.000000000000e-01,y,-1.826666666667e+00,8.859415887507e-09,-4.303273424063e-07,4.391867582938e-07
7.000000000000e-01,y,-1.813333333333e+00,8.668834683532e-09,-3.960873554296e-07,4.047561901132e-07
7.000000000000e-01,y,-1.800000000000e+00,8.497938899518e-09,-3.305590341409e-07,3.390569730404e-07
7.000000000000e-01,y,-1.786666666667e+00,8.347942603808e-09,-2.408672106047e-07,2.492151532085e-07
7.000000000000e-01,y,-1.773333333333e+00,8.216464528041e-09,-1.353871736028e-07,1.436036381309e-07
7.000000000000e-01,y,-1.760000000000e+00,8.101488347610e-09,-2.305547210762e-08,3.115696045523e-08
7.000000000000e-01,y,-1.746666666667e+00,8.005239289462e-09,8.729623497546e-08,-7.929099568600e-08
7.000000000000e-01,y,-1.733333333333e+00,7.924050142532e-09,1.875494374701e-07,-1.796253873276e-07
7.000000000000e-01,y,-1.720000000000e+00,7.852285556560e-09,2.708289249462e-07,-2.629766393896e-07
7.000000000000e-01,y,-1.706666666667e+00,7.778407610320e-09,3.319414431571e-07,-3.241630355468e-07
7.000000000000e-01,y,-1.693333333333e+00,7.687130033733e-09,3.677071873177e-07,-3.600200572840e-07
7.000000000000e-01,y,-1.680000000000e+00,7.561475179211e-09,3.771599443497e-07,-3.695984691704e-07
7.000000000000e-01,y,-1.666666666667e+00,7.379754070619e-09,3.615834277450e-07,-3.542036736744e-07
7.000000000000e-01,y,-1.653333333333e+00,7.119691890984e-09,3.243510457619e-07,-3.172313538709e-07
7.000000000000e-01,y,-1.640000000000e+00,6.760690116117e-09,2.705496262882e-07,-2.637889361721e-07
7.000000000000e-01,y,-1.626666666667e+00,6.301663681688e-09,2.063951574542e-07,-2.000934937725e-07
7.000000000000e-01,y,-1.613333333333e+00,5.751368636534e-09,1.384850379569e-07,-1.327336693204e-07
7.000000000000e-01,y,-1.600000000000e+00,5.116900928617e-09,7.296660975576e-08,-6.784970882714e-08
7.000000000000e-01,y,-1.586666666667e+00,4.405233111113e-09,1.472450492640e-08,-1.031927181529e-08
7.000000000000e-01,y,-1.573333333333e+00,3.627141062477e-09,-3.330885912670e-08,3.693600018918e-08
7.000000000000e-01,y,-1.560000000000e+00,2.811419507126e-09,-7.063645910868e-08,7.344787861581e-08
7.000000000000e-01,y,-1.546666666667e+00,1.986694638488e-09,-9.942866004886e-08,1.014153546873e-07
7.000000000000e-01,y,-1.533333333333e+00,1.172424944771e-09,-1.245024093317e-07,1.256748342765e-07
7.000000000000e-01,y,-1.520000000000e+00,3.783362997258e-10,-1.530793377891e-07,1.534576740888e-07
7.000000000000e-01,y,-1.506666666667e+00,-3.848218315264e-10,-1.943654889615e-07,1.939806671300e-07
7.000000000000e-01,y,-1.493333333333e+00,-1.097913395133e-09,-2.589789960202e-07,2.578810826251e-07
7.000000000000e-01,y,-1.480000000000e+00,-1.754534753059e-09,-3.582134378671e-07,3.564589031141e-07
7.000000000000e-01,y,-1.466666666667e+00,-2.364824044329e-09,-5.030796339757e-07,5.007148099314e-07
7.000000000000e-01,y,-1.453333333333e+00,-2.953551761024e-09,-7.030406326115e-07,7.000870808505e-07
7.000000000000e-01,y,-1.440000000000e+00,-3.524490689482e-09,-9.643683872714e-07,9.608438965819e-07
7.000000000000e-01,y,-1.426666666667e+00,-4.065266165475e-09,-1.288124010269e-06,1.284058744103e-06
7.000000000000e-01,y,-1.413333333333e+00,-4.583731614812e-09,-1.667898805767e-06,1.663315074152e-06
7.000000000000e-01,y,-1.400000000000e+00,-5.111268877762e-09,-2.087630493205e-06,2.082519224327e-06
7.000000000000e-01,y,-1.386666666667e+00,-5.694661916879e-09,-2.519984378557e-06,2.514289716640e-06
7.000000000000e-01,y,-1.373333333333e+00,-6.326830762741e-09,-2.925901684396e-06,2.919574853634e-06
7.000000000000e-01,y,-1.360000000000e+00,-6.991323534257e-09,-3.255903687155e-06,3.248912363620e-06
7.000000000000e-01,y,-1.346666666667e+00,-7.708340297005e-09,-3.453557007263e-06,3.445848666966e-06
7.000000000000e-01,y,-1.333333333333e+00,-8.537338267480e-09,-3.461149703769e-06,3.452612365502e-06
7.000000000000e-01,y,-1.320000000000e+00,-9.538417744552e-09,-3.227151451793e-06,3.217613034048e-06
7.000000000000e-01,y,-1.306666666667e+00,-1.065605066474e-08,-2.714537074283e-06,2.703881023618e-06
7.000000000000e-01,y,-1.293333333333e+00,-1.185551804860e-08,-1.908672752627e-06,1.896817234579e-06
7.000000000000e-01,y,-1.280000000000e+00,-1.317700817855e-08,-8.233205651564e-07,8.101435569779e-07
7.000000000000e-01,y,-1.266666666667e+00,-1.474598988954e-08,4.965193741380e-07,-5.112653640276e-07
7.000000000000e-01,y,-1.253333333333e+00,-1.666174947214e-08,1.975748646611e-06,-1.992410396083e-06
7.000000000000e-01,y,-1.240000000000e+00,-1.889146675182e-08,3.514447139116e-06,-3.533338605868e-06
7.000000000000e-01,y,-1.226666666667e+00,-2.149277240919e-08,4.996727531434e-06,-5.018220303843e-06
7.000000000000e-01,y,-1.213333333333e+00,-2.464951565614e-08,6.302010712564e-06,-6.326660228220e-06
7.000000000000e-01,y,-1.200000000000e+00,-2.865164471219e-08,7.317209511695e-06,-7.345861156407e-06
7.000000000000e-01,y,-1.186666666667e+00,-3.347137179117e-08,7.948246057876e-06,-7.981717429667e-06
7.000000000000e-01,y,-1.173333333333e+00,-3.875970606616e-08,8.129529629416e-06,-8.168289335482e-06
7.000000000000e-01,y,-1.160000000000e+00,-4.433336680673e-08,7.830398927438e-06,-7.874732294245e-06
7.000000000000e-01,y,-1.146666666667e+00,-5.023237766524e-08,7.057979364129e-06,-7.108211741794e-06
7.000000000000e-01,y,-1.133333333333e+00,-5.659088354196e-08,5.856336702082e-06,-5.912927585624e-06
7.000000000000e-01,y,-1.120000000000e+00,-6.224986819604e-08,4.302178324160e-06,-4.364428192356e-06
7.000000000000e-01,y,-1.106666666667e+00,-6.579416277561e-08,2.497654525154e-06,-2.563448687930e-06
7.000000000000e-01,y,-1.093333333333e+00,-6.694798399446e-08,5.610524640128e-07,-6.280004480072e-07
7.000000000000e-01,y,-1.080000000000e+00,-6.707058479067e-08,-1.383644610067e-06,1.316574025276e-06
7.000000000000e-01,y,-1.066666666667e+00,-6.951178945308e-08,-3.217259002131e-06,3.147747212678e-06
7.000000000000e-01,y,-1.053333333333e+00,-7.966051441847e-08,-4.834915970926e-06,4.755255456507e-06
7.000000000000e-01,y,-1.040000000000e+00,-1.056774477700e-07,-6.153614829391e-06,6.047937381621e-06
7.000000000000e-01,y,-1.026666666667e+00,-1.588841872014e-07,-7.117225428025e-06,6.958341240823e-06
7.000000000000e-01,y,-1.013333333333e+00,-2.536137935311e-07,-7.698624739193e-06,7.445010945662e-06
7.000000000000e-01,y,-1.000000000000e+00,-4.083678698808e-07,-7.899069589955e-06,7.490701720074e-06
7.000000000000e-01,y,-9.866666666667e-01,-6.459698780922e-07,-7.745223642099e-06,7.099253764007e-06
7.000000000000e-01,y,-9.733333333333e-01,-9.840517085702e-07,-7.284463126059e-06,6.300411417489e-06
7.000000000000e-01,y,-9.600000000000e-01,-1.427052130019e-06,-6.579161814294e-06,5.152109684275e-06
7.000000000000e-01,y,-9.466666666667e-01,-1.956592709465e-06,-5.700633398056e-06,3.744040688591e-06
7.000000000000e-01,y,-9.333333333333e-01,-2.470284458689e-06,-4.723358610895e-06,2.253074152206e-06
7.000000000000e-01,y,-9.200000000000e-01,-2.771861524724e-06,-3.720136884483e-06,9.482753597592e-07
7.000000000000e-01,y,-9.066666666667e-01,-2.646220699159e-06,-2.758980915108e-06,1.127602159492e-07
7.000000000000e-01,y,-8.933333333333e-01,-1.878610223020e-06,-1.903033711445e-06,2.442348842487e-08
7.000000000000e-01,y,-8.800000000000e-01,-2.582781695240e-07,-1.215676943172e-06,9.573987736479e-07
7.000000000000e-01,y,-8.666666666667e-01,2.620418168898e-06,-7.745074262717e-07,3.394925595169e-06
7.000000000000e-01,y,-8.533333333333e-01,7.142716451263e-06,-7.002140803415e-07,7.842930531604e-06
7.000000000000e-01,y,-8.400000000000e-01,1.332137654041e-05,-1.209793376056e-06,1.453116991646e-05
7.000000000000e-01,y,-8.266666666667e-01,2.058011221126e-05,-2.708017409245e-06,2.328812962050e-05
7.000000000000e-01,y,-8.133333333333e-01,2.739062801133e-05,-5.936178164069e-06,3.332680617539e-05
7.000000000000e-01,y,-8.000000000000e-01,3.047440365790e-05,-1.220159031210e-05,4.267599397000e-05
7.000000000000e-01,y,-7.866666666667e-01,2.508824820666e-05,-2.371257468278e-05,4.880082288944e-05
7.000000000000e-01,y,-7.733333333333e-01,5.066850667240e-06,-4.403749665623e-05,4.910434732347e-05
7.000000000000e-01,y,-7.600000000000e-01,-3.735912548484e-05,-7.868724038368e-05,4.132811489884e-05
7.000000000000e-01,y,-7.466666666667e-01,-1.130348475139e-04,-1.357820778843e-04,2.274723037049e-05
7.000000000000e-01,y,-7.333333333333e-01,-2.378759346221e-04,-2.267017774271e-04,-1.117415719499e-05
7.000000000000e-01,y,-7.200000000000e-01,-4.287968323071e-04,-3.665329348348e-04,-6.226389747234e-05
7.000000000000e-01,y,-7.066666666667e-01,-7.018195344040e-04,-5.740309282853e-04,-1.277886061187e-04
7.000000000000e-01,y,-6.933333333333e-01,-1.070561096997e-03,-8.707308543984e-04,-1.998302425987e-04
7.000000000000e-01,y,-6.800000000000e-01,-1.543678356074e-03,-1.278812898509e-03,-2.648654575654e-04
7.000000000000e-01,y,-6.666666666667e-01,-2.122792009618e-03,-1.817403668934e-03,-3.053883406841e-04
7.000000000000e-01,y,-6.533333333333e-01,-2.801793850818e-03,-2.497223521374e-03,-3.045703294440e-04
7.000000000000e-01,y,-6.400000000000e-01,-3.564788670531e-03,-3.313892883115e-03,-2.508957874164e-04
7.000000000000e-01,y,-6.266666666667e-01,-4.382951829101e-03,-4.240759138543e-03,-1.421926905577e-04
7.000000000000e-01,y,-6.133333333333e-01,-5.198301049567e-03,-5.222700163091e-03,2.439911352354e-05
7.000000000000e-01,y,-6.000000000000e-01,-5.929765543967e-03,-6.172829691310e-03,2.430641473426e-04
7.000000000000e-01,y,-5.866666666667e-01,-6.488965097341e-03,-6.974158595597e-03,4.851934982562e-04
7.000000000000e-01,y,-5.733333333333e-01,-6.785579385228e-03,-7.487857532207e-03,7.022781469793e-04
7.000000000000e-01,y,-5.600000000000e-01,-6.733399079949e-03,-7.568722842649e-03,8.353237626995e-04
7.000000000000e-01,y,-5.466666666667e-01,-6.258553830599e-03,-7.086849465109e-03,8.282956345096e-04
7.000000000000e-01,y,-5.333333333333e-01,-5.304533522809e-03,-5.952658544979e-03,6.481250221695e-04
7.000000000000e-01,y,-5.200000000000e-01,-3.838768924825e-03,-4.140794067494e-03,3.020251426690e-04
7.000000000000e-01,y,-5.066666666667e-01,-1.860577950845e-03,-1.707542928681e-03,-1.530350221648e-04
7.000000000000e-01,y,-4.933333333333e-01,5.730247222997e-04,1.203206900893e-03,-6.301821785937e-04
7.000000000000e-01,y,-4.800000000000e-01,3.306851981279e-03,4.368713352317e-03,-1.061861371039e-03
7.000000000000e-01,y,-4.666666666667e-01,6.143023498056e-03,7.511191907638e-03,-1.368168409582e-03
7.000000000000e-01,y,-4.533333333333e-01,8.864399311166e-03,1.033366193394e-02,-1.469262622778e-03
7.000000000000e-01,y,-4.400000000000e-01,1.124909265062e-02,1.256178324401e-02,-1.312690593396e-03
7.000000000000e-01,y,-4.266666666667e-01,1.309584335672e-02,1.398386619664e-02,-8.880228399154e-04
7.000000000000e-01,y,-4.133333333333e-01,1.424352101472e-02,1.448127923138e-02,-2.377582166517e-04
7.000000000000e-01,y,-4.000000000000e-01,1.456778501531e-02,1.404340126584e-02,5.243837494661e-04
7.000000000000e-01,y,-3.866666666667e-01,1.399259025564e-02,1.276459852233e-02,1.227991733303e-03
7.000000000000e-01,y,-3.733333333333e-01,1.250660898137e-02,1.082456582772e-02,1.682043153649e-03
7.000000000000e-01,y,-3.600000000000e-01,1.024510528673e-02,8.456749577611e-03,1.788355709122e-03
7.000000000000e-01,y,-3.466666666667e-01,7.468327065849e-03,5.911632302646e-03,1.556694763203e-03
7.000000000000e-01,y,-3.333333333333e-01,4.475342499754e-03,3.421995731563e-03,1.053346768191e-03
7.000000000000e-01,y,-3.200000000000e-01,1.574921531392e-03,1.175986518823e-03,3.989350125693e-04
7.000000000000e-01,y,-3.066666666667e-01,-9.529956319917e-04,-6.985910792153e-04,-2.544045527764e-04
7.000000000000e-01,y,-2.933333333333e-01,-2.950401309746e-03,-2.138094407024e-03,-8.123069027223e-04
7.000000000000e-01,y,-2.800000000000e-01,-4.343585154282e-03,-3.136718416995e-03,-1.206866737287e-03
7.000000000000e-01,y,-2.666666666667e-01,-5.108777658986e-03,-3.733324688214e-03,-1.375452970773e-03
7.000000000000e-01,y,-2.533333333333e-01,-5.270986447427e-03,-3.995236647863e-03,-1.275749799565e-03
7.000000000000e-01,y,-2.400000000000e-01,-4.914436783679e-03,-4.002417674122e-03,-9.120191095569e-04
7.000000000000e-01,y,-2.266666666667e-01,-4.208477620750e-03,-3.834457644690e-03,-3.740199760605e-04
7.000000000000e-01,y,-2.133333333333e-01,-3.354267707248e-03,-3.561589748457e-03,2.073220412090e-04
7.000000000000e-01,y,-2.000000000000e-01,-2.552844415141e-03,-3.239870056678e-03,6.870256415379e-04
7.000000000000e-01,y,-1.866666666667e-01,-1.981715152972e-03,-2.909879985379e-03,9.281648324069e-04
7.000000000000e-01,y,-1.733333333333e-01,-1.722642319289e-03,-2.597920190021e-03,8.752778707322e-04
7.000000000000e-01,y,-1.600000000000e-01,-1.714439936125e-03,-2.318607265143e-03,6.041673290182e-04
7.000000000000e-01,y,-1.466666666667e-01,-1.850452390578e-03,-2.077954477131e-03,2.275020865528e-04
7.000000000000e-01,y,-1.333333333333e-01,-2.006982772776e-03,-1.876294660949e-03,-1.306881118267e-04
7.000000000000e-01,y,-1.200000000000e-01,-2.066043979037e-03,-1.710688968683e-03,-3.553550103538e-04
7.000000000000e-01,y,-1.066666666667e-01,-1.985722122182e-03,-1.576698063797e-03,-4.090240583847e-04
7.000000000000e-01,y,-9.333333333333e-02,-1.801440858712e-03,-1.469548129998e-03,-3.318927287144e-04
7.000000000000e-01,y,-8.000000000000e-02,-1.568361007704e-03,-1.384805445765e-03,-1.835555619391e-04
7.000000000000e-01,y,-6.666666666667e-02,-1.349578605484e-03,-1.318697794295e-03,-3.088081118898e-05
7.000000000000e-01,y,-5.333333333333e-02,-1.201433277902e-03,-1.268210278773e-03,6.677700087102e-05
7.000000000000e-01,y,-4.000000000000e-02,-1.131550131561e-03,-1.231056098674e-03,9.950596711232e-05
7.000000000000e-01,y,-2.666666666667e-02,-1.117837365478e-03,-1.205592693220e-03,8.775532774154e-05
7.000000000000e-01,y,-1.333333333333e-02,-1.131555584392e-03,-1.190727660507e-03,5.917207611562e-05
7.000000000000e-01,y,0.000000000000e+00,-1.142467975328e-03,-1.185839730203e-03,4.337175487430e-05
7.000000000000e-01,y,1.333333333333e-02,-1.131555115281e-03,-1.190727660507e-03,5.917254522634e-05
7.000000000000e-01,y,2.666666666667e-02,-1.117836461374e-03,-1.205592693220e-03,8.775623184642e-05
7.000000000000e-01,y,4.000000000000e-02,-1.131548856825e-03,-1.231056098674e-03,9.950724184895e-05
7.000000000000e-01,y,5.333333333333e-02,-1.201431719760e-03,-1.268210278773e-03,6.677855901313e-05
7.000000000000e-01,y,6.666666666667e-02,-1.349576863792e-03,-1.318697794295e-03,-3.087906949761e-05
7.000000000000e-01,y,8.000000000000e-02,-1.568359193056e-03,-1.384805445765e-03,-1.835537472915e-04
7.000000000000e-01,y,9.333333333333e-02,-1.801439099720e-03,-1.469548129998e-03,-3.318909697225e-04
7.000000000000e-01,y,1.066666666667e-01,-1.985720554035e-03,-1.576698063797e-03,-4.090224902381e-04
7.000000000000e-01,y,1.200000000000e-01,-2.066042729548e-03,-1.710688968683e-03,-3.553537608646e-04
7.000000000000e-01,y,1.333333333333e-01,-2.006981948849e-03,-1.876294660949e-03,-1.306872878994e-04
7.000000000000e-01,y,1.466666666667e-01,-1.850452068109e-03,-2.077954477131e-03,2.275024090216e-04
7.000000000000e-01,y,1.600000000000e-01,-1.714440152873e-03,-2.318607265143e-03,6.041671122703e-04
7.000000000000e-01,y,1.733333333333e-01,-1.722643069097e-03,-2.597920190021e-03,8.752771209242e-04
7.000000000000e-01,y,1.866666666667e-01,-1.981716383982e-03,-2.909879985379e-03,9.281636013968e-04
7.000000000000e-01,y,2.000000000000e-01,-2.552846033994e-03,-3.239870056678e-03,6.870240226842e-04
7.000000000000e-01,y,2.133333333333e-01,-3.354269609322e-03,-3.561589748457e-03,2.073201391349e-04
7.000000000000e-01,y,2.266666666667e-01,-4.208479708393e-03,-3.834457644690e-03,-3.740220637034e-04
7.000000000000e-01,y,2.400000000000e-01,-4.914438967474e-03,-4.002417674122e-03,-9.120212933519e-04
7.000000000000e-01,y,2.533333333333e-01,-5.270988644110e-03,-3.995236647863e-03,-1.275751996247e-03
7.000000000000e-01,y,2.666666666667e-01,-5.108779789486e-03,-3.733324688214e-03,-1.375455101273e-03
7.000000000000e-01,y,2.800000000000e-01,-4.343587152671e-03,-3.136718416995e-03,-1.206868735676e-03
7.000000000000e-01,y,2.933333333333e-01,-2.950403119958e-03,-2.138094407024e-03,-8.123087129348e-04
7.000000000000e-01,y,3.066666666667e-01,-9.529972011195e-04,-6.985910792153e-04,-2.544061219042e-04
7.000000000000e-01,y,3.200000000000e-01,1.574920257903e-03,1.175986518823e-03,3.989337390804e-04
7.000000000000e-01,y,3.333333333333e-01,4.475341566292e-03,3.421995731563e-03,1.053345834730e-03
7.000000000000e-01,y,3.466666666667e-01,7.468326474383e-03,5.911632302646e-03,1.556694171737e-03
7.000000000000e-01,y,3.600000000000e-01,1.024510499490e-02,8.456749577611e-03,1.788355417294e-03
7.000000000000e-01,y,3.733333333333e-01,1.250660890619e-02,1.082456582772e-02,1.682043078471e-03
7.000000000000e-01,y,3.866666666667e-01,1.399259027905e-02,1.276459852233e-02,1.227991756714e-03
7.000000000000e-01,y,4.000000000000e-01,1.456778501483e-02,1.404340126584e-02,5.243837489863e-04
7.000000000000e-01,y,4.133333333333e-01,1.424352089940e-02,1.448127923138e-02,-2.377583319801e-04
7.000000000000e-01,y,4.266666666667e-01,1.309584307384e-02,1.398386619664e-02,-8.880231227973e-04
7.000000000000e-01,y,4.400000000000e-01,1.124909219019e-02,1.256178324401e-02,-1.312691053825e-03
7.000000000000e-01,y,4.533333333333e-01,8.864398707035e-03,1.033366193394e-02,-1.469263226909e-03
7.000000000000e-01,y,4.666666666667e-01,6.143022801022e-03,7.511191907638e-03,-1.368169106616e-03
7.000000000000e-01,y,4.800000000000e-01,3.306851241754e-03,4.368713352317e-03,-1.061862110563e-03
7.000000000000e-01,y,4.933333333333e-01,5.730239901422e-04,1.203206900893e-03,-6.301829107512e-04
7.000000000000e-01,y,5.066666666667e-01,-1.860578628366e-03,-1.707542928681e-03,-1.530356996857e-04
7.000000000000e-01,y,5.200000000000e-01,-3.838769506819e-03,-4.140794067494e-03,3.020245606750e-04
7.000000000000e-01,y,5.333333333333e-01,-5.304533978880e-03,-5.952658544979e-03,6.481245660984e-04
7.000000000000e-01,y,5.466666666667e-01,-6.258554144287e-03,-7.086849465109e-03,8.282953208220e-04
7.000000000000e-01,y,5.600000000000e-01,-6.733399249874e-03,-7.568722842649e-03,8.353235927748e-04
7.000000000000e-01,y,5.733333333333e-01,-6.785579423049e-03,-7.487857532207e-03,7.022781091585e-04
7.000000000000e-01,y,5.866666666667e-01,-6.488965024144e-03,-6.974158595597e-03,4.851935714538e-04
7.000000000000e-01,y,6.000000000000e-01,-5.929765387558e-03,-6.172829691310e-03,2.430643037519e-04
7.000000000000e-01,y,6.133333333333e-01,-5.198300839952e-03,-5.222700163091e-03,2.439932313850e-05
7.000000000000e-01,y,6.266666666667e-01,-4.382951595425e-03,-4.240759138543e-03,-1.421924568816e-04
7.000000000000e-01,y,6.400000000000e-01,-3.564788440189e-03,-3.313892883115e-03,-2.508955570742e-04
7.000000000000e-01,y,6.533333333333e-01,-2.801793645864e-03,-2.497223521374e-03,-3.045701244894e-04
7.000000000000e-01,y,6.666666666667e-01,-2.122791842655e-03,-1.817403668934e-03,-3.053881737209e-04
7.000000000000e-01,y,6.800000000000e-01,-1.543678231758e-03,-1.278812898509e-03,-2.648653332493e-04
7.000000000000e-01,y,6.933333333333e-01,-1.070561014054e-03,-8.707308543984e-04,-1.998301596556e-04
7.000000000000e-01,y,7.066666666667e-01,-7.018194876403e-04,-5.740309282853e-04,-1.277885593549e-04
7.000000000000e-01,y,7.200000000000e-01,-4.287968142043e-04,-3.665329348348e-04,-6.226387936948e-05
7.000000000000e-01,y,7.333333333333e-01,-2.378759370432e-04,-2.267017774271e-04,-1.117415961607e-05
7.000000000000e-01,y,7.466666666667e-01,-1.130348626922e-04,-1.357820778843e-04,2.274721519213e-05
7.000000000000e-01,y,7.600000000000e-01,-3.735914675627e-05,-7.868724038368e-05,4.132809362740e-05
7.000000000000e-01,y,7.733333333333e-01,5.066828281679e-06,-4.403749665623e-05,4.910432493791e-05
7.000000000000e-01,y,7.866666666667e-01,2.508822827670e-05,-2.371257468278e-05,4.880080295949e-05
7.000000000000e-01,y,8.000000000000e-01,3.047438816608e-05,-1.220159031210e-05,4.267597847817e-05
7.000000000000e-01,y,8.133333333333e-01,2.739061751662e-05,-5.936178164069e-06,3.332679568069e-05
7.000000000000e-01,y,8.266666666667e-01,2.058010630845e-05,-2.708017409245e-06,2.328812371769e-05
7.000000000000e-01,y,8.400000000000e-01,1.332137417585e-05,-1.209793376056e-06,1.453116755190e-05
7.000000000000e-01,y,8.533333333333e-01,7.142716119717e-06,-7.002140803415e-07,7.842930200059e-06
7.000000000000e-01,y,8.666666666667e-01,2.620418531503e-06,-7.745074262717e-07,3.394925957775e-06
7.000000000000e-01,y,8.800000000000e-01,-2.582780910045e-07,-1.215676943172e-06,9.573988521674e-07
7.000000000000e-01,y,8.933333333333e-01,-1.878610676657e-06,-1.903033711445e-06,2.442303478836e-08
7.000000000000e-01,y,9.066666666667e-01,-2.646221651908e-06,-2.758980915108e-06,1.127592632001e-07
7.000000000000e-01,y,9.200000000000e-01,-2.771862658280e-06,-3.720136884483e-06,9.482742262026e-07
7.000000000000e-01,y,9.333333333333e-01,-2.470285463166e-06,-4.723358610895e-06,2.253073147729e-06
7.000000000000e-01,y,9.466666666667e-01,-1.956593640771e-06,-5.700633398056e-06,3.744039757285e-06
7.000000000000e-01,y,9.600000000000e-01,-1.427053239277e-06,-6.579161814294e-06,5.152108575017e-06
7.000000000000e-01,y,9.733333333333e-01,-9.840531112942e-07,-7.284463126059e-06,6.300410014765e-06
7.000000000000e-01,y,9.866666666667e-01,-6.459717144260e-07,-7.745223642099e-06,7.099251927673e-06
7.000000000000e-01,y,1.000000000000e+00,-4.083699642242e-07,-7.899069589955e-06,7.490699625731e-06
7.000000000000e-01,y,1.013333333333e+00,-2.536157160000e-07,-7.698624739193e-06,7.445009023194e-06
7.000000000000e-01,y,1.026666666667e+00,-1.588854881154e-07,-7.117225428025e-06,6.958339939909e-06
7.000000000000e-01,y,1.040000000000e+00,-1.056775458509e-07,-6.153614829391e-06,6.047937283540e-06
7.000000000000e-01,y,1.053333333333e+00,-7.965923881542e-08,-4.834915970926e-06,4.755256732110e-06
7.000000000000e-01,y,1.066666666667e+00,-6.950936990999e-08,-3.217259002131e-06,3.147749632221e-06
7.000000000000e-01,y,1.080000000000e+00,-6.706745335182e-08,-1.383644610067e-06,1.316577156715e-06
7.000000000000e-01,y,1.093333333333e+00,-6.694470414719e-08,5.610524640128e-07,-6.279971681600e-07
7.000000000000e-01,y,1.106666666667e+00,-6.579113613118e-08,2.497654525154e-06,-2.563445661285e-06
7.000000000000e-01,y,1.120000000000e+00,-6.224748588771e-08,4.302178324160e-06,-4.364425810047e-06
7.000000000000e-01,y,1.133333333333e+00,-5.658922391579e-08,5.856336702082e-06,-5.912925925997e-06
7.000000000000e-01,y,1.146666666667e+00,-5.023136562815e-08,7.057979364129e-06,-7.108210729757e-06
7.000000000000e-01,y,1.160000000000e+00,-4.433288638101e-08,7.830398927438e-06,-7.874731813819e-06
7.000000000000e-01,y,1.173333333333e+00,-3.875952270977e-08,8.129529629416e-06,-8.168289152126e-06
7.000000000000e-01,y,1.186666666667e+00,-3.347117997670e-08,7.948246057876e-06,-7.981717237852e-06
7.000000000000e-01,y,1.200000000000e+00,-2.865125708545e-08,7.317209511695e-06,-7.345860768780e-06
7.000000000000e-01,y,1.213333333333e+00,-2.464886513297e-08,6.302010712564e-06,-6.326659577697e-06
7.000000000000e-01,y,1.226666666667e+00,-2.149164572215e-08,4.996727531434e-06,-5.018219177156e-06
7.000000000000e-01,y,1.240000000000e+00,-1.889013634395e-08,3.514447139116e-06,-3.533337275460e-06
7.000000000000e-01,y,1.253333333333e+00,-1.666037581847e-08,1.975748646611e-06,-1.992409022430e-06
7.000000000000e-01,y,1.266666666667e+00,-1.474482180819e-08,4.965193741380e-07,-5.112641959462e-07
7.000000000000e-01,y,1.280000000000e+00,-1.317627383553e-08,-8.233205651564e-07,8.101442913209e-07
7.000000000000e-01,y,1.293333333333e+00,-1.185546982125e-08,-1.908672752627e-06,1.896817282806e-06
7.000000000000e-01,y,1.306666666667e+00,-1.065690891838e-08,-2.714537074283e-06,2.703880165365e-06
7.000000000000e-01,y,1.320000000000e+00,-9.540008820089e-09,-3.227151451793e-06,3.217611442973e-06
7.000000000000e-01,y,1.333333333333e+00,-8.539395170262e-09,-3.461149703769e-06,3.452610308599e-06
7.000000000000e-01,y,1.346666666667e+00,-7.710620207921e-09,-3.453557007263e-06,3.445846387055e-06
7.000000000000e-01,y,1.360000000000e+00,-6.993424005319e-09,-3.255903687155e-06,3.248910263149e-06
7.000000000000e-01,y,1.373333333333e+00,-6.328574167266e-09,-2.925901684396e-06,2.919573110229e-06
7.000000000000e-01,y,1.386666666667e+00,-5.695972561617e-09,-2.519984378557e-06,2.514288405996e-06
7.000000000000e-01,y,1.400000000000e+00,-5.112213921069e-09,-2.087630493205e-06,2.082518279284e-06
7.000000000000e-01,y,1.413333333333e+00,-4.584112951483e-09,-1.667898805767e-06,1.663314692815e-06
7.000000000000e-01,y,1.426666666667e+00,-4.065298286913e-09,-1.288124010269e-06,1.284058711982e-06
7.000000000000e-01,y,1.440000000000e+00,-3.524197409808e-09,-9.643683872714e-07,9.608441898616e-07
7.000000000000e-01,y,1.453333333333e+00,-2.953003934096e-09,-7.030406326115e-07,7.000876286774e-07
7.000000000000e-01,y,1.466666666667e+00,-2.364019258611e-09,-5.030796339757e-07,5.007156147171e-07
7.000000000000e-01,y,1.480000000000e+00,-1.753647333407e-09,-3.582134378671e-07,3.564597905337e-07
7.000000000000e-01,y,1.493333333333e+00,-1.096592070885e-09,-2.589789960202e-07,2.578824039493e-07
7.000000000000e-01,y,1.506666666667e+00,-3.832607168293e-10,-1.943654889615e-07,1.939822282447e-07
7.000000000000e-01,y,1.520000000000e+00,3.799982008290e-10,-1.530793377891e-07,1.534593359899e-07
7.000000000000e-01,y,1.533333333333e+00,1.174354943594e-09,-1.245024093317e-07,1.256767642753e-07
7.000000000000e-01,y,1.546666666667e+00,1.988514315270e-09,-9.942866004886e-08,1.014171743641e-07
7.000000000000e-01,y,1.560000000000e+00,2.813048542706e-09,-7.063645910868e-08,7.344950765139e-08
7.000000000000e-01,y,1.573333333333e+00,3.628630399748e-09,-3.330885912670e-08,3.693748952645e-08
7.000000000000e-01,y,1.586666666667e+00,4.406636375501e-09,1.472450492640e-08,-1.031786855090e-08
7.000000000000e-01,y,1.600000000000e+00,5.118288237995e-09,7.296660975576e-08,-6.784832151776e-08
7.000000000000e-01,y,1.613333333333e+00,5.752315204070e-09,1.384850379569e-07,-1.327327227528e-07
7.000000000000e-01,y,1.626666666667e+00,6.302581307642e-09,2.063951574542e-07,-2.000925761466e-07
7.000000000000e-01,y,1.640000000000e+00,6.761472787932e-09,2.705496262882e-07,-2.637881535003e-07
7.000000000000e-01,y,1.653333333333e+00,7.120269806261e-09,3.243510457619e-07,-3.172307759556e-07
7.000000000000e-01,y,1.666666666667e+00,7.380212409701e-09,3.615834277450e-07,-3.542032153353e-07
7.000000000000e-01,y,1.680000000000e+00,7.561874663193e-09,3.771599443497e-07,-3.695980696865e-07
7.000000000000e-01,y,1.693333333333e+00,7.687251257121e-09,3.677071873177e-07,-3.600199360606e-07
7.000000000000e-01,y,1.706666666667e+00,7.778655984062e-09,3.319414431571e-07,-3.241627871730e-07
7.000000000000e-01,y,1.720000000000e+00,7.852620261691e-09,2.708289249462e-07,-2.629763046845e-07
7.000000000000e-01,y,1.733333333333e+00,7.924434766881e-09,1.875494374701e-07,-1.796250027032e-07
7.000000000000e-01,y,1.746666666667e+00,8.005410285762e-09,8.729623497546e-08,-7.929082468970e-08
7.000000000000e-01,y,1.760000000000e+00,8.102297679162e-09,-2.305547210762e-08,3.115776978678e-08
7.000000000000e-01,y,1.773333333333e+00,8.217248572530e-09,-1.353871736028e-07,1.436044221754e-07
7.000000000000e-01,y,1.786666666667e+00,8.349272172131e-09,-2.408672106047e-07,2.492164827768e-07
7.000000000000e-01,y,1.800000000000e+00,8.500264402027e-09,-3.305590341409e-07,3.390592985429e-07
7.000000000000e-01,y,1.813333333333e+00,8.672068211353e-09,-3.960873554296e-07,4.047594236410e-07
7.000000000000e-01,y,1.826666666667e+00,8.863081919894e-09,-4.303273424063e-07,4.391904243262e-07
7.000000000000e-01,y,1.840000000000e+00,9.070826240772e-09,-4.280638582025e-07,4.371346844432e-07
7.000000000000e-01,y,1.853333333333e+00,9.286027773339e-09,-3.865511592200e-07,3.958371869934e-07
7.000000000000e-01,y,1.866666666667e+00,9.497946875859e-09,-3.058927008819e-07,3.153906477578e-07
7.000000000000e-01,y,1.880000000000e+00,9.695389403899e-09,-1.891586766275e-07,1.988540660314e-07
7.000000000000e-01,y,1.893333333333e+00,9.867484355470e-09,-4.216823834441e-08,5.203572269988e-08
7.000000000000e-01,y,1.906666666667e+00,1.000538313565e-08,1.271124810884e-07,-1.171070979528e-07
7.000000000000e-01,y,1.920000000000e+00,1.011930335583e-08,3.095619444516e-07,-2.994426410958e-07
7.000000000000e-01,y,1.933333333333e+00,1.025124220657e-08,4.962238482735e-07,-4.859726060670e-07
7.000000000000e-01,y,1.946666666667e+00,1.043893164150e-08,6.798102763506e-07,-6.693713447091e-07
7.000000000000e-01,y,1.960000000000e+00,1.070051427016e-08,8.561470473391e-07,-8.454465330689e-07
7.000000000000e-01,y,1.973333333333e+00,1.101370739294e-08,1.025243197069e-06,-1.014229489676e-06
7.000000000000e-01,y,1.986666666667e+00,1.124944701085e-08,1.191636608977e-06,-1.180387161966e-06
7.000000000000e-01,y,2.000000000000e+00,1.115724220073e-08,1.363716282578e-06,-1.352559040377e-06
9.500000000000e-01,x,-2.000000000000e+00,-2.240258240614e-07,-2.535127580506e-05,2.512724998100e-05
9.500000000000e-01,x,-1.986666666667e+00,-2.000641665073e-07,-2.628129313888e-05,2.608122897237e-05
9.500000000000e-01,x,-1.973333333333e+00,-1.969868819254e-07,-2.715380479759e-05,2.695681791566e-05
9.500000000000e-01,x,-1.960000000000e+00,-1.991362356515e-07,-2.796585019787e-05,2.776671396222e-05
9.500000000000e-01,x,-1.946666666667e+00,-1.982308928246e-07,-2.871509966718e-05,2.851686877435e-05
9.500000000000e-01,x,-1.933333333333e+00,-1.929772300071e-07,-2.939969502304e-05,2.920671779303e-05
9.500000000000e-01,x,-1.920000000000e+00,-1.845989696367e-07,-3.001811880456e-05,2.983351983493e-05
9.500000000000e-01,x,-1.906666666667e+00,-1.760245076610e-07,-3.056908903438e-05,3.039306452672e-05
9.500000000000e-01,x,-1.893333333333e+00,-1.705566412685e-07,-3.105147796253e-05,3.088092132126e-05
9.500000000000e-01,x,-1.880000000000e+00,-1.685325239588e-07,-3.146425580004e-05,3.129572327608e-05
9.500000000000e-01,x,-1.866666666667e+00,-1.692990616600e-07,-3.180646302915e-05,3.163716396749e-05
9.500000000000e-01,x,-1.853333333333e+00,-1.726500366244e-07,-3.207721655218e-05,3.190456651555e-05
9.500000000000e-01,x,-1.840000000000e+00,-1.790671785167e-07,-3.227575499852e-05,3.209668782001e-05
9.500000000000e-01,x,-1.826666666667e+00,-1.890245973348e-07,-3.240152660388e-05,3.221250200655e-05
9.500000000000e-01,x,-1.813333333333e+00,-2.014120125480e-07,-3.245431937835e-05,3.225290736580e-05
9.500000000000e-01,x,-1.800000000000e+00,-2.160979280558e-07,-3.243442859773e-05,3.221833066968e-05
9.500000000000e-01,x,-1.786666666667e+00,-2.347003881540e-07,-3.234285259476e-05,3.210815220661e-05
9.500000000000e-01,x,-1.773333333333e+00,-2.606532773614e-07,-3.218150709054e-05,3.192085381318e-05
9.500000000000e-01,x,-1.760000000000e+00,-2.938959585297e-07,-3.195345519806e-05,3.165955923953e-05
9.500000000000e-01,x,-1.746666666667e+00,-3.286293574314e-07,-3.166317146949e-05,3.133454211206e-05
9.500000000000e-01,x,-1.733333333333e+00,-3.630106632908e-07,-3.131690406661e-05,3.095389340332e-05
9.500000000000e-01,x,-1.720000000000e+00,-4.017128375199e-07,-3.092328358503e-05,3.052157074751e-05
9.500000000000e-01,x,-1.706666666667e+00,-4.565970802710e-07,-3.049446846239e-05,3.003787138212e-05
9.500000000000e-01,x,-1.693333333333e+00,-5.234419461772e-07,-3.004833524965e-05,2.952489330348e-05
9.500000000000e-01,x,-1.680000000000e+00,-5.958575697423e-07,-2.961253449401e-05,2.901667692426e-05
9.500000000000e-01,x,-1.666666666667e+00,-7.023629258114e-07,-2.923164737654e-05,2.852928445073e-05
9.500000000000e-01,x,-1.653333333333e+00,-9.239609547933e-07,-2.897918677222e-05,2.805522581742e-05
9.500000000000e-01,x,-1.640000000000e+00,-1.406634627369e-06,-2.897676305174e-05,2.757012842437e-05
9.500000000000e-01,x,-1.626666666667e+00,-2.333731502263e-06,-2.942333861977e-05,2.708960711750e-05
9.500000000000e-01,x,-1.613333333333e+00,-4.014246978953e-06,-3.063807595962e-05,2.662382898067e-05
9.500000000000e-01,x,-1.600000000000e+00,-6.979279245143e-06,-3.312078334710e-05,2.614150410196e-05
9.500000000000e-01,x,-1.586666666667e+00,-1.206326576482e-05,-3.763429420055e-05,2.557102843573e-05
9.500000000000e-01,x,-1.573333333333e+00,-2.054291954081e-05,-4.531311925703e-05,2.477019971622e-05
9.500000000000e-01,x,-1.560000000000e+00,-3.435371531510e-05,-5.780208308388e-05,2.344836776878e-05
9.500000000000e-01,x,-1.546666666667e+00,-5.608246625982e-05,-7.742690091421e-05,2.134443465439e-05
9.500000000000e-01,x,-1.533333333333e+00,-8.907207761545e-05,-1.073950870499e-04,1.832300943448e-05
9.500000000000e-01,x,-1.520000000000e+00,-1.375806981887e-04,-1.520194652350e-04,1.443876704624e-05
9.500000000000e-01,x,-1.506666666667e+00,-2.075488163462e-04,-2.169473018945e-04,9.398485548323e-06
9.500000000000e-01,x,-1.493333333333e+00,-3.071200846469e-04,-3.093656294295e-04,2.245544782546e-06
9.500000000000e-01,x,-1.480000000000e+00,-4.455057760886e-04,-4.381384159936e-04,-7.367360094952e-06
9.500000000000e-01,x,-1.466666666667e+00,-6.326921417414e-04,-6.138156755444e-04,-1.887646619700e-05
9.500000000000e-01,x,-1.453333333333e+00,-8.792520560588e-04,-8.484413301371e-04,-3.081072592167e-05
9.500000000000e-01,x,-1.440000000000e+00,-1.197159630019e-03,-1.155079553531e-03,-4.208007648815e-05
9.500000000000e-01,x,-1.426666666667e+00,-1.599006367351e-03,-1.546982965068e-03,-5.202340228290e-05
9.500000000000e-01,x,-1.413333333333e+00,-2.095791858731e-03,-2.036344896406e-03,-5.944696232593e-05
9.500000000000e-01,x,-1.400000000000e+00,-2.695575094156e-03,-2.632615569685e-03,-6.295952447033e-05
9.500000000000e-01,x,-1.386666666667e+00,-3.401563635711e-03,-3.340419865608e-03,-6.114377010319e-05
9.500000000000e-01,x,-1.373333333333e+00,-4.207051491518e-03,-4.157190551013e-03,-4.986094050538e-05
9.500000000000e-01,x,-1.360000000000e+00,-5.096491964537e-03,-5.070719087143e-03,-2.577287739395e-05
9.500000000000e-01,x,-1.346666666667e+00,-6.046660043792e-03,-6.056915197711e-03,1.025515391886e-05
9.500000000000e-01,x,-1.333333333333e+00,-7.025745928837e-03,-7.078140421694e-03,5.239449285665e-05
9.500000000000e-01,x,-1.320000000000e+00,-7.989776654332e-03,-8.082521175255e-03,9.274452092367e-05
9.500000000000e-01,x,-1.306666666667e+00,-8.874075706206e-03,-9.004634716402e-03,1.305590101953e-04
9.500000000000e-01,x,-1.293333333333e+00,-9.604237312275e-03,-9.767882221392e-03,1.636449091175e-04
9.500000000000e-01,x,-1.280000000000e+00,-1.010238442606e-02,-1.028871078362e-02,1.863263575574e-04
9.500000000000e-01,x,-1.266666666667e+00,-1.029114007846e-02,-1.048262667567e-02,1.914865972094e-04
9.500000000000e-01,x,-1.253333333333e+00,-1.010102943632e-02,-1.027167628891e-02,1.706468525905e-04
9.500000000000e-01,x,-1.240000000000e+00,-9.477980005041e-03,-9.592793396179e-03,1.148133911387e-04
9.500000000000e-01,x,-1.226666666667e+00,-8.381998917359e-03,-8.406166690456e-03,2.416777309675e-05
9.500000000000e-01,x,-1.213333333333e+00,-6.791261540576e-03,-6.702618351439e-03,-8.864318913636e-05
9.500000000000e-01,x,-1.200000000000e+00,-4.707901668629e-03,-4.508945566617e-03,-1.989561020123e-04
9.500000000000e-01,x,-1.186666666667e+00,-2.183403196622e-03,-1.890290239830e-03,-2.931129567914e-04
9.500000000000e-01,x,-1.173333333333e+00,6.797686731068e-04,1.051127885207e-03,-3.713592121006e-04
9.500000000000e-01,x,-1.160000000000e+00,3.754650858539e-03,4.181175856311e-03,-4.265249977726e-04
9.500000000000e-01,x,-1.146666666667e+00,6.896437879745e-03,7.342643822882e-03,-4.462059431368e-04
9.500000000000e-01,x,-1.133333333333e+00,9.949253223569e-03,1.036702643545e-02,-4.177732118787e-04
9.500000000000e-01,x,-1.120000000000e+00,1.275717550928e-02,1.308808833131e-02,-3.309128220346e-04
9.500000000000e-01,x,-1.106666666667e+00,1.516964618789e-02,1.535575839385e-02,-1.861122059555e-04
9.500000000000e-01,x,-1.093333333333e+00,1.704744984942e-02,1.704879755107e-02,-1.347701656849e-06
9.500000000000e-01,x,-1.080000000000e+00,1.827232918728e-02,1.808480264976e-02,1.875265375265e-04
9.500000000000e-01,x,-1.066666666667e+00,1.876656367661e-02,1.842643120089e-02,3.401324757225e-04
9.500000000000e-01,x,-1.053333333333e+00,1.853679090713e-02,1.808321041877e-02,4.535804883532e-04
9.500000000000e-01,x,-1.040000000000e+00,1.763930952296e-02,1.710885446866e-02,5.304550542991e-04
9.500000000000e-01,x,-1.026666666667e+00,1.616196106220e-02,1.559456905215e-02,5.673920100550e-04
9.500000000000e-01,x,-1.013333333333e+00,1.421838609141e-02,1.365928861191e-02,5.590974795013e-04
9.500000000000e-01,x,-1.000000000000e+00,1.194014178827e-02,1.143810300026e-02,5.020387880120e-04
9.500000000000e-01,x,-9.866666666667e-01,9.467856051088e-03,9.070250894418e-03,3.976051566691e-04
9.500000000000e-01,x,-9.733333333333e-01,6.947189663738e-03,6.687983603985e-03,2.592060597527e-04
9.500000000000e-01,x,-9.600000000000e-01,4.520627074163e-03,4.407363730987e-03,1.132633431765e-04
9.500000000000e-01,x,-9.466666666667e-01,2.317490751627e-03,2.321710578211e-03,-4.219826583499e-06
9.500000000000e-01,x,-9.333333333333e-01,4.214941653332e-04,4.980025799416e-04,-7.650841460846e-05
9.500000000000e-01,x,-9.200000000000e-01,-1.138083660686e-03,-1.023839624193e-03,-1.142440364921e-04
9.500000000000e-01,x,-9.066666666667e-01,-2.356539620302e-03,-2.229184654072e-03,-1.273549662304e-04
9.500000000000e-01,x,-8.933333333333e-01,-3.248753761608e-03,-3.125048104912e-03,-1.237056566959e-04
9.500000000000e-01,x,-8.800000000000e-01,-3.845113683124e-03,-3.735289399102e-03,-1.098242840224e-04
9.500000000000e-01,x,-8.666666666667e-01,-4.183209036132e-03,-4.095353293413e-03,-8.785574271945e-05
9.500000000000e-01,x,-8.533333333333e-01,-4.306411541462e-03,-4.247167648958e-03,-5.924389250428e-05
9.500000000000e-01,x,-8.400000000000e-01,-4.263648655193e-03,-4.234659242434e-03,-2.898941275928e-05
9.500000000000e-01,x,-8.266666666667e-01,-4.105448866920e-03,-4.100176167193e-03,-5.272699727168e-06
9.500000000000e-01,x,-8.133333333333e-01,-3.878032716686e-03,-3.881937486425e-03,3.904769738449e-06
9.500000000000e-01,x,-8.000000000000e-01,-3.611685675941e-03,-3.612489488726e-03,8.038127847624e-07
9.500000000000e-01,x,-7.866666666667e-01,-3.326896368104e-03,-3.318045299574e-03,-8.851068529917e-06
9.500000000000e-01,x,-7.733333333333e-01,-3.037985201012e-03,-3.018524135967e-03,-1.946106504513e-05
9.500000000000e-01,x,-7.600000000000e-01,-2.753354269513e-03,-2.728084595074e-03,-2.526967443868e-05
9.500000000000e-01,x,-7.466666666667e-01,-2.478859346124e-03,-2.455954960807e-03,-2.290438531628e-05
9.500000000000e-01,x,-7.333333333333e-01,-2.223384710784e-03,-2.207392523302e-03,-1.599218748249e-05
9.500000000000e-01,x,-7.200000000000e-01,-1.992300857144e-03,-1.984643401994e-03,-7.657455150616e-06
9.500000000000e-01,x,-7.066666666667e-01,-1.786993618546e-03,-1.787816017553e-03,8.223990074537e-07
9.500000000000e-01,x,-6.933333333333e-01,-1.605768392119e-03,-1.615619205627e-03,9.850813507584e-06
9.500000000000e-01,x,-6.800000000000e-01,-1.445462177197e-03,-1.465946529529e-03,2.048435233206e-05
9.500000000000e-01,x,-6.666666666667e-01,-1.302729711184e-03,-1.336310327440e-03,3.358061625585e-05
9.500000000000e-01,x,-6.533333333333e-01,-1.174527817271e-03,-1.224142739093e-03,4.961492182264e-05
9.500000000000e-01,x,-6.400000000000e-01,-1.060311115718e-03,-1.126987714147e-03,6.667659842910e-05
9.500000000000e-01,x,-6.266666666667e-01,-9.636255292498e-04,-1.042609571731e-03,7.898404248086e-05
9.500000000000e-01,x,-6.133333333333e-01,-8.797790095671e-04,-9.690418453143e-04,8.926283574720e-05
9.500000000000e-01,x,-6.000000000000e-01,-8.007756895314e-04,-9.045964556662e-04,1.038207661348e-04
9.500000000000e-01,x,-5.866666666667e-01,-7.262283424481e-04,-8.478488869577e-04,1.216205445095e-04
9.500000000000e-01,x,-5.733333333333e-01,-6.635856071013e-04,-7.976107896364e-04,1.340251825351e-04
9.500000000000e-01,x,-5.600000000000e-01,-6.243576765930e-04,-7.528977507351e-04,1.285400741421e-04
9.500000000000e-01,x,-5.466666666667e-01,-6.017633255977e-04,-7.128970481268e-04,1.111337225291e-04
9.500000000000e-01,x,-5.333333333333e-01,-5.864644105418e-04,-6.769380529939e-04,9.047364245210e-05
9.500000000000e-01,x,-5.200000000000e-01,-5.746853992454e-04,-6.444664748256e-04,6.978107558022e-05
9.500000000000e-01,x,-5.066666666667e-01,-5.658556130454e-04,-6.150227202915e-04,4.916710724607e-05
9.500000000000e-01,x,-4.933333333333e-01,-5.610632547325e-04,-5.882241186916e-04,2.716086395911e-05
9.500000000000e-01,x,-4.800000000000e-01,-5.623720469808e-04,-5.637505244870e-04,1.378477506217e-06
9.500000000000e-01,x,-4.666666666667e-01,-5.704394923854e-04,-5.413327385185e-04,-2.910675386690e-05
9.500000000000e-01,x,-4.533333333333e-01,-5.822123194149e-04,-5.207432174789e-04,-6.146910193593e-05
9.500000000000e-01,x,-4.400000000000e-01,-5.883173233137e-04,-5.017886136824e-04,-8.652870963135e-05
9.500000000000e-01,x,-4.266666666667e-01,-5.868174482580e-04,-4.843037714276e-04,-1.025136768304e-04
9.500000000000e-01,x,-4.133333333333e-01,-5.910121853842e-04,-4.681468841635e-04,-1.228653012207e-04
9.500000000000e-01,x,-4.000000000000e-01,-6.053462001673e-04,-4.531955802883e-04,-1.521506198789e-04
9.500000000000e-01,x,-3.866666666667e-01,-6.225130971602e-04,-4.393437533012e-04,-1.831693438590e-04
9.500000000000e-01,x,-3.733333333333e-01,-6.237200449680e-04,-4.264989864266e-04,-1.972210585414e-04
9.500000000000e-01,x,-3.600000000000e-01,-6.120688617422e-04,-4.145804466401e-04,-1.974884151021e-04
9.500000000000e-01,x,-3.466666666667e-01,-6.058978571604e-04,-4.035171423824e-04,-2.023807147780e-04
9.500000000000e-01,x,-3.333333333333e-01,-6.097395917047e-04,-3.932464566093e-04,-2.164931350954e-04
9.500000000000e-01,x,-3.200000000000e-01,-6.140830390952e-04,-3.837128844599e-04,-2.303701546353e-04
9.500000000000e-01,x,-3.066666666667e-01,-6.007464589016e-04,-3.748669236047e-04,-2.258795352969e-04
9.500000000000e-01,x,-2.933333333333e-01,-5.798002167454e-04,-3.666640848597e-04,-2.131361318857e-04
9.500000000000e-01,x,-2.800000000000e-01,-5.657373120867e-04,-3.590640094652e-04,-2.066733026214e-04
9.500000000000e-01,x,-2.666666666667e-01,-5.603391156929e-04,-3.520296955621e-04,-2.083094201308e-04
9.500000000000e-01,x,-2.533333333333e-01,-5.538014986130e-04,-3.455268477970e-04,-2.082746508160e-04
9.500000000000e-01,x,-2.400000000000e-01,-5.345032774142e-04,-3.395233690884e-04,-1.949799083258e-04
9.500000000000e-01,x,-2.266666666667e-01,-5.130983465972e-04,-3.339890116901e-04,-1.791093349071e-04
9.500000000000e-01,x,-2.133333333333e-01,-4.974476291765e-04,-3.288951962195e-04,-1.685524329570e-04
9.500000000000e-01,x,-2.000000000000e-01,-4.871313635503e-04,-3.242149938225e-04,-1.629163697278e-04
9.500000000000e-01,x,-1.866666666667e-01,-4.748289157670e-04,-3.199232505897e-04,-1.549056651773e-04
9.500000000000e-01,x,-1.733333333333e-01,-4.562639512782e-04,-3.159968176997e-04,-1.402671335785e-04
9.500000000000e-01,x,-1.600000000000e-01,-4.379824238783e-04,-3.124148384797e-04,-1.255675853986e-04
9.500000000000e-01,x,-1.466666666667e-01,-4.233614484989e-04,-3.091590370361e-04,-1.142024114628e-04
9.500000000000e-01,x,-1.333333333333e-01,-4.120955065089e-04,-3.062139536716e-04,-1.058815528374e-04
9.500000000000e-01,x,-1.200000000000e-01,-4.013649286158e-04,-3.035670801044e-04,-9.779784851140e-05
9.500000000000e-01,x,-1.066666666667e-01,-3.903028441512e-04,-3.012088614068e-04,-8.909398274433e-05
9.500000000000e-01,x,-9.333333333333e-02,-3.802341681301e-04,-2.991325494866e-04,-8.110161864356e-05
9.500000000000e-01,x,-8.000000000000e-02,-3.715790763730e-04,-2.973339122121e-04,-7.424516416083e-05
9.500000000000e-01,x,-6.666666666667e-02,-3.644045845985e-04,-2.958108202673e-04,-6.859376433114e-05
9.500000000000e-01,x,-5.333333333333e-02,-3.589573448731e-04,-2.945627482875e-04,-6.439459658561e-05
9.500000000000e-01,x,-4.000000000000e-02,-3.543944698777e-04,-2.935902363186e-04,-6.080423355907e-05
9.500000000000e-01,x,-2.666666666667e-02,-3.499693633786e-04,-2.928943615439e-04,-5.707500183466e-05
9.500000000000e-01,x,-1.333333333333e-02,-3.460091094697e-04,-2.924762687327e-04,-5.353284073694e-05
9.500000000000e-01,x,0.000000000000e+00,-3.440804395355e-04,-2.923368017451e-04,-5.174363779037e-05
9.500000000000e-01,x,1.333333333333e-02,-3.460082271030e-04,-2.924762687327e-04,-5.353195837028e-05
9.500000000000e-01,x,2.666666666667e-02,-3.499676107687e-04,-2.928943615439e-04,-5.707324922482e-05
9.500000000000e-01,x,4.000000000000e-02,-3.543918770801e-04,-2.935902363186e-04,-6.080164076151e-05
9.500000000000e-01,x,5.333333333333e-02,-3.589539728843e-04,-2.945627482875e-04,-6.439122459686e-05
9.500000000000e-01,x,6.666666666667e-02,-3.644005476331e-04,-2.958108202673e-04,-6.858972736578e-05
9.500000000000e-01,x,8.000000000000e-02,-3.715745145295e-04,-2.973339122121e-04,-7.424060231734e-05
9.500000000000e-01,x,9.333333333333e-02,-3.802291653810e-04,-2.991325494866e-04,-8.109661589443e-05
9.500000000000e-01,x,1.066666666667e-01,-3.902974522173e-04,-3.012088614068e-04,-8.908859081051e-05
9.500000000000e-01,x,1.200000000000e-01,-4.013592053546e-04,-3.035670801044e-04,-9.779212525026e-05
9.500000000000e-01,x,1.333333333333e-01,-4.120895542007e-04,-3.062139536716e-04,-1.058756005291e-04
9.500000000000e-01,x,1.466666666667e-01,-4.233553661992e-04,-3.091590370361e-04,-1.141963291631e-04
9.500000000000e-01,x,1.600000000000e-01,-4.379762551600e-04,-3.124148384797e-04,-1.255614166803e-04
9.500000000000e-01,x,1.733333333333e-01,-4.562577241243e-04,-3.159968176997e-04,-1.402609064246e-04
9.500000000000e-01,x,1.866666666667e-01,-4.748226845747e-04,-3.199232505897e-04,-1.548994339849e-04
9.500000000000e-01,x,2.000000000000e-01,-4.871252366816e-04,-3.242149938225e-04,-1.629102428591e-04
9.500000000000e-01,x,2.133333333333e-01,-4.974416922315e-04,-3.288951962195e-04,-1.685464960120e-04
9.500000000000e-01,x,2.266666666667e-01,-5.130926357679e-04,-3.339890116901e-04,-1.791036240779e-04
9.500000000000e-01,x,2.400000000000e-01,-5.344978176981e-04,-3.395233690884e-04,-1.949744486097e-04
9.500000000000e-01,x,2.533333333333e-01,-5.537963417479e-04,-3.455268477970e-04,-2.082694939508e-04
9.500000000000e-01,x,2.666666666667e-01,-5.603343511755e-04,-3.520296955621e-04,-2.083046556134e-04
9.500000000000e-01,x,2.800000000000e-01,-5.657329828074e-04,-3.590640094652e-04,-2.066689733421e-04
9.500000000000e-01,x,2.933333333333e-01,-5.797963178567e-04,-3.666640848597e-04,-2.131322329970e-04
9.500000000000e-01,x,3.066666666667e-01,-6.007429689710e-04,-3.748669236047e-04,-2.258760453663e-04
9.500000000000e-01,x,3.200000000000e-01,-6.140799488930e-04,-3.837128844599e-04,-2.303670644331e-04
9.500000000000e-01,x,3.333333333333e-01,-6.097369032818e-04,-3.932464566093e-04,-2.164904466724e-04
9.500000000000e-01,x,3.466666666667e-01,-6.058955443517e-04,-4.035171423824e-04,-2.023784019693e-04
9.500000000000e-01,x,3.600000000000e-01,-6.120668781857e-04,-4.145804466401e-04,-1.974864315455e-04
9.500000000000e-01,x,3.733333333333e-01,-6.237183347317e-04,-4.264989864266e-04,-1.972193483051e-04
9.500000000000e-01,x,3.866666666667e-01,-6.225115996394e-04,-4.393437533012e-04,-1.831678463382e-04
9.500000000000e-01,x,4.000000000000e-01,-6.053448754225e-04,-4.531955802883e-04,-1.521492951342e-04
9.500000000000e-01,x,4.133333333333e-01,-5.910110396075e-04,-4.681468841635e-04,-1.228641554440e-04
9.500000000000e-01,x,4.266666666667e-01,-5.868165240039e-04,-4.843037714276e-04,-1.025127525764e-04
9.500000000000e-01,x,4.400000000000e-01,-5.883166813107e-04,-5.017886136824e-04,-8.652806762830e-05
9.500000000000e-01,x,4.533333333333e-01,-5.822120172895e-04,-5.207432174789e-04,-6.146879981051e-05
9.500000000000e-01,x,4.666666666667e-01,-5.704396026092e-04,-5.413327385185e-04,-2.910686409071e-05
9.500000000000e-01,x,4.800000000000e-01,-5.623726581718e-04,-5.637505244870e-04,1.377866315125e-06
9.500000000000e-01,x,4.933333333333e-01,-5.610644458770e-04,-5.882241186916e-04,2.715967281456e-05
9.500000000000e-01,x,5.066666666667e-01,-5.658574301242e-04,-6.150227202915e-04,4.916529016723e-05
9.500000000000e-01,x,5.200000000000e-01,-5.746878423781e-04,-6.444664748256e-04,6.977863244747e-05
9.500000000000e-01,x,5.333333333333e-01,-5.864674551228e-04,-6.769380529939e-04,9.047059787105e-05
9.500000000000e-01,x,5.466666666667e-01,-6.017669188193e-04,-7.128970481268e-04,1.111301293076e-04
9.500000000000e-01,x,5.600000000000e-01,-6.243617231147e-04,-7.528977507351e-04,1.285360276204e-04
9.500000000000e-01,x,5.733333333333e-01,-6.635899571203e-04,-7.976107896364e-04,1.340208325161e-04
9.500000000000e-01,x,5.866666666667e-01,-7.262328101297e-04,-8.478488869577e-04,1.216160768280e-04
9.500000000000e-01,x,6.000000000000e-01,-8.007801174580e-04,-9.045964556662e-04,1.038163382082e-04
9.500000000000e-01,x,6.133333333333e-01,-8.797832679281e-04,-9.690418453143e-04,8.925857738614e-05
9.500000000000e-01,x,6.266666666667e-01,-9.636295000561e-04,-1.042609571731e-03,7.898007167458e-05
9.500000000000e-01,x,6.400000000000e-01,-1.060314675763e-03,-1.126987714147e-03,6.667303838380e-05
9.500000000000e-01,x,6.533333333333e-01,-1.174530866952e-03,-1.224142739093e-03,4.961187214131e-05
9.500000000000e-01,x,6.666666666667e-01,-1.302732221223e-03,-1.336310327440e-03,3.357810621721e-05
9.500000000000e-01,x,6.800000000000e-01,-1.445464171028e-03,-1.465946529529e-03,2.048235850091e-05
9.500000000000e-01,x,6.933333333333e-01,-1.605769921186e-03,-1.615619205627e-03,9.849284440354e-06
9.500000000000e-01,x,7.066666666667e-01,-1.786994740392e-03,-1.787816017553e-03,8.212771615468e-07
9.500000000000e-01,x,7.200000000000e-01,-1.992301646911e-03,-1.984643401994e-03,-7.658244917516e-06
9.500000000000e-01,x,7.333333333333e-01,-2.223385263795e-03,-2.207392523302e-03,-1.599274049315e-05
9.500000000000e-01,x,7.466666666667e-01,-2.478859752652e-03,-2.455954960807e-03,-2.290479184432e-05
9.500000000000e-01,x,7.600000000000e-01,-2.753354587466e-03,-2.728084595074e-03,-2.526999239187e-05
9.500000000000e-01,x,7.733333333333e-01,-3.037985438911e-03,-3.018524135967e-03,-1.946130294456e-05
9.500000000000e-01,x,7.866666666667e-01,-3.326896542353e-03,-3.318045299574e-03,-8.851242778340e-06
9.500000000000e-01,x,8.000000000000e-01,-3.611685811072e-03,-3.612489488726e-03,8.036776544319e-07
9.500000000000e-01,x,8.133333333333e-01,-3.878032810985e-03,-3.881937486425e-03,3.904675439986e-06
9.500000000000e-01,x,8.266666666667e-01,-4.105448855305e-03,-4.100176167193e-03,-5.272688111797e-06
9.500000000000e-01,x,8.400000000000e-01,-4.263648418690e-03,-4.234659242434e-03,-2.898917625586e-05
9.500000000000e-01,x,8.533333333333e-01,-4.306411018714e-03,-4.247167648958e-03,-5.924336975633e-05
9.500000000000e-01,x,8.666666666667e-01,-4.183208211938e-03,-4.095353293413e-03,-8.785491852494e-05
9.500000000000e-01,x,8.800000000000e-01,-3.845112555686e-03,-3.735289399102e-03,-1.098231565845e-04
9.500000000000e-01,x,8.933333333333e-01,-3.248752317665e-03,-3.125048104912e-03,-1.237042127536e-04
9.500000000000e-01,x,9.066666666667e-01,-2.356537849708e-03,-2.229184654072e-03,-1.273531956361e-04
9.500000000000e-01,x,9.200000000000e-01,-1.138081597715e-03,-1.023839624193e-03,-1.142419735220e-04
9.500000000000e-01,x,9.333333333333e-01,4.214964451925e-04,4.980025799416e-04,-7.650613474912e-05
9.500000000000e-01,x,9.466666666667e-01,2.317493127964e-03,2.321710578211e-03,-4.217450246427e-06
9.500000000000e-01,x,9.600000000000e-01,4.520629372538e-03,4.407363730987e-03,1.132656415512e-04
9.500000000000e-01,x,9.733333333333e-01,6.947191726309e-03,6.687983603985e-03,2.592081223237e-04
9.500000000000e-01,x,9.866666666667e-01,9.467857788919e-03,9.070250894418e-03,3.976068945008e-04
9.500000000000e-01,x,1.000000000000e+00,1.194014315446e-02,1.143810300026e-02,5.020401541972e-04
9.500000000000e-01,x,1.013333333333e+00,1.421838705090e-02,1.365928861191e-02,5.590984389863e-04
9.500000000000e-01,x,1.026666666667e+00,1.616196157078e-02,1.559456905215e-02,5.673925186341e-04
9.500000000000e-01,x,1.040000000000e+00,1.763930957972e-02,1.710885446866e-02,5.304551110565e-04
9.500000000000e-01,x,1.053333333333e+00,1.853679056077e-02,1.808321041877e-02,4.535801420001e-04
9.500000000000e-01,x,1.066666666667e+00,1.876656299878e-02,1.842643120089e-02,3.401317978912e-04
9.500000000000e-01,x,1.080000000000e+00,1.827232825034e-02,1.808480264976e-02,1.875256005853e-04
9.500000000000e-01,x,1.093333333333e+00,1.704744871660e-02,1.704879755107e-02,-1.348834470630e-06
9.500000000000e-01,x,1.106666666667e+00,1.516964493175e-02,1.535575839385e-02,-1.861134621016e-04
9.500000000000e-01,x,1.120000000000e+00,1.275717420697e-02,1.308808833131e-02,-3.309141243364e-04
9.500000000000e-01,x,1.133333333333e+00,9.949251953714e-03,1.036702643545e-02,-4.177744817344e-04
9.500000000000e-01,x,1.146666666667e+00,6.896436726737e-03,7.342643822882e-03,-4.462070961452e-04
9.500000000000e-01,x,1.160000000000e+00,3.754649894777e-03,4.181175856311e-03,-4.265259615340e-04
9.500000000000e-01,x,1.173333333333e+00,6.797679276483e-04,1.051127885207e-03,-3.713599575591e-04
9.500000000000e-01,x,1.186666666667e+00,-2.183403729156e-03,-1.890290239830e-03,-2.931134893254e-04
9.500000000000e-01,x,1.200000000000e+00,-4.707902011549e-03,-4.508945566617e-03,-1.989564449323e-04
9.500000000000e-01,x,1.213333333333e+00,-6.791261718777e-03,-6.702618351439e-03,-8.864336733797e-05
9.500000000000e-01,x,1.226666666667e+00,-8.381998960852e-03,-8.406166690456e-03,2.416772960417e-05
9.500000000000e-01,x,1.240000000000e+00,-9.477979953309e-03,-9.592793396179e-03,1.148134428699e-04
9.500000000000e-01,x,1.253333333333e+00,-1.010102932485e-02,-1.027167628891e-02,1.706469640631e-04
9.500000000000e-01,x,1.266666666667e+00,-1.029113993171e-02,-1.048262667567e-02,1.914867439540e-04
9.500000000000e-01,x,1.280000000000e+00,-1.010238425427e-02,-1.028871078362e-02,1.863265293471e-04
9.500000000000e-01,x,1.293333333333e+00,-9.604237119348e-03,-9.767882221392e-03,1.636451020444e-04
9.500000000000e-01,x,1.306666666667e+00,-8.874075495001e-03,-9.004634716402e-03,1.305592214003e-04
9.500000000000e-01,x,1.320000000000e+00,-7.989776431181e-03,-8.082521175255e-03,9.274474407437e-05
9.500000000000e-01,x,1.333333333333e+00,-7.025745711994e-03,-7.078140421694e-03,5.239470969995e-05
9.500000000000e-01,x,1.346666666667e+00,-6.046659862924e-03,-6.056915197711e-03,1.025533478657e-05
9.500000000000e-01,x,1.360000000000e+00,-5.096491835540e-03,-5.070719087143e-03,-2.577274839700e-05
9.500000000000e-01,x,1.373333333333e+00,-4.207051414530e-03,-4.157190551013e-03,-4.986086351730e-05
9.500000000000e-01,x,1.386666666667e+00,-3.401563603418e-03,-3.340419865608e-03,-6.114373780952e-05
9.500000000000e-01,x,1.400000000000e+00,-2.695575091496e-03,-2.632615569685e-03,-6.295952181057e-05
9.500000000000e-01,x,1.413333333333e+00,-2.095791869093e-03,-2.036344896406e-03,-5.944697268711e-05
9.500000000000e-01,x,1.426666666667e+00,-1.599006380051e-03,-1.546982965068e-03,-5.202341498283e-05
9.500000000000e-01,x,1.440000000000e+00,-1.197159639531e-03,-1.155079553531e-03,-4.208008600011e-05
9.500000000000e-01,x,1.453333333333e+00,-8.792520602126e-04,-8.484413301371e-04,-3.081073007547e-05
9.500000000000e-01,x,1.466666666667e+00,-6.326921406553e-04,-6.138156755444e-04,-1.887646511093e-05
9.500000000000e-01,x,1.480000000000e+00,-4.455057706013e-04,-4.381384159936e-04,-7.367354607707e-06
9.500000000000e-01,x,1.493333333333e+00,-3.071200761192e-04,-3.093656294295e-04,2.245553310300e-06
9.500000000000e-01,x,1.506666666667e+00,-2.075488068730e-04,-2.169473018945e-04,9.398495021528e-06
9.500000000000e-01,x,1.520000000000e+00,-1.375806898107e-04,-1.520194652350e-04,1.443877542428e-05
9.500000000000e-01,x,1.533333333333e+00,-8.907207274967e-05,-1.073950870499e-04,1.832301430026e-05
9.500000000000e-01,x,1.546666666667e+00,-5.608246725018e-05,-7.742690091421e-05,2.134443366403e-05
9.500000000000e-01,x,1.560000000000e+00,-3.435372172676e-05,-5.780208308388e-05,2.344836135712e-05
9.500000000000e-01,x,1.573333333333e+00,-2.054293102543e-05,-4.531311925703e-05,2.477018823160e-05
9.500000000000e-01,x,1.586666666667e+00,-1.206328035774e-05,-3.763429420055e-05,2.557101384280e-05
9.500000000000e-01,x,1.600000000000e+00,-6.979294740418e-06,-3.312078334710e-05,2.614148860668e-05
9.500000000000e-01,x,1.613333333333e+00,-4.014261007633e-06,-3.063807595962e-05,2.662381495199e-05
9.500000000000e-01,x,1.626666666667e+00,-2.333744002272e-06,-2.942333861977e-05,2.708959461749e-05
9.500000000000e-01,x,1.640000000000e+00,-1.406644358096e-06,-2.897676305174e-05,2.757011869365e-05
9.500000000000e-01,x,1.653333333333e+00,-9.239687730225e-07,-2.897918677222e-05,2.805521799919e-05
9.500000000000e-01,x,1.666666666667e+00,-7.023694370381e-07,-2.923164737654e-05,2.852927793950e-05
9.500000000000e-01,x,1.680000000000e+00,-5.958625832448e-07,-2.961253449401e-05,2.901667191076e-05
9.500000000000e-01,x,1.693333333333e+00,-5.234470280471e-07,-3.004833524965e-05,2.952488822161e-05
9.500000000000e-01,x,1.706666666667e+00,-4.566017038934e-07,-3.049446846239e-05,3.003786675850e-05
9.500000000000e-01,x,1.720000000000e+00,-4.017179420949e-07,-3.092328358503e-05,3.052156564293e-05
9.500000000000e-01,x,1.733333333333e+00,-3.630163598276e-07,-3.131690406661e-05,3.095388770678e-05
9.500000000000e-01,x,1.746666666667e+00,-3.286353894330e-07,-3.166317146949e-05,3.133453608006e-05
9.500000000000e-01,x,1.760000000000e+00,-2.939031102681e-07,-3.195345519806e-05,3.165955208779e-05
9.500000000000e-01,x,1.773333333333e+00,-2.606607809987e-07,-3.218150709054e-05,3.192084630954e-05
9.500000000000e-01,x,1.786666666667e+00,-2.347072615594e-07,-3.234285259476e-05,3.210814533320e-05
9.500000000000e-01,x,1.800000000000e+00,-2.161054406144e-07,-3.243442859773e-05,3.221832315712e-05
9.500000000000e-01,x,1.813333333333e+00,-2.014196112328e-07,-3.245431937835e-05,3.225289976711e-05
9.500000000000e-01,x,1.826666666667e+00,-1.890308576703e-07,-3.240152660388e-05,3.221249574621e-05
9.500000000000e-01,x,1.840000000000e+00,-1.790722515485e-07,-3.227575499852e-05,3.209668274698e-05
9.500000000000e-01,x,1.853333333333e+00,-1.726541514515e-07,-3.207721655218e-05,3.190456240073e-05
9.500000000000e-01,x,1.866666666667e+00,-1.693015915174e-07,-3.180646302915e-05,3.163716143763e-05
9.500000000000e-01,x,1.880000000000e+00,-1.685336539151e-07,-3.146425580004e-05,3.129572214613e-05
9.500000000000e-01,x,1.893333333333e+00,-1.705565968424e-07,-3.105147796253e-05,3.088092136569e-05
9.500000000000e-01,x,1.906666666667e+00,-1.760230989295e-07,-3.056908903438e-05,3.039306593545e-05
9.500000000000e-01,x,1.920000000000e+00,-1.845969530517e-07,-3.001811880456e-05,2.983352185151e-05
9.500000000000e-01,x,1.933333333333e+00,-1.929742833855e-07,-2.939969502304e-05,2.920672073965e-05
9.500000000000e-01,x,1.946666666667e+00,-1.982284802574e-07,-2.871509966718e-05,2.851687118692e-05
9.500000000000e-01,x,1.960000000000e+00,-1.991355164057e-07,-2.796585019787e-05,2.776671468146e-05
9.500000000000e-01,x,1.973333333333e+00,-1.969891577932e-07,-2.715380479759e-05,2.695681563979e-05
9.500000000000e-01,x,1.986666666667e+00,-2.000705449806e-07,-2.628129313888e-05,2.608122259390e-05
9.500000000000e-01,x,2.000000000000e+00,-2.240356060502e-07,-2.535127580506e-05,2.512724019901e-05
9.500000000000e-01,y,-2.000000000000e+00,1.643178504916e-08,-7.418510346074e-07,7.582828196565e-07
9.500000000000e-01,y,-1.986666666667e+00,1.669909371908e-08,-5.976700192946e-07,6.143691130137e-07
9.500000000000e-01,y,-1.973333333333e+00,1.617826274864e-08,-4.585702715539e-07,4.747485343025e-07
9.500000000000e-01,y,-1.960000000000e+00,1.546449224059e-08,-3.359903760282e-07,3.514548682687e-07
9.500000000000e-01,y,-1.946666666667e+00,1.486930115659e-08,-2.413773035869e-07,2.562466047435e-07
9.500000000000e-01,y,-1.933333333333e+00,1.443732974302e-08,-1.854573535827e-07,1.998946833258e-07
9.500000000000e-01,y,-1.920000000000e+00,1.412637533489e-08,-1.773529010586e-07,1.914792763935e-07
9.500000000000e-01,y,-1.906666666667e+00,1.384205855462e-08,-2.236606357812e-07,2.375026943358e-07
9.500000000000e-01,y,-1.893333333333e+00,1.348153153832e-08,-3.276443588379e-07,3.411258903763e-07
9.500000000000e-01,y,-1.880000000000e+00,1.303156965105e-08,-4.887141391682e-07,5.017457088192e-07
9.500000000000e-01,y,-1.866666666667e+00,1.252030193531e-08,-7.023524626339e-07,7.148727645692e-07
9.500000000000e-01,y,-1.853333333333e+00,1.198259830188e-08,-9.605993345117e-07,9.725819328136e-07
9.500000000000e-01,y,-1.840000000000e+00,1.144876729463e-08,-1.253123473042e-06,1.264572240337e-06
9.500000000000e-01,y,-1.826666666667e+00,1.094115952104e-08,-1.568798520644e-06,1.579739680165e-06
9.500000000000e-01,y,-1.813333333333e+00,1.046751092319e-08,-1.897593735174e-06,1.908061246097e-06
9.500000000000e-01,y,-1.800000000000e+00,1.001797212283e-08,-2.232503144793e-06,2.242521116916e-06
9.500000000000e-01,y,-1.786666666667e+00,9.574467852988e-09,-2.571195818139e-06,2.580770285992e-06
9.500000000000e-01,y,-1.773333333333e+00,9.109683345157e-09,-2.917081103504e-06,2.926190786849e-06
9.500000000000e-01,y,-1.760000000000e+00,8.609723637768e-09,-3.279540799629e-06,3.288150523266e-06
9.500000000000e-01,y,-1.746666666667e+00,8.088804101020e-09,-3.673169030141e-06,3.681257834242e-06
9.500000000000e-01,y,-1.733333333333e+00,7.555257938832e-09,-4.115961195762e-06,4.123516453701e-06
9.500000000000e-01,y,-1.720000000000e+00,7.005417645670e-09,-4.626493193094e-06,4.633498610740e-06
9.500000000000e-01,y,-1.706666666667e+00,6.427066540741e-09,-5.220230880728e-06,5.226657947268e-06
9.500000000000e-01,y,-1.693333333333e+00,5.820484254529e-09,-5.905219261150e-06,5.911039745405e-06
9.500000000000e-01,y,-1.680000000000e+00,5.197773659560e-09,-6.677536683092e-06,6.682734456752e-06
9.500000000000e-01,y,-1.666666666667e+00,4.550556549718e-09,-7.517067366565e-06,7.521617923114e-06
9.500000000000e-01,y,-1.653333333333e+00,3.849516457347e-09,-8.384327038863e-06,8.388176555320e-06
9.500000000000e-01,y,-1.640000000000e+00,3.055007750184e-09,-9.219219663291e-06,9.222274671041e-06
9.500000000000e-01,y,-1.626666666667e+00,2.183411026494e-09,-9.942627422392e-06,9.944810833419e-06
9.500000000000e-01,y,-1.613333333333e+00,1.255883442168e-09,-1.046155237432e-05,1.046280825776e-05
9.500000000000e-01,y,-1.600000000000e+00,2.608674454130e-10,-1.067807467429e-05,1.067833554174e-05
9.500000000000e-01,y,-1.586666666667e+00,-8.490065147597e-10,-1.050167430446e-05,1.050082529795e-05
9.500000000000e-01,y,-1.573333333333e+00,-2.125473634339e-09,-9.863582768882e-06,9.861457295248e-06
9.500000000000e-01,y,-1.560000000000e+00,-3.532592141196e-09,-8.730987798209e-06,8.727455206068e-06
9.500000000000e-01,y,-1.546666666667e+00,-5.066111189129e-09,-7.118367164837e-06,7.113301053647e-06
9.500000000000e-01,y,-1.533333333333e+00,-6.791021178352e-09,-5.093221964165e-06,5.086430942987e-06
9.500000000000e-01,y,-1.520000000000e+00,-8.848960700346e-09,-2.774154025667e-06,2.765305064966e-06
9.500000000000e-01,y,-1.506666666667e+00,-1.136109258835e-08,-3.205443140394e-07,3.091832214511e-07
9.500000000000e-01,y,-1.493333333333e+00,-1.435968082378e-08,2.085208691257e-06,-2.099568372081e-06
9.500000000000e-01,y,-1.480000000000e+00,-1.794041498962e-08,4.260247317410e-06,-4.278187732400e-06
9.500000000000e-01,y,-1.466666666667e+00,-2.227285270904e-08,6.044756054149e-06,-6.067028906858e-06
9.500000000000e-01,y,-1.453333333333e+00,-2.755647904591e-08,7.322177501258e-06,-7.349733980304e-06
9.500000000000e-01,y,-1.440000000000e+00,-3.353678224829e-08,8.032518163453e-06,-8.066054945701e-06
9.500000000000e-01,y,-1.426666666667e+00,-3.956488927926e-08,8.176568649004e-06,-8.216133538283e-06
9.500000000000e-01,y,-1.413333333333e+00,-4.510975089781e-08,7.810783460121e-06,-7.855893211019e-06
9.500000000000e-01,y,-1.400000000000e+00,-4.984521245375e-08,7.034457293634e-06,-7.084302506088e-06
9.500000000000e-01,y,-1.386666666667e+00,-5.354474705784e-08,5.972226179845e-06,-6.025770926902e-06
9.500000000000e-01,y,-1.373333333333e+00,-5.480188440005e-08,4.755508629834e-06,-4.810310514234e-06
9.500000000000e-01,y,-1.360000000000e+00,-5.232134999204e-08,3.506222339919e-06,-3.558543689911e-06
9.500000000000e-01,y,-1.346666666667e+00,-4.638236696626e-08,2.325138521429e-06,-2.371520888396e-06
9.500000000000e-01,y,-1.333333333333e+00,-3.952090821968e-08,1.285897188213e-06,-1.325418096432e-06
9.500000000000e-01,y,-1.320000000000e+00,-3.773372913100e-08,4.343740563150e-07,-4.721077854460e-07
9.500000000000e-01,y,-1.306666666667e+00,-5.267305508187e-08,-2.079288642497e-07,1.552558091679e-07
9.500000000000e-01,y,-1.293333333333e+00,-9.954853511684e-08,-6.383238991439e-07,5.387753640271e-07
9.500000000000e-01,y,-1.280000000000e+00,-1.958785756828e-07,-8.670704107748e-07,6.711918350920e-07
9.500000000000e-01,y,-1.266666666667e+00,-3.603263147530e-07,-9.126394525327e-07,5.523131377796e-07
9.500000000000e-01,y,-1.253333333333e+00,-6.130186734366e-07,-7.988728575010e-07,1.858541840644e-07
9.500000000000e-01,y,-1.240000000000e+00,-9.740623599797e-07,-5.540611705951e-07,-4.200011893846e-07
9.500000000000e-01,y,-1.226666666667e+00,-1.452422543281e-06,-2.113449104792e-07,-1.241077632802e-06
9.500000000000e-01,y,-1.213333333333e+00,-2.036452190296e-06,1.905251727540e-07,-2.226977363050e-06
9.500000000000e-01,y,-1.200000000000e+00,-2.682125279269e-06,6.070797466409e-07,-3.289205025910e-06
9.500000000000e-01,y,-1.186666666667e+00,-3.239541285224e-06,9.894039425544e-07,-4.228945227779e-06
9.500000000000e-01,y,-1.173333333333e+00,-3.453013057439e-06,1.286961559699e-06,-4.739974617138e-06
9.500000000000e-01,y,-1.160000000000e+00,-3.047806695869e-06,1.451381323618e-06,-4.499188019487e-06
9.500000000000e-01,y,-1.146666666667e+00,-1.755104982234e-06,1.439725735011e-06,-3.194830717245e-06
9.500000000000e-01,y,-1.133333333333e+00,6.782956424048e-07,1.214748539458e-06,-5.364528970534e-07
9.500000000000e-01,y,-1.120000000000e+00,4.637850633238e-06,7.384152321756e-07,3.899435401062e-06
9.500000000000e-01,y,-1.106666666667e+00,1.043433573617e-05,-4.668820466289e-08,1.048102394083e-05
9.500000000000e-01,y,-1.093333333333e+00,1.801967793344e-05,-1.255754379938e-06,1.927543231338e-05
9.500000000000e-01,y,-1.080000000000e+00,2.679962326030e-05,-3.130818969042e-06,2.993044222934e-05
9.500000000000e-01,y,-1.066666666667e+00,3.528363408691e-05,-6.155190166842e-06,4.143882425375e-05
9.500000000000e-01,y,-1.053333333333e+00,4.034420657623e-05,-1.123164176200e-05,5.157584833823e-05
9.500000000000e-01,y,-1.040000000000e+00,3.762389829258e-05,-1.994446119476e-05,5.756835948733e-05
9.500000000000e-01,y,-1.026666666667e+00,2.164730470883e-05,-3.492193592505e-05,5.656924063388e-05
9.500000000000e-01,y,-1.013333333333e+00,-1.426131557573e-05,-6.030264919543e-05,4.604133361970e-05
9.500000000000e-01,y,-1.000000000000e+00,-7.912862684549e-05,-1.022808886425e-04,2.315226179699e-05
9.500000000000e-01,y,-9.866666666667e-01,-1.855422533314e-04,-1.696594002223e-04,-1.588285310909e-05
9.500000000000e-01,y,-9.733333333333e-01,-3.465446305163e-04,-2.742713278169e-04,-7.227330269934e-05
9.500000000000e-01,y,-9.600000000000e-01,-5.742294379098e-04,-4.310547077316e-04,-1.431747301782e-04
9.500000000000e-01,y,-9.466666666667e-01,-8.785490053937e-04,-6.574907264382e-04,-2.210582789555e-04
9.500000000000e-01,y,-9.333333333333e-01,-1.265081093411e-03,-9.720821406271e-04,-2.929989527843e-04
9.500000000000e-01,y,-9.200000000000e-01,-1.733599323210e-03,-1.391591398954e-03,-3.420079242561e-04
9.500000000000e-01,y,-9.066666666667e-01,-2.277995379050e-03,-1.926919409679e-03,-3.510759693704e-04
9.500000000000e-01,y,-8.933333333333e-01,-2.884958901964e-03,-2.577808728076e-03,-3.071501738880e-04
9.500000000000e-01,y,-8.800000000000e-01,-3.531730451445e-03,-3.326984394210e-03,-2.047460572350e-04
9.500000000000e-01,y,-8.666666666667e-01,-4.174817936044e-03,-4.134831404418e-03,-3.998653162651e-05
9.500000000000e-01,y,-8.533333333333e-01,-4.755463093028e-03,-4.936119717705e-03,1.806566246769e-04
9.500000000000e-01,y,-8.400000000000e-01,-5.209918489489e-03,-5.640454441288e-03,4.305359517987e-04
9.500000000000e-01,y,-8.266666666667e-01,-5.473065623814e-03,-6.137883155958e-03,6.648175321443e-04
9.500000000000e-01,y,-8.133333333333e-01,-5.482334605671e-03,-6.310336290941e-03,8.280016852700e-04
9.500000000000e-01,y,-8.000000000000e-01,-5.182247441643e-03,-6.048347305730e-03,8.660998640876e-04
9.500000000000e-01,y,-7.866666666667e-01,-4.528666104968e-03,-5.271008268352e-03,7.423421633842e-04
9.500000000000e-01,y,-7.733333333333e-01,-3.493890336293e-03,-3.945732660769e-03,4.518423244767e-04
9.500000000000e-01,y,-7.600000000000e-01,-2.072190364057e-03,-2.103566631220e-03,3.137626716296e-05
9.500000000000e-01,y,-7.466666666667e-01,-2.986019100537e-04,1.541013359456e-04,-4.527032459993e-04
9.500000000000e-01,y,-7.333333333333e-01,1.726662171730e-03,2.660357270788e-03,-9.336950990580e-04
9.500000000000e-01,y,-7.200000000000e-01,3.874387406274e-03,5.199827919361e-03,-1.325440513087e-03
9.500000000000e-01,y,-7.066666666667e-01,5.999722943375e-03,7.536008371301e-03,-1.536285427927e-03
9.500000000000e-01,y,-6.933333333333e-01,7.950587344113e-03,9.444336831164e-03,-1.493749487052e-03
9.500000000000e-01,y,-6.800000000000e-01,9.577447735199e-03,1.074487816505e-02,-1.167430429847e-03
9.500000000000e-01,y,-6.666666666667e-01,1.074280578257e-02,1.132826698325e-02,-5.854612006883e-04
9.500000000000e-01,y,-6.533333333333e-01,1.132971930308e-02,1.116988745986e-02,1.598318432129e-04
9.500000000000e-01,y,-6.400000000000e-01,1.125251176479e-02,1.032981044598e-02,9.227013188115e-04
9.500000000000e-01,y,-6.266666666667e-01,1.047105554297e-02,8.939095222190e-03,1.531960320776e-03
9.500000000000e-01,y,-6.133333333333e-01,9.051953607712e-03,7.175877356945e-03,1.876076250767e-03
9.500000000000e-01,y,-6.000000000000e-01,7.149315959512e-03,5.236500774513e-03,1.912815184999e-03
9.500000000000e-01,y,-5.866666666667e-01,4.950592253747e-03,3.307424453408e-03,1.643167800339e-03
9.500000000000e-01,y,-5.733333333333e-01,2.660370014508e-03,1.542763611491e-03,1.117606403017e-03
9.500000000000e-01,y,-5.600000000000e-01,4.806095815998e-04,5.049357632133e-05,4.301160052785e-04
9.500000000000e-01,y,-5.466666666667e-01,-1.425081257149e-03,-1.111861921573e-03,-3.132193355754e-04
9.500000000000e-01,y,-5.333333333333e-01,-2.925717257426e-03,-1.933225009595e-03,-9.924922478309e-04
9.500000000000e-01,y,-5.200000000000e-01,-3.921994268833e-03,-2.439148593733e-03,-1.482845675099e-03
9.500000000000e-01,y,-5.066666666667e-01,-4.354561628525e-03,-2.679215959399e-03,-1.675345669125e-03
9.500000000000e-01,y,-4.933333333333e-01,-4.233822222485e-03,-2.714440566235e-03,-1.519381656250e-03
9.500000000000e-01,y,-4.800000000000e-01,-3.687364951940e-03,-2.606701459982e-03,-1.080663491958e-03
9.500000000000e-01,y,-4.666666666667e-01,-2.888410391828e-03,-2.411294596024e-03,-4.771157958042e-04
9.500000000000e-01,y,-4.533333333333e-01,-2.023295315490e-03,-2.172791727646e-03,1.494964121563e-04
9.500000000000e-01,y,-4.400000000000e-01,-1.270305118738e-03,-1.923751445624e-03,6.534463268866e-04
9.500000000000e-01,y,-4.266666666667e-01,-7.420746509298e-04,-1.685483966052e-03,9.434093151226e-04
9.500000000000e-01,y,-4.133333333333e-01,-4.544921120420e-04,-1.470002475542e-03,1.015510363500e-03
9.500000000000e-01,y,-4.000000000000e-01,-3.867047932097e-04,-1.282415926230e-03,8.957111330200e-04
9.500000000000e-01,y,-3.866666666667e-01,-4.929696806754e-04,-1.123234272332e-03,6.302645916562e-04
9.500000000000e-01,y,-3.733333333333e-01,-7.106015545987e-04,-9.902859248729e-04,2.796843702742e-04
9.500000000000e-01,y,-3.600000000000e-01,-9.692376512513e-04,-8.801367734885e-04,-8.910087776282e-05
9.500000000000e-01,y,-3.466666666667e-01,-1.198026681895e-03,-7.890287087032e-04,-4.089979731919e-04
9.500000000000e-01,y,-3.333333333333e-01,-1.331997752679e-03,-7.134241137952e-04,-6.185736388835e-04
9.500000000000e-01,y,-3.200000000000e-01,-1.319869374255e-03,-6.502648444264e-04,-6.696045298282e-04
9.500000000000e-01,y,-3.066666666667e-01,-1.136983318677e-03,-5.970471020170e-04,-5.399362166601e-04
9.500000000000e-01,y,-2.933333333333e-01,-8.276786536099e-04,-5.517926402855e-04,-2.758860133245e-04
9.500000000000e-01,y,-2.800000000000e-01,-4.739919486237e-04,-5.129726472216e-04,3.898069859793e-05
9.500000000000e-01,y,-2.666666666667e-01,-1.645483555260e-04,-4.794193745123e-04,3.148710189863e-04
9.500000000000e-01,y,-2.533333333333e-01,1.857504532095e-05,-4.502444275398e-04,4.688194728608e-04
9.500000000000e-01,y,-2.400000000000e-01,2.806702610512e-05,-4.247716392823e-04,4.528386653875e-04
9.500000000000e-01,y,-2.266666666667e-01,-1.013559325462e-04,-4.024856971930e-04,3.011297646468e-04
9.500000000000e-01,y,-2.133333333333e-01,-3.035200078080e-04,-3.829940493970e-04,7.947404158904e-05
9.500000000000e-01,y,-2.000000000000e-01,-5.034189275092e-04,-3.659981459958e-04,-1.374207815134e-04
9.500000000000e-01,y,-1.866666666667e-01,-6.289441441979e-04,-3.512700901776e-04,-2.776740540203e-04
9.500000000000e-01,y,-1.733333333333e-01,-6.434654138674e-04,-3.386317730483e-04,-3.048336408191e-04
9.500000000000e-01,y,-1.600000000000e-01,-5.675775921024e-04,-3.279350964267e-04,-2.396424956757e-04
9.500000000000e-01,y,-1.466666666667e-01,-4.391301394366e-04,-3.190434953665e-04,-1.200866440701e-04
9.500000000000e-01,y,-1.333333333333e-01,-3.027752087921e-04,-3.118162134311e-04,9.041004638923e-06
9.500000000000e-01,y,-1.200000000000e-01,-2.020654975727e-04,-3.060973082929e-04,1.040318107202e-04
9.500000000000e-01,y,-1.066666666667e-01,-1.555648478815e-04,-3.017110211702e-04,1.461461732887e-04
9.500000000000e-01,y,-9.333333333333e-02,-1.559827862705e-04,-2.984640484370e-04,1.424812621665e-04
9.500000000000e-01,y,-8.000000000000e-02,-1.888761824037e-04,-2.961537825034e-04,1.072776000997e-04
9.500000000000e-01,y,-6.666666666667e-02,-2.359764972466e-04,-2.945802636914e-04,5.860376644473e-05
9.500000000000e-01,y,-5.333333333333e-02,-2.791635506159e-04,-2.935588923025e-04,1.439534168661e-05
9.500000000000e-01,y,-4.000000000000e-02,-3.111583032535e-04,-2.929311549594e-04,-1.822714829413e-05
9.500000000000e-01,y,-2.666666666667e-02,-3.314770447088e-04,-2.925716492715e-04,-3.890539543730e-05
9.500000000000e-01,y,-1.333333333333e-02,-3.415210628527e-04,-2.923911519431e-04,-4.912991090966e-05
9.500000000000e-01,y,0.000000000000e+00,-3.440804395355e-04,-2.923368017451e-04,-5.174363779037e-05
9.500000000000e-01,y,1.333333333333e-02,-3.415193305204e-04,-2.923911519431e-04,-4.912817857739e-05
9.500000000000e-01,y,2.666666666667e-02,-3.314737131963e-04,-2.925716492715e-04,-3.890206392479e-05
9.500000000000e-01,y,4.000000000000e-02,-3.111536361093e-04,-2.929311549594e-04,-1.822248114997e-05
9.500000000000e-01,y,5.333333333333e-02,-2.791579351166e-04,-2.935588923025e-04,1.440095718590e-05
9.500000000000e-01,y,6.666666666667e-02,-2.359704323702e-04,-2.945802636914e-04,5.860983132121e-05
9.500000000000e-01,y,8.000000000000e-02,-1.888702073248e-04,-2.961537825034e-04,1.072835751787e-04
9.500000000000e-01,y,9.333333333333e-02,-1.559773526075e-04,-2.984640484370e-04,1.424866958295e-04
9.500000000000e-01,y,1.066666666667e-01,-1.555602935788e-04,-3.017110211702e-04,1.461507275914e-04
9.500000000000e-01,y,1.200000000000e-01,-2.020620400608e-04,-3.060973082929e-04,1.040352682321e-04
9.500000000000e-01,y,1.333333333333e-01,-3.027729446099e-04,-3.118162134311e-04,9.043268821152e-06
9.500000000000e-01,y,1.466666666667e-01,-4.391290546583e-04,-3.190434953665e-04,-1.200855592918e-04
9.500000000000e-01,y,1.600000000000e-01,-5.675775765649e-04,-3.279350964267e-04,-2.396424801382e-04
9.500000000000e-01,y,1.733333333333e-01,-6.434662719843e-04,-3.386317730483e-04,-3.048344989360e-04
9.500000000000e-01,y,1.866666666667e-01,-6.289456094496e-04,-3.512700901776e-04,-2.776755192720e-04
9.500000000000e-01,y,2.000000000000e-01,-5.034206850932e-04,-3.659981459958e-04,-1.374225390974e-04
9.500000000000e-01,y,2.133333333333e-01,-3.035217564016e-04,-3.829940493970e-04,7.947229299545e-05
9.500000000000e-01,y,2.266666666667e-01,-1.013574273944e-04,-4.024856971930e-04,3.011282697986e-04
9.500000000000e-01,y,2.400000000000e-01,2.806595757151e-05,-4.247716392823e-04,4.528375968539e-04
9.500000000000e-01,y,2.533333333333e-01,1.857449317945e-05,-4.502444275398e-04,4.688189207193e-04
9.500000000000e-01,y,2.666666666667e-01,-1.645483823476e-04,-4.794193745123e-04,3.148709921647e-04
9.500000000000e-01,y,2.800000000000e-01,-4.739914922197e-04,-5.129726472216e-04,3.898115500190e-05
9.500000000000e-01,y,2.933333333333e-01,-8.276777973717e-04,-5.517926402855e-04,-2.758851570862e-04
9.500000000000e-01,y,3.066666666667e-01,-1.136982183864e-03,-5.970471020170e-04,-5.399350818470e-04
9.500000000000e-01,y,3.200000000000e-01,-1.319868114093e-03,-6.502648444264e-04,-6.696032696669e-04
9.500000000000e-01,y,3.333333333333e-01,-1.331996530144e-03,-7.134241137952e-04,-6.185724163485e-04
9.500000000000e-01,y,3.466666666667e-01,-1.198025628166e-03,-7.890287087032e-04,-4.089969194633e-04
9.500000000000e-01,y,3.600000000000e-01,-9.692368554044e-04,-8.801367734885e-04,-8.910008191590e-05
9.500000000000e-01,y,3.733333333333e-01,-7.106010616169e-04,-9.902859248729e-04,2.796848632560e-04
9.500000000000e-01,y,3.866666666667e-01,-4.929694934527e-04,-1.123234272332e-03,6.302647788789e-04
9.500000000000e-01,y,4.000000000000e-01,-3.867048888980e-04,-1.282415926230e-03,8.957110373317e-04
9.500000000000e-01,y,4.133333333333e-01,-4.544924613184e-04,-1.470002475542e-03,1.015510014223e-03
9.500000000000e-01,y,4.266666666667e-01,-7.420752224493e-04,-1.685483966052e-03,9.434087436031e-04
9.500000000000e-01,y,4.400000000000e-01,-1.270305879982e-03,-1.923751445624e-03,6.534455656427e-04
9.500000000000e-01,y,4.533333333333e-01,-2.023296232071e-03,-2.172791727646e-03,1.494954955754e-04
9.500000000000e-01,y,4.666666666667e-01,-2.888411424955e-03,-2.411294596024e-03,-4.771168289308e-04
9.500000000000e-01,y,4.800000000000e-01,-3.687366056722e-03,-2.606701459982e-03,-1.080664596739e-03
9.500000000000e-01,y,4.933333333333e-01,-4.233823346042e-03,-2.714440566235e-03,-1.519382779807e-03
9.500000000000e-01,y,5.066666666667e-01,-4.354562711073e-03,-2.679215959399e-03,-1.675346751673e-03
9.500000000000e-01,y,5.200000000000e-01,-3.921995247576e-03,-2.439148593733e-03,-1.482846653843e-03
9.500000000000e-01,y,5.333333333333e-01,-2.925718078299e-03,-1.933225009595e-03,-9.924930687044e-04
9.500000000000e-01,y,5.466666666667e-01,-1.425081879697e-03,-1.111861921573e-03,-3.132199581234e-04
9.500000000000e-01,y,5.600000000000e-01,4.806091839381e-04,5.049357632133e-05,4.301156076167e-04
9.500000000000e-01,y,5.733333333333e-01,2.660369857757e-03,1.542763611491e-03,1.117606246266e-03
9.500000000000e-01,y,5.866666666667e-01,4.950592342482e-03,3.307424453408e-03,1.643167889074e-03
9.500000000000e-01,y,6.000000000000e-01,7.149316277114e-03,5.236500774513e-03,1.912815502601e-03
9.500000000000e-01,y,6.133333333333e-01,9.051954120487e-03,7.175877356945e-03,1.876076763542e-03
9.500000000000e-01,y,6.266666666667e-01,1.047105620452e-02,8.939095222190e-03,1.531960982332e-03
9.500000000000e-01,y,6.400000000000e-01,1.125251252165e-02,1.032981044598e-02,9.227020756699e-04
9.500000000000e-01,y,6.533333333333e-01,1.132972010093e-02,1.116988745986e-02,1.598326410681e-04
9.500000000000e-01,y,6.666666666667e-01,1.074280657238e-02,1.132826698325e-02,-5.854604108738e-04
9.500000000000e-01,y,6.800000000000e-01,9.577448474053e-03,1.074487816505e-02,-1.167429690993e-03
9.500000000000e-01,y,6.933333333333e-01,7.950587993375e-03,9.444336831164e-03,-1.493748837789e-03
9.500000000000e-01,y,7.066666666667e-01,5.999723464574e-03,7.536008371301e-03,-1.536284906728e-03
9.500000000000e-01,y,7.200000000000e-01,3.874387777675e-03,5.199827919361e-03,-1.325440141686e-03
9.500000000000e-01,y,7.333333333333e-01,1.726662397979e-03,2.660357270788e-03,-9.336948728091e-04
9.500000000000e-01,y,7.466666666667e-01,-2.986018048953e-04,1.541013359456e-04,-4.527031408409e-04
9.500000000000e-01,y,7.600000000000e-01,-2.072190343115e-03,-2.103566631220e-03,3.137628810551e-05
9.500000000000e-01,y,7.733333333333e-01,-3.493890356906e-03,-3.945732660769e-03,4.518423038635e-04
9.500000000000e-01,y,7.866666666667e-01,-4.528666129771e-03,-5.271008268352e-03,7.423421385810e-04
9.500000000000e-01,y,8.000000000000e-01,-5.182247445701e-03,-6.048347305730e-03,8.660998600295e-04
9.500000000000e-01,y,8.133333333333e-01,-5.482334579933e-03,-6.310336290941e-03,8.280017110072e-04
9.500000000000e-01,y,8.266666666667e-01,-5.473065576550e-03,-6.137883155958e-03,6.648175794079e-04
9.500000000000e-01,y,8.400000000000e-01,-5.209918441613e-03,-5.640454441288e-03,4.305359996753e-04
9.500000000000e-01,y,8.533333333333e-01,-4.755463061707e-03,-4.936119717705e-03,1.806566559982e-04
9.500000000000e-01,y,8.666666666667e-01,-4.174817930624e-03,-4.134831404418e-03,-3.998652620665e-05
9.500000000000e-01,y,8.800000000000e-01,-3.531730471889e-03,-3.326984394210e-03,-2.047460776791e-04
9.500000000000e-01,y,8.933333333333e-01,-2.884958938031e-03,-2.577808728076e-03,-3.071502099543e-04
9.500000000000e-01,y,9.066666666667e-01,-2.277995415868e-03,-1.926919409679e-03,-3.510760061893e-04
9.500000000000e-01,y,9.200000000000e-01,-1.733599351169e-03,-1.391591398954e-03,-3.420079522155e-04
9.500000000000e-01,y,9.333333333333e-01,-1.265081108505e-03,-9.720821406271e-04,-2.929989678784e-04
9.500000000000e-01,y,9.466666666667e-01,-8.785490083311e-04,-6.574907264382e-04,-2.210582818930e-04
9.500000000000e-01,y,9.600000000000e-01,-5.742294333442e-04,-4.310547077316e-04,-1.431747256126e-04
9.500000000000e-01,y,9.733333333333e-01,-3.465446239852e-04,-2.742713278169e-04,-7.227329616827e-05
9.500000000000e-01,y,9.866666666667e-01,-1.855422486570e-04,-1.696594002223e-04,-1.588284843478e-05
9.500000000000e-01,y,1.000000000000e+00,-7.912862581644e-05,-1.022808886425e-04,2.315226282603e-05
9.500000000000e-01,y,1.013333333333e+00,-1.426131804831e-05,-6.030264919543e-05,4.604133114712e-05
9.500000000000e-01,y,1.026666666667e+00,2.164730067410e-05,-3.492193592505e-05,5.656923659915e-05
9.500000000000e-01,y,1.040000000000e+00,3.762389490539e-05,-1.994446119476e-05,5.756835610015e-05
9.500000000000e-01,y,1.053333333333e+00,4.034420513918e-05,-1.123164176200e-05,5.157584690118e-05
9.500000000000e-01,y,1.066666666667e+00,3.528363519000e-05,-6.155190166842e-06,4.143882535684e-05
9.500000000000e-01,y,1.080000000000e+00,2.679962635046e-05,-3.130818969042e-06,2.993044531950e-05
9.500000000000e-01,y,1.093333333333e+00,1.801968161593e-05,-1.255754379938e-06,1.927543599587e-05
9.500000000000e-01,y,1.106666666667e+00,1.043433897912e-05,-4.668820466289e-08,1.048102718378e-05
9.500000000000e-01,y,1.120000000000e+00,4.637853063045e-06,7.384152321756e-07,3.899437830869e-06
9.500000000000e-01,y,1.133333333333e+00,6.782968654376e-07,1.214748539458e-06,-5.364516740206e-07
9.500000000000e-01,y,1.146666666667e+00,-1.755104550911e-06,1.439725735011e-06,-3.194830285922e-06
9.500000000000e-01,y,1.160000000000e+00,-3.047806481403e-06,1.451381323618e-06,-4.499187805022e-06
9.500000000000e-01,y,1.173333333333e+00,-3.453012875715e-06,1.286961559699e-06,-4.739974435414e-06
9.500000000000e-01,y,1.186666666667e+00,-3.239541284335e-06,9.894039425544e-07,-4.228945226889e-06
9.500000000000e-01,y,1.200000000000e+00,-2.682125746703e-06,6.070797466409e-07,-3.289205493344e-06
9.500000000000e-01,y,1.213333333333e+00,-2.036453107053e-06,1.905251727540e-07,-2.226978279807e-06
9.500000000000e-01,y,1.226666666667e+00,-1.452424014467e-06,-2.113449104792e-07,-1.241079103988e-06
9.500000000000e-01,y,1.240000000000e+00,-9.740644786944e-07,-5.540611705951e-07,-4.200033080994e-07
9.500000000000e-01,y,1.253333333333e+00,-6.130207449173e-07,-7.988728575010e-07,1.858521125837e-07
9.500000000000e-01,y,1.266666666667e+00,-3.603282352399e-07,-9.126394525327e-07,5.523112172927e-07
9.500000000000e-01,y,1.280000000000e+00,-1.958793512803e-07,-8.670704107748e-07,6.711910594945e-07
9.500000000000e-01,y,1.293333333333e+00,-9.954814149290e-08,-6.383238991439e-07,5.387757576510e-07
9.500000000000e-01,y,1.306666666667e+00,-5.267110819253e-08,-2.079288642497e-07,1.552577560572e-07
9.500000000000e-01,y,1.320000000000e+00,-3.773078808242e-08,4.343740563150e-07,-4.721048443975e-07
9.500000000000e-01,y,1.333333333333e+00,-3.951785830129e-08,1.285897188213e-06,-1.325415046514e-06
9.500000000000e-01,y,1.346666666667e+00,-4.638008329924e-08,2.325138521429e-06,-2.371518604729e-06
9.500000000000e-01,y,1.360000000000e+00,-5.232053472392e-08,3.506222339919e-06,-3.558542874643e-06
9.500000000000e-01,y,1.373333333333e+00,-5.480302455294e-08,4.755508629834e-06,-4.810311654387e-06
9.500000000000e-01,y,1.386666666667e+00,-5.354731471980e-08,5.972226179845e-06,-6.025773494564e-06
9.500000000000e-01,y,1.400000000000e+00,-4.984868578008e-08,7.034457293634e-06,-7.084305979414e-06
9.500000000000e-01,y,1.413333333333e+00,-4.511330518384e-08,7.810783460121e-06,-7.855896765305e-06
9.500000000000e-01,y,1.426666666667e+00,-3.956767161534e-08,8.176568649004e-06,-8.216136320619e-06
9.500000000000e-01,y,1.440000000000e+00,-3.353838950202e-08,8.032518163453e-06,-8.066056552955e-06
9.500000000000e-01,y,1.453333333333e+00,-2.755693309292e-08,7.322177501258e-06,-7.349734434351e-06
9.500000000000e-01,y,1.466666666667e+00,-2.227258236571e-08,6.044756054149e-06,-6.067028636514e-06
9.500000000000e-01,y,1.480000000000e+00,-1.793995593336e-08,4.260247317410e-06,-4.278187273344e-06
9.500000000000e-01,y,1.493333333333e+00,-1.435964448963e-08,2.085208691257e-06,-2.099568335747e-06
9.500000000000e-01,y,1.506666666667e+00,-1.136128362282e-08,-3.205443140394e-07,3.091830304166e-07
9.500000000000e-01,y,1.520000000000e+00,-8.849550081039e-09,-2.774154025667e-06,2.765304475585e-06
9.500000000000e-01,y,1.533333333333e+00,-6.792121363702e-09,-5.093221964165e-06,5.086429842801e-06
9.500000000000e-01,y,1.546666666667e+00,-5.067468459564e-09,-7.118367164837e-06,7.113299696377e-06
9.500000000000e-01,y,1.560000000000e+00,-3.534005727627e-09,-8.730987798209e-06,8.727453792482e-06
9.500000000000e-01,y,1.573333333333e+00,-2.126823365097e-09,-9.863582768882e-06,9.861455945517e-06
9.500000000000e-01,y,1.586666666667e+00,-8.502919307950e-10,-1.050167430446e-05,1.050082401253e-05
9.500000000000e-01,y,1.600000000000e+00,2.598988914329e-10,-1.067807467429e-05,1.067833457319e-05
9.500000000000e-01,y,1.613333333333e+00,1.254968088212e-09,-1.046155237432e-05,1.046280734241e-05
9.500000000000e-01,y,1.626666666667e+00,2.182671323007e-09,-9.942627422392e-06,9.944810093715e-06
9.500000000000e-01,y,1.640000000000e+00,3.054290893072e-09,-9.219219663291e-06,9.222273954184e-06
9.500000000000e-01,y,1.653333333333e+00,3.848909315057e-09,-8.384327038863e-06,8.388175948178e-06
9.500000000000e-01,y,1.666666666667e+00,4.549952746405e-09,-7.517067366565e-06,7.521617319311e-06
9.500000000000e-01,y,1.680000000000e+00,5.197044595184e-09,-6.677536683092e-06,6.682733727688e-06
9.500000000000e-01,y,1.693333333333e+00,5.819688463215e-09,-5.905219261150e-06,5.911038949614e-06
9.500000000000e-01,y,1.706666666667e+00,6.426271446635e-09,-5.220230880728e-06,5.226657152174e-06
9.500000000000e-01,y,1.720000000000e+00,7.004575664224e-09,-4.626493193094e-06,4.633497768758e-06
9.500000000000e-01,y,1.733333333333e+00,7.554556692859e-09,-4.115961195762e-06,4.123515752455e-06
9.500000000000e-01,y,1.746666666667e+00,8.088425717618e-09,-3.673169030141e-06,3.681257455858e-06
9.500000000000e-01,y,1.760000000000e+00,8.608886201932e-09,-3.279540799629e-06,3.288149685830e-06
9.500000000000e-01,y,1.773333333333e+00,9.108817618651e-09,-2.917081103504e-06,2.926189921123e-06
9.500000000000e-01,y,1.786666666667e+00,9.573364700585e-09,-2.571195818139e-06,2.580769182839e-06
9.500000000000e-01,y,1.800000000000e+00,1.001593502768e-08,-2.232503144793e-06,2.242519079821e-06
9.500000000000e-01,y,1.813333333333e+00,1.046419108640e-08,-1.897593735174e-06,1.908057926260e-06
9.500000000000e-01,y,1.826666666667e+00,1.093701721614e-08,-1.568798520644e-06,1.579735537860e-06
9.500000000000e-01,y,1.840000000000e+00,1.144278356002e-08,-1.253123473042e-06,1.264566256602e-06
9.500000000000e-01,y,1.853333333333e+00,1.197600522034e-08,-9.605993345117e-07,9.725753397321e-07
9.500000000000e-01,y,1.866666666667e+00,1.251356233953e-08,-7.023524626339e-07,7.148660249734e-07
9.500000000000e-01,y,1.880000000000e+00,1.302460905959e-08,-4.887141391682e-07,5.017387482277e-07
9.500000000000e-01,y,1.893333333333e+00,1.347476397221e-08,-3.276443588379e-07,3.411191228102e-07
9.500000000000e-01,y,1.906666666667e+00,1.383633706543e-08,-2.236606357812e-07,2.374969728466e-07
9.500000000000e-01,y,1.920000000000e+00,1.412104035516e-08,-1.773529010586e-07,1.914739414138e-07
9.500000000000e-01,y,1.933333333333e+00,1.443255847259e-08,-1.854573535827e-07,1.998899120553e-07
9.500000000000e-01,y,1.946666666667e+00,1.486598899923e-08,-2.413773035869e-07,2.562432925862e-07
9.500000000000e-01,y,1.960000000000e+00,1.546187263087e-08,-3.359903760282e-07,3.514522486590e-07
9.500000000000e-01,y,1.973333333333e+00,1.617678336297e-08,-4.585702715539e-07,4.747470549169e-07
9.500000000000e-01,y,1.986666666667e+00,1.669923532296e-08,-5.976700192946e-07,6.143692546176e-07
9.500000000000e-01,y,2.000000000000e+00,1.643340772673e-08,-7.418510346074e-07,7.582844423341e-07
1.450000000000e+00,x,-2.000000000000e+00,-7.775021852333e-03,-3.340018455199e-03,-4.435003397134e-03
1.450000000000e+00,x,-1.986666666667e+00,-7.257277737449e-03,-1.325778146180e-03,-5.931499591269e-03
1.450000000000e+00,x,-1.973333333333e+00,-6.330561209689e-03,9.199183876424e-04,-7.250479597331e-03
1.450000000000e+00,x,-1.960000000000e+00,-4.869255813756e-03,3.292265597868e-03,-8.161521411623e-03
1.450000000000e+00,x,-1.946666666667e+00,-2.904012565306e-03,5.670307965505e-03,-8.574320530811e-03
1.450000000000e+00,x,-1.933333333333e+00,-6.005365037024e-04,7.926203538584e-03,-8.526740042287e-03
1.450000000000e+00,x,-1.920000000000e+00,1.835333330402e-03,9.935662151734e-03,-8.100328821332e-03
1.450000000000e+00,x,-1.906666666667e+00,4.181216563533e-03,1.158842049033e-02,-7.407203926792e-03
1.450000000000e+00,x,-1.893333333333e+00,6.229820151794e-03,1.279756961983e-02,-6.567749468032e-03
1.450000000000e+00,x,-1.880000000000e+00,7.854590190627e-03,1.350667159859e-02,-5.652081407961e-03
1.450000000000e+00,x,-1.866666666667e+00,8.981703425087e-03,1.369387491117e-02,-4.712171486079e-03
1.450000000000e+00,x,-1.853333333333e+00,9.569948165394e-03,1.337262215437e-02,-3.802673988974e-03
1.450000000000e+00,x,-1.840000000000e+00,9.610235830724e-03,1.258897750376e-02,-2.978741673035e-03
1.450000000000e+00,x,-1.826666666667e+00,9.131955875537e-03,1.141601834109e-02,-2.284062465551e-03
1.450000000000e+00,x,-1.813333333333e+00,8.215562506254e-03,9.946072361235e-03,-1.730509854981e-03
1.450000000000e+00,x,-1.800000000000e+00,6.967246825903e-03,8.281791886377e-03,-1.314545060474e-03
1.450000000000e+00,x,-1.786666666667e+00,5.506403047162e-03,6.527117918212e-03,-1.020714871049e-03
1.450000000000e+00,x,-1.773333333333e+00,3.956744114980e-03,4.779100640691e-03,-8.223565257116e-04
1.450000000000e+00,x,-1.760000000000e+00,2.426326154422e-03,3.121337073908e-03,-6.950109194863e-04
1.450000000000e+00,x,-1.746666666667e+00,9.950645381660e-04,1.619503430068e-03,-6.244388919022e-04
1.450000000000e+00,x,-1.733333333333e+00,-2.711267546248e-04,3.191498729005e-04,-5.902766275253e-04
1.450000000000e+00,x,-1.720000000000e+00,-1.321062009653e-03,-7.543629129465e-04,-5.666990967061e-04
1.450000000000e+00,x,-1.706666666667e+00,-2.121026720572e-03,-1.594134552433e-03,-5.268921681389e-04
1.450000000000e+00,x,-1.693333333333e+00,-2.669439689258e-03,-2.208698347277e-03,-4.607413419813e-04
1.450000000000e+00,x,-1.680000000000e+00,-2.992893746859e-03,-2.618249127224e-03,-3.746446196342e-04
1.450000000000e+00,x,-1.666666666667e+00,-3.130527505680e-03,-2.850653622875e-03,-2.798738828045e-04
1.450000000000e+00,x,-1.653333333333e+00,-3.128694032992e-03,-2.937685876056e-03,-1.910081569364e-04
1.450000000000e+00,x,-1.640000000000e+00,-3.034192030289e-03,-2.911807658947e-03,-1.223843713415e-04
1.450000000000e+00,x,-1.626666666667e+00,-2.878884878305e-03,-2.803679221484e-03,-7.520565682110e-05
1.450000000000e+00,x,-1.613333333333e+00,-2.685436080527e-03,-2.640460059989e-03,-4.497602053828e-05
1.450000000000e+00,x,-1.600000000000e+00,-2.472659417277e-03,-2.444857613919e-03,-2.780180335804e-05
1.450000000000e+00,x,-1.586666666667e+00,-2.255565183121e-03,-2.234811504452e-03,-2.075367866922e-05
1.450000000000e+00,x,-1.573333333333e+00,-2.044916876674e-03,-2.023663208528e-03,-2.125366814567e-05
1.450000000000e+00,x,-1.560000000000e+00,-1.846063125178e-03,-1.820651978809e-03,-2.541114636900e-05
1.450000000000e+00,x,-1.546666666667e+00,-1.661115384260e-03,-1.631590408431e-03,-2.952497582892e-05
1.450000000000e+00,x,-1.533333333333e+00,-1.490200043125e-03,-1.459599246180e-03,-3.060079694523e-05
1.450000000000e+00,x,-1.520000000000e+00,-1.332326741278e-03,-1.305813314185e-03,-2.651342709263e-05
1.450000000000e+00,x,-1.506666666667e+00,-1.187157350739e-03,-1.170002579877e-03,-1.715477086255e-05
1.450000000000e+00,x,-1.493333333333e+00,-1.056196709591e-03,-1.051080451467e-03,-5.116258124601e-06
1.450000000000e+00,x,-1.480000000000e+00,-9.410692564433e-04,-9.474930123560e-04,6.423755912672e-06
1.450000000000e+00,x,-1.466666666667e+00,-8.431102780522e-04,-8.574976235859e-04,1.438734553371e-05
1.450000000000e+00,x,-1.453333333333e+00,-7.630397875215e-04,-7.793476988693e-04,1.630791134786e-05
1.450000000000e+00,x,-1.440000000000e+00,-6.992368032115e-04,-7.114037491544e-04,1.216694594295e-05
1.450000000000e+00,x,-1.426666666667e+00,-6.479293478602e-04,-6.521904957031e-04,4.261147842897e-06
1.450000000000e+00,x,-1.413333333333e+00,-6.050237820276e-04,-6.004173844879e-04,-4.606397539676e-06
1.450000000000e+00,x,-1.400000000000e+00,-5.666176861592e-04,-5.549763698820e-04,-1.164131627722e-05
1.450000000000e+00,x,-1.386666666667e+00,-5.296278618957e-04,-5.149272153969e-04,-1.470064649884e-05
1.450000000000e+00,x,-1.373333333333e+00,-4.933696014711e-04,-4.794773064627e-04,-1.389229500838e-05
1.450000000000e+00,x,-1.360000000000e+00,-4.587122635396e-04,-4.479603406275e-04,-1.075192291213e-05
1.450000000000e+00,x,-1.346666666667e+00,-4.269118427537e-04,-4.198163158693e-04,-7.095526884393e-06
1.450000000000e+00,x,-1.333333333333e+00,-3.989964012323e-04,-3.945739188481e-04,-4.422482384212e-06
1.450000000000e+00,x,-1.320000000000e+00,-3.754120476259e-04,-3.718356028730e-04,-3.576444752894e-06
1.450000000000e+00,x,-1.306666666667e+00,-3.563652022060e-04,-3.512652051919e-04,-5.099997014085e-06
1.450000000000e+00,x,-1.293333333333e+00,-3.410713305943e-04,-3.325777611513e-04,-8.493569443015e-06
1.450000000000e+00,x,-1.280000000000e+00,-3.276364189388e-04,-3.155311293163e-04,-1.210528962248e-05
1.450000000000e+00,x,-1.266666666667e+00,-3.131705579018e-04,-2.999190748564e-04,-1.325148304547e-05
1.450000000000e+00,x,-1.253333333333e+00,-2.956760572462e-04,-2.855655215089e-04,-1.011053573729e-05
1.450000000000e+00,x,-1.240000000000e+00,-2.760682797677e-04,-2.723197482251e-04,-3.748531542633e-06
1.450000000000e+00,x,-1.226666666667e+00,-2.553374069841e-04,-2.600523622524e-04,4.714955268345e-06
1.450000000000e+00,x,-1.213333333333e+00,-2.347181787243e-04,-2.486519219267e-04,1.393374320245e-05
1.450000000000e+00,x,-1.200000000000e+00,-2.162495420590e-04,-2.380221106681e-04,2.177256860913e-05
1.450000000000e+00,x,-1.186666666667e+00,-2.000619568530e-04,-2.280793814341e-04,2.801742458108e-05
1.450000000000e+00,x,-1.173333333333e+00,-1.844810024451e-04,-2.187510013043e-04,3.426999885914e-05
1.450000000000e+00,x,-1.160000000000e+00,-1.696828061500e-04,-2.099734316404e-04,4.029062549039e-05
1.450000000000e+00,x,-1.146666666667e+00,-1.582186871573e-04,-2.016909825170e-04,4.347229535972e-05
1.450000000000e+00,x,-1.133333333333e+00,-1.545957747495e-04,-1.938546826356e-04,3.925890788614e-05
1.450000000000e+00,x,-1.120000000000e+00,-1.570582315236e-04,-1.864213093161e-04,2.936307779243e-05
1.450000000000e+00,x,-1.106666666667e+00,-1.614991596958e-04,-1.793525288130e-04,1.785336911715e-05
1.450000000000e+00,x,-1.093333333333e+00,-1.660346893875e-04,-1.726141061637e-04,6.579416776237e-06
1.450000000000e+00,x,-1.080000000000e+00,-1.700983359173e-04,-1.661751564194e-04,-3.923179497945e-06
1.450000000000e+00,x,-1.066666666667e+00,-1.739477057225e-04,-1.600074249842e-04,-1.394028073830e-05
1.450000000000e+00,x,-1.053333333333e+00,-1.792243154851e-04,-1.540846025487e-04,-2.513971293633e-05
1.450000000000e+00,x,-1.040000000000e+00,-1.870225521385e-04,-1.483816976646e-04,-3.864085447391e-05
1.450000000000e+00,x,-1.026666666667e+00,-1.962682823185e-04,-1.428745048845e-04,-5.339377743399e-05
1.450000000000e+00,x,-1.013333333333e+00,-2.021446147619e-04,-1.375392160332e-04,-6.460539872866e-05
1.450000000000e+00,x,-1.000000000000e+00,-2.013053122220e-04,-1.323522244488e-04,-6.895308777325e-05
1.450000000000e+00,x,-9.866666666667e-01,-1.999365365224e-04,-1.272901655749e-04,-7.264637094753e-05
1.450000000000e+00,x,-9.733333333333e-01,-2.006421197382e-04,-1.223302218139e-04,-7.831189792424e-05
1.450000000000e+00,x,-9.600000000000e-01,-2.009061342114e-04,-1.174506960355e-04,-8.345543817594e-05
1.450000000000e+00,x,-9.466666666667e-01,-1.936543821207e-04,-1.126318287931e-04,-8.102255332763e-05
1.450000000000e+00,x,-9.333333333333e-01,-1.771514109116e-04,-1.078568024053e-04,-6.929460850635e-05
1.450000000000e+00,x,-9.200000000000e-01,-1.574868717625e-04,-1.031128446145e-04,-5.437402714796e-05
1.450000000000e+00,x,-9.066666666667e-01,-1.380450817118e-04,-9.839231981659e-05,-3.965276189521e-05
1.450000000000e+00,x,-8.933333333333e-01,-1.200918974580e-04,-9.369368090471e-05,-2.639821655327e-05
1.450000000000e+00,x,-8.800000000000e-01,-1.037952139005e-04,-8.902215287583e-05,-1.477306102472e-05
1.450000000000e+00,x,-8.666666666667e-01,-8.765956067352e-05,-8.439003257358e-05,-3.269528099943e-06
1.450000000000e+00,x,-8.533333333333e-01,-6.987731194788e-05,-7.981651771088e-05,9.939205763003e-06
1.450000000000e+00,x,-8.400000000000e-01,-5.038296510385e-05,-7.532702113569e-05,2.494405603184e-05
1.450000000000e+00,x,-8.266666666667e-01,-3.241259718287e-05,-7.095197963894e-05,3.853938245606e-05
1.450000000000e+00,x,-8.133333333333e-01,-2.104510644447e-05,-6.672522499740e-05,4.568011855293e-05
1.450000000000e+00,x,-8.000000000000e-01,-1.049847960225e-05,-6.268204141264e-05,5.218356181038e-05
1.450000000000e+00,x,-7.866666666667e-01,4.168891422060e-06,-5.885708026597e-05,6.302597168803e-05
1.450000000000e+00,x,-7.733333333333e-01,2.141306731164e-05,-5.528233258449e-05,7.669539989613e-05
1.450000000000e+00,x,-7.600000000000e-01,3.266759942536e-05,-5.198536565912e-05,8.465296508448e-05
1.450000000000e+00,x,-7.466666666667e-01,3.097569245076e-05,-4.898800940101e-05,7.996370185177e-05
1.450000000000e+00,x,-7.333333333333e-01,2.624652414504e-05,-4.630563049547e-05,7.255215464052e-05
1.450000000000e+00,x,-7.200000000000e-01,2.465411248464e-05,-4.394706269848e-05,6.860117518313e-05
1.450000000000e+00,x,-7.066666666667e-01,2.545982050464e-05,-4.191517830698e-05,6.737499881162e-05
1.450000000000e+00,x,-6.933333333333e-01,2.159696117526e-05,-4.020800064732e-05,6.180496182257e-05
1.450000000000e+00,x,-6.800000000000e-01,1.066238099741e-05,-3.882018349881e-05,4.948256449622e-05
1.450000000000e+00,x,-6.666666666667e-01,-5.866829685530e-07,-3.774463299646e-05,3.715795002791e-05
1.450000000000e+00,x,-6.533333333333e-01,-9.511850106214e-06,-3.697402984079e-05,2.746217973458e-05
1.450000000000e+00,x,-6.400000000000e-01,-1.735922724507e-05,-3.650202853677e-05,1.914280129170e-05
1.450000000000e+00,x,-6.266666666667e-01,-2.787883068838e-05,-3.632396359618e-05,8.445132907800e-06
1.450000000000e+00,x,-6.133333333333e-01,-4.182900661045e-05,-3.643697172342e-05,-5.392034887031e-06
1.450000000000e+00,x,-6.000000000000e-01,-5.765547105885e-05,-3.683953072325e-05,-2.081594033560e-05
1.450000000000e+00,x,-5.866666666667e-01,-7.417887698888e-05,-3.753050458727e-05,-3.664837240161e-05
1.450000000000e+00,x,-5.733333333333e-01,-8.934201593209e-05,-3.850785490032e-05,-5.083416103177e-05
1.450000000000e+00,x,-5.600000000000e-01,-1.003991542156e-04,-3.976721986760e-05,-6.063193434800e-05
1.450000000000e+00,x,-5.466666666667e-01,-1.110201709032e-04,-4.130056820211e-05,-6.971960270105e-05
1.450000000000e+00,x,-5.333333333333e-01,-1.248173268203e-04,-4.309510699238e-05,-8.172221982795e-05
1.450000000000e+00,x,-5.200000000000e-01,-1.412019035112e-04,-4.513256812871e-05,-9.606933538244e-05
1.450000000000e+00,x,-5.066666666667e-01,-1.543698502802e-04,-4.738892927123e-05,-1.069809210090e-04
1.450000000000e+00,x,-4.933333333333e-01,-1.590677476028e-04,-4.983455708074e-05,-1.092331905221e-04
1.450000000000e+00,x,-4.800000000000e-01,-1.641053157910e-04,-5.243470581134e-05,-1.116706099797e-04
1.450000000000e+00,x,-4.666666666667e-01,-1.749123349198e-04,-5.515027283878e-05,-1.197620620810e-04
1.450000000000e+00,x,-4.533333333333e-01,-1.895028811389e-04,-5.793870800402e-05,-1.315641731349e-04
1.450000000000e+00,x,-4.400000000000e-01,-1.978915738621e-04,-6.075499323856e-05,-1.371365806236e-04
1.450000000000e+00,x,-4.266666666667e-01,-1.967659190597e-04,-6.355264481039e-05,-1.332132742493e-04
1.450000000000e+00,x,-4.133333333333e-01,-1.979618376915e-04,-6.628473126050e-05,-1.316771064310e-04
1.450000000000e+00,x,-4.000000000000e-01,-2.061131478815e-04,-6.890493357120e-05,-1.372082143103e-04
1.450000000000e+00,x,-3.866666666667e-01,-2.169046190336e-04,-7.136869033971e-05,-1.455359286939e-04
1.450000000000e+00,x,-3.733333333333e-01,-2.179502051660e-04,-7.363446419661e-05,-1.443157409694e-04
1.450000000000e+00,x,-3.600000000000e-01,-2.111623313455e-04,-7.566513661604e-05,-1.354971947295e-04
1.450000000000e+00,x,-3.466666666667e-01,-2.085953203889e-04,-7.742949254927e-05,-1.311658278397e-04
1.450000000000e+00,x,-3.333333333333e-01,-2.134145733451e-04,-7.890370434302e-05,-1.345108690021e-04
1.450000000000e+00,x,-3.200000000000e-01,-2.196702065544e-04,-8.007267870781e-05,-1.395975278466e-04
1.450000000000e+00,x,-3.066666666667e-01,-2.156988823878e-04,-8.093110299556e-05,-1.347677793923e-04
1.450000000000e+00,x,-2.933333333333e-01,-2.081504199914e-04,-8.148402639082e-05,-1.266663936006e-04
1.450000000000e+00,x,-2.800000000000e-01,-2.063092913946e-04,-8.174684126186e-05,-1.245624501327e-04
1.450000000000e+00,x,-2.666666666667e-01,-2.106950307157e-04,-8.174458722829e-05,-1.289504434874e-04
1.450000000000e+00,x,-2.533333333333e-01,-2.134187212207e-04,-8.151057720154e-05,-1.319081440192e-04
1.450000000000e+00,x,-2.400000000000e-01,-2.056471476760e-04,-8.108442840538e-05,-1.245627192706e-04
1.450000000000e+00,x,-2.266666666667e-01,-1.968288298788e-04,-8.050965819415e-05,-1.163191716846e-04
1.450000000000e+00,x,-2.133333333333e-01,-1.938982226474e-04,-7.983106142961e-05,-1.140671612178e-04
1.450000000000e+00,x,-2.000000000000e-01,-1.961888756642e-04,-7.909211383391e-05,-1.170967618303e-04
1.450000000000e+00,x,-1.866666666667e-01,-1.956926139234e-04,-7.833263988521e-05,-1.173599740382e-04
1.450000000000e+00,x,-1.733333333333e-01,-1.883245211398e-04,-7.758694606785e-05,-1.107375750720e-04
1.450000000000e+00,x,-1.600000000000e-01,-1.829156795665e-04,-7.688255753619e-05,-1.060331220303e-04
1.450000000000e+00,x,-1.466666666667e-01,-1.832069786867e-04,-7.623961921420e-05,-1.069673594725e-04
1.450000000000e+00,x,-1.333333333333e-01,-1.864449951820e-04,-7.567094343063e-05,-1.107740517513e-04
1.450000000000e+00,x,-1.200000000000e-01,-1.841675474059e-04,-7.518261718511e-05,-1.089849302208e-04
1.450000000000e+00,x,-1.066666666667e-01,-1.765409361657e-04,-7.477503225335e-05,-1.017659039123e-04
1.450000000000e+00,x,-9.333333333333e-02,-1.715664355017e-04,-7.444417580387e-05,-9.712225969784e-05
1.450000000000e+00,x,-8.000000000000e-02,-1.717820299341e-04,-7.418301874950e-05,-9.759901118460e-05
1.450000000000e+00,x,-6.666666666667e-02,-1.740530318546e-04,-7.398286024608e-05,-1.000701716085e-04
1.450000000000e+00,x,-5.333333333333e-02,-1.713202836684e-04,-7.383452296901e-05,-9.748576069938e-05
1.450000000000e+00,x,-4.000000000000e-02,-1.669626396135e-04,-7.372933674643e-05,-9.323330286711e-05
1.450000000000e+00,x,-2.666666666667e-02,-1.666566686148e-04,-7.365988942706e-05,-9.299677918770e-05
1.450000000000e+00,x,-1.333333333333e-02,-1.706817389101e-04,-7.362055651898e-05,-9.706118239116e-05
1.450000000000e+00,x,0.000000000000e+00,-1.740488148994e-04,-7.360784062447e-05,-1.004409742749e-04
1.450000000000e+00,x,1.333333333333e-02,-1.706809816965e-04,-7.362055651898e-05,-9.706042517748e-05
1.450000000000e+00,x,2.666666666667e-02,-1.666551672767e-04,-7.365988942706e-05,-9.299527784966e-05
1.450000000000e+00,x,4.000000000000e-02,-1.669604448605e-04,-7.372933674643e-05,-9.323110811403e-05
1.450000000000e+00,x,5.333333333333e-02,-1.713174851142e-04,-7.383452296901e-05,-9.748296214524e-05
1.450000000000e+00,x,6.666666666667e-02,-1.740498099471e-04,-7.398286024608e-05,-1.000669497010e-04
1.450000000000e+00,x,8.000000000000e-02,-1.717785966517e-04,-7.418301874950e-05,-9.759557790220e-05
1.450000000000e+00,x,9.333333333333e-02,-1.715629049571e-04,-7.444417580387e-05,-9.711872915320e-05
1.450000000000e+00,x,1.066666666667e-01,-1.765373566905e-04,-7.477503225335e-05,-1.017623244371e-04
1.450000000000e+00,x,1.200000000000e-01,-1.841639588289e-04,-7.518261718511e-05,-1.089813416438e-04
1.450000000000e+00,x,1.333333333333e-01,-1.864414732841e-04,-7.567094343063e-05,-1.107705298535e-04
1.450000000000e+00,x,1.466666666667e-01,-1.832035897383e-04,-7.623961921420e-05,-1.069639705241e-04
1.450000000000e+00,x,1.600000000000e-01,-1.829124023434e-04,-7.688255753619e-05,-1.060298448072e-04
1.450000000000e+00,x,1.733333333333e-01,-1.883212997566e-04,-7.758694606785e-05,-1.107343536887e-04
1.450000000000e+00,x,1.866666666667e-01,-1.956893933094e-04,-7.833263988521e-05,-1.173567534242e-04
1.450000000000e+00,x,2.000000000000e-01,-1.961856281390e-04,-7.909211383391e-05,-1.170935143051e-04
1.450000000000e+00,x,2.133333333333e-01,-1.938949303707e-04,-7.983106142961e-05,-1.140638689411e-04
1.450000000000e+00,x,2.266666666667e-01,-1.968254713946e-04,-8.050965819415e-05,-1.163158132004e-04
1.450000000000e+00,x,2.400000000000e-01,-2.056437310692e-04,-8.108442840538e-05,-1.245593026639e-04
1.450000000000e+00,x,2.533333333333e-01,-2.134152753518e-04,-8.151057720154e-05,-1.319046981502e-04
1.450000000000e+00,x,2.666666666667e-01,-2.106916140974e-04,-8.174458722829e-05,-1.289470268691e-04
1.450000000000e+00,x,2.800000000000e-01,-2.063059769228e-04,-8.174684126186e-05,-1.245591356609e-04
1.450000000000e+00,x,2.933333333333e-01,-2.081472890955e-04,-8.148402639082e-05,-1.266632627047e-04
1.450000000000e+00,x,3.066666666667e-01,-2.156960308684e-04,-8.093110299556e-05,-1.347649278729e-04
1.450000000000e+00,x,3.200000000000e-01,-2.196677365944e-04,-8.007267870781e-05,-1.395950578866e-04
1.450000000000e+00,x,3.333333333333e-01,-2.134125885535e-04,-7.890370434302e-05,-1.345088842105e-04
1.450000000000e+00,x,3.466666666667e-01,-2.085938799876e-04,-7.742949254927e-05,-1.311643874384e-04
1.450000000000e+00,x,3.600000000000e-01,-2.111614528557e-04,-7.566513661604e-05,-1.354963162397e-04
1.450000000000e+00,x,3.733333333333e-01,-2.179498779638e-04,-7.363446419661e-05,-1.443154137672e-04
1.450000000000e+00,x,3.866666666667e-01,-2.169048027568e-04,-7.136869033971e-05,-1.455361124171e-04
1.450000000000e+00,x,4.000000000000e-01,-2.061137819333e-04,-6.890493357120e-05,-1.372088483621e-04
1.450000000000e+00,x,4.133333333333e-01,-1.979628264911e-04,-6.628473126050e-05,-1.316780952306e-04
1.450000000000e+00,x,4.266666666667e-01,-1.967671803690e-04,-6.355264481039e-05,-1.332145355586e-04
1.450000000000e+00,x,4.400000000000e-01,-1.978930167120e-04,-6.075499323856e-05,-1.371380234734e-04
1.450000000000e+00,x,4.533333333333e-01,-1.895044302226e-04,-5.793870800402e-05,-1.315657222186e-04
1.450000000000e+00,x,4.666666666667e-01,-1.749139257886e-04,-5.515027283878e-05,-1.197636529499e-04
1.450000000000e+00,x,4.800000000000e-01,-1.641069017857e-04,-5.243470581134e-05,-1.116721959744e-04
1.450000000000e+00,x,4.933333333333e-01,-1.590692995570e-04,-4.983455708074e-05,-1.092347424762e-04
1.450000000000e+00,x,5.066666666667e-01,-1.543713843710e-04,-4.738892927123e-05,-1.069824550997e-04
1.450000000000e+00,x,5.200000000000e-01,-1.412034718803e-04,-4.513256812871e-05,-9.607090375161e-05
1.450000000000e+00,x,5.333333333333e-01,-1.248189849101e-04,-4.309510699238e-05,-8.172387791775e-05
1.450000000000e+00,x,5.466666666667e-01,-1.110219653981e-04,-4.130056820211e-05,-6.972139719602e-05
1.450000000000e+00,x,5.600000000000e-01,-1.004011286725e-04,-3.976721986760e-05,-6.063390880485e-05
1.450000000000e+00,x,5.733333333333e-01,-8.934422169454e-05,-3.850785490032e-05,-5.083636679422e-05
1.450000000000e+00,x,5.866666666667e-01,-7.418137606876e-05,-3.753050458727e-05,-3.665087148149e-05
1.450000000000e+00,x,6.000000000000e-01,-5.765831041987e-05,-3.683953072325e-05,-2.081877969662e-05
1.450000000000e+00,x,6.133333333333e-01,-4.183220431983e-05,-3.643697172342e-05,-5.395232596410e-06
1.450000000000e+00,x,6.266666666667e-01,-2.788236856078e-05,-3.632396359618e-05,8.441595035406e-06
1.450000000000e+00,x,6.400000000000e-01,-1.736304553905e-05,-3.650202853677e-05,1.913898299773e-05
1.450000000000e+00,x,6.533333333333e-01,-9.515848745934e-06,-3.697402984079e-05,2.745818109486e-05
1.450000000000e+00,x,6.666666666667e-01,-5.908197150828e-07,-3.774463299646e-05,3.715381328138e-05
1.450000000000e+00,x,6.800000000000e-01,1.065815910438e-05,-3.882018349881e-05,4.947834260318e-05
1.450000000000e+00,x,6.933333333333e-01,2.159274918907e-05,-4.020800064732e-05,6.180074983638e-05
1.450000000000e+00,x,7.066666666667e-01,2.545580333261e-05,-4.191517830698e-05,6.737098163959e-05
1.450000000000e+00,x,7.200000000000e-01,2.465045177208e-05,-4.394706269848e-05,6.859751447056e-05
1.450000000000e+00,x,7.333333333333e-01,2.624329525139e-05,-4.630563049547e-05,7.254892574686e-05
1.450000000000e+00,x,7.466666666667e-01,3.097294039355e-05,-4.898800940101e-05,7.996094979456e-05
1.450000000000e+00,x,7.600000000000e-01,3.266539613069e-05,-5.198536565912e-05,8.465076178981e-05
1.450000000000e+00,x,7.733333333333e-01,2.141154258893e-05,-5.528233258449e-05,7.669387517342e-05
1.450000000000e+00,x,7.866666666667e-01,4.168105202887e-06,-5.885708026597e-05,6.302518546886e-05
1.450000000000e+00,x,8.000000000000e-01,-1.049855293041e-05,-6.268204141264e-05,5.218348848223e-05
1.450000000000e+00,x,8.133333333333e-01,-2.104453865464e-05,-6.672522499740e-05,4.568068634276e-05
1.450000000000e+00,x,8.266666666667e-01,-3.241146868290e-05,-7.095197963894e-05,3.854051095603e-05
1.450000000000e+00,x,8.400000000000e-01,-5.038136779550e-05,-7.532702113569e-05,2.494565334019e-05
1.450000000000e+00,x,8.533333333333e-01,-6.987534581612e-05,-7.981651771088e-05,9.941171894757e-06
1.450000000000e+00,x,8.666666666667e-01,-8.765734539973e-05,-8.439003257358e-05,-3.267312826155e-06
1.450000000000e+00,x,8.800000000000e-01,-1.037928701975e-04,-8.902215287583e-05,-1.477071732167e-05
1.450000000000e+00,x,8.933333333333e-01,-1.200896017229e-04,-9.369368090471e-05,-2.639592081819e-05
1.450000000000e+00,x,9.066666666667e-01,-1.380429859083e-04,-9.839231981659e-05,-3.965066609170e-05
1.450000000000e+00,x,9.200000000000e-01,-1.574850696976e-04,-1.031128446145e-04,-5.437222508311e-05
1.450000000000e+00,x,9.333333333333e-01,-1.771499494736e-04,-1.078568024053e-04,-6.929314706830e-05
1.450000000000e+00,x,9.466666666667e-01,-1.936533005014e-04,-1.126318287931e-04,-8.102147170832e-05
1.450000000000e+00,x,9.600000000000e-01,-2.009054955525e-04,-1.174506960355e-04,-8.345479951704e-05
1.450000000000e+00,x,9.733333333333e-01,-2.006419566757e-04,-1.223302218139e-04,-7.831173486174e-05
1.450000000000e+00,x,9.866666666667e-01,-1.999368438572e-04,-1.272901655749e-04,-7.264667828225e-05
1.450000000000e+00,x,1.000000000000e+00,-2.013060198465e-04,-1.323522244488e-04,-6.895379539767e-05
1.450000000000e+00,x,1.013333333333e+00,-2.021456728263e-04,-1.375392160332e-04,-6.460645679315e-05
1.450000000000e+00,x,1.026666666667e+00,-1.962696031347e-04,-1.428745048845e-04,-5.339509825020e-05
1.450000000000e+00,x,1.040000000000e+00,-1.870240867748e-04,-1.483816976646e-04,-3.864238911019e-05
1.450000000000e+00,x,1.053333333333e+00,-1.792260210431e-04,-1.540846025487e-04,-2.514141849440e-05
1.450000000000e+00,x,1.066666666667e+00,-1.739495317353e-04,-1.600074249842e-04,-1.394210675108e-05
1.450000000000e+00,x,1.080000000000e+00,-1.701002163665e-04,-1.661751564194e-04,-3.925059947183e-06
1.450000000000e+00,x,1.093333333333e+00,-1.660365302552e-04,-1.726141061637e-04,6.577575908498e-06
1.450000000000e+00,x,1.106666666667e+00,-1.615008963077e-04,-1.793525288130e-04,1.785163250528e-05
1.450000000000e+00,x,1.120000000000e+00,-1.570598425429e-04,-1.864213093161e-04,2.936146677320e-05
1.450000000000e+00,x,1.133333333333e+00,-1.545972300477e-04,-1.938546826356e-04,3.925745258790e-05
1.450000000000e+00,x,1.146666666667e+00,-1.582199166235e-04,-2.016909825170e-04,4.347106589349e-05
1.450000000000e+00,x,1.160000000000e+00,-1.696837255593e-04,-2.099734316404e-04,4.028970608109e-05
1.450000000000e+00,x,1.173333333333e+00,-1.844815511909e-04,-2.187510013043e-04,3.426945011333e-05
1.450000000000e+00,x,1.186666666667e+00,-2.000621028634e-04,-2.280793814341e-04,2.801727857077e-05
1.450000000000e+00,x,1.200000000000e+00,-2.162492572776e-04,-2.380221106681e-04,2.177285339049e-05
1.450000000000e+00,x,1.213333333333e+00,-2.347174870263e-04,-2.486519219267e-04,1.393443490037e-05
1.450000000000e+00,x,1.226666666667e+00,-2.553363232279e-04,-2.600523622524e-04,4.716039024477e-06
1.450000000000e+00,x,1.240000000000e+00,-2.760667939075e-04,-2.723197482251e-04,-3.747045682380e-06
1.450000000000e+00,x,1.253333333333e+00,-2.956741840829e-04,-2.855655215089e-04,-1.010866257397e-05
1.450000000000e+00,x,1.266666666667e+00,-3.131683410555e-04,-2.999190748564e-04,-1.324926619912e-05
1.450000000000e+00,x,1.280000000000e+00,-3.276340031744e-04,-3.155311293163e-04,-1.210287385809e-05
1.450000000000e+00,x,1.293333333333e+00,-3.410688151814e-04,-3.325777611513e-04,-8.491054030121e-06
1.450000000000e+00,x,1.306666666667e+00,-3.563626518821e-04,-3.512652051919e-04,-5.097446690179e-06
1.450000000000e+00,x,1.320000000000e+00,-3.754095292487e-04,-3.718356028730e-04,-3.573926375661e-06
1.450000000000e+00,x,1.333333333333e+00,-3.989939986328e-04,-3.945739188481e-04,-4.420079784651e-06
1.450000000000e+00,x,1.346666666667e+00,-4.269096738768e-04,-4.198163158693e-04,-7.093358007490e-06
1.450000000000e+00,x,1.360000000000e+00,-4.587103985082e-04,-4.479603406275e-04,-1.075005788068e-05
1.450000000000e+00,x,1.373333333333e+00,-4.933681220843e-04,-4.794773064627e-04,-1.389081562167e-05
1.450000000000e+00,x,1.386666666667e+00,-5.296268047332e-04,-5.149272153969e-04,-1.469958933634e-05
1.450000000000e+00,x,1.400000000000e+00,-5.666170771501e-04,-5.549763698820e-04,-1.164070726813e-05
1.450000000000e+00,x,1.413333333333e+00,-6.050236264724e-04,-6.004173844879e-04,-4.606241984480e-06
1.450000000000e+00,x,1.426666666667e+00,-6.479296525900e-04,-6.521904957031e-04,4.260843113055e-06
1.450000000000e+00,x,1.440000000000e+00,-6.992375933843e-04,-7.114037491544e-04,1.216615577014e-05
1.450000000000e+00,x,1.453333333333e+00,-7.630410355311e-04,-7.793476988693e-04,1.630666333827e-05
1.450000000000e+00,x,1.466666666667e+00,-8.431119328411e-04,-8.574976235859e-04,1.438569074478e-05
1.450000000000e+00,x,1.480000000000e+00,-9.410712267755e-04,-9.474930123560e-04,6.421785580428e-06
1.450000000000e+00,x,1.493333333333e+00,-1.056198957258e-03,-1.051080451467e-03,-5.118505791285e-06
1.450000000000e+00,x,1.506666666667e+00,-1.187159806406e-03,-1.170002579877e-03,-1.715722652942e-05
1.450000000000e+00,x,1.520000000000e+00,-1.332329303944e-03,-1.305813314185e-03,-2.651598975874e-05
1.450000000000e+00,x,1.533333333333e+00,-1.490202577024e-03,-1.459599246180e-03,-3.060333084436e-05
1.450000000000e+00,x,1.546666666667e+00,-1.661117785070e-03,-1.631590408431e-03,-2.952737663952e-05
1.450000000000e+00,x,1.560000000000e+00,-1.846065301470e-03,-1.820651978809e-03,-2.541332266036e-05
1.450000000000e+00,x,1.573333333333e+00,-2.044918751196e-03,-2.023663208528e-03,-2.125554266776e-05
1.450000000000e+00,x,1.586666666667e+00,-2.255566677325e-03,-2.234811504452e-03,-2.075517287343e-05
1.450000000000e+00,x,1.600000000000e+00,-2.472660421671e-03,-2.444857613919e-03,-2.780280775212e-05
1.450000000000e+00,x,1.613333333333e+00,-2.685436552537e-03,-2.640460059989e-03,-4.497649254773e-05
1.450000000000e+00,x,1.626666666667e+00,-2.878884829359e-03,-2.803679221484e-03,-7.520560787478e-05
1.450000000000e+00,x,1.640000000000e+00,-3.034191512268e-03,-2.911807658947e-03,-1.223838533209e-04
1.450000000000e+00,x,1.653333333333e+00,-3.128693084796e-03,-2.937685876056e-03,-1.910072087408e-04
1.450000000000e+00,x,1.666666666667e+00,-3.130526161889e-03,-2.850653622875e-03,-2.798725390141e-04
1.450000000000e+00,x,1.680000000000e+00,-2.992892127728e-03,-2.618249127224e-03,-3.746430005031e-04
1.450000000000e+00,x,1.693333333333e+00,-2.669437892075e-03,-2.208698347277e-03,-4.607395447978e-04
1.450000000000e+00,x,1.706666666667e+00,-2.121024889430e-03,-1.594134552433e-03,-5.268903369974e-04
1.450000000000e+00,x,1.720000000000e+00,-1.321060230971e-03,-7.543629129465e-04,-5.666973180244e-04
1.450000000000e+00,x,1.733333333333e+00,-2.711251117552e-04,3.191498729005e-04,-5.902749846557e-04
1.450000000000e+00,x,1.746666666667e+00,9.950660363256e-04,1.619503430068e-03,-6.244373937426e-04
1.450000000000e+00,x,1.760000000000e+00,2.426327389413e-03,3.121337073908e-03,-6.950096844953e-04
1.450000000000e+00,x,1.773333333333e+00,3.956745060947e-03,4.779100640691e-03,-8.223555797439e-04
1.450000000000e+00,x,1.786666666667e+00,5.506403664794e-03,6.527117918212e-03,-1.020714253418e-03
1.450000000000e+00,x,1.800000000000e+00,6.967247111509e-03,8.281791886377e-03,-1.314544774868e-03
1.450000000000e+00,x,1.813333333333e+00,8.215562500072e-03,9.946072361235e-03,-1.730509861163e-03
1.450000000000e+00,x,1.826666666667e+00,9.131955629016e-03,1.141601834109e-02,-2.284062712071e-03
1.450000000000e+00,x,1.840000000000e+00,9.610235376850e-03,1.258897750376e-02,-2.978742126909e-03
1.450000000000e+00,x,1.853333333333e+00,9.569947502027e-03,1.337262215437e-02,-3.802674652341e-03
1.450000000000e+00,x,1.866666666667e+00,8.981702557607e-03,1.369387491117e-02,-4.712172353559e-03
1.450000000000e+00,x,1.880000000000e+00,7.854589188359e-03,1.350667159859e-02,-5.652082410228e-03
1.450000000000e+00,x,1.893333333333e+00,6.229819090629e-03,1.279756961983e-02,-6.567750529198e-03
1.450000000000e+00,x,1.906666666667e+00,4.181215547275e-03,1.158842049033e-02,-7.407204943050e-03
1.450000000000e+00,x,1.920000000000e+00,1.835332442637e-03,9.935662151734e-03,-8.100329709097e-03
1.450000000000e+00,x,1.933333333333e+00,-6.005371169561e-04,7.926203538584e-03,-8.526740655540e-03
1.450000000000e+00,x,1.946666666667e+00,-2.904012851518e-03,5.670307965505e-03,-8.574320817023e-03
1.450000000000e+00,x,1.960000000000e+00,-4.869255585508e-03,3.292265597868e-03,-8.161521183376e-03
1.450000000000e+00,x,1.973333333333e+00,-6.330560361301e-03,9.199183876424e-04,-7.250478748944e-03
1.450000000000e+00,x,1.986666666667e+00,-7.257276189153e-03,-1.325778146180e-03,-5.931498042972e-03
1.450000000000e+00,x,2.000000000000e+00,-7.775019781388e-03,-3.340018455199e-03,-4.435001326188e-03
1.450000000000e+00,y,-2.000000000000e+00,2.838353655005e-07,1.165727090220e-05,-1.137343553670e-05
1.450000000000e+00,y,-1.986666666667e+00,2.531208439414e-07,1.672772804214e-05,-1.647460719820e-05
1.450000000000e+00,y,-1.973333333333e+00,1.064928018225e-07,2.085804013860e-05,-2.075154733678e-05
1.450000000000e+00,y,-1.960000000000e+00,-5.494745619469e-08,2.368760264744e-05,-2.374255010364e-05
1.450000000000e+00,y,-1.946666666667e+00,-1.775331666325e-07,2.498016868082e-05,-2.515770184745e-05
1.450000000000e+00,y,-1.933333333333e+00,-2.509233063421e-07,2.465303945738e-05,-2.490396276372e-05
1.450000000000e+00,y,-1.920000000000e+00,-2.798953537363e-07,2.278294562193e-05,-2.306284097566e-05
1.450000000000e+00,y,-1.906666666667e+00,-2.790339742904e-07,1.958882568831e-05,-1.986785966260e-05
1.450000000000e+00,y,-1.893333333333e+00,-2.655956340384e-07,1.539630714868e-05,-1.566190278271e-05
1.450000000000e+00,y,-1.880000000000e+00,-2.450344212724e-07,1.059182513109e-05,-1.083685955236e-05
1.450000000000e+00,y,-1.866666666667e+00,-2.181433718516e-07,5.575312755366e-06,-5.793456127217e-06
1.450000000000e+00,y,-1.853333333333e+00,-1.869040593478e-07,7.192506078458e-07,-9.061546671936e-07
1.450000000000e+00,y,-1.840000000000e+00,-1.558898725399e-07,-3.660860389572e-06,3.504970517032e-06
1.450000000000e+00,y,-1.826666666667e+00,-1.363300103319e-07,-7.322915586911e-06,7.186585576579e-06
1.450000000000e+00,y,-1.813333333333e+00,-1.520588964918e-07,-1.010289119187e-05,9.950832295375e-06
1.450000000000e+00,y,-1.800000000000e+00,-2.309055558819e-07,-1.191119895155e-05,1.168029339567e-05
1.450000000000e+00,y,-1.786666666667e+00,-4.004399592530e-07,-1.272476567971e-05,1.232432572046e-05
1.450000000000e+00,y,-1.773333333333e+00,-6.845840874459e-07,-1.257827206006e-05,1.189368797262e-05
1.450000000000e+00,y,-1.760000000000e+00,-1.097889119389e-06,-1.155652082074e-05,1.045863170135e-05
1.450000000000e+00,y,-1.746666666667e+00,-1.639597496177e-06,-9.788188182335e-06,8.148590686158e-06
1.450000000000e+00,y,-1.733333333333e+00,-2.289154978612e-06,-7.439817960954e-06,5.150662982342e-06
1.450000000000e+00,y,-1.720000000000e+00,-2.998345441822e-06,-4.708250980947e-06,1.709905539124e-06
1.450000000000e+00,y,-1.706666666667e+00,-3.678930580257e-06,-1.809895916283e-06,-1.869034663974e-06
1.450000000000e+00,y,-1.693333333333e+00,-4.122790913156e-06,1.033772466275e-06,-5.156563379432e-06
1.450000000000e+00,y,-1.680000000000e+00,-4.025271250111e-06,3.613677709081e-06,-7.638948959192e-06
1.450000000000e+00,y,-1.666666666667e+00,-3.071931354163e-06,5.751309710070e-06,-8.823241064233e-06
1.450000000000e+00,y,-1.653333333333e+00,-9.679277112624e-07,7.314240685706e-06,-8.282168396969e-06
1.450000000000e+00,y,-1.640000000000e+00,2.546116123800e-06,8.225094362545e-06,-5.678978238745e-06
1.450000000000e+00,y,-1.626666666667e+00,7.768097377911e-06,8.460040747313e-06,-6.919433694012e-07
1.450000000000e+00,y,-1.613333333333e+00,1.486075278405e-05,8.033042875252e-06,6.827709908798e-06
1.450000000000e+00,y,-1.600000000000e+00,2.366580250098e-05,6.961918420148e-06,1.670388408083e-05
1.450000000000e+00,y,-1.586666666667e+00,3.356380877162e-05,5.211280286027e-06,2.835252848559e-05
1.450000000000e+00,y,-1.573333333333e+00,4.315371893674e-05,2.605302968211e-06,4.054841596853e-05
1.450000000000e+00,y,-1.560000000000e+00,4.969505937586e-05,-1.299728521505e-06,5.099478789737e-05
1.450000000000e+00,y,-1.546666666667e+00,4.956167444791e-05,-7.395917014901e-06,5.695759146281e-05
1.450000000000e+00,y,-1.533333333333e+00,3.835552813305e-05,-1.727056826994e-05,5.562609640299e-05
1.450000000000e+00,y,-1.520000000000e+00,1.089399014503e-05,-3.352742084246e-05,4.442141098749e-05
1.450000000000e+00,y,-1.506666666667e+00,-3.962245507474e-05,-6.017554869799e-05,2.055309362325e-05
1.450000000000e+00,y,-1.493333333333e+00,-1.220359635186e-04,-1.030507865141e-04,-1.898517700443e-05
1.450000000000e+00,y,-1.480000000000e+00,-2.452365785297e-04,-1.701905966081e-04,-7.504598192154e-05
1.450000000000e+00,y,-1.466666666667e+00,-4.173007255778e-04,-2.720264254147e-04,-1.452743001631e-04
1.450000000000e+00,y,-1.453333333333e+00,-6.446789204085e-04,-4.211978073200e-04,-2.234811130885e-04
1.450000000000e+00,y,-1.440000000000e+00,-9.305759728398e-04,-6.317492591314e-04,-2.988267137084e-04
1.450000000000e+00,y,-1.426666666667e+00,-1.274259057825e-03,-9.174727396264e-04,-3.567863181984e-04
1.450000000000e+00,y,-1.413333333333e+00,-1.671098489999e-03,-1.289237266822e-03,-3.818612231774e-04
1.450000000000e+00,y,-1.400000000000e+00,-2.111786015505e-03,-1.751328500757e-03,-3.604575147477e-04
1.450000000000e+00,y,-1.386666666667e+00,-2.580745105686e-03,-2.297108195169e-03,-2.836369105173e-04
1.450000000000e+00,y,-1.373333333333e+00,-3.049325645283e-03,-2.904662768800e-03,-1.446628764829e-04
1.450000000000e+00,y,-1.360000000000e+00,-3.480360766424e-03,-3.533462441327e-03,5.310167490371e-05
1.450000000000e+00,y,-1.346666666667e+00,-3.833461615426e-03,-4.123278058924e-03,2.898164434985e-04
1.450000000000e+00,y,-1.333333333333e+00,-4.067005575228e-03,-4.596568215076e-03,5.295626398477e-04
1.450000000000e+00,y,-1.320000000000e+00,-4.139979178691e-03,-4.865150707523e-03,7.251715288318e-04
1.450000000000e+00,y,-1.306666666667e+00,-4.013460875289e-03,-4.841187868013e-03,8.277269927240e-04
1.450000000000e+00,y,-1.293333333333e+00,-3.654389961992e-03,-4.451445947325e-03,7.970559853335e-04
1.450000000000e+00,y,-1.280000000000e+00,-3.039196503447e-03,-3.652666676965e-03,6.134701735179e-04
1.450000000000e+00,y,-1.266666666667e+00,-2.157334858625e-03,-2.445037285269e-03,2.877024266445e-04
1.450000000000e+00,y,-1.253333333333e+00,-1.023737412368e-03,-8.804894607142e-04,-1.432479516537e-04
1.450000000000e+00,y,-1.240000000000e+00,3.105121979556e-04,9.368868518036e-04,-6.263746538480e-04
1.450000000000e+00,y,-1.226666666667e+00,1.777062789518e-03,2.859658332392e-03,-1.082595542875e-03
1.450000000000e+00,y,-1.213333333333e+00,3.295605048844e-03,4.714500648089e-03,-1.418895599245e-03
1.450000000000e+00,y,-1.200000000000e+00,4.777193606361e-03,6.325663640507e-03,-1.548470034146e-03
1.450000000000e+00,y,-1.186666666667e+00,6.122682744282e-03,7.540247594665e-03,-1.417564850383e-03
1.450000000000e+00,y,-1.173333333333e+00,7.227637855469e-03,8.250440756261e-03,-1.022802900792e-03
1.450000000000e+00,y,-1.160000000000e+00,7.995087583778e-03,8.408379018178e-03,-4.132914344003e-04
1.450000000000e+00,y,-1.146666666667e+00,8.343555264013e-03,8.030857758580e-03,3.126975054328e-04
1.450000000000e+00,y,-1.133333333333e+00,8.217926238556e-03,7.193343831864e-03,1.024582406693e-03
1.450000000000e+00,y,-1.120000000000e+00,7.625613384151e-03,6.015010723490e-03,1.610602660661e-03
1.450000000000e+00,y,-1.106666666667e+00,6.621849500575e-03,4.638263356474e-03,1.983586144101e-03
1.450000000000e+00,y,-1.093333333333e+00,5.286772576195e-03,3.207024674245e-03,2.079747901950e-03
1.450000000000e+00,y,-1.080000000000e+00,3.720166174999e-03,1.847809129818e-03,1.872357045181e-03
1.450000000000e+00,y,-1.066666666667e+00,2.038314312020e-03,6.564922033793e-04,1.381822108641e-03
1.450000000000e+00,y,-1.053333333333e+00,3.765166355905e-04,-3.079062770253e-04,6.844229126158e-04
1.450000000000e+00,y,-1.040000000000e+00,-1.127666491774e-03,-1.022713033938e-03,-1.049534578367e-04
1.450000000000e+00,y,-1.026666666667e+00,-2.347894377062e-03,-1.495888926774e-03,-8.520054502885e-04
1.450000000000e+00,y,-1.013333333333e+00,-3.179669413043e-03,-1.757283199463e-03,-1.422386213580e-03
1.450000000000e+00,y,-1.000000000000e+00,-3.571167636561e-03,-1.849065151060e-03,-1.722102485501e-03
1.450000000000e+00,y,-9.866666666667e-01,-3.555450434079e-03,-1.817115994799e-03,-1.738334439281e-03
1.450000000000e+00,y,-9.733333333333e-01,-3.202578241416e-03,-1.704486885896e-03,-1.498091355520e-03
1.450000000000e+00,y,-9.600000000000e-01,-2.604808637325e-03,-1.547325107765e-03,-1.057483529560e-03
1.450000000000e+00,y,-9.466666666667e-01,-1.867606471190e-03,-1.373103198889e-03,-4.945032723009e-04
1.450000000000e+00,y,-9.333333333333e-01,-1.097608980238e-03,-1.200636009482e-03,1.030270292442e-04
1.450000000000e+00,y,-9.200000000000e-01,-3.940688440546e-04,-1.041241072696e-03,6.471722286419e-04
1.450000000000e+00,y,-9.066666666667e-01,1.545296765861e-04,-9.004384597022e-04,1.054968136288e-03
1.450000000000e+00,y,-8.933333333333e-01,4.776909232224e-04,-7.797261285832e-04,1.257417051806e-03
1.450000000000e+00,y,-8.800000000000e-01,5.330771920331e-04,-6.781385502231e-04,1.211215742256e-03
1.450000000000e+00,y,-8.666666666667e-01,3.489806640542e-04,-5.934521466282e-04,9.424328106825e-04
1.450000000000e+00,y,-8.533333333333e-01,5.602823159493e-06,-5.230160504162e-04,5.286188735757e-04
1.450000000000e+00,y,-8.400000000000e-01,-4.015171273445e-04,-4.642556290892e-04,6.273850174466e-05
1.450000000000e+00,y,-8.266666666667e-01,-7.737459719227e-04,-4.149261592016e-04,-3.588198127210e-04
1.450000000000e+00,y,-8.133333333333e-01,-1.027599003299e-03,-3.731971374037e-04,-6.544018658954e-04
1.450000000000e+00,y,-8.000000000000e-01,-1.133347590106e-03,-3.376360251574e-04,-7.957115649483e-04
1.450000000000e+00,y,-7.866666666667e-01,-1.091770303254e-03,-3.071429643665e-04,-7.846273388875e-04
1.450000000000e+00,y,-7.733333333333e-01,-9.200760911471e-04,-2.808708980623e-04,-6.392051930848e-04
1.450000000000e+00,y,-7.600000000000e-01,-6.489258544286e-04,-2.581513571064e-04,-3.907744973222e-04
1.450000000000e+00,y,-7.466666666667e-01,-3.221439891069e-04,-2.384357367412e-04,-8.370825236569e-05
1.450000000000e+00,y,-7.333333333333e-01,2.343919828824e-06,-2.212549408409e-04,2.235988606697e-04
1.450000000000e+00,y,-7.200000000000e-01,2.654174295329e-04,-2.061961505126e-04,4.716135800455e-04
1.450000000000e+00,y,-7.066666666667e-01,4.149099575925e-04,-1.928934248778e-04,6.078033824703e-04
1.450000000000e+00,y,-6.933333333333e-01,4.127531797107e-04,-1.810281633883e-04,5.937813430990e-04
1.450000000000e+00,y,-6.800000000000e-01,2.631806648260e-04,-1.703355452475e-04,4.335162100735e-04
1.450000000000e+00,y,-6.666666666667e-01,2.104169262194e-05,-1.606134327076e-04,1.816551253295e-04
1.450000000000e+00,y,-6.533333333333e-01,-2.454031209141e-04,-1.517305665327e-04,-9.367255438139e-05
1.450000000000e+00,y,-6.400000000000e-01,-4.660678009006e-04,-1.436310815923e-04,-3.224367193083e-04
1.450000000000e+00,y,-6.266666666667e-01,-5.805736611322e-04,-1.363325264003e-04,-4.442411347319e-04
1.450000000000e+00,y,-6.133333333333e-01,-5.740231837543e-04,-1.299149436666e-04,-4.441082400877e-04
1.450000000000e+00,y,-6.000000000000e-01,-4.698710312776e-04,-1.244994751938e-04,-3.453715560837e-04
1.450000000000e+00,y,-5.866666666667e-01,-3.040602918937e-04,-1.202166115281e-04,-1.838436803656e-04
1.450000000000e+00,y,-5.733333333333e-01,-1.190421420864e-04,-1.171665817826e-04,-1.875560303789e-06
1.450000000000e+00,y,-5.600000000000e-01,4.385189179482e-05,-1.153770933184e-04,1.592289851132e-04
1.450000000000e+00,y,-5.466666666667e-01,1.594692510882e-04,-1.147659776348e-04,2.742352287230e-04
1.450000000000e+00,y,-5.333333333333e-01,2.134979325854e-04,-1.151174021020e-04,3.286153346874e-04
1.450000000000e+00,y,-5.200000000000e-01,1.989597436643e-04,-1.160794036455e-04,3.150391473097e-04
1.450000000000e+00,y,-5.066666666667e-01,1.169373087300e-04,-1.171872658775e-04,2.341245746075e-04
1.450000000000e+00,y,-4.933333333333e-01,-1.869293628189e-05,-1.179120628839e-04,9.921912660200e-05
1.450000000000e+00,y,-4.800000000000e-01,-1.732559844406e-04,-1.177276442407e-04,-5.552834019987e-05
1.450000000000e+00,y,-4.666666666667e-01,-3.066289291541e-04,-1.161840775010e-04,-1.904448516531e-04
1.450000000000e+00,y,-4.533333333333e-01,-3.812065228595e-04,-1.129727950444e-04,-2.682337278151e-04
1.450000000000e+00,y,-4.400000000000e-01,-3.676470041669e-04,-1.079695816993e-04,-2.596774224676e-04
1.450000000000e+00,y,-4.266666666667e-01,-2.654701867630e-04,-1.012462351976e-04,-1.642239515654e-04
1.450000000000e+00,y,-4.133333333333e-01,-1.124256526463e-04,-9.304916777984e-05,-1.937648486644e-05
1.450000000000e+00,y,-4.000000000000e-01,4.424162813798e-05,-8.375134788171e-05,1.279929760197e-04
1.450000000000e+00,y,-3.866666666667e-01,1.569956365407e-04,-7.379039467859e-05,2.307860312193e-04
1.450000000000e+00,y,-3.733333333333e-01,1.865662430131e-04,-6.360836007763e-05,2.501746030907e-04
1.450000000000e+00,y,-3.600000000000e-01,1.309247795578e-04,-5.360691784768e-05,1.845316974054e-04
1.450000000000e+00,y,-3.466666666667e-01,2.106539399739e-05,-4.412593456107e-05,6.519132855846e-05
1.450000000000e+00,y,-3.333333333333e-01,-1.038455520949e-04,-3.544559355879e-05,-6.839995853613e-05
1.450000000000e+00,y,-3.200000000000e-01,-2.032101317496e-04,-2.780488592352e-05,-1.754052458261e-04
1.450000000000e+00,y,-3.066666666667e-01,-2.441498925213e-04,-2.142466334370e-05,-2.227252291776e-04
1.450000000000e+00,y,-2.933333333333e-01,-2.254479871511e-04,-1.652289552004e-05,-2.089250916311e-04
1.450000000000e+00,y,-2.800000000000e-01,-1.644515570696e-04,-1.331326277333e-05,-1.511382942963e-04
1.450000000000e+00,y,-2.666666666667e-01,-8.427069429252e-05,-1.198444420843e-05,-7.228625008409e-05
1.450000000000e+00,y,-2.533333333333e-01,-1.002345374376e-05,-1.266435980240e-05,2.640906058640e-06
1.450000000000e+00,y,-2.400000000000e-01,3.807817927521e-05,-1.537905094982e-05,5.345723022502e-05
1.450000000000e+00,y,-2.266666666667e-01,5.549871090059e-05,-2.001829536878e-05,7.551700626936e-05
1.450000000000e+00,y,-2.133333333333e-01,4.449855753398e-05,-2.631891293374e-05,7.081747046772e-05
1.450000000000e+00,y,-2.000000000000e-01,1.100791295777e-05,-3.387255708366e-05,4.488047004143e-05
1.450000000000e+00,y,-1.866666666667e-01,-3.632183010796e-05,-4.215892758936e-05,5.837097481406e-06
1.450000000000e+00,y,-1.733333333333e-01,-8.700006610462e-05,-5.059944402360e-05,-3.640062208102e-05
1.450000000000e+00,y,-1.600000000000e-01,-1.297263639330e-04,-5.862198315100e-05,-7.110438078200e-05
1.450000000000e+00,y,-1.466666666667e-01,-1.540260183803e-04,-6.572526391915e-05,-8.830075446110e-05
1.450000000000e+00,y,-1.333333333333e-01,-1.517718318735e-04,-7.153209767840e-05,-8.023973419514e-05
1.450000000000e+00,y,-1.200000000000e-01,-1.188611546146e-04,-7.582356554728e-05,-4.303758906737e-05
1.450000000000e+00,y,-1.066666666667e-01,-6.284543072248e-05,-7.855032582334e-05,1.570489510086e-05
1.450000000000e+00,y,-9.333333333333e-02,-1.624185374651e-06,-7.982160425792e-05,7.819741888327e-05
1.450000000000e+00,y,-8.000000000000e-02,4.557058740464e-05,-7.987600983652e-05,1.254465972412e-04
1.450000000000e+00,y,-6.666666666667e-02,6.148546101520e-05,-7.904051431651e-05,1.405259753317e-04
1.450000000000e+00,y,-5.333333333333e-02,3.530179068076e-05,-7.768453450581e-05,1.129863251866e-04
1.450000000000e+00,y,-4.000000000000e-02,-2.352389977521e-05,-7.617527095060e-05,5.265137117539e-05
1.450000000000e+00,y,-2.666666666667e-02,-9.343779888267e-05,-7.483878286214e-05,-1.859901602053e-05
1.450000000000e+00,y,-1.333333333333e-02,-1.508558564344e-04,-7.392932995499e-05,-7.692652647942e-05
1.450000000000e+00,y,0.000000000000e+00,-1.740488148994e-04,-7.360784062447e-05,-1.004409742749e-04
1.450000000000e+00,y,1.333333333333e-02,-1.508563170572e-04,-7.392932995499e-05,-7.692698710223e-05
1.450000000000e+00,y,2.666666666667e-02,-9.343868757565e-05,-7.483878286214e-05,-1.859990471352e-05
1.450000000000e+00,y,4.000000000000e-02,-2.352514467708e-05,-7.617527095060e-05,5.265012627352e-05
1.450000000000e+00,y,5.333333333333e-02,3.530029794032e-05,-7.768453450581e-05,1.129848324461e-04
1.450000000000e+00,y,6.666666666667e-02,6.148385619570e-05,-7.904051431651e-05,1.405243705122e-04
1.450000000000e+00,y,8.000000000000e-02,4.556902076989e-05,-7.987600983652e-05,1.254450306064e-04
1.450000000000e+00,y,9.333333333333e-02,-1.625610976817e-06,-7.982160425792e-05,7.819599328110e-05
1.450000000000e+00,y,1.066666666667e-01,-6.284665842078e-05,-7.855032582334e-05,1.570366740257e-05
1.450000000000e+00,y,1.200000000000e-01,-1.188621768999e-04,-7.582356554728e-05,-4.303861135258e-05
1.450000000000e+00,y,1.333333333333e-01,-1.517726820884e-04,-7.153209767840e-05,-8.024058441003e-05
1.450000000000e+00,y,1.466666666667e-01,-1.540267554388e-04,-6.572526391915e-05,-8.830149151967e-05
1.450000000000e+00,y,1.600000000000e-01,-1.297270622099e-04,-5.862198315100e-05,-7.110507905886e-05
1.450000000000e+00,y,1.733333333333e-01,-8.700078719316e-05,-5.059944402360e-05,-3.640134316956e-05
1.450000000000e+00,y,1.866666666667e-01,-3.632263242823e-05,-4.215892758936e-05,5.836295161137e-06
1.450000000000e+00,y,2.000000000000e-01,1.100699064522e-05,-3.387255708366e-05,4.487954772888e-05
1.450000000000e+00,y,2.133333333333e-01,4.449748613176e-05,-2.631891293374e-05,7.081639906550e-05
1.450000000000e+00,y,2.266666666667e-01,5.549747892987e-05,-2.001829536878e-05,7.551577429865e-05
1.450000000000e+00,y,2.400000000000e-01,3.807679419004e-05,-1.537905094982e-05,5.345584513986e-05
1.450000000000e+00,y,2.533333333333e-01,-1.002494904548e-05,-1.266435980240e-05,2.639410756924e-06
1.450000000000e+00,y,2.666666666667e-01,-8.427224238416e-05,-1.198444420843e-05,-7.228779817573e-05
1.450000000000e+00,y,2.800000000000e-01,-1.644531106565e-04,-1.331326277333e-05,-1.511398478831e-04
1.450000000000e+00,y,2.933333333333e-01,-2.254495186227e-04,-1.652289552004e-05,-2.089266231027e-04
1.450000000000e+00,y,3.066666666667e-01,-2.441513992970e-04,-2.142466334370e-05,-2.227267359533e-04
1.450000000000e+00,y,3.200000000000e-01,-2.032116255554e-04,-2.780488592352e-05,-1.754067396319e-04
1.450000000000e+00,y,3.333333333333e-01,-1.038470496378e-04,-3.544559355879e-05,-6.840145607898e-05
1.450000000000e+00,y,3.466666666667e-01,2.106389968702e-05,-4.412593456107e-05,6.518983424809e-05
1.450000000000e+00,y,3.600000000000e-01,1.309233034641e-04,-5.360691784768e-05,1.845302213118e-04
1.450000000000e+00,y,3.733333333333e-01,1.865648250941e-04,-6.360836007763e-05,2.501731851717e-04
1.450000000000e+00,y,3.866666666667e-01,1.569943394593e-04,-7.379039467859e-05,2.307847341379e-04
1.450000000000e+00,y,4.000000000000e-01,4.424051421937e-05,-8.375134788171e-05,1.279918621011e-04
1.450000000000e+00,y,4.133333333333e-01,-1.124265336289e-04,-9.304916777984e-05,-1.937736584909e-05
1.450000000000e+00,y,4.266666666667e-01,-2.654708068504e-04,-1.012462351976e-04,-1.642245716528e-04
1.450000000000e+00,y,4.400000000000e-01,-3.676473545001e-04,-1.079695816993e-04,-2.596777728008e-04
1.450000000000e+00,y,4.533333333333e-01,-3.812066093467e-04,-1.129727950444e-04,-2.682338143023e-04
1.450000000000e+00,y,4.666666666667e-01,-3.066287708756e-04,-1.161840775010e-04,-1.904446933746e-04
1.450000000000e+00,y,4.800000000000e-01,-1.732555859094e-04,-1.177276442407e-04,-5.552794166868e-05
1.450000000000e+00,y,4.933333333333e-01,-1.869230131666e-05,-1.179120628839e-04,9.921976156724e-05
1.450000000000e+00,y,5.066666666667e-01,1.169381758663e-04,-1.171872658775e-04,2.341254417437e-04
1.450000000000e+00,y,5.200000000000e-01,1.989608418239e-04,-1.160794036455e-04,3.150402454694e-04
1.450000000000e+00,y,5.333333333333e-01,2.134992425268e-04,-1.151174021020e-04,3.286166446288e-04
1.450000000000e+00,y,5.466666666667e-01,1.594707242217e-04,-1.147659776348e-04,2.742367018565e-04
1.450000000000e+00,y,5.600000000000e-01,4.385345429677e-05,-1.153770933184e-04,1.592305476152e-04
1.450000000000e+00,y,5.733333333333e-01,-1.190405818492e-04,-1.171665817826e-04,-1.874000066624e-06
1.450000000000e+00,y,5.866666666667e-01,-3.040588408381e-04,-1.202166115281e-04,-1.838422293100e-04
1.450000000000e+00,y,6.000000000000e-01,-4.698697789110e-04,-1.244994751938e-04,-3.453703037172e-04
1.450000000000e+00,y,6.133333333333e-01,-5.740222072139e-04,-1.299149436666e-04,-4.441072635473e-04
1.450000000000e+00,y,6.266666666667e-01,-5.805730138389e-04,-1.363325264003e-04,-4.442404874386e-04
1.450000000000e+00,y,6.400000000000e-01,-4.660674999598e-04,-1.436310815923e-04,-3.224364183675e-04
1.450000000000e+00,y,6.533333333333e-01,-2.454031673227e-04,-1.517305665327e-04,-9.367260078997e-05
1.450000000000e+00,y,6.666666666667e-01,2.104134985399e-05,-1.606134327076e-04,1.816547825616e-04
1.450000000000e+00,y,6.800000000000e-01,2.631801022532e-04,-1.703355452475e-04,4.335156475007e-04
1.450000000000e+00,y,6.933333333333e-01,4.127524995011e-04,-1.810281633883e-04,5.937806628894e-04
1.450000000000e+00,y,7.066666666667e-01,4.149092731361e-04,-1.928934248778e-04,6.078026980140e-04
1.450000000000e+00,y,7.200000000000e-01,2.654168492403e-04,-2.061961505126e-04,4.716129997530e-04
1.450000000000e+00,y,7.333333333333e-01,2.343531439036e-06,-2.212549408409e-04,2.235984722799e-04
1.450000000000e+00,y,7.466666666667e-01,-3.221441299804e-04,-2.384357367412e-04,-8.370839323918e-05
1.450000000000e+00,y,7.600000000000e-01,-6.489257303594e-04,-2.581513571064e-04,-3.907743732530e-04
1.450000000000e+00,y,7.733333333333e-01,-9.200757146464e-04,-2.808708980623e-04,-6.392048165841e-04
1.450000000000e+00,y,7.866666666667e-01,-1.091769726187e-03,-3.071429643665e-04,-7.846267618206e-04
1.450000000000e+00,y,8.000000000000e-01,-1.133346890352e-03,-3.376360251574e-04,-7.957108651950e-04
1.450000000000e+00,y,8.133333333333e-01,-1.027598289300e-03,-3.731971374037e-04,-6.544011518960e-04
1.450000000000e+00,y,8.266666666667e-01,-7.737453631989e-04,-4.149261592016e-04,-3.588192039972e-04
1.450000000000e+00,y,8.400000000000e-01,-4.015167337727e-04,-4.642556290892e-04,6.273889531646e-05
1.450000000000e+00,y,8.533333333333e-01,5.602920982658e-06,-5.230160504162e-04,5.286189713989e-04
1.450000000000e+00,y,8.666666666667e-01,3.489804258465e-04,-5.934521466282e-04,9.424325724748e-04
1.450000000000e+00,y,8.800000000000e-01,5.330766272123e-04,-6.781385502231e-04,1.211215177435e-03
1.450000000000e+00,y,8.933333333333e-01,4.776900801534e-04,-7.797261285832e-04,1.257416208737e-03
1.450000000000e+00,y,9.066666666667e-01,1.545286449459e-04,-9.004384597022e-04,1.054967104648e-03
1.450000000000e+00,y,9.200000000000e-01,-3.940699770769e-04,-1.041241072696e-03,6.471710956196e-04
1.450000000000e+00,y,9.333333333333e-01,-1.097610121396e-03,-1.200636009482e-03,1.030258880860e-04
1.450000000000e+00,y,9.466666666667e-01,-1.867607533939e-03,-1.373103198889e-03,-4.945043350500e-04
1.450000000000e+00,y,9.600000000000e-01,-2.604809543423e-03,-1.547325107765e-03,-1.057484435659e-03
1.450000000000e+00,y,9.733333333333e-01,-3.202578926651e-03,-1.704486885896e-03,-1.498092040755e-03
1.450000000000e+00,y,9.866666666667e-01,-3.555450861885e-03,-1.817115994799e-03,-1.738334867086e-03
1.450000000000e+00,y,1.000000000000e+00,-3.571167798884e-03,-1.849065151060e-03,-1.722102647824e-03
1.450000000000e+00,y,1.013333333333e+00,-3.179669321569e-03,-1.757283199463e-03,-1.422386122106e-03
1.450000000000e+00,y,1.026666666667e+00,-2.347894078443e-03,-1.495888926774e-03,-8.520051516697e-04
1.450000000000e+00,y,1.040000000000e+00,-1.127666033457e-03,-1.022713033938e-03,-1.049529995191e-04
1.450000000000e+00,y,1.053333333333e+00,3.765171966220e-04,-3.079062770253e-04,6.844234736472e-04
1.450000000000e+00,y,1.066666666667e+00,2.038314919125e-03,6.564922033793e-04,1.381822715745e-03
1.450000000000e+00,y,1.080000000000e+00,3.720166789759e-03,1.847809129818e-03,1.872357659941e-03
1.450000000000e+00,y,1.093333333333e+00,5.286773161643e-03,3.207024674245e-03,2.079748487398e-03
1.450000000000e+00,y,1.106666666667e+00,6.621850027887e-03,4.638263356474e-03,1.983586671412e-03
1.450000000000e+00,y,1.120000000000e+00,7.625613821594e-03,6.015010723490e-03,1.610603098105e-03
1.450000000000e+00,y,1.133333333333e+00,8.217926571295e-03,7.193343831864e-03,1.024582739431e-03
1.450000000000e+00,y,1.146666666667e+00,8.343555483354e-03,8.030857758580e-03,3.126977247732e-04
1.450000000000e+00,y,1.160000000000e+00,7.995087694561e-03,8.408379018178e-03,-4.132913236174e-04
1.450000000000e+00,y,1.173333333333e+00,7.227637864041e-03,8.250440756261e-03,-1.022802892220e-03
1.450000000000e+00,y,1.186666666667e+00,6.122682669895e-03,7.540247594665e-03,-1.417564924770e-03
1.450000000000e+00,y,1.200000000000e+00,4.777193465537e-03,6.325663640507e-03,-1.548470174970e-03
1.450000000000e+00,y,1.213333333333e+00,3.295604872007e-03,4.714500648089e-03,-1.418895776081e-03
1.450000000000e+00,y,1.226666666667e+00,1.777062604112e-03,2.859658332392e-03,-1.082595728281e-03
1.450000000000e+00,y,1.240000000000e+00,3.105120244178e-04,9.368868518036e-04,-6.263748273858e-04
1.450000000000e+00,y,1.253333333333e+00,-1.023737558802e-03,-8.804894607142e-04,-1.432480980877e-04
1.450000000000e+00,y,1.266666666667e+00,-2.157334972375e-03,-2.445037285269e-03,2.877023128937e-04
1.450000000000e+00,y,1.280000000000e+00,-3.039196569612e-03,-3.652666676965e-03,6.134701073530e-04
1.450000000000e+00,y,1.293333333333e+00,-3.654389987372e-03,-4.451445947325e-03,7.970559599531e-04
1.450000000000e+00,y,1.306666666667e+00,-4.013460855271e-03,-4.841187868013e-03,8.277270127412e-04
1.450000000000e+00,y,1.320000000000e+00,-4.139979120070e-03,-4.865150707523e-03,7.251715874528e-04
1.450000000000e+00,y,1.333333333333e+00,-4.067005487408e-03,-4.596568215076e-03,5.295627276675e-04
1.450000000000e+00,y,1.346666666667e+00,-3.833461509780e-03,-4.123278058924e-03,2.898165491446e-04
1.450000000000e+00,y,1.360000000000e+00,-3.480360656173e-03,-3.533462441327e-03,5.310178515410e-05
1.450000000000e+00,y,1.373333333333e+00,-3.049325538882e-03,-2.904662768800e-03,-1.446627700816e-04
1.450000000000e+00,y,1.386666666667e+00,-2.580745001125e-03,-2.297108195169e-03,-2.836368059556e-04
1.450000000000e+00,y,1.400000000000e+00,-2.111785931652e-03,-1.751328500757e-03,-3.604574308948e-04
1.450000000000e+00,y,1.413333333333e+00,-1.671098433054e-03,-1.289237266822e-03,-3.818611662322e-04
1.450000000000e+00,y,1.426666666667e+00,-1.274259024336e-03,-9.174727396264e-04,-3.567862847096e-04
1.450000000000e+00,y,1.440000000000e+00,-9.305759601479e-04,-6.317492591314e-04,-2.988267010166e-04
1.450000000000e+00,y,1.453333333333e+00,-6.446789284918e-04,-4.211978073200e-04,-2.234811211718e-04
1.450000000000e+00,y,1.466666666667e+00,-4.173007450293e-04,-2.720264254147e-04,-1.452743196146e-04
1.450000000000e+00,y,1.480000000000e+00,-2.452366060535e-04,-1.701905966081e-04,-7.504600944539e-05
1.450000000000e+00,y,1.493333333333e+00,-1.220359875909e-04,-1.030507865141e-04,-1.898520107675e-05
1.450000000000e+00,y,1.506666666667e+00,-3.962247431447e-05,-6.017554869799e-05,2.055307438352e-05
1.450000000000e+00,y,1.520000000000e+00,1.089397527376e-05,-3.352742084246e-05,4.442139611622e-05
1.450000000000e+00,y,1.533333333333e+00,3.835551614176e-05,-1.727056826994e-05,5.562608441170e-05
1.450000000000e+00,y,1.546666666667e+00,4.956166728394e-05,-7.395917014901e-06,5.695758429884e-05
1.450000000000e+00,y,1.560000000000e+00,4.969505740808e-05,-1.299728521505e-06,5.099478592959e-05
1.450000000000e+00,y,1.573333333333e+00,4.315371480698e-05,2.605302968211e-06,4.054841183877e-05
1.450000000000e+00,y,1.586666666667e+00,3.356381697128e-05,5.211280286027e-06,2.835253668526e-05
1.450000000000e+00,y,1.600000000000e+00,2.366580999417e-05,6.961918420148e-06,1.670389157402e-05
1.450000000000e+00,y,1.613333333333e+00,1.486075986275e-05,8.033042875252e-06,6.827716987495e-06
1.450000000000e+00,y,1.626666666667e+00,7.768103038255e-06,8.460040747313e-06,-6.919377090576e-07
1.450000000000e+00,y,1.640000000000e+00,2.546127469274e-06,8.225094362545e-06,-5.678966893271e-06
1.450000000000e+00,y,1.653333333333e+00,-9.679283145518e-07,7.314240685706e-06,-8.282169000258e-06
1.450000000000e+00,y,1.666666666667e+00,-3.071923849981e-06,5.751309710070e-06,-8.823233560051e-06
1.450000000000e+00,y,1.680000000000e+00,-4.025268410187e-06,3.613677709081e-06,-7.638946119268e-06
1.450000000000e+00,y,1.693333333333e+00,-4.122791438029e-06,1.033772466275e-06,-5.156563904304e-06
1.450000000000e+00,y,1.706666666667e+00,-3.678933122615e-06,-1.809895916283e-06,-1.869037206332e-06
1.450000000000e+00,y,1.720000000000e+00,-2.998348252621e-06,-4.708250980947e-06,1.709902728326e-06
1.450000000000e+00,y,1.733333333333e+00,-2.289155202357e-06,-7.439817960954e-06,5.150662758597e-06
1.450000000000e+00,y,1.746666666667e+00,-1.639597005371e-06,-9.788188182335e-06,8.148591176964e-06
1.450000000000e+00,y,1.760000000000e+00,-1.097884489215e-06,-1.155652082074e-05,1.045863633152e-05
1.450000000000e+00,y,1.773333333333e+00,-6.845768534547e-07,-1.257827206006e-05,1.189369520661e-05
1.450000000000e+00,y,1.786666666667e+00,-4.004427630819e-07,-1.272476567971e-05,1.232432291663e-05
1.450000000000e+00,y,1.800000000000e+00,-2.308991334959e-07,-1.191119895155e-05,1.168029981805e-05
1.450000000000e+00,y,1.813333333333e+00,-1.520579563199e-07,-1.010289119187e-05,9.950833235547e-06
1.450000000000e+00,y,1.826666666667e+00,-1.363264967069e-07,-7.322915586911e-06,7.186589090204e-06
1.450000000000e+00,y,1.840000000000e+00,-1.558841658241e-07,-3.660860389572e-06,3.504976223748e-06
1.450000000000e+00,y,1.853333333333e+00,-1.869005452553e-07,7.192506078458e-07,-9.061511531011e-07
1.450000000000e+00,y,1.866666666667e+00,-2.181402132408e-07,5.575312755366e-06,-5.793452968607e-06
1.450000000000e+00,y,1.880000000000e+00,-2.450298152245e-07,1.059182513109e-05,-1.083685494631e-05
1.450000000000e+00,y,1.893333333333e+00,-2.655936906822e-07,1.539630714868e-05,-1.566190083936e-05
1.450000000000e+00,y,1.906666666667e+00,-2.790264540224e-07,1.958882568831e-05,-1.986785214234e-05
1.450000000000e+00,y,1.920000000000e+00,-2.798951864914e-07,2.278294562193e-05,-2.306284080842e-05
1.450000000000e+00,y,1.933333333333e+00,-2.509148352557e-07,2.465303945738e-05,-2.490395429263e-05
1.450000000000e+00,y,1.946666666667e+00,-1.775250801712e-07,2.498016868082e-05,-2.515769376099e-05
1.450000000000e+00,y,1.960000000000e+00,-5.493822216743e-08,2.368760264744e-05,-2.374254086961e-05
1.450000000000e+00,y,1.973333333333e+00,1.064930138561e-07,2.085804013860e-05,-2.075154712475e-05
1.450000000000e+00,y,1.986666666667e+00,2.531328827762e-07,1.672772804214e-05,-1.647459515936e-05
1.450000000000e+00,y,2.000000000000e+00,2.838329997584e-07,1.165727090220e-05,-1.137343790244e-05
