t,axis,s,p_dibem,p_exact,error
4.500000000000e-01,x,-2.000000000000e+00,-1.396772833399e-08,3.191589524705e-07,-3.331266808045e-07
4.500000000000e-01,x,-1.986666666667e+00,-1.343646177434e-08,3.157123258635e-07,-3.291487876378e-07
4.500000000000e-01,x,-1.973333333333e+00,-1.333088646212e-08,3.076223685434e-07,-3.209532550055e-07
4.500000000000e-01,x,-1.960000000000e+00,-1.331657563719e-08,2.951075825289e-07,-3.084241581661e-07
4.500000000000e-01,x,-1.946666666667e+00,-1.322018423425e-08,2.785175054636e-07,-2.917376896979e-07
4.500000000000e-01,x,-1.933333333333e+00,-1.301541445451e-08,2.583326067875e-07,-2.713480212420e-07
4.500000000000e-01,x,-1.920000000000e+00,-1.272551457497e-08,2.351619912150e-07,-2.478875057900e-07
4.500000000000e-01,x,-1.906666666667e+00,-1.240333779075e-08,2.097365743616e-07,-2.221399121524e-07
4.500000000000e-01,x,-1.893333333333e+00,-1.210541648545e-08,1.828959652639e-07,-1.950013817494e-07
4.500000000000e-01,x,-1.880000000000e+00,-1.184379376083e-08,1.555680696930e-07,-1.674118634539e-07
4.500000000000e-01,x,-1.866666666667e+00,-1.160580981876e-08,1.287412261178e-07,-1.403470359366e-07
4.500000000000e-01,x,-1.853333333333e+00,-1.137489366956e-08,1.034293748892e-07,-1.148042685587e-07
4.500000000000e-01,x,-1.840000000000e+00,-1.113282622995e-08,8.063130863105e-08,-9.176413486100e-08
4.500000000000e-01,x,-1.826666666667e+00,-1.086390348179e-08,6.128550844483e-08,-7.214941192662e-08
4.500000000000e-01,x,-1.813333333333e+00,-1.055853111470e-08,4.622253207799e-08,-5.678106319269e-08
4.500000000000e-01,x,-1.800000000000e+00,-1.021171132637e-08,3.611746566098e-08,-4.632917698735e-08
4.500000000000e-01,x,-1.786666666667e+00,-9.823499609967e-09,3.144559174244e-08,-4.126909135241e-08
4.500000000000e-01,x,-1.773333333333e+00,-9.396980433819e-09,3.244506645329e-08,-4.184204688711e-08
4.500000000000e-01,x,-1.760000000000e+00,-8.935028536027e-09,3.909084534873e-08,-4.802587388475e-08
4.500000000000e-01,x,-1.746666666667e+00,-8.437185104132e-09,5.108409641854e-08,-5.952128152267e-08
4.500000000000e-01,x,-1.733333333333e+00,-7.904889102751e-09,6.786065532906e-08,-7.576554443181e-08
4.500000000000e-01,x,-1.720000000000e+00,-7.344588417619e-09,8.862057952687e-08,-9.596516794449e-08
4.500000000000e-01,x,-1.706666666667e+00,-6.765721983507e-09,1.123785825142e-07,-1.191443044977e-07
4.500000000000e-01,x,-1.693333333333e+00,-6.175823575990e-09,1.380323243026e-07,-1.442081478786e-07
4.500000000000e-01,x,-1.680000000000e+00,-5.581405157264e-09,1.644426357399e-07,-1.700240408972e-07
4.500000000000e-01,x,-1.666666666667e+00,-4.993130563462e-09,1.905173103398e-07,-1.955104409032e-07
4.500000000000e-01,x,-1.653333333333e+00,-4.425804067191e-09,2.152886690030e-07,-2.197144730702e-07
4.500000000000e-01,x,-1.640000000000e+00,-3.894708591708e-09,2.379751151757e-07,-2.418698237674e-07
4.500000000000e-01,x,-1.626666666667e+00,-3.403823868380e-09,2.580185451078e-07,-2.614223689762e-07
4.500000000000e-01,x,-1.613333333333e+00,-2.954254381547e-09,2.750926394921e-07,-2.780468938737e-07
4.500000000000e-01,x,-1.600000000000e+00,-2.550561091329e-09,2.890813050855e-07,-2.916318661768e-07
4.500000000000e-01,x,-1.586666666667e+00,-2.201891935773e-09,3.000311717886e-07,-3.022330637244e-07
4.500000000000e-01,x,-1.573333333333e+00,-1.915488319512e-09,3.080862707876e-07,-3.100017591071e-07
4.500000000000e-01,x,-1.560000000000e+00,-1.681281716348e-09,3.134160371129e-07,-3.150973188293e-07
4.500000000000e-01,x,-1.546666666667e+00,-1.490557659415e-09,3.161490024556e-07,-3.176395601151e-07
4.500000000000e-01,x,-1.533333333333e+00,-1.342080960113e-09,3.163236841697e-07,-3.176657651298e-07
4.500000000000e-01,x,-1.520000000000e+00,-1.243125262260e-09,3.138653304085e-07,-3.151084556708e-07
4.500000000000e-01,x,-1.506666666667e+00,-1.193036399789e-09,3.085928073530e-07,-3.097858437528e-07
4.500000000000e-01,x,-1.493333333333e+00,-1.172281999586e-09,3.002547581136e-07,-3.014270401132e-07
4.500000000000e-01,x,-1.480000000000e+00,-1.169684296016e-09,2.885891192359e-07,-2.897588035319e-07
4.500000000000e-01,x,-1.466666666667e+00,-1.189281644015e-09,2.733960226830e-07,-2.745853043270e-07
4.500000000000e-01,x,-1.453333333333e+00,-1.247519260516e-09,2.546117384552e-07,-2.558592577157e-07
4.500000000000e-01,x,-1.440000000000e+00,-1.337543806985e-09,2.323710106050e-07,-2.337085544120e-07
4.500000000000e-01,x,-1.426666666667e+00,-1.433913716274e-09,2.070469333310e-07,-2.084808470472e-07
4.500000000000e-01,x,-1.413333333333e+00,-1.530570201339e-09,1.792610542410e-07,-1.807916244424e-07
4.500000000000e-01,x,-1.400000000000e+00,-1.645309684719e-09,1.498610440287e-07,-1.515063537134e-07
4.500000000000e-01,x,-1.386666666667e+00,-1.810744995843e-09,1.198682308039e-07,-1.216789757997e-07
4.500000000000e-01,x,-1.373333333333e+00,-2.003182530992e-09,9.040173994547e-08,-9.240492247646e-08
4.500000000000e-01,x,-1.360000000000e+00,-2.189574855584e-09,6.258921301417e-08,-6.477878786975e-08
4.500000000000e-01,x,-1.346666666667e+00,-2.372869157253e-09,3.747564553745e-08,-3.984851469471e-08
4.500000000000e-01,x,-1.333333333333e+00,-2.595389882464e-09,1.594163470405e-08,-1.853702458652e-08
4.500000000000e-01,x,-1.320000000000e+00,-2.903086928207e-09,-1.359580279565e-09,-1.543506648642e-09
4.500000000000e-01,x,-1.306666666667e+00,-3.236114904663e-09,-1.404005335285e-08,1.080393844818e-08
4.500000000000e-01,x,-1.293333333333e+00,-3.552048231529e-09,-2.198762312159e-08,1.843557489006e-08
4.500000000000e-01,x,-1.280000000000e+00,-3.874540031019e-09,-2.535038116840e-08,2.147584113738e-08
4.500000000000e-01,x,-1.266666666667e+00,-4.297025825906e-09,-2.449982348117e-08,2.020279765526e-08
4.500000000000e-01,x,-1.253333333333e+00,-4.862815196397e-09,-1.997968723529e-08,1.511687203889e-08
4.500000000000e-01,x,-1.240000000000e+00,-5.451536540698e-09,-1.244854128783e-08,6.997004747132e-09
4.500000000000e-01,x,-1.226666666667e+00,-6.019248890434e-09,-2.624002474558e-09,-3.395246415876e-09
4.500000000000e-01,x,-1.213333333333e+00,-6.645087444324e-09,8.764852020744e-09,-1.540993946507e-08
4.500000000000e-01,x,-1.200000000000e+00,-7.525511409668e-09,2.101242145188e-08,-2.853793286154e-08
4.500000000000e-01,x,-1.186666666667e+00,-8.637594888849e-09,3.345696606683e-08,-4.209456095568e-08
4.500000000000e-01,x,-1.173333333333e+00,-9.746859114845e-09,4.548713625259e-08,-5.523399536744e-08
4.500000000000e-01,x,-1.160000000000e+00,-1.081724353012e-08,5.653762211822e-08,-6.735486564834e-08
4.500000000000e-01,x,-1.146666666667e+00,-1.206437209498e-08,6.607855978533e-08,-7.814293188032e-08
4.500000000000e-01,x,-1.133333333333e+00,-1.388129622496e-08,7.360416701934e-08,-8.748546324430e-08
4.500000000000e-01,x,-1.120000000000e+00,-1.604743689008e-08,7.862599188942e-08,-9.467342877950e-08
4.500000000000e-01,x,-1.106666666667e+00,-1.820352883466e-08,8.067515481629e-08,-9.887868365095e-08
4.500000000000e-01,x,-1.093333333333e+00,-2.046000683201e-08,7.931617868014e-08,-9.977618551215e-08
4.500000000000e-01,x,-1.080000000000e+00,-2.346668265477e-08,7.417266907225e-08,-9.763935172702e-08
4.500000000000e-01,x,-1.066666666667e+00,-2.795594055536e-08,6.496256131486e-08,-9.291850187022e-08
4.500000000000e-01,x,-1.053333333333e+00,-3.302967325393e-08,5.153827688850e-08,-8.456795014244e-08
4.500000000000e-01,x,-1.040000000000e+00,-3.804235946097e-08,3.392531035948e-08,-7.196766982045e-08
4.500000000000e-01,x,-1.026666666667e+00,-4.351103642684e-08,1.235178273469e-08,-5.586281916153e-08
4.500000000000e-01,x,-1.013333333333e+00,-5.127866251069e-08,-1.273860039483e-08,-3.854006211585e-08
4.500000000000e-01,x,-1.000000000000e+00,-6.231475444960e-08,-4.069734157806e-08,-2.161741287154e-08
4.500000000000e-01,x,-9.866666666667e-01,-7.402604043990e-08,-7.071310089793e-08,-3.312939541972e-09
4.500000000000e-01,x,-9.733333333333e-01,-8.567235316320e-08,-1.018956121633e-07,1.622325900006e-08
4.500000000000e-01,x,-9.600000000000e-01,-9.981469368262e-08,-1.334236742113e-07,3.360898052864e-08
4.500000000000e-01,x,-9.466666666667e-01,-1.226361439731e-07,-1.648068087175e-07,4.217066474439e-08
4.500000000000e-01,x,-9.333333333333e-01,-1.522018904195e-07,-1.963672507622e-07,4.416536034272e-08
4.500000000000e-01,x,-9.200000000000e-01,-1.786903344195e-07,-2.301554578416e-07,5.146512342210e-08
4.500000000000e-01,x,-9.066666666667e-01,-2.044675335120e-07,-2.716946681053e-07,6.722713459329e-08
4.500000000000e-01,x,-8.933333333333e-01,-2.509765984122e-07,-3.332386927663e-07,8.226209435406e-08
4.500000000000e-01,x,-8.800000000000e-01,-3.621111231534e-07,-4.396508019809e-07,7.753967882749e-08
4.500000000000e-01,x,-8.666666666667e-01,-5.660108751250e-07,-6.385883935959e-07,7.257751847093e-08
4.500000000000e-01,x,-8.533333333333e-01,-9.191395939351e-07,-1.017406656055e-06,9.826706211941e-08
4.500000000000e-01,x,-8.400000000000e-01,-1.576842301816e-06,-1.730048763211e-06,1.532064613957e-07
4.500000000000e-01,x,-8.266666666667e-01,-2.838298408422e-06,-3.038122587570e-06,1.998241791480e-07
4.500000000000e-01,x,-8.133333333333e-01,-5.193056995056e-06,-5.371312555211e-06,1.782555601550e-07
4.500000000000e-01,x,-8.000000000000e-01,-9.351992414552e-06,-9.413164690863e-06,6.117227631155e-08
4.500000000000e-01,x,-7.866666666667e-01,-1.639496694226e-05,-1.621899981144e-05,-1.759671308197e-07
4.500000000000e-01,x,-7.733333333333e-01,-2.793364591668e-05,-2.737303930302e-05,-5.606066136592e-07
4.500000000000e-01,x,-7.600000000000e-01,-4.628752789960e-05,-4.519135749436e-05,-1.096170405242e-06
4.500000000000e-01,x,-7.466666666667e-01,-7.489591666864e-05,-7.297530642160e-05,-1.920610247043e-06
4.500000000000e-01,x,-7.333333333333e-01,-1.188700046404e-04,-1.153155976480e-04,-3.554406992354e-06
4.500000000000e-01,x,-7.200000000000e-01,-1.847205234679e-04,-1.784391122729e-04,-6.281411195035e-06
4.500000000000e-01,x,-7.066666666667e-01,-2.804948228202e-04,-2.705777280539e-04,-9.917094766321e-06
4.500000000000e-01,x,-6.933333333333e-01,-4.160447958603e-04,-4.023205753475e-04,-1.372422051277e-05
4.500000000000e-01,x,-6.800000000000e-01,-6.046386905811e-04,-5.868888131624e-04,-1.774987741870e-05
4.500000000000e-01,x,-6.666666666667e-01,-8.634083681182e-04,-8.402473868854e-04,-2.316098123286e-05
4.500000000000e-01,x,-6.533333333333e-01,-1.211036630215e-03,-1.180945113550e-03,-3.009151666508e-05
4.500000000000e-01,x,-6.400000000000e-01,-1.666984330313e-03,-1.629558284661e-03,-3.742604565239e-05
4.500000000000e-01,x,-6.266666666667e-01,-2.250686677558e-03,-2.207610453196e-03,-4.307622436186e-05
4.500000000000e-01,x,-6.133333333333e-01,-2.980793134442e-03,-2.935859304950e-03,-4.493382949200e-05
4.500000000000e-01,x,-6.000000000000e-01,-3.873420186434e-03,-3.831886881350e-03,-4.153330508349e-05
4.500000000000e-01,x,-5.866666666667e-01,-4.939614402055e-03,-4.907005933491e-03,-3.260846856431e-05
4.500000000000e-01,x,-5.733333333333e-01,-6.182572188338e-03,-6.162602596205e-03,-1.996959213237e-05
4.500000000000e-01,x,-5.600000000000e-01,-7.592546573800e-03,-7.586167515657e-03,-6.379058142904e-06
4.500000000000e-01,x,-5.466666666667e-01,-9.133215149439e-03,-9.147410281887e-03,1.419513244792e-05
4.500000000000e-01,x,-5.333333333333e-01,-1.074842489418e-02,-1.079498422647e-02,4.655933229005e-05
4.500000000000e-01,x,-5.200000000000e-01,-1.236645314355e-02,-1.245444313801e-02,8.798999445865e-05
4.500000000000e-01,x,-5.066666666667e-01,-1.389956877273e-02,-1.402807867574e-02,1.285099030098e-04
4.500000000000e-01,x,-4.933333333333e-01,-1.524071934576e-02,-1.539722073332e-02,1.565013875520e-04
4.500000000000e-01,x,-4.800000000000e-01,-1.625844636299e-02,-1.642740579229e-02,1.689594292945e-04
4.500000000000e-01,x,-4.666666666667e-01,-1.681093786721e-02,-1.697652942228e-02,1.655915550683e-04
4.500000000000e-01,x,-4.533333333333e-01,-1.675598492813e-02,-1.690571819168e-02,1.497332635451e-04
4.500000000000e-01,x,-4.400000000000e-01,-1.596101963218e-02,-1.609222508731e-02,1.312054551254e-04
4.500000000000e-01,x,-4.266666666667e-01,-1.433499939299e-02,-1.444323192887e-02,1.082325358841e-04
4.500000000000e-01,x,-4.133333333333e-01,-1.184903904207e-02,-1.190910430278e-02,6.006526070188e-05
4.500000000000e-01,x,-4.000000000000e-01,-8.511296449952e-03,-8.494460713948e-03,-1.683573600352e-05
4.500000000000e-01,x,-3.866666666667e-01,-4.370729777198e-03,-4.265444731509e-03,-1.052850456890e-04
4.500000000000e-01,x,-3.733333333333e-01,4.746013409737e-04,6.481445972471e-04,-1.735432562734e-04
4.500000000000e-01,x,-3.600000000000e-01,5.851943152550e-03,6.056712436143e-03,-2.047692835928e-04
4.500000000000e-01,x,-3.466666666667e-01,1.151944809027e-02,1.172089115055e-02,-2.014430602792e-04
4.500000000000e-01,x,-3.333333333333e-01,1.719336728839e-02,1.736713362443e-02,-1.737663360359e-04
4.500000000000e-01,x,-3.200000000000e-01,2.256298819808e-02,2.270753868064e-02,-1.445504825581e-04
4.500000000000e-01,x,-3.066666666667e-01,2.731817434137e-02,2.746196333751e-02,-1.437889961412e-04
4.500000000000e-01,x,-2.933333333333e-01,3.123370519759e-02,3.138010915535e-02,-1.464039577573e-04
4.500000000000e-01,x,-2.800000000000e-01,3.413679514715e-02,3.426120800825e-02,-1.244128611014e-04
4.500000000000e-01,x,-2.666666666667e-01,3.588577062264e-02,3.596919351317e-02,-8.342289053292e-05
4.500000000000e-01,x,-2.533333333333e-01,3.638746241124e-02,3.644179230714e-02,-5.432989590314e-05
4.500000000000e-01,x,-2.400000000000e-01,3.561962403376e-02,3.569272158218e-02,-7.309754842130e-05
4.500000000000e-01,x,-2.266666666667e-01,3.365203578724e-02,3.380702092791e-02,-1.549851406659e-04
4.500000000000e-01,x,-2.133333333333e-01,3.063772477425e-02,3.093035164899e-02,-2.926268747409e-04
4.500000000000e-01,x,-2.000000000000e-01,2.680386785013e-02,2.725375067219e-02,-4.498828220567e-04
4.500000000000e-01,x,-1.866666666667e-01,2.244371427550e-02,2.299574485429e-02,-5.520305787937e-04
4.500000000000e-01,x,-1.733333333333e-01,1.781071819167e-02,1.838387377795e-02,-5.731555862796e-04
4.500000000000e-01,x,-1.600000000000e-01,1.303526563487e-02,1.363754010897e-02,-6.022744741090e-04
4.500000000000e-01,x,-1.466666666667e-01,8.276794542734e-03,8.953752191678e-03,-6.769576489443e-04
4.500000000000e-01,x,-1.333333333333e-01,3.727999746381e-03,4.496818085165e-03,-7.688183387840e-04
4.500000000000e-01,x,-1.200000000000e-01,-4.070459361190e-04,3.924805434511e-04,-7.995264795701e-04
4.500000000000e-01,x,-1.066666666667e-01,-4.025044890911e-03,-3.273567660606e-03,-7.514772303054e-04
4.500000000000e-01,x,-9.333333333333e-02,-7.125347741539e-03,-6.453310646633e-03,-6.720370949058e-04
4.500000000000e-01,x,-8.000000000000e-02,-9.721147326163e-03,-9.131029184427e-03,-5.901181417357e-04
4.500000000000e-01,x,-6.666666666667e-02,-1.184222116916e-02,-1.131593752039e-02,-5.262836487720e-04
4.500000000000e-01,x,-5.333333333333e-02,-1.353617467157e-02,-1.303388461326e-02,-5.022900583153e-04
4.500000000000e-01,x,-4.000000000000e-02,-1.480402520078e-02,-1.431906476306e-02,-4.849604377273e-04
4.500000000000e-01,x,-2.666666666667e-02,-1.564407243433e-02,-1.520649567654e-02,-4.375767577926e-04
4.500000000000e-01,x,-1.333333333333e-02,-1.609074682305e-02,-1.572579979639e-02,-3.649470266603e-04
4.500000000000e-01,x,0.000000000000e+00,-1.621635330669e-02,-1.589661508863e-02,-3.197382180667e-04
4.500000000000e-01,x,1.333333333333e-02,-1.609074643555e-02,-1.572579979639e-02,-3.649466391613e-04
4.500000000000e-01,x,2.666666666667e-02,-1.564407171924e-02,-1.520649567654e-02,-4.375760427081e-04
4.500000000000e-01,x,4.000000000000e-02,-1.480402426394e-02,-1.431906476306e-02,-4.849595008831e-04
4.500000000000e-01,x,5.333333333333e-02,-1.353617363318e-02,-1.303388461326e-02,-5.022890199284e-04
4.500000000000e-01,x,6.666666666667e-02,-1.184222011175e-02,-1.131593752039e-02,-5.262825913582e-04
4.500000000000e-01,x,8.000000000000e-02,-9.721146297481e-03,-9.131029184427e-03,-5.901171130537e-04
4.500000000000e-01,x,9.333333333333e-02,-7.125346825350e-03,-6.453310646633e-03,-6.720361787173e-04
4.500000000000e-01,x,1.066666666667e-01,-4.025044153950e-03,-3.273567660606e-03,-7.514764933444e-04
4.500000000000e-01,x,1.200000000000e-01,-4.070453704434e-04,3.924805434511e-04,-7.995259138944e-04
4.500000000000e-01,x,1.333333333333e-01,3.728000265398e-03,4.496818085165e-03,-7.688178197670e-04
4.500000000000e-01,x,1.466666666667e-01,8.276795162480e-03,8.953752191678e-03,-6.769570291984e-04
4.500000000000e-01,x,1.600000000000e-01,1.303526641780e-02,1.363754010897e-02,-6.022736911708e-04
4.500000000000e-01,x,1.733333333333e-01,1.781071913926e-02,1.838387377795e-02,-5.731546386861e-04
4.500000000000e-01,x,1.866666666667e-01,2.244371535595e-02,2.299574485429e-02,-5.520294983429e-04
4.500000000000e-01,x,2.000000000000e-01,2.680386902333e-02,2.725375067219e-02,-4.498816488567e-04
4.500000000000e-01,x,2.133333333333e-01,3.063772599738e-02,3.093035164899e-02,-2.926256516040e-04
4.500000000000e-01,x,2.266666666667e-01,3.365203701796e-02,3.380702092791e-02,-1.549839099472e-04
4.500000000000e-01,x,2.400000000000e-01,3.561962522505e-02,3.569272158218e-02,-7.309635712810e-05
4.500000000000e-01,x,2.533333333333e-01,3.638746348384e-02,3.644179230714e-02,-5.432882330397e-05
4.500000000000e-01,x,2.666666666667e-01,3.588577145600e-02,3.596919351317e-02,-8.342205717401e-05
4.500000000000e-01,x,2.800000000000e-01,3.413679569977e-02,3.426120800825e-02,-1.244123084841e-04
4.500000000000e-01,x,2.933333333333e-01,3.123370550158e-02,3.138010915535e-02,-1.464036537707e-04
4.500000000000e-01,x,3.066666666667e-01,2.731817445396e-02,2.746196333751e-02,-1.437888835491e-04
4.500000000000e-01,x,3.200000000000e-01,2.256298816137e-02,2.270753868064e-02,-1.445505192693e-04
4.500000000000e-01,x,3.333333333333e-01,1.719336712154e-02,1.736713362443e-02,-1.737665028843e-04
4.500000000000e-01,x,3.466666666667e-01,1.151944782386e-02,1.172089115055e-02,-2.014433266967e-04
4.500000000000e-01,x,3.600000000000e-01,5.851942823629e-03,6.056712436143e-03,-2.047696125145e-04
4.500000000000e-01,x,3.733333333333e-01,4.746009970075e-04,6.481445972471e-04,-1.735436002396e-04
4.500000000000e-01,x,3.866666666667e-01,-4.370730059233e-03,-4.265444731509e-03,-1.052853277243e-04
4.500000000000e-01,x,4.000000000000e-01,-8.511296601322e-03,-8.494460713948e-03,-1.683588737335e-05
4.500000000000e-01,x,4.133333333333e-01,-1.184903905138e-02,-1.190910430278e-02,6.006525139355e-05
4.500000000000e-01,x,4.266666666667e-01,-1.433499927913e-02,-1.444323192887e-02,1.082326497376e-04
4.500000000000e-01,x,4.400000000000e-01,-1.596101942016e-02,-1.609222508731e-02,1.312056671497e-04
4.500000000000e-01,x,4.533333333333e-01,-1.675598463331e-02,-1.690571819168e-02,1.497335583635e-04
4.500000000000e-01,x,4.666666666667e-01,-1.681093750458e-02,-1.697652942228e-02,1.655919176998e-04
4.500000000000e-01,x,4.800000000000e-01,-1.625844595291e-02,-1.642740579229e-02,1.689598393754e-04
4.500000000000e-01,x,4.933333333333e-01,-1.524071891113e-02,-1.539722073332e-02,1.565018221894e-04
4.500000000000e-01,x,5.066666666667e-01,-1.389956834064e-02,-1.402807867574e-02,1.285103351011e-04
4.500000000000e-01,x,5.200000000000e-01,-1.236645274616e-02,-1.245444313801e-02,8.799039185368e-05
4.500000000000e-01,x,5.333333333333e-01,-1.074842455048e-02,-1.079498422647e-02,4.655967598670e-05
4.500000000000e-01,x,5.466666666667e-01,-9.133214864321e-03,-9.147410281887e-03,1.419541756594e-05
4.500000000000e-01,x,5.600000000000e-01,-7.592546344690e-03,-7.586167515657e-03,-6.378829033181e-06
4.500000000000e-01,x,5.733333333333e-01,-6.182572010631e-03,-6.162602596205e-03,-1.996941442613e-05
4.500000000000e-01,x,5.866666666667e-01,-4.939614271156e-03,-4.907005933491e-03,-3.260833766501e-05
4.500000000000e-01,x,6.000000000000e-01,-3.873420095034e-03,-3.831886881350e-03,-4.153321368377e-05
4.500000000000e-01,x,6.133333333333e-01,-2.980793074192e-03,-2.935859304950e-03,-4.493376924141e-05
4.500000000000e-01,x,6.266666666667e-01,-2.250686640662e-03,-2.207610453196e-03,-4.307618746612e-05
4.500000000000e-01,x,6.400000000000e-01,-1.666984309972e-03,-1.629558284661e-03,-3.742602531107e-05
4.500000000000e-01,x,6.533333333333e-01,-1.211036621016e-03,-1.180945113550e-03,-3.009150746582e-05
4.500000000000e-01,x,6.666666666667e-01,-8.634083662737e-04,-8.402473868854e-04,-2.316097938831e-05
4.500000000000e-01,x,6.800000000000e-01,-6.046386935736e-04,-5.868888131624e-04,-1.774988041126e-05
4.500000000000e-01,x,6.933333333333e-01,-4.160448017336e-04,-4.023205753475e-04,-1.372422638606e-05
4.500000000000e-01,x,7.066666666667e-01,-2.804948302221e-04,-2.705777280539e-04,-9.917102168200e-06
4.500000000000e-01,x,7.200000000000e-01,-1.847205312551e-04,-1.784391122729e-04,-6.281418982195e-06
4.500000000000e-01,x,7.333333333333e-01,-1.188700120106e-04,-1.153155976480e-04,-3.554414362565e-06
4.500000000000e-01,x,7.466666666667e-01,-7.489592303517e-05,-7.297530642160e-05,-1.920616613574e-06
4.500000000000e-01,x,7.600000000000e-01,-4.628753304591e-05,-4.519135749436e-05,-1.096175551551e-06
4.500000000000e-01,x,7.733333333333e-01,-2.793364986305e-05,-2.737303930302e-05,-5.606105600345e-07
4.500000000000e-01,x,7.866666666667e-01,-1.639496983968e-05,-1.621899981144e-05,-1.759700282406e-07
4.500000000000e-01,x,8.000000000000e-01,-9.351994505833e-06,-9.413164690863e-06,6.117018503010e-08
4.500000000000e-01,x,8.133333333333e-01,-5.193058495458e-06,-5.371312555211e-06,1.782540597537e-07
4.500000000000e-01,x,8.266666666667e-01,-2.838299559178e-06,-3.038122587570e-06,1.998230283912e-07
4.500000000000e-01,x,8.400000000000e-01,-1.576843257255e-06,-1.730048763211e-06,1.532055059568e-07
4.500000000000e-01,x,8.533333333333e-01,-9.191404724047e-07,-1.017406656055e-06,9.826618364986e-08
4.500000000000e-01,x,8.666666666667e-01,-5.660117937808e-07,-6.385883935959e-07,7.257659981510e-08
4.500000000000e-01,x,8.800000000000e-01,-3.621119632764e-07,-4.396508019809e-07,7.753883870453e-08
4.500000000000e-01,x,8.933333333333e-01,-2.509771514471e-07,-3.332386927663e-07,8.226154131919e-08
4.500000000000e-01,x,9.066666666667e-01,-2.044675767081e-07,-2.716946681053e-07,6.722709139728e-08
4.500000000000e-01,x,9.200000000000e-01,-1.786897676020e-07,-2.301554578416e-07,5.146569023959e-08
4.500000000000e-01,x,9.333333333333e-01,-1.522007242692e-07,-1.963672507622e-07,4.416652649298e-08
4.500000000000e-01,x,9.466666666667e-01,-1.226346294721e-07,-1.648068087175e-07,4.217217924535e-08
4.500000000000e-01,x,9.600000000000e-01,-9.981326653079e-08,-1.334236742113e-07,3.361040768047e-08
4.500000000000e-01,x,9.733333333333e-01,-8.567136854569e-08,-1.018956121633e-07,1.622424361757e-08
4.500000000000e-01,x,9.866666666667e-01,-7.402579957776e-08,-7.071310089793e-08,-3.312698679830e-09
4.500000000000e-01,x,1.000000000000e+00,-6.231524189374e-08,-4.069734157806e-08,-2.161790031568e-08
4.500000000000e-01,x,1.013333333333e+00,-5.127969836470e-08,-1.273860039483e-08,-3.854109796987e-08
4.500000000000e-01,x,1.026666666667e+00,-4.351230269549e-08,1.235178273469e-08,-5.586408543019e-08
4.500000000000e-01,x,1.040000000000e+00,-3.804345595602e-08,3.392531035948e-08,-7.196876631549e-08
4.500000000000e-01,x,1.053333333333e+00,-3.303043632969e-08,5.153827688850e-08,-8.456871321819e-08
4.500000000000e-01,x,1.066666666667e+00,-2.795627751548e-08,6.496256131486e-08,-9.291883883035e-08
4.500000000000e-01,x,1.080000000000e+00,-2.346664743918e-08,7.417266907225e-08,-9.763931651143e-08
4.500000000000e-01,x,1.093333333333e+00,-2.045956553112e-08,7.931617868014e-08,-9.977574421126e-08
4.500000000000e-01,x,1.106666666667e+00,-1.820291497030e-08,8.067515481629e-08,-9.887806978659e-08
4.500000000000e-01,x,1.120000000000e+00,-1.604677066722e-08,7.862599188942e-08,-9.467276255664e-08
4.500000000000e-01,x,1.133333333333e+00,-1.388073477855e-08,7.360416701934e-08,-8.748490179789e-08
4.500000000000e-01,x,1.146666666667e+00,-1.206428476226e-08,6.607855978533e-08,-7.814284454760e-08
4.500000000000e-01,x,1.160000000000e+00,-1.081783541177e-08,5.653762211822e-08,-6.735545752999e-08
4.500000000000e-01,x,1.173333333333e+00,-9.748133849837e-09,4.548713625259e-08,-5.523527010243e-08
4.500000000000e-01,x,1.186666666667e+00,-8.639569020823e-09,3.345696606683e-08,-4.209653508765e-08
4.500000000000e-01,x,1.200000000000e+00,-7.527766103639e-09,2.101242145188e-08,-2.854018755552e-08
4.500000000000e-01,x,1.213333333333e+00,-6.647385410179e-09,8.764852020744e-09,-1.541223743092e-08
4.500000000000e-01,x,1.226666666667e+00,-6.021150290839e-09,-2.624002474558e-09,-3.397147816281e-09
4.500000000000e-01,x,1.240000000000e+00,-5.452814286106e-09,-1.244854128783e-08,6.995727001725e-09
4.500000000000e-01,x,1.253333333333e+00,-4.863342452812e-09,-1.997968723529e-08,1.511634478248e-08
4.500000000000e-01,x,1.266666666667e+00,-4.296875042794e-09,-2.449982348117e-08,2.020294843837e-08
4.500000000000e-01,x,1.280000000000e+00,-3.874028174451e-09,-2.535038116840e-08,2.147635299395e-08
4.500000000000e-01,x,1.293333333333e+00,-3.551371813055e-09,-2.198762312159e-08,1.843625130853e-08
4.500000000000e-01,x,1.306666666667e+00,-3.235532034858e-09,-1.404005335285e-08,1.080452131799e-08
4.500000000000e-01,x,1.320000000000e+00,-2.902753948755e-09,-1.359580279565e-09,-1.543173669189e-09
4.500000000000e-01,x,1.333333333333e+00,-2.595571365907e-09,1.594163470405e-08,-1.853720606996e-08
4.500000000000e-01,x,1.346666666667e+00,-2.373550987903e-09,3.747564553745e-08,-3.984919652536e-08
4.500000000000e-01,x,1.360000000000e+00,-2.191063610551e-09,6.258921301417e-08,-6.478027662472e-08
4.500000000000e-01,x,1.373333333333e+00,-2.005524557656e-09,9.040173994547e-08,-9.240726450312e-08
4.500000000000e-01,x,1.386666666667e+00,-1.813422545017e-09,1.198682308039e-07,-1.216816533489e-07
4.500000000000e-01,x,1.400000000000e+00,-1.648138253708e-09,1.498610440287e-07,-1.515091822824e-07
4.500000000000e-01,x,1.413333333333e+00,-1.532813860989e-09,1.792610542410e-07,-1.807938681020e-07
4.500000000000e-01,x,1.426666666667e+00,-1.435212699641e-09,2.070469333310e-07,-2.084821460306e-07
4.500000000000e-01,x,1.440000000000e+00,-1.337860855434e-09,2.323710106050e-07,-2.337088714605e-07
4.500000000000e-01,x,1.453333333333e+00,-1.246914981070e-09,2.546117384552e-07,-2.558586534363e-07
4.500000000000e-01,x,1.466666666667e+00,-1.188166964558e-09,2.733960226830e-07,-2.745841896476e-07
4.500000000000e-01,x,1.480000000000e+00,-1.168316191748e-09,2.885891192359e-07,-2.897574354276e-07
4.500000000000e-01,x,1.493333333333e+00,-1.170868835422e-09,3.002547581136e-07,-3.014256269491e-07
4.500000000000e-01,x,1.506666666667e+00,-1.191848588882e-09,3.085928073530e-07,-3.097846559419e-07
4.500000000000e-01,x,1.520000000000e+00,-1.241867078466e-09,3.138653304085e-07,-3.151071974870e-07
4.500000000000e-01,x,1.533333333333e+00,-1.340873844092e-09,3.163236841697e-07,-3.176645580138e-07
4.500000000000e-01,x,1.546666666667e+00,-1.489425634322e-09,3.161490024556e-07,-3.176384280900e-07
4.500000000000e-01,x,1.560000000000e+00,-1.680190792810e-09,3.134160371129e-07,-3.150962279058e-07
4.500000000000e-01,x,1.573333333333e+00,-1.914418847029e-09,3.080862707876e-07,-3.100006896346e-07
4.500000000000e-01,x,1.586666666667e+00,-2.201126060423e-09,3.000311717886e-07,-3.022322978490e-07
4.500000000000e-01,x,1.600000000000e+00,-2.550219706330e-09,2.890813050855e-07,-2.916315247918e-07
4.500000000000e-01,x,1.613333333333e+00,-2.954278576409e-09,2.750926394921e-07,-2.780469180685e-07
4.500000000000e-01,x,1.626666666667e+00,-3.404386828677e-09,2.580185451078e-07,-2.614229319365e-07
4.500000000000e-01,x,1.640000000000e+00,-3.895239398683e-09,2.379751151757e-07,-2.418703545743e-07
4.500000000000e-01,x,1.653333333333e+00,-4.426114904053e-09,2.152886690030e-07,-2.197147839070e-07
4.500000000000e-01,x,1.666666666667e+00,-4.993250634429e-09,1.905173103398e-07,-1.955105609742e-07
4.500000000000e-01,x,1.680000000000e+00,-5.581041544548e-09,1.644426357399e-07,-1.700236772845e-07
4.500000000000e-01,x,1.693333333333e+00,-6.174835220686e-09,1.380323243026e-07,-1.442071595233e-07
4.500000000000e-01,x,1.706666666667e+00,-6.764554795904e-09,1.123785825142e-07,-1.191431373101e-07
4.500000000000e-01,x,1.720000000000e+00,-7.343316051341e-09,8.862057952687e-08,-9.596389557821e-08
4.500000000000e-01,x,1.733333333333e+00,-7.903731974742e-09,6.786065532906e-08,-7.576438730380e-08
4.500000000000e-01,x,1.746666666667e+00,-8.436221224989e-09,5.108409641854e-08,-5.952031764353e-08
4.500000000000e-01,x,1.760000000000e+00,-8.934443106590e-09,3.909084534873e-08,-4.802528845532e-08
4.500000000000e-01,x,1.773333333333e+00,-9.396485302004e-09,3.244506645329e-08,-4.184155175529e-08
4.500000000000e-01,x,1.786666666667e+00,-9.823035029499e-09,3.144559174244e-08,-4.126862677194e-08
4.500000000000e-01,x,1.800000000000e+00,-1.021148669990e-08,3.611746566098e-08,-4.632895236088e-08
4.500000000000e-01,x,1.813333333333e+00,-1.055811064814e-08,4.622253207799e-08,-5.678064272613e-08
4.500000000000e-01,x,1.826666666667e+00,-1.086346362900e-08,6.128550844483e-08,-7.214897207383e-08
4.500000000000e-01,x,1.840000000000e+00,-1.113234604200e-08,8.063130863105e-08,-9.176365467305e-08
4.500000000000e-01,x,1.853333333333e+00,-1.137422910362e-08,1.034293748892e-07,-1.148036039928e-07
4.500000000000e-01,x,1.866666666667e+00,-1.160492948731e-08,1.287412261178e-07,-1.403461556051e-07
4.500000000000e-01,x,1.880000000000e+00,-1.184281419767e-08,1.555680696930e-07,-1.674108838907e-07
4.500000000000e-01,x,1.893333333333e+00,-1.210474728155e-08,1.828959652639e-07,-1.950007125455e-07
4.500000000000e-01,x,1.906666666667e+00,-1.240273842041e-08,2.097365743616e-07,-2.221393127821e-07
4.500000000000e-01,x,1.920000000000e+00,-1.272586183719e-08,2.351619912150e-07,-2.478878530522e-07
4.500000000000e-01,x,1.933333333333e+00,-1.301723473287e-08,2.583326067875e-07,-2.713498415203e-07
4.500000000000e-01,x,1.946666666667e+00,-1.322275366386e-08,2.785175054636e-07,-2.917402591275e-07
4.500000000000e-01,x,1.960000000000e+00,-1.331997025339e-08,2.951075825289e-07,-3.084275527823e-07
4.500000000000e-01,x,1.973333333333e+00,-1.333450700015e-08,3.076223685434e-07,-3.209568755436e-07
4.500000000000e-01,x,1.986666666667e+00,-1.343973231493e-08,3.157123258635e-07,-3.291520581784e-07
4.500000000000e-01,x,2.000000000000e+00,-1.397017228876e-08,3.191589524705e-07,-3.331291247593e-07
4.500000000000e-01,y,-2.000000000000e+00,8.645949308476e-09,-1.874194462683e-06,1.882840411991e-06
4.500000000000e-01,y,-1.986666666667e+00,8.677569457873e-09,-2.002008877603e-06,2.010686447060e-06
4.500000000000e-01,y,-1.973333333333e+00,8.607515432331e-09,-2.045761652052e-06,2.054369167485e-06
4.500000000000e-01,y,-1.960000000000e+00,8.528440924078e-09,-2.003817272825e-06,2.012345713749e-06
4.500000000000e-01,y,-1.946666666667e+00,8.473436531734e-09,-1.881722065330e-06,1.890195501861e-06
4.500000000000e-01,y,-1.933333333333e+00,8.426727078345e-09,-1.691438795154e-06,1.699865522232e-06
4.500000000000e-01,y,-1.920000000000e+00,8.356564490989e-09,-1.449766367015e-06,1.458122931506e-06
4.500000000000e-01,y,-1.906666666667e+00,8.223903581794e-09,-1.176215717243e-06,1.184439620825e-06
4.500000000000e-01,y,-1.893333333333e+00,7.993433059326e-09,-8.907037118654e-07,8.986971449247e-07
4.500000000000e-01,y,-1.880000000000e+00,7.655420126877e-09,-6.114402259078e-07,6.190956460346e-07
4.500000000000e-01,y,-1.866666666667e+00,7.215334674178e-09,-3.533182225937e-07,3.605335572679e-07
4.500000000000e-01,y,-1.853333333333e+00,6.684565856690e-09,-1.269912852451e-07,1.336758511018e-07
4.500000000000e-01,y,-1.840000000000e+00,6.079573055039e-09,6.132896431585e-08,-5.524939126081e-08
4.500000000000e-01,y,-1.826666666667e+00,5.420568478734e-09,2.094635155452e-07,-2.040429470665e-07
4.500000000000e-01,y,-1.813333333333e+00,4.730541268856e-09,3.184491302343e-07,-3.137185889654e-07
4.500000000000e-01,y,-1.800000000000e+00,4.032742858196e-09,3.915534711223e-07,-3.875207282641e-07
4.500000000000e-01,y,-1.786666666667e+00,3.350291928091e-09,4.333360582000e-07,-4.299857662719e-07
4.500000000000e-01,y,-1.773333333333e+00,2.704719069981e-09,4.488998794817e-07,-4.461951604117e-07
4.500000000000e-01,y,-1.760000000000e+00,2.112127298835e-09,4.433925339848e-07,-4.412804066860e-07
4.500000000000e-01,y,-1.746666666667e+00,1.584206272253e-09,4.217396521491e-07,-4.201554458768e-07
4.500000000000e-01,y,-1.733333333333e+00,1.128758728939e-09,3.885458418526e-07,-3.874170831237e-07
4.500000000000e-01,y,-1.720000000000e+00,7.492734335112e-10,3.480858974940e-07,-3.473366240605e-07
4.500000000000e-01,y,-1.706666666667e+00,4.456137721576e-10,3.043254892984e-07,-3.038798755262e-07
4.500000000000e-01,y,-1.693333333333e+00,2.129426637305e-10,2.609417869313e-07,-2.607288442676e-07
4.500000000000e-01,y,-1.680000000000e+00,4.230954615030e-11,2.213441709481e-07,-2.213018614019e-07
4.500000000000e-01,y,-1.666666666667e+00,-7.782491636761e-11,1.887108290757e-07,-1.887886539921e-07
4.500000000000e-01,y,-1.653333333333e+00,-1.600697360734e-10,1.660535214329e-07,-1.662135911690e-07
4.500000000000e-01,y,-1.640000000000e+00,-2.172706103461e-10,1.563030925915e-07,-1.565203632019e-07
4.500000000000e-01,y,-1.626666666667e+00,-2.569011883808e-10,1.623814327340e-07,-1.626383339224e-07
4.500000000000e-01,y,-1.613333333333e+00,-2.838772331784e-10,1.872031320167e-07,-1.874870092498e-07
4.500000000000e-01,y,-1.600000000000e+00,-3.027133796068e-10,2.335424714238e-07,-2.338451848035e-07
4.500000000000e-01,y,-1.586666666667e+00,-3.178801239050e-10,3.037150573151e-07,-3.040329374391e-07
4.500000000000e-01,y,-1.573333333333e+00,-3.339992395231e-10,3.990591010560e-07,-3.993931002955e-07
4.500000000000e-01,y,-1.560000000000e+00,-3.508076156388e-10,5.192539115069e-07,-5.196047191226e-07
4.500000000000e-01,y,-1.546666666667e+00,-3.682509973659e-10,6.615723564984e-07,-6.619406074957e-07
4.500000000000e-01,y,-1.533333333333e+00,-3.876011765127e-10,8.202162488530e-07,-8.206038500295e-07
4.500000000000e-01,y,-1.520000000000e+00,-4.110177091417e-10,9.859143296822e-07,-9.863253473914e-07
4.500000000000e-01,y,-1.506666666667e+00,-4.392531315240e-10,1.145959390396e-06,-1.146398643527e-06
4.500000000000e-01,y,-1.493333333333e+00,-4.696788607616e-10,1.284817037519e-06,-1.285286716379e-06
4.500000000000e-01,y,-1.480000000000e+00,-5.014006730317e-10,1.385354642711e-06,-1.385856043384e-06
4.500000000000e-01,y,-1.466666666667e+00,-5.352106389535e-10,1.430625633200e-06,-1.431160843839e-06
4.500000000000e-01,y,-1.453333333333e+00,-5.745265364150e-10,1.406020964980e-06,-1.406595491517e-06
4.500000000000e-01,y,-1.440000000000e+00,-6.186795863649e-10,1.301491971943e-06,-1.302110651530e-06
4.500000000000e-01,y,-1.426666666667e+00,-6.647213124878e-10,1.113483377638e-06,-1.114148098951e-06
4.500000000000e-01,y,-1.413333333333e+00,-7.125648663949e-10,8.462132863296e-07,-8.469258511960e-07
4.500000000000e-01,y,-1.400000000000e+00,-7.657955000817e-10,5.120080908356e-07,-5.127738863357e-07
4.500000000000e-01,y,-1.386666666667e+00,-8.291627009183e-10,1.305383918040e-07,-1.313675545049e-07
4.500000000000e-01,y,-1.373333333333e+00,-8.995165506445e-10,-2.730152357883e-07,2.721157192376e-07
4.500000000000e-01,y,-1.360000000000e+00,-9.716931816630e-10,-6.706457367665e-07,6.696740435848e-07
4.500000000000e-01,y,-1.346666666667e+00,-1.046107333397e-09,-1.034670698436e-06,1.033624591102e-06
4.500000000000e-01,y,-1.333333333333e+00,-1.127913026937e-09,-1.340876309745e-06,1.339748396718e-06
4.500000000000e-01,y,-1.320000000000e+00,-1.223795135424e-09,-1.571176185441e-06,1.569952390306e-06
4.500000000000e-01,y,-1.306666666667e+00,-1.327702982296e-09,-1.715395977757e-06,1.714068274775e-06
4.500000000000e-01,y,-1.293333333333e+00,-1.435733786352e-09,-1.771956149636e-06,1.770520415850e-06
4.500000000000e-01,y,-1.280000000000e+00,-1.552736186552e-09,-1.747422776867e-06,1.745870040680e-06
4.500000000000e-01,y,-1.266666666667e+00,-1.691633624835e-09,-1.655085676195e-06,1.653394042570e-06
4.500000000000e-01,y,-1.253333333333e+00,-1.858527589331e-09,-1.512864404847e-06,1.511005877258e-06
4.500000000000e-01,y,-1.240000000000e+00,-2.037914025185e-09,-1.340909956264e-06,1.338872042239e-06
4.500000000000e-01,y,-1.226666666667e+00,-2.222832841474e-09,-1.159257856629e-06,1.157035023788e-06
4.500000000000e-01,y,-1.213333333333e+00,-2.420566369620e-09,-9.858118128373e-07,9.833912464676e-07
4.500000000000e-01,y,-1.200000000000e+00,-2.652179007787e-09,-8.348256272126e-07,8.321734482048e-07
4.500000000000e-01,y,-1.186666666667e+00,-2.917921724492e-09,-7.159392385659e-07,7.130213168414e-07
4.500000000000e-01,y,-1.173333333333e+00,-3.196685659957e-09,-6.337412974044e-07,6.305446117444e-07
4.500000000000e-01,y,-1.160000000000e+00,-3.488121114637e-09,-5.877905977070e-07,5.843024765923e-07
4.500000000000e-01,y,-1.146666666667e+00,-3.817480618744e-09,-5.730295559525e-07,5.692120753338e-07
4.500000000000e-01,y,-1.133333333333e+00,-4.227174838618e-09,-5.805471347180e-07,5.763199598794e-07
4.500000000000e-01,y,-1.120000000000e+00,-4.703168049963e-09,-5.986705584487e-07,5.939673903987e-07
4.500000000000e-01,y,-1.106666666667e+00,-5.216693482888e-09,-6.143613605246e-07,6.091446670417e-07
4.500000000000e-01,y,-1.093333333333e+00,-5.778175993900e-09,-6.148500786604e-07,6.090719026665e-07
4.500000000000e-01,y,-1.080000000000e+00,-6.440960058429e-09,-5.893714981664e-07,5.829305381080e-07
4.500000000000e-01,y,-1.066666666667e+00,-7.261994298183e-09,-5.307825734076e-07,5.235205791095e-07
4.500000000000e-01,y,-1.053333333333e+00,-8.155974673506e-09,-4.367922921337e-07,4.286363174602e-07
4.500000000000e-01,y,-1.040000000000e+00,-9.049864528573e-09,-3.105390695051e-07,3.014892049765e-07
4.500000000000e-01,y,-1.026666666667e+00,-9.958392983325e-09,-1.603336349035e-07,1.503752419202e-07
4.500000000000e-01,y,-1.013333333333e+00,-1.099636707631e-08,1.464107780103e-09,-1.246047485642e-08
4.500000000000e-01,y,-1.000000000000e+00,-1.227915918694e-08,1.602807626470e-07,-1.725599218339e-07
4.500000000000e-01,y,-9.866666666667e-01,-1.379492936474e-08,3.015552502839e-07,-3.153501796486e-07
4.500000000000e-01,y,-9.733333333333e-01,-1.563218175926e-08,4.129306879933e-07,-4.285628697526e-07
4.500000000000e-01,y,-9.600000000000e-01,-1.801869978708e-08,4.859879716864e-07,-5.040066714735e-07
4.500000000000e-01,y,-9.466666666667e-01,-2.129640871343e-08,5.172018677099e-07,-5.384982764233e-07
4.500000000000e-01,y,-9.333333333333e-01,-2.534512931367e-08,5.079830833405e-07,-5.333282126542e-07
4.500000000000e-01,y,-9.200000000000e-01,-2.951848860574e-08,4.638788323209e-07,-4.933973209267e-07
4.500000000000e-01,y,-9.066666666667e-01,-3.343375707046e-08,3.931826921812e-07,-4.266164492517e-07
4.500000000000e-01,y,-8.933333333333e-01,-3.712487757576e-08,3.053072563282e-07,-3.424321339040e-07
4.500000000000e-01,y,-8.800000000000e-01,-4.105360310401e-08,2.092806974211e-07,-2.503343005251e-07
4.500000000000e-01,y,-8.666666666667e-01,-4.537700070105e-08,1.126499276699e-07,-1.580269283709e-07
4.500000000000e-01,y,-8.533333333333e-01,-5.037020270616e-08,2.093969615379e-08,-7.130989885995e-08
4.500000000000e-01,y,-8.400000000000e-01,-5.708639773268e-08,-6.233068180749e-08,5.244284074807e-09
4.500000000000e-01,y,-8.266666666667e-01,-6.741910957521e-08,-1.351963782021e-07,6.777726862693e-08
4.500000000000e-01,y,-8.133333333333e-01,-8.322618135191e-08,-1.965640237116e-07,1.133378423597e-07
4.500000000000e-01,y,-8.000000000000e-01,-1.024489263074e-07,-2.455230689560e-07,1.430741426486e-07
4.500000000000e-01,y,-7.866666666667e-01,-1.235794129580e-07,-2.808530927179e-07,1.572736797599e-07
4.500000000000e-01,y,-7.733333333333e-01,-1.486302759927e-07,-3.008670768811e-07,1.522368008884e-07
4.500000000000e-01,y,-7.600000000000e-01,-1.841829951242e-07,-3.036473178730e-07,1.194643227488e-07
4.500000000000e-01,y,-7.466666666667e-01,-2.435105479551e-07,-2.876396485095e-07,4.412910055442e-08
4.500000000000e-01,y,-7.333333333333e-01,-3.484401450082e-07,-2.524866873832e-07,-9.595345762500e-08
4.500000000000e-01,y,-7.200000000000e-01,-5.222629275918e-07,-1.999173289683e-07,-3.223455986234e-07
4.500000000000e-01,y,-7.066666666667e-01,-7.838822239233e-07,-1.344875749470e-07,-6.493946489763e-07
4.500000000000e-01,y,-6.933333333333e-01,-1.140861777082e-06,-6.401415650949e-08,-1.076847620573e-06
4.500000000000e-01,y,-6.800000000000e-01,-1.535542787726e-06,3.054745180571e-10,-1.535848262244e-06
4.500000000000e-01,y,-6.666666666667e-01,-1.828777445645e-06,4.378184423741e-08,-1.872559289882e-06
4.500000000000e-01,y,-6.533333333333e-01,-1.874577356540e-06,4.727426168519e-08,-1.921851618225e-06
4.500000000000e-01,y,-6.400000000000e-01,-1.539594747579e-06,-1.639140128079e-08,-1.523203346298e-06
4.500000000000e-01,y,-6.266666666667e-01,-7.097085943551e-07,-1.918810594561e-07,-5.178275348991e-07
4.500000000000e-01,y,-6.133333333333e-01,9.141067649475e-07,-5.622449541168e-07,1.476351719064e-06
4.500000000000e-01,y,-6.000000000000e-01,3.625294903635e-06,-1.290249010287e-06,4.915543913922e-06
4.500000000000e-01,y,-5.866666666667e-01,7.333440189610e-06,-2.693995518229e-06,1.002743570784e-05
4.500000000000e-01,y,-5.733333333333e-01,1.133382111182e-05,-5.376903551927e-06,1.671072466375e-05
4.500000000000e-01,y,-5.600000000000e-01,1.397109398668e-05,-1.043902012648e-05,2.441011411317e-05
4.500000000000e-01,y,-5.466666666667e-01,1.196835911856e-05,-1.980231327224e-05,3.177067239079e-05
4.500000000000e-01,y,-5.333333333333e-01,3.545233059268e-07,-3.668335059797e-05,3.703787390390e-05
4.500000000000e-01,y,-5.200000000000e-01,-2.778216628022e-05,-6.623666822498e-05,3.845450194476e-05
4.500000000000e-01,y,-5.066666666667e-01,-8.172724091980e-05,-1.163632665145e-04,3.463602559467e-05
4.500000000000e-01,y,-4.933333333333e-01,-1.753138647702e-04,-1.986225689389e-04,2.330870416872e-05
4.500000000000e-01,y,-4.800000000000e-01,-3.305263017543e-04,-3.290971069889e-04,-1.429194765331e-06
4.500000000000e-01,y,-4.666666666667e-01,-5.716848850165e-04,-5.289393775278e-04,-4.274550748870e-05
4.500000000000e-01,y,-4.533333333333e-01,-9.226981569549e-04,-8.241964492669e-04,-9.850170768801e-05
4.500000000000e-01,y,-4.400000000000e-01,-1.405026372995e-03,-1.244396684386e-03,-1.606296886085e-04
4.500000000000e-01,y,-4.266666666667e-01,-2.034811636540e-03,-1.819352151179e-03,-2.154594853609e-04
4.500000000000e-01,y,-4.133333333333e-01,-2.819771796928e-03,-2.573750961126e-03,-2.460208358018e-04
4.500000000000e-01,y,-4.000000000000e-01,-3.756474258369e-03,-3.519450478793e-03,-2.370237795755e-04
4.500000000000e-01,y,-3.866666666667e-01,-4.826341551223e-03,-4.645962420013e-03,-1.803791312101e-04
4.500000000000e-01,y,-3.733333333333e-01,-5.990190327031e-03,-5.910398940804e-03,-7.979138622722e-05
4.500000000000e-01,y,-3.600000000000e-01,-7.161233066662e-03,-7.228980701543e-03,6.774763488058e-05
4.500000000000e-01,y,-3.466666666667e-01,-8.211311931982e-03,-8.472850584759e-03,2.615386527766e-04
4.500000000000e-01,y,-3.333333333333e-01,-8.997757971963e-03,-9.471089768135e-03,4.733317961717e-04
4.500000000000e-01,y,-3.200000000000e-01,-9.371867395770e-03,-1.002322385649e-02,6.513564607169e-04
4.500000000000e-01,y,-3.066666666667e-01,-9.188568394049e-03,-9.922005812279e-03,7.334374182299e-04
4.500000000000e-01,y,-2.933333333333e-01,-8.320180888964e-03,-8.984988760920e-03,6.648078719554e-04
4.500000000000e-01,y,-2.800000000000e-01,-6.667074199686e-03,-7.090775106826e-03,4.237009071406e-04
4.500000000000e-01,y,-2.666666666667e-01,-4.171423094844e-03,-4.213522500749e-03,4.209940590529e-05
4.500000000000e-01,y,-2.533333333333e-01,-8.337958088827e-04,-4.480714007184e-04,-3.857244081642e-04
4.500000000000e-01,y,-2.400000000000e-01,3.238354022314e-03,3.981442341436e-03,-7.430883191223e-04
4.500000000000e-01,y,-2.266666666667e-01,7.741085168538e-03,8.734183247275e-03,-9.930980787378e-04
4.500000000000e-01,y,-2.133333333333e-01,1.228479597376e-02,1.338705265710e-02,-1.102256683339e-03
4.500000000000e-01,y,-2.000000000000e-01,1.644731058758e-02,1.748679627175e-02,-1.039485684169e-03
4.500000000000e-01,y,-1.866666666667e-01,1.980590979693e-02,2.061129492362e-02,-8.053851266849e-04
4.500000000000e-01,y,-1.733333333333e-01,2.201682719363e-02,2.242893513443e-02,-4.121079407969e-04
4.500000000000e-01,y,-1.600000000000e-01,2.287758248965e-02,2.274486695434e-02,1.327155353094e-04
4.500000000000e-01,y,-1.466666666667e-01,2.226599062230e-02,2.152553506165e-02,7.404555606484e-04
4.500000000000e-01,y,-1.333333333333e-01,2.014700252857e-02,1.889749916776e-02,1.249503360803e-03
4.500000000000e-01,y,-1.200000000000e-01,1.659108081641e-02,1.512204249614e-02,1.469038320274e-03
4.500000000000e-01,y,-1.066666666667e-01,1.187552656651e-02,1.055198526340e-02,1.323541303110e-03
4.500000000000e-01,y,-9.333333333333e-02,6.463665207037e-03,5.580264918141e-03,8.834002888955e-04
4.500000000000e-01,y,-8.000000000000e-02,8.774819808088e-04,5.905570160396e-04,2.869249647692e-04
4.500000000000e-01,y,-6.666666666667e-02,-4.353331179438e-03,-4.081473960828e-03,-2.718572186094e-04
4.500000000000e-01,y,-5.333333333333e-02,-8.761213142589e-03,-8.171134306138e-03,-5.900788364506e-04
4.500000000000e-01,y,-4.000000000000e-02,-1.214373758403e-02,-1.149087319224e-02,-6.528643917803e-04
4.500000000000e-01,y,-2.666666666667e-02,-1.447550218714e-02,-1.392250676555e-02,-5.529954215953e-04
4.500000000000e-01,y,-1.333333333333e-02,-1.580138620685e-02,-1.540102470158e-02,-4.003615052630e-04
4.500000000000e-01,y,0.000000000000e+00,-1.621635330669e-02,-1.589661508863e-02,-3.197382180667e-04
4.500000000000e-01,y,1.333333333333e-02,-1.580138534207e-02,-1.540102470158e-02,-4.003606404900e-04
4.500000000000e-01,y,2.666666666667e-02,-1.447550049717e-02,-1.392250676555e-02,-5.529937316177e-04
4.500000000000e-01,y,4.000000000000e-02,-1.214373514984e-02,-1.149087319224e-02,-6.528619575967e-04
4.500000000000e-01,y,5.333333333333e-02,-8.761210090438e-03,-8.171134306138e-03,-5.900757842999e-04
4.500000000000e-01,y,6.666666666667e-02,-4.353327686365e-03,-4.081473960828e-03,-2.718537255363e-04
4.500000000000e-01,y,8.000000000000e-02,8.774857011151e-04,5.905570160396e-04,2.869286850754e-04
4.500000000000e-01,y,9.333333333333e-02,6.463668939360e-03,5.580264918141e-03,8.834040212189e-04
4.500000000000e-01,y,1.066666666667e-01,1.187553009154e-02,1.055198526340e-02,1.323544828142e-03
4.500000000000e-01,y,1.200000000000e-01,1.659108390361e-02,1.512204249614e-02,1.469041407477e-03
4.500000000000e-01,y,1.333333333333e-01,2.014700493221e-02,1.889749916776e-02,1.249505764452e-03
4.500000000000e-01,y,1.466666666667e-01,2.226599214698e-02,2.152553506165e-02,7.404570853321e-04
4.500000000000e-01,y,1.600000000000e-01,2.287758306051e-02,2.274486695434e-02,1.327161061616e-04
4.500000000000e-01,y,1.733333333333e-01,2.201682685358e-02,2.242893513443e-02,-4.121082808438e-04
4.500000000000e-01,y,1.866666666667e-01,1.980590870015e-02,2.061129492362e-02,-8.053862234697e-04
4.500000000000e-01,y,2.000000000000e-01,1.644730898342e-02,1.748679627175e-02,-1.039487288331e-03
4.500000000000e-01,y,2.133333333333e-01,1.228479410832e-02,1.338705265710e-02,-1.102258548779e-03
4.500000000000e-01,y,2.266666666667e-01,7.741083230283e-03,8.734183247275e-03,-9.931000169926e-04
4.500000000000e-01,y,2.400000000000e-01,3.238352146679e-03,3.981442341436e-03,-7.430901947575e-04
4.500000000000e-01,y,2.533333333333e-01,-8.337975254977e-04,-4.480714007184e-04,-3.857261247793e-04
4.500000000000e-01,y,2.666666666667e-01,-4.171424582038e-03,-4.213522500749e-03,4.209791871089e-05
4.500000000000e-01,y,2.800000000000e-01,-6.667075428927e-03,-7.090775106826e-03,4.236996778996e-04
4.500000000000e-01,y,2.933333333333e-01,-8.320181862337e-03,-8.984988760920e-03,6.648068985830e-04
4.500000000000e-01,y,3.066666666667e-01,-9.188569128394e-03,-9.922005812279e-03,7.334366838844e-04
4.500000000000e-01,y,3.200000000000e-01,-9.371867915399e-03,-1.002322385649e-02,6.513559410876e-04
4.500000000000e-01,y,3.333333333333e-01,-8.997758305388e-03,-9.471089768135e-03,4.733314627474e-04
4.500000000000e-01,y,3.466666666667e-01,-8.211312108716e-03,-8.472850584759e-03,2.615384760425e-04
4.500000000000e-01,y,3.600000000000e-01,-7.161233119510e-03,-7.228980701543e-03,6.774758203285e-05
4.500000000000e-01,y,3.733333333333e-01,-5.990190293495e-03,-5.910398940804e-03,-7.979135269089e-05
4.500000000000e-01,y,3.866666666667e-01,-4.826341472566e-03,-4.645962420013e-03,-1.803790525529e-04
4.500000000000e-01,y,4.000000000000e-01,-3.756474172834e-03,-3.519450478793e-03,-2.370236940400e-04
4.500000000000e-01,y,4.133333333333e-01,-2.819771731778e-03,-2.573750961126e-03,-2.460207706519e-04
4.500000000000e-01,y,4.266666666667e-01,-2.034811606015e-03,-1.819352151179e-03,-2.154594548360e-04
4.500000000000e-01,y,4.400000000000e-01,-1.405026378105e-03,-1.244396684386e-03,-1.606296937190e-04
4.500000000000e-01,y,4.533333333333e-01,-9.226981873808e-04,-8.241964492669e-04,-9.850173811387e-05
4.500000000000e-01,y,4.666666666667e-01,-5.716849266737e-04,-5.289393775278e-04,-4.274554914589e-05
4.500000000000e-01,y,4.800000000000e-01,-3.305263426576e-04,-3.290971069889e-04,-1.429235668651e-06
4.500000000000e-01,y,4.933333333333e-01,-1.753138969135e-04,-1.986225689389e-04,2.330867202549e-05
4.500000000000e-01,y,5.066666666667e-01,-8.172726106369e-05,-1.163632665145e-04,3.463600545078e-05
4.500000000000e-01,y,5.200000000000e-01,-2.778217552458e-05,-6.623666822498e-05,3.845449270040e-05
4.500000000000e-01,y,5.333333333333e-01,3.545222367206e-07,-3.668335059797e-05,3.703787283469e-05
4.500000000000e-01,y,5.466666666667e-01,1.196836330840e-05,-1.980231327224e-05,3.177067658063e-05
4.500000000000e-01,y,5.600000000000e-01,1.397110082638e-05,-1.043902012648e-05,2.441012095286e-05
4.500000000000e-01,y,5.733333333333e-01,1.133382853755e-05,-5.376903551927e-06,1.671073208948e-05
4.500000000000e-01,y,5.866666666667e-01,7.333446741619e-06,-2.693995518229e-06,1.002744225985e-05
4.500000000000e-01,y,6.000000000000e-01,3.625299857928e-06,-1.290249010287e-06,4.915548868215e-06
4.500000000000e-01,y,6.133333333333e-01,9.141100034952e-07,-5.622449541168e-07,1.476354957612e-06
4.500000000000e-01,y,6.266666666667e-01,-7.097068161273e-07,-1.918810594561e-07,-5.178257566713e-07
4.500000000000e-01,y,6.400000000000e-01,-1.539593822068e-06,-1.639140128079e-08,-1.523202420787e-06
4.500000000000e-01,y,6.533333333333e-01,-1.874576582743e-06,4.727426168519e-08,-1.921850844429e-06
4.500000000000e-01,y,6.666666666667e-01,-1.828776448126e-06,4.378184423741e-08,-1.872558292363e-06
4.500000000000e-01,y,6.800000000000e-01,-1.535541419101e-06,3.054745180571e-10,-1.535846893619e-06
4.500000000000e-01,y,6.933333333333e-01,-1.140860139976e-06,-6.401415650949e-08,-1.076845983467e-06
4.500000000000e-01,y,7.066666666667e-01,-7.838807205066e-07,-1.344875749470e-07,-6.493931455596e-07
4.500000000000e-01,y,7.200000000000e-01,-5.222618800863e-07,-1.999173289683e-07,-3.223445511180e-07
4.500000000000e-01,y,7.333333333333e-01,-3.484397288921e-07,-2.524866873832e-07,-9.595304150886e-08
4.500000000000e-01,y,7.466666666667e-01,-2.435107244258e-07,-2.876396485095e-07,4.412892408368e-08
4.500000000000e-01,y,7.600000000000e-01,-1.841835846790e-07,-3.036473178730e-07,1.194637331939e-07
4.500000000000e-01,y,7.733333333333e-01,-1.486310231710e-07,-3.008670768811e-07,1.522360537101e-07
4.500000000000e-01,y,7.866666666667e-01,-1.235800666928e-07,-2.808530927179e-07,1.572730260251e-07
4.500000000000e-01,y,8.000000000000e-01,-1.024493732718e-07,-2.455230689560e-07,1.430736956841e-07
4.500000000000e-01,y,8.133333333333e-01,-8.322644313210e-08,-1.965640237116e-07,1.133375805795e-07
4.500000000000e-01,y,8.266666666667e-01,-6.741915120179e-08,-1.351963782021e-07,6.777722700035e-08
4.500000000000e-01,y,8.400000000000e-01,-5.708640480993e-08,-6.233068180749e-08,5.244276997564e-09
4.500000000000e-01,y,8.533333333333e-01,-5.037017102668e-08,2.093969615379e-08,-7.130986718048e-08
4.500000000000e-01,y,8.666666666667e-01,-4.537692084471e-08,1.126499276699e-07,-1.580268485146e-07
4.500000000000e-01,y,8.800000000000e-01,-4.105345010546e-08,2.092806974211e-07,-2.503341475265e-07
4.500000000000e-01,y,8.933333333333e-01,-3.712452974671e-08,3.053072563282e-07,-3.424317860749e-07
4.500000000000e-01,y,9.066666666667e-01,-3.343316319962e-08,3.931826921812e-07,-4.266158553809e-07
4.500000000000e-01,y,9.200000000000e-01,-2.951758922259e-08,4.638788323209e-07,-4.933964215435e-07
4.500000000000e-01,y,9.333333333333e-01,-2.534401852837e-08,5.079830833405e-07,-5.333271018689e-07
4.500000000000e-01,y,9.466666666667e-01,-2.129517615602e-08,5.172018677099e-07,-5.384970438659e-07
4.500000000000e-01,y,9.600000000000e-01,-1.801752537767e-08,4.859879716864e-07,-5.040054970641e-07
4.500000000000e-01,y,9.733333333333e-01,-1.563126422846e-08,4.129306879933e-07,-4.285619522218e-07
4.500000000000e-01,y,9.866666666667e-01,-1.379442892329e-08,3.015552502839e-07,-3.153496792072e-07
4.500000000000e-01,y,1.000000000000e+00,-1.227911180823e-08,1.602807626470e-07,-1.725598744552e-07
4.500000000000e-01,y,1.013333333333e+00,-1.099675067391e-08,1.464107780103e-09,-1.246085845401e-08
4.500000000000e-01,y,1.026666666667e+00,-9.959186123908e-09,-1.603336349035e-07,1.503744487796e-07
4.500000000000e-01,y,1.040000000000e+00,-9.050902023972e-09,-3.105390695051e-07,3.014881674811e-07
4.500000000000e-01,y,1.053333333333e+00,-8.157097647350e-09,-4.367922921337e-07,4.286351944864e-07
4.500000000000e-01,y,1.066666666667e+00,-7.263140540199e-09,-5.307825734076e-07,5.235194328674e-07
4.500000000000e-01,y,1.080000000000e+00,-6.442029786427e-09,-5.893714981664e-07,5.829294683800e-07
4.500000000000e-01,y,1.093333333333e+00,-5.778948260786e-09,-6.148500786604e-07,6.090711303996e-07
4.500000000000e-01,y,1.106666666667e+00,-5.217197256647e-09,-6.143613605246e-07,6.091441632680e-07
4.500000000000e-01,y,1.120000000000e+00,-4.703400837866e-09,-5.986705584487e-07,5.939671576108e-07
4.500000000000e-01,y,1.133333333333e+00,-4.227268436036e-09,-5.805471347180e-07,5.763198662820e-07
4.500000000000e-01,y,1.146666666667e+00,-3.817618870235e-09,-5.730295559525e-07,5.692119370823e-07
4.500000000000e-01,y,1.160000000000e+00,-3.488425719889e-09,-5.877905977070e-07,5.843021719871e-07
4.500000000000e-01,y,1.173333333333e+00,-3.197281728974e-09,-6.337412974044e-07,6.305440156754e-07
4.500000000000e-01,y,1.186666666667e+00,-2.918898782912e-09,-7.159392385659e-07,7.130203397830e-07
4.500000000000e-01,y,1.200000000000e+00,-2.653477165935e-09,-8.348256272126e-07,8.321721500467e-07
4.500000000000e-01,y,1.213333333333e+00,-2.421983964469e-09,-9.858118128373e-07,9.833898288728e-07
4.500000000000e-01,y,1.226666666667e+00,-2.224234626406e-09,-1.159257856629e-06,1.157033622003e-06
4.500000000000e-01,y,1.240000000000e+00,-2.039091167790e-09,-1.340909956264e-06,1.338870865096e-06
4.500000000000e-01,y,1.253333333333e+00,-1.859440542983e-09,-1.512864404847e-06,1.511004964304e-06
4.500000000000e-01,y,1.266666666667e+00,-1.692356085331e-09,-1.655085676195e-06,1.653393320110e-06
4.500000000000e-01,y,1.280000000000e+00,-1.553227988836e-09,-1.747422776867e-06,1.745869548878e-06
4.500000000000e-01,y,1.293333333333e+00,-1.435850099378e-09,-1.771956149636e-06,1.770520299537e-06
4.500000000000e-01,y,1.306666666667e+00,-1.327539579781e-09,-1.715395977757e-06,1.714068438177e-06
4.500000000000e-01,y,1.320000000000e+00,-1.223319505695e-09,-1.571176185441e-06,1.569952865936e-06
4.500000000000e-01,y,1.333333333333e+00,-1.126912665285e-09,-1.340876309745e-06,1.339749397079e-06
4.500000000000e-01,y,1.346666666667e+00,-1.044608356775e-09,-1.034670698436e-06,1.033626090079e-06
4.500000000000e-01,y,1.360000000000e+00,-9.695597238178e-10,-6.706457367665e-07,6.696761770426e-07
4.500000000000e-01,y,1.373333333333e+00,-8.968431422959e-10,-2.730152357883e-07,2.721183926460e-07
4.500000000000e-01,y,1.386666666667e+00,-8.263545726977e-10,1.305383918040e-07,-1.313647463767e-07
4.500000000000e-01,y,1.400000000000e+00,-7.632057587610e-10,5.120080908356e-07,-5.127712965943e-07
4.500000000000e-01,y,1.413333333333e+00,-7.106886709552e-10,8.462132863296e-07,-8.469239750006e-07
4.500000000000e-01,y,1.426666666667e+00,-6.638928013942e-10,1.113483377638e-06,-1.114147270440e-06
4.500000000000e-01,y,1.440000000000e+00,-6.188068496308e-10,1.301491971943e-06,-1.302110778793e-06
4.500000000000e-01,y,1.453333333333e+00,-5.754241913930e-10,1.406020964980e-06,-1.406596389172e-06
4.500000000000e-01,y,1.466666666667e+00,-5.365718080599e-10,1.430625633200e-06,-1.431162205008e-06
4.500000000000e-01,y,1.480000000000e+00,-5.025944552141e-10,1.385354642711e-06,-1.385857237166e-06
4.500000000000e-01,y,1.493333333333e+00,-4.705762055225e-10,1.284817037519e-06,-1.285287613724e-06
4.500000000000e-01,y,1.506666666667e+00,-4.396284178956e-10,1.145959390396e-06,-1.146399018813e-06
4.500000000000e-01,y,1.520000000000e+00,-4.109203012555e-10,9.859143296822e-07,-9.863252499835e-07
4.500000000000e-01,y,1.533333333333e+00,-3.871339354884e-10,8.202162488530e-07,-8.206033827885e-07
4.500000000000e-01,y,1.546666666667e+00,-3.676897307921e-10,6.615723564984e-07,-6.619400462291e-07
4.500000000000e-01,y,1.560000000000e+00,-3.501587212433e-10,5.192539115069e-07,-5.196040702282e-07
4.500000000000e-01,y,1.573333333333e+00,-3.335555579005e-10,3.990591010560e-07,-3.993926566139e-07
4.500000000000e-01,y,1.586666666667e+00,-3.178634116555e-10,3.037150573151e-07,-3.040329207268e-07
4.500000000000e-01,y,1.600000000000e+00,-3.028461754488e-10,2.335424714238e-07,-2.338453175993e-07
4.500000000000e-01,y,1.613333333333e+00,-2.845288139459e-10,1.872031320167e-07,-1.874876608306e-07
4.500000000000e-01,y,1.626666666667e+00,-2.581223840061e-10,1.623814327340e-07,-1.626395551180e-07
4.500000000000e-01,y,1.640000000000e+00,-2.186914746086e-10,1.563030925915e-07,-1.565217840661e-07
4.500000000000e-01,y,1.653333333333e+00,-1.618240025329e-10,1.660535214329e-07,-1.662153454354e-07
4.500000000000e-01,y,1.666666666667e+00,-7.973719239186e-11,1.887108290757e-07,-1.887905662681e-07
4.500000000000e-01,y,1.680000000000e+00,4.054839737852e-11,2.213441709481e-07,-2.213036225507e-07
4.500000000000e-01,y,1.693333333333e+00,2.114218901561e-10,2.609417869313e-07,-2.607303650412e-07
4.500000000000e-01,y,1.706666666667e+00,4.445691698232e-10,3.043254892984e-07,-3.038809201285e-07
4.500000000000e-01,y,1.720000000000e+00,7.488872264308e-10,3.480858974940e-07,-3.473370102676e-07
4.500000000000e-01,y,1.733333333333e+00,1.129023702940e-09,3.885458418526e-07,-3.874168181497e-07
4.500000000000e-01,y,1.746666666667e+00,1.585005767899e-09,4.217396521491e-07,-4.201546463812e-07
4.500000000000e-01,y,1.760000000000e+00,2.113535645830e-09,4.433925339848e-07,-4.412789983390e-07
4.500000000000e-01,y,1.773333333333e+00,2.706104216282e-09,4.488998794817e-07,-4.461937752654e-07
4.500000000000e-01,y,1.786666666667e+00,3.351333576267e-09,4.333360582000e-07,-4.299847246237e-07
4.500000000000e-01,y,1.800000000000e+00,4.033107232475e-09,3.915534711223e-07,-3.875203638898e-07
4.500000000000e-01,y,1.813333333333e+00,4.730017390041e-09,3.184491302343e-07,-3.137191128442e-07
4.500000000000e-01,y,1.826666666667e+00,5.419601416708e-09,2.094635155452e-07,-2.040439141285e-07
4.500000000000e-01,y,1.840000000000e+00,6.078282992598e-09,6.132896431585e-08,-5.525068132326e-08
4.500000000000e-01,y,1.853333333333e+00,6.683759268472e-09,-1.269912852451e-07,1.336750445136e-07
4.500000000000e-01,y,1.866666666667e+00,7.215583249200e-09,-3.533182225937e-07,3.605338058429e-07
4.500000000000e-01,y,1.880000000000e+00,7.656947612619e-09,-6.114402259078e-07,6.190971735204e-07
4.500000000000e-01,y,1.893333333333e+00,7.996059361717e-09,-8.907037118654e-07,8.986997712271e-07
4.500000000000e-01,y,1.906666666667e+00,8.226961240145e-09,-1.176215717243e-06,1.184442678483e-06
4.500000000000e-01,y,1.920000000000e+00,8.359647173376e-09,-1.449766367015e-06,1.458126014188e-06
4.500000000000e-01,y,1.933333333333e+00,8.429308253869e-09,-1.691438795154e-06,1.699868103407e-06
4.500000000000e-01,y,1.946666666667e+00,8.475226383858e-09,-1.881722065330e-06,1.890197291713e-06
4.500000000000e-01,y,1.960000000000e+00,8.529390861543e-09,-2.003817272825e-06,2.012346663687e-06
4.500000000000e-01,y,1.973333333333e+00,8.607794915043e-09,-2.045761652052e-06,2.054369446967e-06
4.500000000000e-01,y,1.986666666667e+00,8.677045816023e-09,-2.002008877603e-06,2.010685923419e-06
4.500000000000e-01,y,2.000000000000e+00,8.644794571731e-09,-1.874194462683e-06,1.882839257255e-06
7.000000000000e-01,x,-2.000000000000e+00,-3.858076238430e-08,2.352616397719e-06,-2.391197160104e-06
7.000000000000e-01,x,-1.986666666667e+00,-3.575186286678e-08,2.374666909324e-06,-2.410418772190e-06
7.000000000000e-01,x,-1.973333333333e+00,-3.522876047931e-08,2.378502642054e-06,-2.413731402533e-06
7.000000000000e-01,x,-1.960000000000e+00,-3.521069882547e-08,2.365564851650e-06,-2.400775550475e-06
7.000000000000e-01,x,-1.946666666667e+00,-3.476382590605e-08,2.338194940271e-06,-2.372958766177e-06
7.000000000000e-01,x,-1.933333333333e+00,-3.375580204148e-08,2.299343716074e-06,-2.333099518115e-06
7.000000000000e-01,x,-1.920000000000e+00,-3.231879632557e-08,2.252258374145e-06,-2.284577170470e-06
7.000000000000e-01,x,-1.906666666667e+00,-3.075411057384e-08,2.200185142803e-06,-2.230939253377e-06
7.000000000000e-01,x,-1.893333333333e+00,-2.939023934163e-08,2.146119577440e-06,-2.175509816781e-06
7.000000000000e-01,x,-1.880000000000e+00,-2.829935661970e-08,2.092626700269e-06,-2.120926056888e-06
7.000000000000e-01,x,-1.866666666667e+00,-2.743096978016e-08,2.041741328439e-06,-2.069172298219e-06
7.000000000000e-01,x,-1.853333333333e+00,-2.672138547034e-08,1.994946903189e-06,-2.021668288659e-06
7.000000000000e-01,x,-1.840000000000e+00,-2.610768801714e-08,1.953220667004e-06,-1.979328355021e-06
7.000000000000e-01,x,-1.826666666667e+00,-2.554039629129e-08,1.917125462474e-06,-1.942665858766e-06
7.000000000000e-01,x,-1.813333333333e+00,-2.498108487326e-08,1.886924516009e-06,-1.911905600882e-06
7.000000000000e-01,x,-1.800000000000e+00,-2.442348641269e-08,1.862695488975e-06,-1.887118975388e-06
7.000000000000e-01,x,-1.786666666667e+00,-2.389658590021e-08,1.844423445519e-06,-1.868320031419e-06
7.000000000000e-01,x,-1.773333333333e+00,-2.345939914022e-08,1.832058388478e-06,-1.855517787618e-06
7.000000000000e-01,x,-1.760000000000e+00,-2.313556573732e-08,1.825530575003e-06,-1.848666140740e-06
7.000000000000e-01,x,-1.746666666667e+00,-2.287850211596e-08,1.824724768147e-06,-1.847603270263e-06
7.000000000000e-01,x,-1.733333333333e+00,-2.267051268071e-08,1.829421798241e-06,-1.852092310922e-06
7.000000000000e-01,x,-1.720000000000e+00,-2.253481082591e-08,1.839221369719e-06,-1.861756180544e-06
7.000000000000e-01,x,-1.706666666667e+00,-2.253309050357e-08,1.853463302720e-06,-1.875996393223e-06
7.000000000000e-01,x,-1.693333333333e+00,-2.264668687665e-08,1.871165009174e-06,-1.893811696050e-06
7.000000000000e-01,x,-1.680000000000e+00,-2.280680097128e-08,1.890990972119e-06,-1.913797773090e-06
7.000000000000e-01,x,-1.666666666667e+00,-2.301350622391e-08,1.911265642483e-06,-1.934279148707e-06
7.000000000000e-01,x,-1.653333333333e+00,-2.334569598995e-08,1.930035084142e-06,-1.953380780132e-06
7.000000000000e-01,x,-1.640000000000e+00,-2.392484545911e-08,1.945175691882e-06,-1.969100537341e-06
7.000000000000e-01,x,-1.626666666667e+00,-2.466575356297e-08,1.954541310042e-06,-1.979207063605e-06
7.000000000000e-01,x,-1.613333333333e+00,-2.546746336428e-08,1.956134046217e-06,-1.981601509582e-06
7.000000000000e-01,x,-1.600000000000e+00,-2.636386220952e-08,1.948279862720e-06,-1.974643724930e-06
7.000000000000e-01,x,-1.586666666667e+00,-2.753697527140e-08,1.929788280720e-06,-1.957325255991e-06
7.000000000000e-01,x,-1.573333333333e+00,-2.916042776916e-08,1.900076570959e-06,-1.929236998728e-06
7.000000000000e-01,x,-1.560000000000e+00,-3.100599675012e-08,1.859242562524e-06,-1.890248559274e-06
7.000000000000e-01,x,-1.546666666667e+00,-3.295104014719e-08,1.808076207238e-06,-1.841027247385e-06
7.000000000000e-01,x,-1.533333333333e+00,-3.515225391390e-08,1.748007468485e-06,-1.783159722399e-06
7.000000000000e-01,x,-1.520000000000e+00,-3.806546352874e-08,1.680995902965e-06,-1.719061366494e-06
7.000000000000e-01,x,-1.506666666667e+00,-4.186925912268e-08,1.609374346632e-06,-1.651243605755e-06
7.000000000000e-01,x,-1.493333333333e+00,-4.606729539535e-08,1.535664395270e-06,-1.581731690665e-06
7.000000000000e-01,x,-1.480000000000e+00,-5.057661537993e-08,1.462384166631e-06,-1.512960782011e-06
7.000000000000e-01,x,-1.466666666667e+00,-5.593925594234e-08,1.391868832607e-06,-1.447808088549e-06
7.000000000000e-01,x,-1.453333333333e+00,-6.328910004232e-08,1.326121746445e-06,-1.389410846487e-06
7.000000000000e-01,x,-1.440000000000e+00,-7.254025943588e-08,1.266709186567e-06,-1.339249446003e-06
7.000000000000e-01,x,-1.426666666667e+00,-8.272209371295e-08,1.214705566415e-06,-1.297427660128e-06
7.000000000000e-01,x,-1.413333333333e+00,-9.407062633950e-08,1.170689219185e-06,-1.264759845525e-06
7.000000000000e-01,x,-1.400000000000e+00,-1.083302955778e-07,1.134782075093e-06,-1.243112370671e-06
7.000000000000e-01,x,-1.386666666667e+00,-1.281228955099e-07,1.106719535262e-06,-1.234842430772e-06
7.000000000000e-01,x,-1.373333333333e+00,-1.512707864286e-07,1.085928167293e-06,-1.237198953722e-06
7.000000000000e-01,x,-1.360000000000e+00,-1.750488894281e-07,1.071574965779e-06,-1.246623855207e-06
7.000000000000e-01,x,-1.346666666667e+00,-2.005875901403e-07,1.062526100906e-06,-1.263113691046e-06
7.000000000000e-01,x,-1.333333333333e+00,-2.339491793059e-07,1.057104123127e-06,-1.291053302433e-06
7.000000000000e-01,x,-1.320000000000e+00,-2.807754833268e-07,1.052443890850e-06,-1.333219374177e-06
7.000000000000e-01,x,-1.306666666667e+00,-3.287531189614e-07,1.043097194807e-06,-1.371850313768e-06
7.000000000000e-01,x,-1.293333333333e+00,-3.755013088208e-07,1.018299480101e-06,-1.393800788922e-06
7.000000000000e-01,x,-1.280000000000e+00,-4.446323330882e-07,9.569669568139e-07,-1.401599289902e-06
7.000000000000e-01,x,-1.266666666667e+00,-5.970689317106e-07,8.190265115406e-07,-1.416095443251e-06
7.000000000000e-01,x,-1.253333333333e+00,-9.142034508673e-07,5.310993990456e-07,-1.445302849913e-06
7.000000000000e-01,x,-1.240000000000e+00,-1.491212566592e-06,-3.611115086431e-08,-1.455101415728e-06
7.000000000000e-01,x,-1.226666666667e+00,-2.539225824750e-06,-1.102094458259e-06,-1.437131366490e-06
7.000000000000e-01,x,-1.213333333333e+00,-4.448303628835e-06,-3.026541492835e-06,-1.421762136000e-06
7.000000000000e-01,x,-1.200000000000e+00,-7.855547754128e-06,-6.379791858686e-06,-1.475755895443e-06
7.000000000000e-01,x,-1.186666666667e+00,-1.374083173707e-05,-1.203887952661e-05,-1.701952210459e-06
7.000000000000e-01,x,-1.173333333333e+00,-2.353316154118e-05,-2.131443873803e-05,-2.218722803150e-06
7.000000000000e-01,x,-1.160000000000e+00,-3.923264681935e-05,-3.611312759985e-05,-3.119519219505e-06
7.000000000000e-01,x,-1.146666666667e+00,-6.357524357011e-05,-5.913834154599e-05,-4.436902024118e-06
7.000000000000e-01,x,-1.133333333333e+00,-1.002966445675e-04,-9.412801977534e-05,-6.168624792114e-06
7.000000000000e-01,x,-1.120000000000e+00,-1.550410706953e-04,-1.461213957050e-04,-8.919674990280e-06
7.000000000000e-01,x,-1.106666666667e+00,-2.350973659275e-04,-2.217358816091e-04,-1.336148431844e-05
7.000000000000e-01,x,-1.093333333333e+00,-3.489862688198e-04,-3.294207294939e-04,-1.956553932591e-05
7.000000000000e-01,x,-1.080000000000e+00,-5.064891074308e-04,-4.796364321310e-04,-2.685267529980e-05
7.000000000000e-01,x,-1.066666666667e+00,-7.191063596337e-04,-6.848900084986e-04,-3.421635113508e-05
7.000000000000e-01,x,-1.053333333333e+00,-1.001622151488e-03,-9.595396889527e-04,-4.208246253540e-05
7.000000000000e-01,x,-1.040000000000e+00,-1.369804226745e-03,-1.319272625258e-03,-5.053160148657e-05
7.000000000000e-01,x,-1.026666666667e+00,-1.838782092139e-03,-1.780161458549e-03,-5.862063358975e-05
7.000000000000e-01,x,-1.013333333333e+00,-2.421879085966e-03,-2.357225343462e-03,-6.465374250361e-05
7.000000000000e-01,x,-1.000000000000e+00,-3.128448659723e-03,-3.062462867383e-03,-6.598579233986e-05
7.000000000000e-01,x,-9.866666666667e-01,-3.961330756178e-03,-3.902390457188e-03,-5.894029898965e-05
7.000000000000e-01,x,-9.733333333333e-01,-4.916925966441e-03,-4.875208790194e-03,-4.171717624716e-05
7.000000000000e-01,x,-9.600000000000e-01,-5.983588576143e-03,-5.967824741401e-03,-1.576383474231e-05
7.000000000000e-01,x,-9.466666666667e-01,-7.139390895972e-03,-7.153064903778e-03,1.367400780642e-05
7.000000000000e-01,x,-9.333333333333e-01,-8.342029584056e-03,-8.387510466786e-03,4.548088273030e-05
7.000000000000e-01,x,-9.200000000000e-01,-9.526798758229e-03,-9.610440071193e-03,8.364131296342e-05
7.000000000000e-01,x,-9.066666666667e-01,-1.061790013494e-02,-1.074436441552e-02,1.264642805742e-04
7.000000000000e-01,x,-8.933333333333e-01,-1.153121086021e-02,-1.169755514696e-02,1.663442867455e-04
7.000000000000e-01,x,-8.800000000000e-01,-1.217687634894e-02,-1.236880149353e-02,1.919251445873e-04
7.000000000000e-01,x,-8.666666666667e-01,-1.246153423534e-02,-1.265437582138e-02,1.928415860385e-04
7.000000000000e-01,x,-8.533333333333e-01,-1.229359133901e-02,-1.245687554914e-02,1.632842101364e-04
7.000000000000e-01,x,-8.400000000000e-01,-1.159043987473e-02,-1.169527244441e-02,1.048325696835e-04
7.000000000000e-01,x,-8.266666666667e-01,-1.028600529450e-02,-1.031519346305e-02,2.918816854429e-05
7.000000000000e-01,x,-8.133333333333e-01,-8.345175492974e-03,-8.298238013654e-03,-4.693747931953e-05
7.000000000000e-01,x,-8.000000000000e-01,-5.799378681667e-03,-5.669058315875e-03,-1.303203657921e-04
7.000000000000e-01,x,-7.866666666667e-01,-2.723774879883e-03,-2.499029798579e-03,-2.247450813038e-04
7.000000000000e-01,x,-7.733333333333e-01,7.756775315489e-04,1.094371500660e-03,-3.186939691113e-04
7.000000000000e-01,x,-7.600000000000e-01,4.564057846325e-03,4.952908996855e-03,-3.888511505292e-04
7.000000000000e-01,x,-7.466666666667e-01,8.476162146799e-03,8.887494348631e-03,-4.113322018322e-04
7.000000000000e-01,x,-7.333333333333e-01,1.231493250675e-02,1.269190872653e-02,-3.769762197805e-04
7.000000000000e-01,x,-7.200000000000e-01,1.586991292428e-02,1.615903250375e-02,-2.891195794729e-04
7.000000000000e-01,x,-7.066666666667e-01,1.893141698789e-02,1.909788243655e-02,-1.664654486631e-04
7.000000000000e-01,x,-6.933333333333e-01,2.130529819494e-02,2.134958047165e-02,-4.428227670655e-05
7.000000000000e-01,x,-6.800000000000e-01,2.286155159667e-02,2.280046180992e-02,6.108978674806e-05
7.000000000000e-01,x,-6.666666666667e-01,2.355587107384e-02,2.339086555342e-02,1.650055204142e-04
7.000000000000e-01,x,-6.533333333333e-01,2.338594727598e-02,2.311869033382e-02,2.672569421587e-04
7.000000000000e-01,x,-6.400000000000e-01,2.238840242844e-02,2.203745678365e-02,3.509456447947e-04
7.000000000000e-01,x,-6.266666666667e-01,2.063950339896e-02,2.024929660143e-02,3.902067975319e-04
7.000000000000e-01,x,-6.133333333333e-01,1.826616172596e-02,1.789388197577e-02,3.722797501834e-04
7.000000000000e-01,x,-6.000000000000e-01,1.543680402649e-02,1.513473484578e-02,3.020691807143e-04
7.000000000000e-01,x,-5.866666666667e-01,1.234183931075e-02,1.214456036956e-02,1.972789411945e-04
7.000000000000e-01,x,-5.733333333333e-01,9.180899504963e-03,9.091219658746e-03,8.967984621761e-05
7.000000000000e-01,x,-5.600000000000e-01,6.140848863673e-03,6.125718395655e-03,1.513046801706e-05
7.000000000000e-01,x,-5.466666666667e-01,3.338550359264e-03,3.373196164720e-03,-3.464580545576e-05
7.000000000000e-01,x,-5.333333333333e-01,8.507629196701e-04,9.274299752494e-04,-7.666705557929e-05
7.000000000000e-01,x,-5.200000000000e-01,-1.265547074430e-03,-1.151108322820e-03,-1.144387516100e-04
7.000000000000e-01,x,-5.066666666667e-01,-2.972875835278e-03,-2.834010136646e-03,-1.388656986316e-04
7.000000000000e-01,x,-4.933333333333e-01,-4.259920490841e-03,-4.121170352295e-03,-1.387501385458e-04
7.000000000000e-01,x,-4.800000000000e-01,-5.155012652017e-03,-5.035338975538e-03,-1.196736764788e-04
7.000000000000e-01,x,-4.666666666667e-01,-5.705573852481e-03,-5.615843270505e-03,-8.973058197654e-05
7.000000000000e-01,x,-4.533333333333e-01,-5.969320698647e-03,-5.912257607849e-03,-5.706309079795e-05
7.000000000000e-01,x,-4.400000000000e-01,-6.008214960238e-03,-5.978638397091e-03,-2.957656314710e-05
7.000000000000e-01,x,-4.266666666667e-01,-5.877838142300e-03,-5.868741841170e-03,-9.096301129329e-06
7.000000000000e-01,x,-4.133333333333e-01,-5.621545381195e-03,-5.632438415940e-03,1.089303474505e-05
7.000000000000e-01,x,-4.000000000000e-01,-5.278068670710e-03,-5.313357913846e-03,3.528924313561e-05
7.000000000000e-01,x,-3.866666666667e-01,-4.884465379972e-03,-4.947660352862e-03,6.319497288952e-05
7.000000000000e-01,x,-3.733333333333e-01,-4.477455954523e-03,-4.563738343258e-03,8.628238873465e-05
7.000000000000e-01,x,-3.600000000000e-01,-4.074385312739e-03,-4.182614061711e-03,1.082287489726e-04
7.000000000000e-01,x,-3.466666666667e-01,-3.678404324371e-03,-3.818791008110e-03,1.403866837388e-04
7.000000000000e-01,x,-3.333333333333e-01,-3.298239953877e-03,-3.481346126349e-03,1.831061724718e-04
7.000000000000e-01,x,-3.200000000000e-01,-2.952130686288e-03,-3.175089912034e-03,2.229592257460e-04
7.000000000000e-01,x,-3.066666666667e-01,-2.664534296532e-03,-2.901670369344e-03,2.371360728119e-04
7.000000000000e-01,x,-2.933333333333e-01,-2.420520896321e-03,-2.660543132924e-03,2.400222366032e-04
7.000000000000e-01,x,-2.800000000000e-01,-2.198449790633e-03,-2.449769601267e-03,2.513198106340e-04
7.000000000000e-01,x,-2.666666666667e-01,-1.993619620963e-03,-2.266635055009e-03,2.730154340458e-04
7.000000000000e-01,x,-2.533333333333e-01,-1.818354290036e-03,-2.108099088107e-03,2.897447980705e-04
7.000000000000e-01,x,-2.400000000000e-01,-1.687727489326e-03,-1.971102318310e-03,2.833748289837e-04
7.000000000000e-01,x,-2.266666666667e-01,-1.581241259204e-03,-1.852758082664e-03,2.715168234603e-04
7.000000000000e-01,x,-2.133333333333e-01,-1.483939137490e-03,-1.750457702421e-03,2.665185649310e-04
7.000000000000e-01,x,-2.000000000000e-01,-1.394992295926e-03,-1.661914808408e-03,2.669225124817e-04
7.000000000000e-01,x,-1.866666666667e-01,-1.324921285215e-03,-1.585169684553e-03,2.602483993377e-04
7.000000000000e-01,x,-1.733333333333e-01,-1.279570258560e-03,-1.518569717747e-03,2.389994591863e-04
7.000000000000e-01,x,-1.600000000000e-01,-1.247580818595e-03,-1.460737532804e-03,2.131567142094e-04
7.000000000000e-01,x,-1.466666666667e-01,-1.221765896212e-03,-1.410534603629e-03,1.887687074169e-04
7.000000000000e-01,x,-1.333333333333e-01,-1.199047081178e-03,-1.367025184627e-03,1.679781034496e-04
7.000000000000e-01,x,-1.200000000000e-01,-1.177894609094e-03,-1.329443263846e-03,1.515486547519e-04
7.000000000000e-01,x,-1.066666666667e-01,-1.159894892071e-03,-1.297163782963e-03,1.372688908915e-04
7.000000000000e-01,x,-9.333333333333e-02,-1.148287720593e-03,-1.269678450647e-03,1.213907300540e-04
7.000000000000e-01,x,-8.000000000000e-02,-1.143541021946e-03,-1.246575949575e-03,1.030349276297e-04
7.000000000000e-01,x,-6.666666666667e-02,-1.141599690561e-03,-1.227526078879e-03,8.592638831850e-05
7.000000000000e-01,x,-5.333333333333e-02,-1.134215709099e-03,-1.212267285441e-03,7.805157634253e-05
7.000000000000e-01,x,-4.000000000000e-02,-1.126973417950e-03,-1.200597048746e-03,7.362363079600e-05
7.000000000000e-01,x,-2.666666666667e-02,-1.127727657657e-03,-1.192364647283e-03,6.463698962626e-05
7.000000000000e-01,x,-1.333333333333e-02,-1.135988794878e-03,-1.187465920300e-03,5.147712542199e-05
7.000000000000e-01,x,0.000000000000e+00,-1.142467975215e-03,-1.185839730203e-03,4.337175498821e-05
7.000000000000e-01,x,1.333333333333e-02,-1.135987905389e-03,-1.187465920300e-03,5.147801491079e-05
7.000000000000e-01,x,2.666666666667e-02,-1.127725917806e-03,-1.192364647283e-03,6.463872947722e-05
7.000000000000e-01,x,4.000000000000e-02,-1.126970919056e-03,-1.200597048746e-03,7.362612968983e-05
7.000000000000e-01,x,5.333333333333e-02,-1.134212622656e-03,-1.212267285441e-03,7.805466278591e-05
7.000000000000e-01,x,6.666666666667e-02,-1.141596312055e-03,-1.227526078879e-03,8.592976682432e-05
7.000000000000e-01,x,8.000000000000e-02,-1.143537699754e-03,-1.246575949575e-03,1.030382498211e-04
7.000000000000e-01,x,9.333333333333e-02,-1.148284660213e-03,-1.269678450647e-03,1.213937904333e-04
7.000000000000e-01,x,1.066666666667e-01,-1.159892189053e-03,-1.297163782963e-03,1.372715939101e-04
7.000000000000e-01,x,1.200000000000e-01,-1.177892307794e-03,-1.329443263846e-03,1.515509560522e-04
7.000000000000e-01,x,1.333333333333e-01,-1.199045226597e-03,-1.367025184627e-03,1.679799580307e-04
7.000000000000e-01,x,1.466666666667e-01,-1.221764500820e-03,-1.410534603629e-03,1.887701028084e-04
7.000000000000e-01,x,1.600000000000e-01,-1.247579814587e-03,-1.460737532804e-03,2.131577182173e-04
7.000000000000e-01,x,1.733333333333e-01,-1.279569518801e-03,-1.518569717747e-03,2.390001989456e-04
7.000000000000e-01,x,1.866666666667e-01,-1.324920628873e-03,-1.585169684553e-03,2.602490556797e-04
7.000000000000e-01,x,2.000000000000e-01,-1.394991490251e-03,-1.661914808408e-03,2.669233181572e-04
7.000000000000e-01,x,2.133333333333e-01,-1.483938017862e-03,-1.750457702421e-03,2.665196845588e-04
7.000000000000e-01,x,2.266666666667e-01,-1.581239775886e-03,-1.852758082664e-03,2.715183067778e-04
7.000000000000e-01,x,2.400000000000e-01,-1.687725663277e-03,-1.971102318310e-03,2.833766550335e-04
7.000000000000e-01,x,2.533333333333e-01,-1.818352157803e-03,-2.108099088107e-03,2.897469303036e-04
7.000000000000e-01,x,2.666666666667e-01,-1.993617201880e-03,-2.266635055009e-03,2.730178531296e-04
7.000000000000e-01,x,2.800000000000e-01,-2.198447169740e-03,-2.449769601267e-03,2.513224315272e-04
7.000000000000e-01,x,2.933333333333e-01,-2.420518206395e-03,-2.660543132924e-03,2.400249265290e-04
7.000000000000e-01,x,3.066666666667e-01,-2.664531669585e-03,-2.901670369344e-03,2.371386997588e-04
7.000000000000e-01,x,3.200000000000e-01,-2.952128217368e-03,-3.175089912034e-03,2.229616946657e-04
7.000000000000e-01,x,3.333333333333e-01,-3.298237689604e-03,-3.481346126349e-03,1.831084367451e-04
7.000000000000e-01,x,3.466666666667e-01,-3.678402281912e-03,-3.818791008110e-03,1.403887261984e-04
7.000000000000e-01,x,3.600000000000e-01,-4.074383478927e-03,-4.182614061711e-03,1.082305827842e-04
7.000000000000e-01,x,3.733333333333e-01,-4.477454295464e-03,-4.563738343258e-03,8.628404779434e-05
7.000000000000e-01,x,3.866666666667e-01,-4.884463864278e-03,-4.947660352862e-03,6.319648858381e-05
7.000000000000e-01,x,4.000000000000e-01,-5.278067249050e-03,-5.313357913846e-03,3.529066479630e-05
7.000000000000e-01,x,4.133333333333e-01,-5.621543959963e-03,-5.632438415940e-03,1.089445597639e-05
7.000000000000e-01,x,4.266666666667e-01,-5.877836623661e-03,-5.868741841170e-03,-9.094782490440e-06
7.000000000000e-01,x,4.400000000000e-01,-6.008213290199e-03,-5.978638397091e-03,-2.957489310822e-05
7.000000000000e-01,x,4.533333333333e-01,-5.969318908777e-03,-5.912257607849e-03,-5.706130092783e-05
7.000000000000e-01,x,4.666666666667e-01,-5.705571971631e-03,-5.615843270505e-03,-8.972870112667e-05
7.000000000000e-01,x,4.800000000000e-01,-5.155010667597e-03,-5.035338975538e-03,-1.196716920586e-04
7.000000000000e-01,x,4.933333333333e-01,-4.259918396207e-03,-4.121170352295e-03,-1.387480439124e-04
7.000000000000e-01,x,5.066666666667e-01,-2.972873673479e-03,-2.834010136646e-03,-1.388635368331e-04
7.000000000000e-01,x,5.200000000000e-01,-1.265544955038e-03,-1.151108322820e-03,-1.144366322174e-04
7.000000000000e-01,x,5.333333333333e-01,8.507649146970e-04,9.274299752494e-04,-7.666506055231e-05
7.000000000000e-01,x,5.466666666667e-01,3.338552184501e-03,3.373196164720e-03,-3.464398021974e-05
7.000000000000e-01,x,5.600000000000e-01,6.140850482419e-03,6.125718395655e-03,1.513208676314e-05
7.000000000000e-01,x,5.733333333333e-01,9.180900868287e-03,9.091219658746e-03,8.968120954129e-05
7.000000000000e-01,x,5.866666666667e-01,1.234184036123e-02,1.214456036956e-02,1.972799916774e-04
7.000000000000e-01,x,6.000000000000e-01,1.543680473799e-02,1.513473484578e-02,3.020698922136e-04
7.000000000000e-01,x,6.133333333333e-01,1.826616209964e-02,1.789388197577e-02,3.722801238656e-04
7.000000000000e-01,x,6.266666666667e-01,2.063950345391e-02,2.024929660143e-02,3.902068524861e-04
7.000000000000e-01,x,6.400000000000e-01,2.238840219531e-02,2.203745678365e-02,3.509454116607e-04
7.000000000000e-01,x,6.533333333333e-01,2.338594679910e-02,2.311869033382e-02,2.672564652811e-04
7.000000000000e-01,x,6.666666666667e-01,2.355587041456e-02,2.339086555342e-02,1.650048611353e-04
7.000000000000e-01,x,6.800000000000e-01,2.286155082411e-02,2.280046180992e-02,6.108901419113e-05
7.000000000000e-01,x,6.933333333333e-01,2.130529736907e-02,2.134958047165e-02,-4.428310257720e-05
7.000000000000e-01,x,7.066666666667e-01,1.893141613877e-02,1.909788243655e-02,-1.664662977839e-04
7.000000000000e-01,x,7.200000000000e-01,1.586991208455e-02,1.615903250375e-02,-2.891204192078e-04
7.000000000000e-01,x,7.333333333333e-01,1.231493172893e-02,1.269190872653e-02,-3.769769976013e-04
7.000000000000e-01,x,7.466666666667e-01,8.476161482825e-03,8.887494348631e-03,-4.113328658059e-04
7.000000000000e-01,x,7.600000000000e-01,4.564057334027e-03,4.952908996855e-03,-3.888516628277e-04
7.000000000000e-01,x,7.733333333333e-01,7.756771883862e-04,1.094371500660e-03,-3.186943122741e-04
7.000000000000e-01,x,7.866666666667e-01,-2.723775050227e-03,-2.499029798579e-03,-2.247452516481e-04
7.000000000000e-01,x,8.000000000000e-01,-5.799378687517e-03,-5.669058315875e-03,-1.303203716417e-04
7.000000000000e-01,x,8.133333333333e-01,-8.345175356665e-03,-8.298238013654e-03,-4.693734301012e-05
7.000000000000e-01,x,8.266666666667e-01,-1.028600505406e-02,-1.031519346305e-02,2.918840898611e-05
7.000000000000e-01,x,8.400000000000e-01,-1.159043957936e-02,-1.169527244441e-02,1.048328650540e-04
7.000000000000e-01,x,8.533333333333e-01,-1.229359103041e-02,-1.245687554914e-02,1.632845187292e-04
7.000000000000e-01,x,8.666666666667e-01,-1.246153394552e-02,-1.265437582138e-02,1.928418758610e-04
7.000000000000e-01,x,8.800000000000e-01,-1.217687609962e-02,-1.236880149353e-02,1.919253939104e-04
7.000000000000e-01,x,8.933333333333e-01,-1.153121065948e-02,-1.169755514696e-02,1.663444874772e-04
7.000000000000e-01,x,9.066666666667e-01,-1.061789998285e-02,-1.074436441552e-02,1.264644326636e-04
7.000000000000e-01,x,9.200000000000e-01,-9.526798655760e-03,-9.610440071193e-03,8.364141543233e-05
7.000000000000e-01,x,9.333333333333e-01,-8.342029529047e-03,-8.387510466786e-03,4.548093773864e-05
7.000000000000e-01,x,9.466666666667e-01,-7.139390878669e-03,-7.153064903778e-03,1.367402510865e-05
7.000000000000e-01,x,9.600000000000e-01,-5.983588576152e-03,-5.967824741401e-03,-1.576383475151e-05
7.000000000000e-01,x,9.733333333333e-01,-4.916925963449e-03,-4.875208790194e-03,-4.171717325489e-05
7.000000000000e-01,x,9.866666666667e-01,-3.961330739234e-03,-3.902390457188e-03,-5.894028204620e-05
7.000000000000e-01,x,1.000000000000e+00,-3.128448625312e-03,-3.062462867383e-03,-6.598575792893e-05
7.000000000000e-01,x,1.013333333333e+00,-2.421879037256e-03,-2.357225343462e-03,-6.465369379424e-05
7.000000000000e-01,x,1.026666666667e+00,-1.838782037642e-03,-1.780161458549e-03,-5.862057909246e-05
7.000000000000e-01,x,1.040000000000e+00,-1.369804174259e-03,-1.319272625258e-03,-5.053154900107e-05
7.000000000000e-01,x,1.053333333333e+00,-1.001622105389e-03,-9.595396889527e-04,-4.208241643634e-05
7.000000000000e-01,x,1.066666666667e+00,-7.191063222148e-04,-6.848900084986e-04,-3.421631371624e-05
7.000000000000e-01,x,1.080000000000e+00,-5.064890803753e-04,-4.796364321310e-04,-2.685264824427e-05
7.000000000000e-01,x,1.093333333333e+00,-3.489862534134e-04,-3.294207294939e-04,-1.956552391950e-05
7.000000000000e-01,x,1.106666666667e+00,-2.350973613533e-04,-2.217358816091e-04,-1.336147974417e-05
7.000000000000e-01,x,1.120000000000e+00,-1.550410749462e-04,-1.461213957050e-04,-8.919679241146e-06
7.000000000000e-01,x,1.133333333333e+00,-1.002966544262e-04,-9.412801977534e-05,-6.168634650879e-06
7.000000000000e-01,x,1.146666666667e+00,-6.357525536559e-05,-5.913834154599e-05,-4.436913819595e-06
7.000000000000e-01,x,1.160000000000e+00,-3.923265691494e-05,-3.611312759985e-05,-3.119529315091e-06
7.000000000000e-01,x,1.173333333333e+00,-2.353316799041e-05,-2.131443873803e-05,-2.218729252386e-06
7.000000000000e-01,x,1.186666666667e+00,-1.374083398764e-05,-1.203887952661e-05,-1.701954461031e-06
7.000000000000e-01,x,1.200000000000e+00,-7.855546635312e-06,-6.379791858686e-06,-1.475754776627e-06
7.000000000000e-01,x,1.213333333333e+00,-4.448300634504e-06,-3.026541492835e-06,-1.421759141669e-06
7.000000000000e-01,x,1.226666666667e+00,-2.539222618542e-06,-1.102094458259e-06,-1.437128160282e-06
7.000000000000e-01,x,1.240000000000e+00,-1.491210237150e-06,-3.611115086431e-08,-1.455099086286e-06
7.000000000000e-01,x,1.253333333333e+00,-9.142026026779e-07,5.310993990456e-07,-1.445302001723e-06
7.000000000000e-01,x,1.266666666667e+00,-5.970692956796e-07,8.190265115406e-07,-1.416095807220e-06
7.000000000000e-01,x,1.280000000000e+00,-4.446333020527e-07,9.569669568139e-07,-1.401600258867e-06
7.000000000000e-01,x,1.293333333333e+00,-3.755019939663e-07,1.018299480101e-06,-1.393801474067e-06
7.000000000000e-01,x,1.306666666667e+00,-3.287530209428e-07,1.043097194807e-06,-1.371850215749e-06
7.000000000000e-01,x,1.320000000000e+00,-2.807744261994e-07,1.052443890850e-06,-1.333218317050e-06
7.000000000000e-01,x,1.333333333333e+00,-2.339472603521e-07,1.057104123127e-06,-1.291051383479e-06
7.000000000000e-01,x,1.346666666667e+00,-2.005854595412e-07,1.062526100906e-06,-1.263111560447e-06
7.000000000000e-01,x,1.360000000000e+00,-1.750467379910e-07,1.071574965779e-06,-1.246621703770e-06
7.000000000000e-01,x,1.373333333333e+00,-1.512688480836e-07,1.085928167293e-06,-1.237197015377e-06
7.000000000000e-01,x,1.386666666667e+00,-1.281213823142e-07,1.106719535262e-06,-1.234840917576e-06
7.000000000000e-01,x,1.400000000000e+00,-1.083289997492e-07,1.134782075093e-06,-1.243111074843e-06
7.000000000000e-01,x,1.413333333333e+00,-9.406957119337e-08,1.170689219185e-06,-1.264758790379e-06
7.000000000000e-01,x,1.426666666667e+00,-8.272117152867e-08,1.214705566415e-06,-1.297426737944e-06
7.000000000000e-01,x,1.440000000000e+00,-7.253978019297e-08,1.266709186567e-06,-1.339248966760e-06
7.000000000000e-01,x,1.453333333333e+00,-6.328894421578e-08,1.326121746445e-06,-1.389410690661e-06
7.000000000000e-01,x,1.466666666667e+00,-5.594005412579e-08,1.391868832607e-06,-1.447808886732e-06
7.000000000000e-01,x,1.480000000000e+00,-5.057841522991e-08,1.462384166631e-06,-1.512962581861e-06
7.000000000000e-01,x,1.493333333333e+00,-4.606991991846e-08,1.535664395270e-06,-1.581734315188e-06
7.000000000000e-01,x,1.506666666667e+00,-4.187297764574e-08,1.609374346632e-06,-1.651247324278e-06
7.000000000000e-01,x,1.520000000000e+00,-3.806966115435e-08,1.680995902965e-06,-1.719065564120e-06
7.000000000000e-01,x,1.533333333333e+00,-3.515642111187e-08,1.748007468485e-06,-1.783163889597e-06
7.000000000000e-01,x,1.546666666667e+00,-3.295497601933e-08,1.808076207238e-06,-1.841031183258e-06
7.000000000000e-01,x,1.560000000000e+00,-3.100960344263e-08,1.859242562524e-06,-1.890252165966e-06
7.000000000000e-01,x,1.573333333333e+00,-2.916326100903e-08,1.900076570959e-06,-1.929239831968e-06
7.000000000000e-01,x,1.586666666667e+00,-2.753929990851e-08,1.929788280720e-06,-1.957327580628e-06
7.000000000000e-01,x,1.600000000000e+00,-2.636605178351e-08,1.948279862720e-06,-1.974645914504e-06
7.000000000000e-01,x,1.613333333333e+00,-2.546962562419e-08,1.956134046217e-06,-1.981603671841e-06
7.000000000000e-01,x,1.626666666667e+00,-2.466774850951e-08,1.954541310042e-06,-1.979209058552e-06
7.000000000000e-01,x,1.640000000000e+00,-2.392700359619e-08,1.945175691882e-06,-1.969102695478e-06
7.000000000000e-01,x,1.653333333333e+00,-2.334778047800e-08,1.930035084142e-06,-1.953382864620e-06
7.000000000000e-01,x,1.666666666667e+00,-2.301480670564e-08,1.911265642483e-06,-1.934280449189e-06
7.000000000000e-01,x,1.680000000000e+00,-2.280692036474e-08,1.890990972119e-06,-1.913797892484e-06
7.000000000000e-01,x,1.693333333333e+00,-2.264593124831e-08,1.871165009174e-06,-1.893810940422e-06
7.000000000000e-01,x,1.706666666667e+00,-2.253172959045e-08,1.853463302720e-06,-1.875995032310e-06
7.000000000000e-01,x,1.720000000000e+00,-2.253244113409e-08,1.839221369719e-06,-1.861753810853e-06
7.000000000000e-01,x,1.733333333333e+00,-2.266814245518e-08,1.829421798241e-06,-1.852089940696e-06
7.000000000000e-01,x,1.746666666667e+00,-2.287644197192e-08,1.824724768147e-06,-1.847601210119e-06
7.000000000000e-01,x,1.760000000000e+00,-2.313373713255e-08,1.825530575003e-06,-1.848664312135e-06
7.000000000000e-01,x,1.773333333333e+00,-2.345783826345e-08,1.832058388478e-06,-1.855516226741e-06
7.000000000000e-01,x,1.786666666667e+00,-2.389524632737e-08,1.844423445519e-06,-1.868318691846e-06
7.000000000000e-01,x,1.800000000000e+00,-2.442204002236e-08,1.862695488975e-06,-1.887117528998e-06
7.000000000000e-01,x,1.813333333333e+00,-2.497901196435e-08,1.886924516009e-06,-1.911903527973e-06
7.000000000000e-01,x,1.826666666667e+00,-2.553808591343e-08,1.917125462474e-06,-1.942663548388e-06
7.000000000000e-01,x,1.840000000000e+00,-2.610517050361e-08,1.953220667004e-06,-1.979325837507e-06
7.000000000000e-01,x,1.853333333333e+00,-2.671886351007e-08,1.994946903189e-06,-2.021665766699e-06
7.000000000000e-01,x,1.866666666667e+00,-2.742860040140e-08,2.041741328439e-06,-2.069169928841e-06
7.000000000000e-01,x,1.880000000000e+00,-2.829725276482e-08,2.092626700269e-06,-2.120923953033e-06
7.000000000000e-01,x,1.893333333333e+00,-2.938804628639e-08,2.146119577440e-06,-2.175507623726e-06
7.000000000000e-01,x,1.906666666667e+00,-3.075183326939e-08,2.200185142803e-06,-2.230936976073e-06
7.000000000000e-01,x,1.920000000000e+00,-3.231663804869e-08,2.252258374145e-06,-2.284575012193e-06
7.000000000000e-01,x,1.933333333333e+00,-3.375304364697e-08,2.299343716074e-06,-2.333096759721e-06
7.000000000000e-01,x,1.946666666667e+00,-3.476104208899e-08,2.338194940271e-06,-2.372955982360e-06
7.000000000000e-01,x,1.960000000000e+00,-3.520678371519e-08,2.365564851650e-06,-2.400771635365e-06
7.000000000000e-01,x,1.973333333333e+00,-3.522436690184e-08,2.378502642054e-06,-2.413727008955e-06
7.000000000000e-01,x,1.986666666667e+00,-3.574661478163e-08,2.374666909324e-06,-2.410413524105e-06
7.000000000000e-01,x,2.000000000000e+00,-3.857459967721e-08,2.352616397719e-06,-2.391190997397e-06
7.000000000000e-01,y,-2.000000000000e+00,1.115669605795e-08,1.363716282578e-06,-1.352559586520e-06
7.000000000000e-01,y,-1.986666666667e+00,1.124768109164e-08,1.191636608977e-06,-1.180388927886e-06
7.000000000000e-01,y,-1.973333333333e+00,1.101073369585e-08,1.025243197069e-06,-1.014232463373e-06
7.000000000000e-01,y,-1.960000000000e+00,1.069706951176e-08,8.561470473391e-07,-8.454499778273e-07
7.000000000000e-01,y,-1.946666666667e+00,1.043581224371e-08,6.798102763506e-07,-6.693744641069e-07
7.000000000000e-01,y,-1.933333333333e+00,1.024818608208e-08,4.962238482735e-07,-4.859756621915e-07
7.000000000000e-01,y,-1.920000000000e+00,1.011621160207e-08,3.095619444516e-07,-2.994457328496e-07
7.000000000000e-01,y,-1.906666666667e+00,1.000288377876e-08,1.271124810884e-07,-1.171095973097e-07
7.000000000000e-01,y,-1.893333333333e+00,9.864454030135e-09,-4.216823834441e-08,5.203269237455e-08
7.000000000000e-01,y,-1.880000000000e+00,9.691956318217e-09,-1.891586766275e-07,1.988506329457e-07
7.000000000000e-01,y,-1.866666666667e+00,9.494267585589e-09,-3.058927008819e-07,3.153869684675e-07
7.000000000000e-01,y,-1.853333333333e+00,9.281577306080e-09,-3.865511592200e-07,3.958327365261e-07
7.000000000000e-01,y,-1.840000000000e+00,9.066459257215e-09,-4.280638582025e-07,4.371303174597e-07
7.000000000000e-01,y,-1.826666666667e+00,8.859537204315e-09,-4.303273424063e-07,4.391868796106e-07
7.000000000000e-01,y,-1.813333333333e+00,8.668879967732e-09,-3.960873554296e-07,4.047562353974e-07
7.000000000000e-01,y,-1.800000000000e+00,8.497893132741e-09,-3.305590341409e-07,3.390569272736e-07
7.000000000000e-01,y,-1.786666666667e+00,8.347742067492e-09,-2.408672106047e-07,2.492149526722e-07
7.000000000000e-01,y,-1.773333333333e+00,8.216519858555e-09,-1.353871736028e-07,1.436036934614e-07
7.000000000000e-01,y,-1.760000000000e+00,8.101703360609e-09,-2.305547210762e-08,3.115717546823e-08
7.000000000000e-01,y,-1.746666666667e+00,8.005178872496e-09,8.729623497546e-08,-7.929105610297e-08
7.000000000000e-01,y,-1.733333333333e+00,7.924099130127e-09,1.875494374701e-07,-1.796253383400e-07
7.000000000000e-01,y,-1.720000000000e+00,7.852210679149e-09,2.708289249462e-07,-2.629767142670e-07
7.000000000000e-01,y,-1.706666666667e+00,7.778565074720e-09,3.319414431571e-07,-3.241628780824e-07
7.000000000000e-01,y,-1.693333333333e+00,7.687116669391e-09,3.677071873177e-07,-3.600200706483e-07
7.000000000000e-01,y,-1.680000000000e+00,7.561351892269e-09,3.771599443497e-07,-3.695985924574e-07
7.000000000000e-01,y,-1.666666666667e+00,7.379714548158e-09,3.615834277450e-07,-3.542037131968e-07
7.000000000000e-01,y,-1.653333333333e+00,7.119651275535e-09,3.243510457619e-07,-3.172313944863e-07
7.000000000000e-01,y,-1.640000000000e+00,6.760668354831e-09,2.705496262882e-07,-2.637889579334e-07
7.000000000000e-01,y,-1.626666666667e+00,6.301738765998e-09,2.063951574542e-07,-2.000934186882e-07
7.000000000000e-01,y,-1.613333333333e+00,5.751334770557e-09,1.384850379569e-07,-1.327337031863e-07
7.000000000000e-01,y,-1.600000000000e+00,5.116928856414e-09,7.296660975576e-08,-6.784968089934e-08
7.000000000000e-01,y,-1.586666666667e+00,4.405197878384e-09,1.472450492640e-08,-1.031930704802e-08
7.000000000000e-01,y,-1.573333333333e+00,3.627034316094e-09,-3.330885912670e-08,3.693589344279e-08
7.000000000000e-01,y,-1.560000000000e+00,2.811307933328e-09,-7.063645910868e-08,7.344776704201e-08
7.000000000000e-01,y,-1.546666666667e+00,1.986601536781e-09,-9.942866004886e-08,1.014152615856e-07
7.000000000000e-01,y,-1.533333333333e+00,1.172321958931e-09,-1.245024093317e-07,1.256747312907e-07
7.000000000000e-01,y,-1.520000000000e+00,3.782766103034e-10,-1.530793377891e-07,1.534576143994e-07
7.000000000000e-01,y,-1.506666666667e+00,-3.848281644365e-10,-1.943654889615e-07,1.939806607971e-07
7.000000000000e-01,y,-1.493333333333e+00,-1.097918456603e-09,-2.589789960202e-07,2.578810775636e-07
7.000000000000e-01,y,-1.480000000000e+00,-1.754644457932e-09,-3.582134378671e-07,3.564587934092e-07
7.000000000000e-01,y,-1.466666666667e+00,-2.364770015704e-09,-5.030796339757e-07,5.007148639600e-07
7.000000000000e-01,y,-1.453333333333e+00,-2.953504994931e-09,-7.030406326115e-07,7.000871276166e-07
7.000000000000e-01,y,-1.440000000000e+00,-3.524604480833e-09,-9.643683872714e-07,9.608437827906e-07
7.000000000000e-01,y,-1.426666666667e+00,-4.065348665996e-09,-1.288124010269e-06,1.284058661603e-06
7.000000000000e-01,y,-1.413333333333e+00,-4.583885928660e-09,-1.667898805767e-06,1.663314919838e-06
7.000000000000e-01,y,-1.400000000000e+00,-5.111460550293e-09,-2.087630493205e-06,2.082519032655e-06
7.000000000000e-01,y,-1.386666666667e+00,-5.694836053203e-09,-2.519984378557e-06,2.514289542504e-06
7.000000000000e-01,y,-1.373333333333e+00,-6.326946025264e-09,-2.925901684396e-06,2.919574738371e-06
7.000000000000e-01,y,-1.360000000000e+00,-6.991272620358e-09,-3.255903687155e-06,3.248912414534e-06
7.000000000000e-01,y,-1.346666666667e+00,-7.708333507645e-09,-3.453557007263e-06,3.445848673755e-06
7.000000000000e-01,y,-1.333333333333e+00,-8.537305287811e-09,-3.461149703769e-06,3.452612398482e-06
7.000000000000e-01,y,-1.320000000000e+00,-9.538401580971e-09,-3.227151451793e-06,3.217613050212e-06
7.000000000000e-01,y,-1.306666666667e+00,-1.065608551341e-08,-2.714537074283e-06,2.703880988770e-06
7.000000000000e-01,y,-1.293333333333e+00,-1.185552818539e-08,-1.908672752627e-06,1.896817224442e-06
7.000000000000e-01,y,-1.280000000000e+00,-1.317710455158e-08,-8.233205651564e-07,8.101434606048e-07
7.000000000000e-01,y,-1.266666666667e+00,-1.474615893372e-08,4.965193741380e-07,-5.112655330718e-07
7.000000000000e-01,y,-1.253333333333e+00,-1.666188086903e-08,1.975748646611e-06,-1.992410527480e-06
7.000000000000e-01,y,-1.240000000000e+00,-1.889150886478e-08,3.514447139116e-06,-3.533338647981e-06
7.000000000000e-01,y,-1.226666666667e+00,-2.149275378048e-08,4.996727531434e-06,-5.018220285214e-06
7.000000000000e-01,y,-1.213333333333e+00,-2.464953913883e-08,6.302010712564e-06,-6.326660251703e-06
7.000000000000e-01,y,-1.200000000000e+00,-2.865160778672e-08,7.317209511695e-06,-7.345861119482e-06
7.000000000000e-01,y,-1.186666666667e+00,-3.347137416727e-08,7.948246057876e-06,-7.981717432043e-06
7.000000000000e-01,y,-1.173333333333e+00,-3.875971831295e-08,8.129529629416e-06,-8.168289347729e-06
7.000000000000e-01,y,-1.160000000000e+00,-4.433342209103e-08,7.830398927438e-06,-7.874732349529e-06
7.000000000000e-01,y,-1.146666666667e+00,-5.023237475055e-08,7.057979364129e-06,-7.108211738880e-06
7.000000000000e-01,y,-1.133333333333e+00,-5.659092643622e-08,5.856336702082e-06,-5.912927628518e-06
7.000000000000e-01,y,-1.120000000000e+00,-6.224992325929e-08,4.302178324160e-06,-4.364428247419e-06
7.000000000000e-01,y,-1.106666666667e+00,-6.579411835734e-08,2.497654525154e-06,-2.563448643512e-06
7.000000000000e-01,y,-1.093333333333e+00,-6.694802878121e-08,5.610524640128e-07,-6.280004927940e-07
7.000000000000e-01,y,-1.080000000000e+00,-6.707061932489e-08,-1.383644610067e-06,1.316573990742e-06
7.000000000000e-01,y,-1.066666666667e+00,-6.951176605827e-08,-3.217259002131e-06,3.147747236073e-06
7.000000000000e-01,y,-1.053333333333e+00,-7.966049311367e-08,-4.834915970926e-06,4.755255477812e-06
7.000000000000e-01,y,-1.040000000000e+00,-1.056774260709e-07,-6.153614829391e-06,6.047937403320e-06
7.000000000000e-01,y,-1.026666666667e+00,-1.588842453433e-07,-7.117225428025e-06,6.958341182681e-06
7.000000000000e-01,y,-1.013333333333e+00,-2.536138528561e-07,-7.698624739193e-06,7.445010886337e-06
7.000000000000e-01,y,-1.000000000000e+00,-4.083679047295e-07,-7.899069589955e-06,7.490701685225e-06
7.000000000000e-01,y,-9.866666666667e-01,-6.459699162456e-07,-7.745223642099e-06,7.099253725854e-06
7.000000000000e-01,y,-9.733333333333e-01,-9.840517746359e-07,-7.284463126059e-06,6.300411351423e-06
7.000000000000e-01,y,-9.600000000000e-01,-1.427052198308e-06,-6.579161814294e-06,5.152109615986e-06
7.000000000000e-01,y,-9.466666666667e-01,-1.956592699414e-06,-5.700633398056e-06,3.744040698642e-06
7.000000000000e-01,y,-9.333333333333e-01,-2.470284481561e-06,-4.723358610895e-06,2.253074129334e-06
7.000000000000e-01,y,-9.200000000000e-01,-2.771861539168e-06,-3.720136884483e-06,9.482753453150e-07
7.000000000000e-01,y,-9.066666666667e-01,-2.646220711531e-06,-2.758980915108e-06,1.127602035765e-07
7.000000000000e-01,y,-8.933333333333e-01,-1.878610210575e-06,-1.903033711445e-06,2.442350087038e-08
7.000000000000e-01,y,-8.800000000000e-01,-2.582781385139e-07,-1.215676943172e-06,9.573988046581e-07
7.000000000000e-01,y,-8.666666666667e-01,2.620418207036e-06,-7.745074262717e-07,3.394925633308e-06
7.000000000000e-01,y,-8.533333333333e-01,7.142716505578e-06,-7.002140803415e-07,7.842930585919e-06
7.000000000000e-01,y,-8.400000000000e-01,1.332137665046e-05,-1.209793376056e-06,1.453117002652e-05
7.000000000000e-01,y,-8.266666666667e-01,2.058011231075e-05,-2.708017409245e-06,2.328812972000e-05
7.000000000000e-01,y,-8.133333333333e-01,2.739062810671e-05,-5.936178164069e-06,3.332680627077e-05
7.000000000000e-01,y,-8.000000000000e-01,3.047440373973e-05,-1.220159031210e-05,4.267599405183e-05
7.000000000000e-01,y,-7.866666666667e-01,2.508824827159e-05,-2.371257468278e-05,4.880082295437e-05
7.000000000000e-01,y,-7.733333333333e-01,5.066850677663e-06,-4.403749665623e-05,4.910434733390e-05
7.000000000000e-01,y,-7.600000000000e-01,-3.735912548896e-05,-7.868724038368e-05,4.132811489472e-05
7.000000000000e-01,y,-7.466666666667e-01,-1.130348475665e-04,-1.357820778843e-04,2.274723031780e-05
7.000000000000e-01,y,-7.333333333333e-01,-2.378759347616e-04,-2.267017774271e-04,-1.117415733450e-05
7.000000000000e-01,y,-7.200000000000e-01,-4.287968325047e-04,-3.665329348348e-04,-6.226389766993e-05
7.000000000000e-01,y,-7.066666666667e-01,-7.018195346412e-04,-5.740309282853e-04,-1.277886063558e-04
7.000000000000e-01,y,-6.933333333333e-01,-1.070561097166e-03,-8.707308543984e-04,-1.998302427675e-04
7.000000000000e-01,y,-6.800000000000e-01,-1.543678356148e-03,-1.278812898509e-03,-2.648654576396e-04
7.000000000000e-01,y,-6.666666666667e-01,-2.122792009538e-03,-1.817403668934e-03,-3.053883406040e-04
7.000000000000e-01,y,-6.533333333333e-01,-2.801793850644e-03,-2.497223521374e-03,-3.045703292698e-04
7.000000000000e-01,y,-6.400000000000e-01,-3.564788670273e-03,-3.313892883115e-03,-2.508957871584e-04
7.000000000000e-01,y,-6.266666666667e-01,-4.382951828809e-03,-4.240759138543e-03,-1.421926902657e-04
7.000000000000e-01,y,-6.133333333333e-01,-5.198301049359e-03,-5.222700163091e-03,2.439911373156e-05
7.000000000000e-01,y,-6.000000000000e-01,-5.929765543822e-03,-6.172829691310e-03,2.430641474877e-04
7.000000000000e-01,y,-5.866666666667e-01,-6.488965097325e-03,-6.974158595597e-03,4.851934982729e-04
7.000000000000e-01,y,-5.733333333333e-01,-6.785579385300e-03,-7.487857532207e-03,7.022781469074e-04
7.000000000000e-01,y,-5.600000000000e-01,-6.733399080071e-03,-7.568722842649e-03,8.353237625772e-04
7.000000000000e-01,y,-5.466666666667e-01,-6.258553830743e-03,-7.086849465109e-03,8.282956343655e-04
7.000000000000e-01,y,-5.333333333333e-01,-5.304533522941e-03,-5.952658544979e-03,6.481250220374e-04
7.000000000000e-01,y,-5.200000000000e-01,-3.838768924966e-03,-4.140794067494e-03,3.020251425287e-04
7.000000000000e-01,y,-5.066666666667e-01,-1.860577950974e-03,-1.707542928681e-03,-1.530350222932e-04
7.000000000000e-01,y,-4.933333333333e-01,5.730247221590e-04,1.203206900893e-03,-6.301821787343e-04
7.000000000000e-01,y,-4.800000000000e-01,3.306851981123e-03,4.368713352317e-03,-1.061861371194e-03
7.000000000000e-01,y,-4.666666666667e-01,6.143023497911e-03,7.511191907638e-03,-1.368168409727e-03
7.000000000000e-01,y,-4.533333333333e-01,8.864399311042e-03,1.033366193394e-02,-1.469262622901e-03
7.000000000000e-01,y,-4.400000000000e-01,1.124909265053e-02,1.256178324401e-02,-1.312690593483e-03
7.000000000000e-01,y,-4.266666666667e-01,1.309584335670e-02,1.398386619664e-02,-8.880228399422e-04
7.000000000000e-01,y,-4.133333333333e-01,1.424352101477e-02,1.448127923138e-02,-2.377582166044e-04
7.000000000000e-01,y,-4.000000000000e-01,1.456778501541e-02,1.404340126584e-02,5.243837495728e-04
7.000000000000e-01,y,-3.866666666667e-01,1.399259025575e-02,1.276459852233e-02,1.227991733417e-03
7.000000000000e-01,y,-3.733333333333e-01,1.250660898148e-02,1.082456582772e-02,1.682043153762e-03
7.000000000000e-01,y,-3.600000000000e-01,1.024510528678e-02,8.456749577611e-03,1.788355709169e-03
7.000000000000e-01,y,-3.466666666667e-01,7.468327065837e-03,5.911632302646e-03,1.556694763191e-03
7.000000000000e-01,y,-3.333333333333e-01,4.475342499698e-03,3.421995731563e-03,1.053346768135e-03
7.000000000000e-01,y,-3.200000000000e-01,1.574921531296e-03,1.175986518823e-03,3.989350124736e-04
7.000000000000e-01,y,-3.066666666667e-01,-9.529956320944e-04,-6.985910792153e-04,-2.544045528791e-04
7.000000000000e-01,y,-2.933333333333e-01,-2.950401309799e-03,-2.138094407024e-03,-8.123069027759e-04
7.000000000000e-01,y,-2.800000000000e-01,-4.343585154285e-03,-3.136718416995e-03,-1.206866737290e-03
7.000000000000e-01,y,-2.666666666667e-01,-5.108777658918e-03,-3.733324688214e-03,-1.375452970704e-03
7.000000000000e-01,y,-2.533333333333e-01,-5.270986447337e-03,-3.995236647863e-03,-1.275749799475e-03
7.000000000000e-01,y,-2.400000000000e-01,-4.914436783616e-03,-4.002417674122e-03,-9.120191094936e-04
7.000000000000e-01,y,-2.266666666667e-01,-4.208477620752e-03,-3.834457644690e-03,-3.740199760622e-04
7.000000000000e-01,y,-2.133333333333e-01,-3.354267707357e-03,-3.561589748457e-03,2.073220411001e-04
7.000000000000e-01,y,-2.000000000000e-01,-2.552844415310e-03,-3.239870056678e-03,6.870256413689e-04
7.000000000000e-01,y,-1.866666666667e-01,-1.981715153173e-03,-2.909879985379e-03,9.281648322059e-04
7.000000000000e-01,y,-1.733333333333e-01,-1.722642319434e-03,-2.597920190021e-03,8.752778705877e-04
7.000000000000e-01,y,-1.600000000000e-01,-1.714439936213e-03,-2.318607265143e-03,6.041673289301e-04
7.000000000000e-01,y,-1.466666666667e-01,-1.850452390608e-03,-2.077954477131e-03,2.275020865226e-04
7.000000000000e-01,y,-1.333333333333e-01,-2.006982772771e-03,-1.876294660949e-03,-1.306881118219e-04
7.000000000000e-01,y,-1.200000000000e-01,-2.066043979021e-03,-1.710688968683e-03,-3.553550103374e-04
7.000000000000e-01,y,-1.066666666667e-01,-1.985722122205e-03,-1.576698063797e-03,-4.090240584077e-04
7.000000000000e-01,y,-9.333333333333e-02,-1.801440858761e-03,-1.469548129998e-03,-3.318927287634e-04
7.000000000000e-01,y,-8.000000000000e-02,-1.568361007768e-03,-1.384805445765e-03,-1.835555620035e-04
7.000000000000e-01,y,-6.666666666667e-02,-1.349578605555e-03,-1.318697794295e-03,-3.088081125964e-05
7.000000000000e-01,y,-5.333333333333e-02,-1.201433277936e-03,-1.268210278773e-03,6.677700083675e-05
7.000000000000e-01,y,-4.000000000000e-02,-1.131550131555e-03,-1.231056098674e-03,9.950596711897e-05
7.000000000000e-01,y,-2.666666666667e-02,-1.117837365409e-03,-1.205592693220e-03,8.775532781050e-05
7.000000000000e-01,y,-1.333333333333e-02,-1.131555584289e-03,-1.190727660507e-03,5.917207621865e-05
7.000000000000e-01,y,0.000000000000e+00,-1.142467975215e-03,-1.185839730203e-03,4.337175498821e-05
7.000000000000e-01,y,1.333333333333e-02,-1.131555115190e-03,-1.190727660507e-03,5.917254531736e-05
7.000000000000e-01,y,2.666666666667e-02,-1.117836461357e-03,-1.205592693220e-03,8.775623186341e-05
7.000000000000e-01,y,4.000000000000e-02,-1.131548856872e-03,-1.231056098674e-03,9.950724180188e-05
7.000000000000e-01,y,5.333333333333e-02,-1.201431719843e-03,-1.268210278773e-03,6.677855893026e-05
7.000000000000e-01,y,6.666666666667e-02,-1.349576863874e-03,-1.318697794295e-03,-3.087906957883e-05
7.000000000000e-01,y,8.000000000000e-02,-1.568359193037e-03,-1.384805445765e-03,-1.835537472727e-04
7.000000000000e-01,y,9.333333333333e-02,-1.801439099564e-03,-1.469548129998e-03,-3.318909695666e-04
7.000000000000e-01,y,1.066666666667e-01,-1.985720553764e-03,-1.576698063797e-03,-4.090224899669e-04
7.000000000000e-01,y,1.200000000000e-01,-2.066042729218e-03,-1.710688968683e-03,-3.553537605351e-04
7.000000000000e-01,y,1.333333333333e-01,-2.006981948554e-03,-1.876294660949e-03,-1.306872876046e-04
7.000000000000e-01,y,1.466666666667e-01,-1.850452067969e-03,-2.077954477131e-03,2.275024091619e-04
7.000000000000e-01,y,1.600000000000e-01,-1.714440152913e-03,-2.318607265143e-03,6.041671122306e-04
7.000000000000e-01,y,1.733333333333e-01,-1.722643069309e-03,-2.597920190021e-03,8.752771207121e-04
7.000000000000e-01,y,1.866666666667e-01,-1.981716384272e-03,-2.909879985379e-03,9.281636011069e-04
7.000000000000e-01,y,2.000000000000e-01,-2.552846034259e-03,-3.239870056678e-03,6.870240224194e-04
7.000000000000e-01,y,2.133333333333e-01,-3.354269609452e-03,-3.561589748457e-03,2.073201390054e-04
7.000000000000e-01,y,2.266666666667e-01,-4.208479708347e-03,-3.834457644690e-03,-3.740220636576e-04
7.000000000000e-01,y,2.400000000000e-01,-4.914438967291e-03,-4.002417674122e-03,-9.120212931685e-04
7.000000000000e-01,y,2.533333333333e-01,-5.270988643822e-03,-3.995236647863e-03,-1.275751995959e-03
7.000000000000e-01,y,2.666666666667e-01,-5.108779789242e-03,-3.733324688214e-03,-1.375455101028e-03
7.000000000000e-01,y,2.800000000000e-01,-4.343587152548e-03,-3.136718416995e-03,-1.206868735553e-03
7.000000000000e-01,y,2.933333333333e-01,-2.950403119989e-03,-2.138094407024e-03,-8.123087129655e-04
7.000000000000e-01,y,3.066666666667e-01,-9.529972013070e-04,-6.985910792153e-04,-2.544061220917e-04
7.000000000000e-01,y,3.200000000000e-01,1.574920257600e-03,1.175986518823e-03,3.989337387772e-04
7.000000000000e-01,y,3.333333333333e-01,4.475341565944e-03,3.421995731563e-03,1.053345834382e-03
7.000000000000e-01,y,3.466666666667e-01,7.468326474060e-03,5.911632302646e-03,1.556694171415e-03
7.000000000000e-01,y,3.600000000000e-01,1.024510499466e-02,8.456749577611e-03,1.788355417053e-03
7.000000000000e-01,y,3.733333333333e-01,1.250660890603e-02,1.082456582772e-02,1.682043078314e-03
7.000000000000e-01,y,3.866666666667e-01,1.399259027898e-02,1.276459852233e-02,1.227991756649e-03
7.000000000000e-01,y,4.000000000000e-01,1.456778501483e-02,1.404340126584e-02,5.243837489893e-04
7.000000000000e-01,y,4.133333333333e-01,1.424352089945e-02,1.448127923138e-02,-2.377583319261e-04
7.000000000000e-01,y,4.266666666667e-01,1.309584307393e-02,1.398386619664e-02,-8.880231227112e-04
7.000000000000e-01,y,4.400000000000e-01,1.124909219031e-02,1.256178324401e-02,-1.312691053706e-03
7.000000000000e-01,y,4.533333333333e-01,8.864398707157e-03,1.033366193394e-02,-1.469263226787e-03
7.000000000000e-01,y,4.666666666667e-01,6.143022801089e-03,7.511191907638e-03,-1.368169106549e-03
7.000000000000e-01,y,4.800000000000e-01,3.306851241770e-03,4.368713352317e-03,-1.061862110547e-03
7.000000000000e-01,y,4.933333333333e-01,5.730239901063e-04,1.203206900893e-03,-6.301829107871e-04
7.000000000000e-01,y,5.066666666667e-01,-1.860578628431e-03,-1.707542928681e-03,-1.530356997509e-04
7.000000000000e-01,y,5.200000000000e-01,-3.838769506885e-03,-4.140794067494e-03,3.020245606098e-04
7.000000000000e-01,y,5.333333333333e-01,-5.304533978932e-03,-5.952658544979e-03,6.481245660463e-04
7.000000000000e-01,y,5.466666666667e-01,-6.258554144308e-03,-7.086849465109e-03,8.282953208012e-04
7.000000000000e-01,y,5.600000000000e-01,-6.733399249840e-03,-7.568722842649e-03,8.353235928086e-04
7.000000000000e-01,y,5.733333333333e-01,-6.785579422997e-03,-7.487857532207e-03,7.022781092103e-04
7.000000000000e-01,y,5.866666666667e-01,-6.488965024095e-03,-6.974158595597e-03,4.851935715026e-04
7.000000000000e-01,y,6.000000000000e-01,-5.929765387535e-03,-6.172829691310e-03,2.430643037755e-04
7.000000000000e-01,y,6.133333333333e-01,-5.198300839934e-03,-5.222700163091e-03,2.439932315691e-05
7.000000000000e-01,y,6.266666666667e-01,-4.382951595434e-03,-4.240759138543e-03,-1.421924568902e-04
7.000000000000e-01,y,6.400000000000e-01,-3.564788440215e-03,-3.313892883115e-03,-2.508955570999e-04
7.000000000000e-01,y,6.533333333333e-01,-2.801793645918e-03,-2.497223521374e-03,-3.045701245440e-04
7.000000000000e-01,y,6.666666666667e-01,-2.122791842747e-03,-1.817403668934e-03,-3.053881738133e-04
7.000000000000e-01,y,6.800000000000e-01,-1.543678231849e-03,-1.278812898509e-03,-2.648653333406e-04
7.000000000000e-01,y,6.933333333333e-01,-1.070561014200e-03,-8.707308543984e-04,-1.998301598017e-04
7.000000000000e-01,y,7.066666666667e-01,-7.018194877817e-04,-5.740309282853e-04,-1.277885594964e-04
7.000000000000e-01,y,7.200000000000e-01,-4.287968143029e-04,-3.665329348348e-04,-6.226387946810e-05
7.000000000000e-01,y,7.333333333333e-01,-2.378759371001e-04,-2.267017774271e-04,-1.117415967295e-05
7.000000000000e-01,y,7.466666666667e-01,-1.130348626961e-04,-1.357820778843e-04,2.274721518826e-05
7.000000000000e-01,y,7.600000000000e-01,-3.735914669504e-05,-7.868724038368e-05,4.132809368864e-05
7.000000000000e-01,y,7.733333333333e-01,5.066828367270e-06,-4.403749665623e-05,4.910432502350e-05
7.000000000000e-01,y,7.866666666667e-01,2.508822838725e-05,-2.371257468278e-05,4.880080307004e-05
7.000000000000e-01,y,8.000000000000e-01,3.047438825307e-05,-1.220159031210e-05,4.267597856517e-05
7.000000000000e-01,y,8.133333333333e-01,2.739061759764e-05,-5.936178164069e-06,3.332679576171e-05
7.000000000000e-01,y,8.266666666667e-01,2.058010635629e-05,-2.708017409245e-06,2.328812376554e-05
7.000000000000e-01,y,8.400000000000e-01,1.332137413477e-05,-1.209793376056e-06,1.453116751083e-05
7.000000000000e-01,y,8.533333333333e-01,7.142716048435e-06,-7.002140803415e-07,7.842930128777e-06
7.000000000000e-01,y,8.666666666667e-01,2.620418397356e-06,-7.745074262717e-07,3.394925823628e-06
7.000000000000e-01,y,8.800000000000e-01,-2.582782109243e-07,-1.215676943172e-06,9.573987322476e-07
7.000000000000e-01,y,8.933333333333e-01,-1.878610802017e-06,-1.903033711445e-06,2.442290942764e-08
7.000000000000e-01,y,9.066666666667e-01,-2.646221688382e-06,-2.758980915108e-06,1.127592267261e-07
7.000000000000e-01,y,9.200000000000e-01,-2.771862596449e-06,-3.720136884483e-06,9.482742880345e-07
7.000000000000e-01,y,9.333333333333e-01,-2.470285324823e-06,-4.723358610895e-06,2.253073286072e-06
7.000000000000e-01,y,9.466666666667e-01,-1.956593479645e-06,-5.700633398056e-06,3.744039918410e-06
7.000000000000e-01,y,9.600000000000e-01,-1.427053034940e-06,-6.579161814294e-06,5.152108779353e-06
7.000000000000e-01,y,9.733333333333e-01,-9.840530609181e-07,-7.284463126059e-06,6.300410065141e-06
7.000000000000e-01,y,9.866666666667e-01,-6.459717422784e-07,-7.745223642099e-06,7.099251899821e-06
7.000000000000e-01,y,1.000000000000e+00,-4.083701129954e-07,-7.899069589955e-06,7.490699476959e-06
7.000000000000e-01,y,1.013333333333e+00,-2.536159664638e-07,-7.698624739193e-06,7.445008772730e-06
7.000000000000e-01,y,1.026666666667e+00,-1.588857480471e-07,-7.117225428025e-06,6.958339679978e-06
7.000000000000e-01,y,1.040000000000e+00,-1.056777997482e-07,-6.153614829391e-06,6.047937029643e-06
7.000000000000e-01,y,1.053333333333e+00,-7.965951826468e-08,-4.834915970926e-06,4.755256452661e-06
7.000000000000e-01,y,1.066666666667e+00,-6.950951166971e-08,-3.217259002131e-06,3.147749490462e-06
7.000000000000e-01,y,1.080000000000e+00,-6.706755634458e-08,-1.383644610067e-06,1.316577053723e-06
7.000000000000e-01,y,1.093333333333e+00,-6.694474413448e-08,5.610524640128e-07,-6.279972081472e-07
7.000000000000e-01,y,1.106666666667e+00,-6.579111470931e-08,2.497654525154e-06,-2.563445639864e-06
7.000000000000e-01,y,1.120000000000e+00,-6.224741896129e-08,4.302178324160e-06,-4.364425743121e-06
7.000000000000e-01,y,1.133333333333e+00,-5.658916089082e-08,5.856336702082e-06,-5.912925862972e-06
7.000000000000e-01,y,1.146666666667e+00,-5.023131896666e-08,7.057979364129e-06,-7.108210683096e-06
7.000000000000e-01,y,1.160000000000e+00,-4.433291050850e-08,7.830398927438e-06,-7.874731837946e-06
7.000000000000e-01,y,1.173333333333e+00,-3.875961582500e-08,8.129529629416e-06,-8.168289245241e-06
7.000000000000e-01,y,1.186666666667e+00,-3.347135147693e-08,7.948246057876e-06,-7.981717409353e-06
7.000000000000e-01,y,1.200000000000e+00,-2.865148717395e-08,7.317209511695e-06,-7.345860998869e-06
7.000000000000e-01,y,1.213333333333e+00,-2.464896209251e-08,6.302010712564e-06,-6.326659674657e-06
7.000000000000e-01,y,1.226666666667e+00,-2.149176364924e-08,4.996727531434e-06,-5.018219295083e-06
7.000000000000e-01,y,1.240000000000e+00,-1.889006181556e-08,3.514447139116e-06,-3.533337200932e-06
7.000000000000e-01,y,1.253333333333e+00,-1.666031125001e-08,1.975748646611e-06,-1.992408957861e-06
7.000000000000e-01,y,1.266666666667e+00,-1.474471216300e-08,4.965193741380e-07,-5.112640863010e-07
7.000000000000e-01,y,1.280000000000e+00,-1.317620297290e-08,-8.233205651564e-07,8.101443621835e-07
7.000000000000e-01,y,1.293333333333e+00,-1.185543135724e-08,-1.908672752627e-06,1.896817321270e-06
7.000000000000e-01,y,1.306666666667e+00,-1.065698167270e-08,-2.714537074283e-06,2.703880092610e-06
7.000000000000e-01,y,1.320000000000e+00,-9.540061167671e-09,-3.227151451793e-06,3.217611390625e-06
7.000000000000e-01,y,1.333333333333e+00,-8.539616213635e-09,-3.461149703769e-06,3.452610087556e-06
7.000000000000e-01,y,1.346666666667e+00,-7.710749035619e-09,-3.453557007263e-06,3.445846258227e-06
7.000000000000e-01,y,1.360000000000e+00,-6.993459128464e-09,-3.255903687155e-06,3.248910228026e-06
7.000000000000e-01,y,1.373333333333e+00,-6.328705251468e-09,-2.925901684396e-06,2.919572979145e-06
7.000000000000e-01,y,1.386666666667e+00,-5.696058155085e-09,-2.519984378557e-06,2.514288320402e-06
7.000000000000e-01,y,1.400000000000e+00,-5.112003646501e-09,-2.087630493205e-06,2.082518489558e-06
7.000000000000e-01,y,1.413333333333e+00,-4.583925690032e-09,-1.667898805767e-06,1.663314880077e-06
7.000000000000e-01,y,1.426666666667e+00,-4.065217334524e-09,-1.288124010269e-06,1.284058792934e-06
7.000000000000e-01,y,1.440000000000e+00,-3.524179095740e-09,-9.643683872714e-07,9.608442081757e-07
7.000000000000e-01,y,1.453333333333e+00,-2.952897945861e-09,-7.030406326115e-07,7.000877346656e-07
7.000000000000e-01,y,1.466666666667e+00,-2.364065162387e-09,-5.030796339757e-07,5.007155688133e-07
7.000000000000e-01,y,1.480000000000e+00,-1.753650120039e-09,-3.582134378671e-07,3.564597877471e-07
7.000000000000e-01,y,1.493333333333e+00,-1.096727144443e-09,-2.589789960202e-07,2.578822688757e-07
7.000000000000e-01,y,1.506666666667e+00,-3.832660322892e-10,-1.943654889615e-07,1.939822229292e-07
7.000000000000e-01,y,1.520000000000e+00,3.799039658522e-10,-1.530793377891e-07,1.534592417549e-07
7.000000000000e-01,y,1.533333333333e+00,1.174376713909e-09,-1.245024093317e-07,1.256767860457e-07
7.000000000000e-01,y,1.546666666667e+00,1.988607424377e-09,-9.942866004886e-08,1.014172674732e-07
7.000000000000e-01,y,1.560000000000e+00,2.813340819531e-09,-7.063645910868e-08,7.344979992821e-08
7.000000000000e-01,y,1.573333333333e+00,3.629120961019e-09,-3.330885912670e-08,3.693798008772e-08
7.000000000000e-01,y,1.586666666667e+00,4.407143221539e-09,1.472450492640e-08,-1.031736170486e-08
7.000000000000e-01,y,1.600000000000e+00,5.118633632340e-09,7.296660975576e-08,-6.784797612342e-08
7.000000000000e-01,y,1.613333333333e+00,5.752874097470e-09,1.384850379569e-07,-1.327321638594e-07
7.000000000000e-01,y,1.626666666667e+00,6.303017567391e-09,2.063951574542e-07,-2.000921398868e-07
7.000000000000e-01,y,1.640000000000e+00,6.761861925595e-09,2.705496262882e-07,-2.637877643626e-07
7.000000000000e-01,y,1.653333333333e+00,7.120516237218e-09,3.243510457619e-07,-3.172305295246e-07
7.000000000000e-01,y,1.666666666667e+00,7.380404535380e-09,3.615834277450e-07,-3.542030232096e-07
7.000000000000e-01,y,1.680000000000e+00,7.561950002540e-09,3.771599443497e-07,-3.695979943471e-07
7.000000000000e-01,y,1.693333333333e+00,7.687217062853e-09,3.677071873177e-07,-3.600199702548e-07
7.000000000000e-01,y,1.706666666667e+00,7.778677991064e-09,3.319414431571e-07,-3.241627651660e-07
7.000000000000e-01,y,1.720000000000e+00,7.852455195648e-09,2.708289249462e-07,-2.629764697505e-07
7.000000000000e-01,y,1.733333333333e+00,7.924166626086e-09,1.875494374701e-07,-1.796252708440e-07
7.000000000000e-01,y,1.746666666667e+00,8.005138033207e-09,8.729623497546e-08,-7.929109694226e-08
7.000000000000e-01,y,1.760000000000e+00,8.101928715797e-09,-2.305547210762e-08,3.115740082342e-08
7.000000000000e-01,y,1.773333333333e+00,8.216781026074e-09,-1.353871736028e-07,1.436039546289e-07
7.000000000000e-01,y,1.786666666667e+00,8.348594675205e-09,-2.408672106047e-07,2.492158052799e-07
7.000000000000e-01,y,1.800000000000e+00,8.499626430609e-09,-3.305590341409e-07,3.390586605715e-07
7.000000000000e-01,y,1.813333333333e+00,8.671387132839e-09,-3.960873554296e-07,4.047587425625e-07
7.000000000000e-01,y,1.826666666667e+00,8.862632590837e-09,-4.303273424063e-07,4.391899749971e-07
7.000000000000e-01,y,1.840000000000e+00,9.070490654007e-09,-4.280638582025e-07,4.371343488565e-07
7.000000000000e-01,y,1.853333333333e+00,9.285759530296e-09,-3.865511592200e-07,3.958369187503e-07
7.000000000000e-01,y,1.866666666667e+00,9.497700501875e-09,-3.058927008819e-07,3.153904013838e-07
7.000000000000e-01,y,1.880000000000e+00,9.695136473822e-09,-1.891586766275e-07,1.988538131013e-07
7.000000000000e-01,y,1.893333333333e+00,9.867259658665e-09,-4.216823834441e-08,5.203549800308e-08
7.000000000000e-01,y,1.906666666667e+00,1.000470161052e-08,1.271124810884e-07,-1.171077794779e-07
7.000000000000e-01,y,1.920000000000e+00,1.011853755057e-08,3.095619444516e-07,-2.994434069011e-07
7.000000000000e-01,y,1.933333333333e+00,1.025014090777e-08,4.962238482735e-07,-4.859737073658e-07
7.000000000000e-01,y,1.946666666667e+00,1.043786301938e-08,6.798102763506e-07,-6.693724133312e-07
7.000000000000e-01,y,1.960000000000e+00,1.069981342140e-08,8.561470473391e-07,-8.454472339177e-07
7.000000000000e-01,y,1.973333333333e+00,1.101471324940e-08,1.025243197069e-06,-1.014228483819e-06
7.000000000000e-01,y,1.986666666667e+00,1.125271502556e-08,1.191636608977e-06,-1.180383893952e-06
7.000000000000e-01,y,2.000000000000e+00,1.116218193412e-08,1.363716282578e-06,-1.352554100644e-06
9.500000000000e-01,x,-2.000000000000e+00,-2.240258642058e-07,-2.535127580506e-05,2.512724994086e-05
9.500000000000e-01,x,-1.986666666667e+00,-2.000651433262e-07,-2.628129313888e-05,2.608122799556e-05
9.500000000000e-01,x,-1.973333333333e+00,-1.969872321296e-07,-2.715380479759e-05,2.695681756546e-05
9.500000000000e-01,x,-1.960000000000e+00,-1.991366745644e-07,-2.796585019787e-05,2.776671352330e-05
9.500000000000e-01,x,-1.946666666667e+00,-1.982314564210e-07,-2.871509966718e-05,2.851686821076e-05
9.500000000000e-01,x,-1.933333333333e+00,-1.929773033866e-07,-2.939969502304e-05,2.920671771965e-05
9.500000000000e-01,x,-1.920000000000e+00,-1.845993438470e-07,-3.001811880456e-05,2.983351946072e-05
9.500000000000e-01,x,-1.906666666667e+00,-1.760252838417e-07,-3.056908903438e-05,3.039306375054e-05
9.500000000000e-01,x,-1.893333333333e+00,-1.705567443351e-07,-3.105147796253e-05,3.088092121820e-05
9.500000000000e-01,x,-1.880000000000e+00,-1.685326042019e-07,-3.146425580004e-05,3.129572319584e-05
9.500000000000e-01,x,-1.866666666667e+00,-1.692993223181e-07,-3.180646302915e-05,3.163716370683e-05
9.500000000000e-01,x,-1.853333333333e+00,-1.726504792066e-07,-3.207721655218e-05,3.190456607297e-05
9.500000000000e-01,x,-1.840000000000e+00,-1.790669237820e-07,-3.227575499852e-05,3.209668807474e-05
9.500000000000e-01,x,-1.826666666667e+00,-1.890253312627e-07,-3.240152660388e-05,3.221250127262e-05
9.500000000000e-01,x,-1.813333333333e+00,-2.014126489483e-07,-3.245431937835e-05,3.225290672940e-05
9.500000000000e-01,x,-1.800000000000e+00,-2.160979726710e-07,-3.243442859773e-05,3.221833062506e-05
9.500000000000e-01,x,-1.786666666667e+00,-2.347003638697e-07,-3.234285259476e-05,3.210815223089e-05
9.500000000000e-01,x,-1.773333333333e+00,-2.606534532106e-07,-3.218150709054e-05,3.192085363733e-05
9.500000000000e-01,x,-1.760000000000e+00,-2.938963699009e-07,-3.195345519806e-05,3.165955882815e-05
9.500000000000e-01,x,-1.746666666667e+00,-3.286293582042e-07,-3.166317146949e-05,3.133454211128e-05
9.500000000000e-01,x,-1.733333333333e+00,-3.630105374291e-07,-3.131690406661e-05,3.095389352918e-05
9.500000000000e-01,x,-1.720000000000e+00,-4.017131763215e-07,-3.092328358503e-05,3.052157040871e-05
9.500000000000e-01,x,-1.706666666667e+00,-4.565971441747e-07,-3.049446846239e-05,3.003787131822e-05
9.500000000000e-01,x,-1.693333333333e+00,-5.234419813922e-07,-3.004833524965e-05,2.952489326826e-05
9.500000000000e-01,x,-1.680000000000e+00,-5.958574057264e-07,-2.961253449401e-05,2.901667708828e-05
9.500000000000e-01,x,-1.666666666667e+00,-7.023632500093e-07,-2.923164737654e-05,2.852928412653e-05
9.500000000000e-01,x,-1.653333333333e+00,-9.239611256698e-07,-2.897918677222e-05,2.805522564655e-05
9.500000000000e-01,x,-1.640000000000e+00,-1.406635169528e-06,-2.897676305174e-05,2.757012788222e-05
9.500000000000e-01,x,-1.626666666667e+00,-2.333732119056e-06,-2.942333861977e-05,2.708960650071e-05
9.500000000000e-01,x,-1.613333333333e+00,-4.014246946595e-06,-3.063807595962e-05,2.662382901302e-05
9.500000000000e-01,x,-1.600000000000e+00,-6.979279373939e-06,-3.312078334710e-05,2.614150397316e-05
9.500000000000e-01,x,-1.586666666667e+00,-1.206326573436e-05,-3.763429420055e-05,2.557102846618e-05
9.500000000000e-01,x,-1.573333333333e+00,-2.054291967742e-05,-4.531311925703e-05,2.477019957960e-05
9.500000000000e-01,x,-1.560000000000e+00,-3.435371537485e-05,-5.780208308388e-05,2.344836770904e-05
9.500000000000e-01,x,-1.546666666667e+00,-5.608246651752e-05,-7.742690091421e-05,2.134443439669e-05
9.500000000000e-01,x,-1.533333333333e+00,-8.907207769508e-05,-1.073950870499e-04,1.832300935485e-05
9.500000000000e-01,x,-1.520000000000e+00,-1.375806984013e-04,-1.520194652350e-04,1.443876683370e-05
9.500000000000e-01,x,-1.506666666667e+00,-2.075488167147e-04,-2.169473018945e-04,9.398485179814e-06
9.500000000000e-01,x,-1.493333333333e+00,-3.071200846192e-04,-3.093656294295e-04,2.245544810254e-06
9.500000000000e-01,x,-1.480000000000e+00,-4.455057762025e-04,-4.381384159936e-04,-7.367360208907e-06
9.500000000000e-01,x,-1.466666666667e+00,-6.326921418497e-04,-6.138156755444e-04,-1.887646630532e-05
9.500000000000e-01,x,-1.453333333333e+00,-8.792520560393e-04,-8.484413301371e-04,-3.081072590215e-05
9.500000000000e-01,x,-1.440000000000e+00,-1.197159630202e-03,-1.155079553531e-03,-4.208007667082e-05
9.500000000000e-01,x,-1.426666666667e+00,-1.599006367282e-03,-1.546982965068e-03,-5.202340221371e-05
9.500000000000e-01,x,-1.413333333333e+00,-2.095791858748e-03,-2.036344896406e-03,-5.944696234218e-05
9.500000000000e-01,x,-1.400000000000e+00,-2.695575093986e-03,-2.632615569685e-03,-6.295952430098e-05
9.500000000000e-01,x,-1.386666666667e+00,-3.401563635679e-03,-3.340419865608e-03,-6.114377007085e-05
9.500000000000e-01,x,-1.373333333333e+00,-4.207051491442e-03,-4.157190551013e-03,-4.986094042931e-05
9.500000000000e-01,x,-1.360000000000e+00,-5.096491964908e-03,-5.070719087143e-03,-2.577287776514e-05
9.500000000000e-01,x,-1.346666666667e+00,-6.046660043910e-03,-6.056915197711e-03,1.025515380130e-05
9.500000000000e-01,x,-1.333333333333e+00,-7.025745928951e-03,-7.078140421694e-03,5.239449274344e-05
9.500000000000e-01,x,-1.320000000000e+00,-7.989776654326e-03,-8.082521175255e-03,9.274452092917e-05
9.500000000000e-01,x,-1.306666666667e+00,-8.874075706515e-03,-9.004634716402e-03,1.305590098870e-04
9.500000000000e-01,x,-1.293333333333e+00,-9.604237312699e-03,-9.767882221392e-03,1.636449086933e-04
9.500000000000e-01,x,-1.280000000000e+00,-1.010238442609e-02,-1.028871078362e-02,1.863263575292e-04
9.500000000000e-01,x,-1.266666666667e+00,-1.029114007867e-02,-1.048262667567e-02,1.914865970006e-04
9.500000000000e-01,x,-1.253333333333e+00,-1.010102943639e-02,-1.027167628891e-02,1.706468525174e-04
9.500000000000e-01,x,-1.240000000000e+00,-9.477980005171e-03,-9.592793396179e-03,1.148133910081e-04
9.500000000000e-01,x,-1.226666666667e+00,-8.381998917177e-03,-8.406166690456e-03,2.416777327876e-05
9.500000000000e-01,x,-1.213333333333e+00,-6.791261540490e-03,-6.702618351439e-03,-8.864318905045e-05
9.500000000000e-01,x,-1.200000000000e+00,-4.707901668708e-03,-4.508945566617e-03,-1.989561020908e-04
9.500000000000e-01,x,-1.186666666667e+00,-2.183403196744e-03,-1.890290239830e-03,-2.931129569135e-04
9.500000000000e-01,x,-1.173333333333e+00,6.797686729601e-04,1.051127885207e-03,-3.713592122473e-04
9.500000000000e-01,x,-1.160000000000e+00,3.754650858517e-03,4.181175856311e-03,-4.265249977946e-04
9.500000000000e-01,x,-1.146666666667e+00,6.896437879716e-03,7.342643822882e-03,-4.462059431658e-04
9.500000000000e-01,x,-1.133333333333e+00,9.949253223316e-03,1.036702643545e-02,-4.177732121321e-04
9.500000000000e-01,x,-1.120000000000e+00,1.275717550925e-02,1.308808833131e-02,-3.309128220638e-04
9.500000000000e-01,x,-1.106666666667e+00,1.516964618774e-02,1.535575839385e-02,-1.861122061104e-04
9.500000000000e-01,x,-1.093333333333e+00,1.704744984906e-02,1.704879755107e-02,-1.347702012343e-06
9.500000000000e-01,x,-1.080000000000e+00,1.827232918713e-02,1.808480264976e-02,1.875265373708e-04
9.500000000000e-01,x,-1.066666666667e+00,1.876656367635e-02,1.842643120089e-02,3.401324754657e-04
9.500000000000e-01,x,-1.053333333333e+00,1.853679090698e-02,1.808321041877e-02,4.535804882079e-04
9.500000000000e-01,x,-1.040000000000e+00,1.763930952303e-02,1.710885446866e-02,5.304550543626e-04
9.500000000000e-01,x,-1.026666666667e+00,1.616196106225e-02,1.559456905215e-02,5.673920101010e-04
9.500000000000e-01,x,-1.013333333333e+00,1.421838609140e-02,1.365928861191e-02,5.590974794934e-04
9.500000000000e-01,x,-1.000000000000e+00,1.194014178822e-02,1.143810300026e-02,5.020387879627e-04
9.500000000000e-01,x,-9.866666666667e-01,9.467856051086e-03,9.070250894418e-03,3.976051566677e-04
9.500000000000e-01,x,-9.733333333333e-01,6.947189663558e-03,6.687983603985e-03,2.592060595726e-04
9.500000000000e-01,x,-9.600000000000e-01,4.520627073908e-03,4.407363730987e-03,1.132633429213e-04
9.500000000000e-01,x,-9.466666666667e-01,2.317490751269e-03,2.321710578211e-03,-4.219826941995e-06
9.500000000000e-01,x,-9.333333333333e-01,4.214941648575e-04,4.980025799416e-04,-7.650841508415e-05
9.500000000000e-01,x,-9.200000000000e-01,-1.138083660994e-03,-1.023839624193e-03,-1.142440368010e-04
9.500000000000e-01,x,-9.066666666667e-01,-2.356539620385e-03,-2.229184654072e-03,-1.273549663127e-04
9.500000000000e-01,x,-8.933333333333e-01,-3.248753761741e-03,-3.125048104912e-03,-1.237056568294e-04
9.500000000000e-01,x,-8.800000000000e-01,-3.845113683143e-03,-3.735289399102e-03,-1.098242840419e-04
9.500000000000e-01,x,-8.666666666667e-01,-4.183209036112e-03,-4.095353293413e-03,-8.785574269937e-05
9.500000000000e-01,x,-8.533333333333e-01,-4.306411541425e-03,-4.247167648958e-03,-5.924389246779e-05
9.500000000000e-01,x,-8.400000000000e-01,-4.263648655099e-03,-4.234659242434e-03,-2.898941266475e-05
9.500000000000e-01,x,-8.266666666667e-01,-4.105448866850e-03,-4.100176167193e-03,-5.272699657172e-06
9.500000000000e-01,x,-8.133333333333e-01,-3.878032716722e-03,-3.881937486425e-03,3.904769703248e-06
9.500000000000e-01,x,-8.000000000000e-01,-3.611685675983e-03,-3.612489488726e-03,8.038127426099e-07
9.500000000000e-01,x,-7.866666666667e-01,-3.326896368311e-03,-3.318045299574e-03,-8.851068737094e-06
9.500000000000e-01,x,-7.733333333333e-01,-3.037985201258e-03,-3.018524135967e-03,-1.946106529115e-05
9.500000000000e-01,x,-7.600000000000e-01,-2.753354269763e-03,-2.728084595074e-03,-2.526967468882e-05
9.500000000000e-01,x,-7.466666666667e-01,-2.478859346222e-03,-2.455954960807e-03,-2.290438541508e-05
9.500000000000e-01,x,-7.333333333333e-01,-2.223384710754e-03,-2.207392523302e-03,-1.599218745224e-05
9.500000000000e-01,x,-7.200000000000e-01,-1.992300857187e-03,-1.984643401994e-03,-7.657455192830e-06
9.500000000000e-01,x,-7.066666666667e-01,-1.786993618493e-03,-1.787816017553e-03,8.223990604688e-07
9.500000000000e-01,x,-6.933333333333e-01,-1.605768392043e-03,-1.615619205627e-03,9.850813584052e-06
9.500000000000e-01,x,-6.800000000000e-01,-1.445462177200e-03,-1.465946529529e-03,2.048435232881e-05
9.500000000000e-01,x,-6.666666666667e-01,-1.302729711190e-03,-1.336310327440e-03,3.358061624960e-05
9.500000000000e-01,x,-6.533333333333e-01,-1.174527817214e-03,-1.224142739093e-03,4.961492187871e-05
9.500000000000e-01,x,-6.400000000000e-01,-1.060311115804e-03,-1.126987714147e-03,6.667659834282e-05
9.500000000000e-01,x,-6.266666666667e-01,-9.636255293572e-04,-1.042609571731e-03,7.898404237354e-05
9.500000000000e-01,x,-6.133333333333e-01,-8.797790097186e-04,-9.690418453143e-04,8.926283559567e-05
9.500000000000e-01,x,-6.000000000000e-01,-8.007756896506e-04,-9.045964556662e-04,1.038207660156e-04
9.500000000000e-01,x,-5.866666666667e-01,-7.262283425323e-04,-8.478488869577e-04,1.216205444254e-04
9.500000000000e-01,x,-5.733333333333e-01,-6.635856072509e-04,-7.976107896364e-04,1.340251823854e-04
9.500000000000e-01,x,-5.600000000000e-01,-6.243576768234e-04,-7.528977507351e-04,1.285400739117e-04
9.500000000000e-01,x,-5.466666666667e-01,-6.017633258970e-04,-7.128970481268e-04,1.111337222298e-04
9.500000000000e-01,x,-5.333333333333e-01,-5.864644109887e-04,-6.769380529939e-04,9.047364200520e-05
9.500000000000e-01,x,-5.200000000000e-01,-5.746853997904e-04,-6.444664748256e-04,6.978107503515e-05
9.500000000000e-01,x,-5.066666666667e-01,-5.658556135880e-04,-6.150227202915e-04,4.916710670343e-05
9.500000000000e-01,x,-4.933333333333e-01,-5.610632552740e-04,-5.882241186916e-04,2.716086341754e-05
9.500000000000e-01,x,-4.800000000000e-01,-5.623720473158e-04,-5.637505244870e-04,1.378477171212e-06
9.500000000000e-01,x,-4.666666666667e-01,-5.704394925892e-04,-5.413327385185e-04,-2.910675407070e-05
9.500000000000e-01,x,-4.533333333333e-01,-5.822123194453e-04,-5.207432174789e-04,-6.146910196639e-05
9.500000000000e-01,x,-4.400000000000e-01,-5.883173233264e-04,-5.017886136824e-04,-8.652870964404e-05
9.500000000000e-01,x,-4.266666666667e-01,-5.868174482104e-04,-4.843037714276e-04,-1.025136767828e-04
9.500000000000e-01,x,-4.133333333333e-01,-5.910121854039e-04,-4.681468841635e-04,-1.228653012404e-04
9.500000000000e-01,x,-4.000000000000e-01,-6.053462002487e-04,-4.531955802883e-04,-1.521506199603e-04
9.500000000000e-01,x,-3.866666666667e-01,-6.225130971841e-04,-4.393437533012e-04,-1.831693438829e-04
9.500000000000e-01,x,-3.733333333333e-01,-6.237200451053e-04,-4.264989864266e-04,-1.972210586787e-04
9.500000000000e-01,x,-3.600000000000e-01,-6.120688619189e-04,-4.145804466401e-04,-1.974884152787e-04
9.500000000000e-01,x,-3.466666666667e-01,-6.058978572403e-04,-4.035171423824e-04,-2.023807148580e-04
9.500000000000e-01,x,-3.333333333333e-01,-6.097395917363e-04,-3.932464566093e-04,-2.164931351269e-04
9.500000000000e-01,x,-3.200000000000e-01,-6.140830391826e-04,-3.837128844599e-04,-2.303701547228e-04
9.500000000000e-01,x,-3.066666666667e-01,-6.007464589771e-04,-3.748669236047e-04,-2.258795353724e-04
9.500000000000e-01,x,-2.933333333333e-01,-5.798002167879e-04,-3.666640848597e-04,-2.131361319282e-04
9.500000000000e-01,x,-2.800000000000e-01,-5.657373121409e-04,-3.590640094652e-04,-2.066733026757e-04
9.500000000000e-01,x,-2.666666666667e-01,-5.603391157660e-04,-3.520296955621e-04,-2.083094202039e-04
9.500000000000e-01,x,-2.533333333333e-01,-5.538014987305e-04,-3.455268477970e-04,-2.082746509335e-04
9.500000000000e-01,x,-2.400000000000e-01,-5.345032775871e-04,-3.395233690884e-04,-1.949799084986e-04
9.500000000000e-01,x,-2.266666666667e-01,-5.130983468221e-04,-3.339890116901e-04,-1.791093351321e-04
9.500000000000e-01,x,-2.133333333333e-01,-4.974476294805e-04,-3.288951962195e-04,-1.685524332610e-04
9.500000000000e-01,x,-2.000000000000e-01,-4.871313639690e-04,-3.242149938225e-04,-1.629163701465e-04
9.500000000000e-01,x,-1.866666666667e-01,-4.748289161962e-04,-3.199232505897e-04,-1.549056656065e-04
9.500000000000e-01,x,-1.733333333333e-01,-4.562639517002e-04,-3.159968176997e-04,-1.402671340005e-04
9.500000000000e-01,x,-1.600000000000e-01,-4.379824243612e-04,-3.124148384797e-04,-1.255675858815e-04
9.500000000000e-01,x,-1.466666666667e-01,-4.233614489739e-04,-3.091590370361e-04,-1.142024119378e-04
9.500000000000e-01,x,-1.333333333333e-01,-4.120955069899e-04,-3.062139536716e-04,-1.058815533184e-04
9.500000000000e-01,x,-1.200000000000e-01,-4.013649290859e-04,-3.035670801044e-04,-9.779784898148e-05
9.500000000000e-01,x,-1.066666666667e-01,-3.903028445498e-04,-3.012088614068e-04,-8.909398314293e-05
9.500000000000e-01,x,-9.333333333333e-02,-3.802341684118e-04,-2.991325494866e-04,-8.110161892528e-05
9.500000000000e-01,x,-8.000000000000e-02,-3.715790765313e-04,-2.973339122121e-04,-7.424516431920e-05
9.500000000000e-01,x,-6.666666666667e-02,-3.644045847194e-04,-2.958108202673e-04,-6.859376445205e-05
9.500000000000e-01,x,-5.333333333333e-02,-3.589573450003e-04,-2.945627482875e-04,-6.439459671286e-05
9.500000000000e-01,x,-4.000000000000e-02,-3.543944700440e-04,-2.935902363186e-04,-6.080423372537e-05
9.500000000000e-01,x,-2.666666666667e-02,-3.499693636199e-04,-2.928943615439e-04,-5.707500207594e-05
9.500000000000e-01,x,-1.333333333333e-02,-3.460091098058e-04,-2.924762687327e-04,-5.353284107312e-05
9.500000000000e-01,x,0.000000000000e+00,-3.440804398923e-04,-2.923368017451e-04,-5.174363814715e-05
9.500000000000e-01,x,1.333333333333e-02,-3.460082274804e-04,-2.924762687327e-04,-5.353195874764e-05
9.500000000000e-01,x,2.666666666667e-02,-3.499676111069e-04,-2.928943615439e-04,-5.707324956295e-05
9.500000000000e-01,x,4.000000000000e-02,-3.543918773787e-04,-2.935902363186e-04,-6.080164106008e-05
9.500000000000e-01,x,5.333333333333e-02,-3.589539731408e-04,-2.945627482875e-04,-6.439122485334e-05
9.500000000000e-01,x,6.666666666667e-02,-3.644005478592e-04,-2.958108202673e-04,-6.858972759186e-05
9.500000000000e-01,x,8.000000000000e-02,-3.715745147005e-04,-2.973339122121e-04,-7.424060248841e-05
9.500000000000e-01,x,9.333333333333e-02,-3.802291655179e-04,-2.991325494866e-04,-8.109661603139e-05
9.500000000000e-01,x,1.066666666667e-01,-3.902974522786e-04,-3.012088614068e-04,-8.908859087173e-05
9.500000000000e-01,x,1.200000000000e-01,-4.013592053992e-04,-3.035670801044e-04,-9.779212529486e-05
9.500000000000e-01,x,1.333333333333e-01,-4.120895542451e-04,-3.062139536716e-04,-1.058756005736e-04
9.500000000000e-01,x,1.466666666667e-01,-4.233553662437e-04,-3.091590370361e-04,-1.141963292076e-04
9.500000000000e-01,x,1.600000000000e-01,-4.379762552024e-04,-3.124148384797e-04,-1.255614167227e-04
9.500000000000e-01,x,1.733333333333e-01,-4.562577242397e-04,-3.159968176997e-04,-1.402609065400e-04
9.500000000000e-01,x,1.866666666667e-01,-4.748226846854e-04,-3.199232505897e-04,-1.548994340957e-04
9.500000000000e-01,x,2.000000000000e-01,-4.871252368462e-04,-3.242149938225e-04,-1.629102430237e-04
9.500000000000e-01,x,2.133333333333e-01,-4.974416924518e-04,-3.288951962195e-04,-1.685464962323e-04
9.500000000000e-01,x,2.266666666667e-01,-5.130926360476e-04,-3.339890116901e-04,-1.791036243575e-04
9.500000000000e-01,x,2.400000000000e-01,-5.344978180017e-04,-3.395233690884e-04,-1.949744489133e-04
9.500000000000e-01,x,2.533333333333e-01,-5.537963421046e-04,-3.455268477970e-04,-2.082694943076e-04
9.500000000000e-01,x,2.666666666667e-01,-5.603343514356e-04,-3.520296955621e-04,-2.083046558735e-04
9.500000000000e-01,x,2.800000000000e-01,-5.657329829763e-04,-3.590640094652e-04,-2.066689735111e-04
9.500000000000e-01,x,2.933333333333e-01,-5.797963179240e-04,-3.666640848597e-04,-2.131322330643e-04
9.500000000000e-01,x,3.066666666667e-01,-6.007429690066e-04,-3.748669236047e-04,-2.258760454019e-04
9.500000000000e-01,x,3.200000000000e-01,-6.140799489077e-04,-3.837128844599e-04,-2.303670644479e-04
9.500000000000e-01,x,3.333333333333e-01,-6.097369033675e-04,-3.932464566093e-04,-2.164904467582e-04
9.500000000000e-01,x,3.466666666667e-01,-6.058955445262e-04,-4.035171423824e-04,-2.023784021439e-04
9.500000000000e-01,x,3.600000000000e-01,-6.120668785130e-04,-4.145804466401e-04,-1.974864318728e-04
9.500000000000e-01,x,3.733333333333e-01,-6.237183351801e-04,-4.264989864266e-04,-1.972193487535e-04
9.500000000000e-01,x,3.866666666667e-01,-6.225116000206e-04,-4.393437533012e-04,-1.831678467195e-04
9.500000000000e-01,x,4.000000000000e-01,-6.053448758218e-04,-4.531955802883e-04,-1.521492955335e-04
9.500000000000e-01,x,4.133333333333e-01,-5.910110398727e-04,-4.681468841635e-04,-1.228641557092e-04
9.500000000000e-01,x,4.266666666667e-01,-5.868165241640e-04,-4.843037714276e-04,-1.025127527364e-04
9.500000000000e-01,x,4.400000000000e-01,-5.883166814592e-04,-5.017886136824e-04,-8.652806777684e-05
9.500000000000e-01,x,4.533333333333e-01,-5.822120172688e-04,-5.207432174789e-04,-6.146879978987e-05
9.500000000000e-01,x,4.666666666667e-01,-5.704396026054e-04,-5.413327385185e-04,-2.910686408686e-05
9.500000000000e-01,x,4.800000000000e-01,-5.623726582187e-04,-5.637505244870e-04,1.377866268262e-06
9.500000000000e-01,x,4.933333333333e-01,-5.610644458607e-04,-5.882241186916e-04,2.715967283085e-05
9.500000000000e-01,x,5.066666666667e-01,-5.658574300724e-04,-6.150227202915e-04,4.916529021903e-05
9.500000000000e-01,x,5.200000000000e-01,-5.746878423624e-04,-6.444664748256e-04,6.977863246317e-05
9.500000000000e-01,x,5.333333333333e-01,-5.864674550899e-04,-6.769380529939e-04,9.047059790401e-05
9.500000000000e-01,x,5.466666666667e-01,-6.017669188003e-04,-7.128970481268e-04,1.111301293265e-04
9.500000000000e-01,x,5.600000000000e-01,-6.243617231025e-04,-7.528977507351e-04,1.285360276326e-04
9.500000000000e-01,x,5.733333333333e-01,-6.635899571187e-04,-7.976107896364e-04,1.340208325177e-04
9.500000000000e-01,x,5.866666666667e-01,-7.262328101853e-04,-8.478488869577e-04,1.216160767723e-04
9.500000000000e-01,x,6.000000000000e-01,-8.007801174410e-04,-9.045964556662e-04,1.038163382252e-04
9.500000000000e-01,x,6.133333333333e-01,-8.797832679672e-04,-9.690418453143e-04,8.925857734712e-05
9.500000000000e-01,x,6.266666666667e-01,-9.636295000190e-04,-1.042609571731e-03,7.898007171168e-05
9.500000000000e-01,x,6.400000000000e-01,-1.060314675662e-03,-1.126987714147e-03,6.667303848468e-05
9.500000000000e-01,x,6.533333333333e-01,-1.174530866858e-03,-1.224142739093e-03,4.961187223483e-05
9.500000000000e-01,x,6.666666666667e-01,-1.302732221125e-03,-1.336310327440e-03,3.357810631490e-05
9.500000000000e-01,x,6.800000000000e-01,-1.445464170940e-03,-1.465946529529e-03,2.048235858840e-05
9.500000000000e-01,x,6.933333333333e-01,-1.605769921151e-03,-1.615619205627e-03,9.849284476115e-06
9.500000000000e-01,x,7.066666666667e-01,-1.786994740306e-03,-1.787816017553e-03,8.212772473035e-07
9.500000000000e-01,x,7.200000000000e-01,-1.992301646938e-03,-1.984643401994e-03,-7.658244944186e-06
9.500000000000e-01,x,7.333333333333e-01,-2.223385263858e-03,-2.207392523302e-03,-1.599274055636e-05
9.500000000000e-01,x,7.466666666667e-01,-2.478859752813e-03,-2.455954960807e-03,-2.290479200587e-05
9.500000000000e-01,x,7.600000000000e-01,-2.753354587664e-03,-2.728084595074e-03,-2.526999259046e-05
9.500000000000e-01,x,7.733333333333e-01,-3.037985439024e-03,-3.018524135967e-03,-1.946130305679e-05
9.500000000000e-01,x,7.866666666667e-01,-3.326896542133e-03,-3.318045299574e-03,-8.851242558919e-06
9.500000000000e-01,x,8.000000000000e-01,-3.611685810672e-03,-3.612489488726e-03,8.036780538073e-07
9.500000000000e-01,x,8.133333333333e-01,-3.878032810442e-03,-3.881937486425e-03,3.904675982887e-06
9.500000000000e-01,x,8.266666666667e-01,-4.105448854720e-03,-4.100176167193e-03,-5.272687526461e-06
9.500000000000e-01,x,8.400000000000e-01,-4.263648418048e-03,-4.234659242434e-03,-2.898917561366e-05
9.500000000000e-01,x,8.533333333333e-01,-4.306411018256e-03,-4.247167648958e-03,-5.924336929816e-05
9.500000000000e-01,x,8.666666666667e-01,-4.183208211701e-03,-4.095353293413e-03,-8.785491828815e-05
9.500000000000e-01,x,8.800000000000e-01,-3.845112555714e-03,-3.735289399102e-03,-1.098231566126e-04
9.500000000000e-01,x,8.933333333333e-01,-3.248752317883e-03,-3.125048104912e-03,-1.237042129712e-04
9.500000000000e-01,x,9.066666666667e-01,-2.356537850089e-03,-2.229184654072e-03,-1.273531960169e-04
9.500000000000e-01,x,9.200000000000e-01,-1.138081598020e-03,-1.023839624193e-03,-1.142419738269e-04
9.500000000000e-01,x,9.333333333333e-01,4.214964446789e-04,4.980025799416e-04,-7.650613526276e-05
9.500000000000e-01,x,9.466666666667e-01,2.317493127544e-03,2.321710578211e-03,-4.217450666863e-06
9.500000000000e-01,x,9.600000000000e-01,4.520629372157e-03,4.407363730987e-03,1.132656411700e-04
9.500000000000e-01,x,9.733333333333e-01,6.947191726131e-03,6.687983603985e-03,2.592081221453e-04
9.500000000000e-01,x,9.866666666667e-01,9.467857788848e-03,9.070250894418e-03,3.976068944297e-04
9.500000000000e-01,x,1.000000000000e+00,1.194014315458e-02,1.143810300026e-02,5.020401543184e-04
9.500000000000e-01,x,1.013333333333e+00,1.421838705123e-02,1.365928861191e-02,5.590984393173e-04
9.500000000000e-01,x,1.026666666667e+00,1.616196157123e-02,1.559456905215e-02,5.673925190857e-04
9.500000000000e-01,x,1.040000000000e+00,1.763930958026e-02,1.710885446866e-02,5.304551115934e-04
9.500000000000e-01,x,1.053333333333e+00,1.853679056162e-02,1.808321041877e-02,4.535801428464e-04
9.500000000000e-01,x,1.066666666667e+00,1.876656299938e-02,1.842643120089e-02,3.401317984954e-04
9.500000000000e-01,x,1.080000000000e+00,1.827232825082e-02,1.808480264976e-02,1.875256010654e-04
9.500000000000e-01,x,1.093333333333e+00,1.704744871688e-02,1.704879755107e-02,-1.348834195856e-06
9.500000000000e-01,x,1.106666666667e+00,1.516964493196e-02,1.535575839385e-02,-1.861134618836e-04
9.500000000000e-01,x,1.120000000000e+00,1.275717420694e-02,1.308808833131e-02,-3.309141243696e-04
9.500000000000e-01,x,1.133333333333e+00,9.949251953789e-03,1.036702643545e-02,-4.177744816591e-04
9.500000000000e-01,x,1.146666666667e+00,6.896436726758e-03,7.342643822882e-03,-4.462070961237e-04
9.500000000000e-01,x,1.160000000000e+00,3.754649895166e-03,4.181175856311e-03,-4.265259611456e-04
9.500000000000e-01,x,1.173333333333e+00,6.797679282645e-04,1.051127885207e-03,-3.713599569429e-04
9.500000000000e-01,x,1.186666666667e+00,-2.183403728071e-03,-1.890290239830e-03,-2.931134882406e-04
9.500000000000e-01,x,1.200000000000e+00,-4.707902010267e-03,-4.508945566617e-03,-1.989564436498e-04
9.500000000000e-01,x,1.213333333333e+00,-6.791261717498e-03,-6.702618351439e-03,-8.864336605874e-05
9.500000000000e-01,x,1.226666666667e+00,-8.381998959660e-03,-8.406166690456e-03,2.416773079631e-05
9.500000000000e-01,x,1.240000000000e+00,-9.477979952316e-03,-9.592793396179e-03,1.148134438637e-04
9.500000000000e-01,x,1.253333333333e+00,-1.010102932379e-02,-1.027167628891e-02,1.706469651201e-04
9.500000000000e-01,x,1.266666666667e+00,-1.029113993090e-02,-1.048262667567e-02,1.914867447627e-04
9.500000000000e-01,x,1.280000000000e+00,-1.010238425390e-02,-1.028871078362e-02,1.863265297187e-04
9.500000000000e-01,x,1.293333333333e+00,-9.604237119601e-03,-9.767882221392e-03,1.636451017913e-04
9.500000000000e-01,x,1.306666666667e+00,-8.874075495375e-03,-9.004634716402e-03,1.305592210269e-04
9.500000000000e-01,x,1.320000000000e+00,-7.989776431954e-03,-8.082521175255e-03,9.274474330154e-05
9.500000000000e-01,x,1.333333333333e+00,-7.025745713198e-03,-7.078140421694e-03,5.239470849604e-05
9.500000000000e-01,x,1.346666666667e+00,-6.046659864316e-03,-6.056915197711e-03,1.025533339447e-05
9.500000000000e-01,x,1.360000000000e+00,-5.096491837069e-03,-5.070719087143e-03,-2.577274992556e-05
9.500000000000e-01,x,1.373333333333e+00,-4.207051416102e-03,-4.157190551013e-03,-4.986086508915e-05
9.500000000000e-01,x,1.386666666667e+00,-3.401563604947e-03,-3.340419865608e-03,-6.114373933872e-05
9.500000000000e-01,x,1.400000000000e+00,-2.695575093011e-03,-2.632615569685e-03,-6.295952332522e-05
9.500000000000e-01,x,1.413333333333e+00,-2.095791870571e-03,-2.036344896406e-03,-5.944697416554e-05
9.500000000000e-01,x,1.426666666667e+00,-1.599006381212e-03,-1.546982965068e-03,-5.202341614451e-05
9.500000000000e-01,x,1.440000000000e+00,-1.197159640497e-03,-1.155079553531e-03,-4.208008696649e-05
9.500000000000e-01,x,1.453333333333e+00,-8.792520609588e-04,-8.484413301371e-04,-3.081073082170e-05
9.500000000000e-01,x,1.466666666667e+00,-6.326921415373e-04,-6.138156755444e-04,-1.887646599284e-05
9.500000000000e-01,x,1.480000000000e+00,-4.455057709111e-04,-4.381384159936e-04,-7.367354917451e-06
9.500000000000e-01,x,1.493333333333e+00,-3.071200765599e-04,-3.093656294295e-04,2.245552869593e-06
9.500000000000e-01,x,1.506666666667e+00,-2.075488072154e-04,-2.169473018945e-04,9.398494679088e-06
9.500000000000e-01,x,1.520000000000e+00,-1.375806900074e-04,-1.520194652350e-04,1.443877522754e-05
9.500000000000e-01,x,1.533333333333e+00,-8.907207292593e-05,-1.073950870499e-04,1.832301412400e-05
9.500000000000e-01,x,1.546666666667e+00,-5.608246724563e-05,-7.742690091421e-05,2.134443366857e-05
9.500000000000e-01,x,1.560000000000e+00,-3.435372165100e-05,-5.780208308388e-05,2.344836143288e-05
9.500000000000e-01,x,1.573333333333e+00,-2.054293080134e-05,-4.531311925703e-05,2.477018845569e-05
9.500000000000e-01,x,1.586666666667e+00,-1.206328034308e-05,-3.763429420055e-05,2.557101385746e-05
9.500000000000e-01,x,1.600000000000e+00,-6.979295096598e-06,-3.312078334710e-05,2.614148825050e-05
9.500000000000e-01,x,1.613333333333e+00,-4.014261649256e-06,-3.063807595962e-05,2.662381431036e-05
9.500000000000e-01,x,1.626666666667e+00,-2.333744581564e-06,-2.942333861977e-05,2.708959403820e-05
9.500000000000e-01,x,1.640000000000e+00,-1.406645468754e-06,-2.897676305174e-05,2.757011758299e-05
9.500000000000e-01,x,1.653333333333e+00,-9.239704520825e-07,-2.897918677222e-05,2.805521632013e-05
9.500000000000e-01,x,1.666666666667e+00,-7.023711914033e-07,-2.923164737654e-05,2.852927618514e-05
9.500000000000e-01,x,1.680000000000e+00,-5.958649298741e-07,-2.961253449401e-05,2.901666956413e-05
9.500000000000e-01,x,1.693333333333e+00,-5.234493398830e-07,-3.004833524965e-05,2.952488590977e-05
9.500000000000e-01,x,1.706666666667e+00,-4.566042637891e-07,-3.049446846239e-05,3.003786419860e-05
9.500000000000e-01,x,1.720000000000e+00,-4.017204767425e-07,-3.092328358503e-05,3.052156310829e-05
9.500000000000e-01,x,1.733333333333e+00,-3.630186709643e-07,-3.131690406661e-05,3.095388539565e-05
9.500000000000e-01,x,1.746666666667e+00,-3.286376237628e-07,-3.166317146949e-05,3.133453384573e-05
9.500000000000e-01,x,1.760000000000e+00,-2.939052290207e-07,-3.195345519806e-05,3.165954996903e-05
9.500000000000e-01,x,1.773333333333e+00,-2.606628755007e-07,-3.218150709054e-05,3.192084421504e-05
9.500000000000e-01,x,1.786666666667e+00,-2.347091860440e-07,-3.234285259476e-05,3.210814340872e-05
9.500000000000e-01,x,1.800000000000e+00,-2.161071494150e-07,-3.243442859773e-05,3.221832144832e-05
9.500000000000e-01,x,1.813333333333e+00,-2.014204777579e-07,-3.245431937835e-05,3.225289890059e-05
9.500000000000e-01,x,1.826666666667e+00,-1.890320259174e-07,-3.240152660388e-05,3.221249457797e-05
9.500000000000e-01,x,1.840000000000e+00,-1.790729047283e-07,-3.227575499852e-05,3.209668209380e-05
9.500000000000e-01,x,1.853333333333e+00,-1.726540896645e-07,-3.207721655218e-05,3.190456246251e-05
9.500000000000e-01,x,1.866666666667e+00,-1.693007973309e-07,-3.180646302915e-05,3.163716223182e-05
9.500000000000e-01,x,1.880000000000e+00,-1.685329218659e-07,-3.146425580004e-05,3.129572287818e-05
9.500000000000e-01,x,1.893333333333e+00,-1.705554455696e-07,-3.105147796253e-05,3.088092251696e-05
9.500000000000e-01,x,1.906666666667e+00,-1.760232106524e-07,-3.056908903438e-05,3.039306582373e-05
9.500000000000e-01,x,1.920000000000e+00,-1.845988532171e-07,-3.001811880456e-05,2.983351995135e-05
9.500000000000e-01,x,1.933333333333e+00,-1.929788822169e-07,-2.939969502304e-05,2.920671614082e-05
9.500000000000e-01,x,1.946666666667e+00,-1.982341600259e-07,-2.871509966718e-05,2.851686550715e-05
9.500000000000e-01,x,1.960000000000e+00,-1.991411199935e-07,-2.796585019787e-05,2.776670907787e-05
9.500000000000e-01,x,1.973333333333e+00,-1.969912899953e-07,-2.715380479759e-05,2.695681350759e-05
9.500000000000e-01,x,1.986666666667e+00,-2.000671139494e-07,-2.628129313888e-05,2.608122602493e-05
9.500000000000e-01,x,2.000000000000e+00,-2.240271309000e-07,-2.535127580506e-05,2.512724867416e-05
9.500000000000e-01,y,-2.000000000000e+00,1.643139515755e-08,-7.418510346074e-07,7.582824297649e-07
9.500000000000e-01,y,-1.986666666667e+00,1.669903221242e-08,-5.976700192946e-07,6.143690515070e-07
9.500000000000e-01,y,-1.973333333333e+00,1.617795290077e-08,-4.585702715539e-07,4.747482244547e-07
9.500000000000e-01,y,-1.960000000000e+00,1.546446100499e-08,-3.359903760282e-07,3.514548370331e-07
9.500000000000e-01,y,-1.946666666667e+00,1.486946460388e-08,-2.413773035869e-07,2.562467681908e-07
9.500000000000e-01,y,-1.933333333333e+00,1.443764487459e-08,-1.854573535827e-07,1.998949984573e-07
9.500000000000e-01,y,-1.920000000000e+00,1.412686237069e-08,-1.773529010586e-07,1.914797634293e-07
9.500000000000e-01,y,-1.906666666667e+00,1.384255876052e-08,-2.236606357812e-07,2.375031945417e-07
9.500000000000e-01,y,-1.893333333333e+00,1.348158176222e-08,-3.276443588379e-07,3.411259406002e-07
9.500000000000e-01,y,-1.880000000000e+00,1.303178824554e-08,-4.887141391682e-07,5.017459274137e-07
9.500000000000e-01,y,-1.866666666667e+00,1.252047553635e-08,-7.023524626339e-07,7.148729381702e-07
9.500000000000e-01,y,-1.853333333333e+00,1.198269897001e-08,-9.605993345117e-07,9.725820334817e-07
9.500000000000e-01,y,-1.840000000000e+00,1.144878398313e-08,-1.253123473042e-06,1.264572257025e-06
9.500000000000e-01,y,-1.826666666667e+00,1.094131240621e-08,-1.568798520644e-06,1.579739833050e-06
9.500000000000e-01,y,-1.813333333333e+00,1.046761649905e-08,-1.897593735174e-06,1.908061351673e-06
9.500000000000e-01,y,-1.800000000000e+00,1.001810004027e-08,-2.232503144793e-06,2.242521244833e-06
9.500000000000e-01,y,-1.786666666667e+00,9.574732825796e-09,-2.571195818139e-06,2.580770550964e-06
9.500000000000e-01,y,-1.773333333333e+00,9.109814565650e-09,-2.917081103504e-06,2.926190918070e-06
9.500000000000e-01,y,-1.760000000000e+00,8.610017327327e-09,-3.279540799629e-06,3.288150816956e-06
9.500000000000e-01,y,-1.746666666667e+00,8.088800674150e-09,-3.673169030141e-06,3.681257830815e-06
9.500000000000e-01,y,-1.733333333333e+00,7.555296469789e-09,-4.115961195762e-06,4.123516492232e-06
9.500000000000e-01,y,-1.720000000000e+00,7.005510025982e-09,-4.626493193094e-06,4.633498703120e-06
9.500000000000e-01,y,-1.706666666667e+00,6.427248752042e-09,-5.220230880728e-06,5.226658129480e-06
9.500000000000e-01,y,-1.693333333333e+00,5.820597894016e-09,-5.905219261150e-06,5.911039859044e-06
9.500000000000e-01,y,-1.680000000000e+00,5.198059732365e-09,-6.677536683092e-06,6.682734742825e-06
9.500000000000e-01,y,-1.666666666667e+00,4.550725679679e-09,-7.517067366565e-06,7.521618092244e-06
9.500000000000e-01,y,-1.653333333333e+00,3.849608395651e-09,-8.384327038863e-06,8.388176647258e-06
9.500000000000e-01,y,-1.640000000000e+00,3.055144642181e-09,-9.219219663291e-06,9.222274807933e-06
9.500000000000e-01,y,-1.626666666667e+00,2.183524548367e-09,-9.942627422392e-06,9.944810946940e-06
9.500000000000e-01,y,-1.613333333333e+00,1.256073515722e-09,-1.046155237432e-05,1.046280844784e-05
9.500000000000e-01,y,-1.600000000000e+00,2.609521554018e-10,-1.067807467429e-05,1.067833562645e-05
9.500000000000e-01,y,-1.586666666667e+00,-8.488277965670e-10,-1.050167430446e-05,1.050082547667e-05
9.500000000000e-01,y,-1.573333333333e+00,-2.125341876776e-09,-9.863582768882e-06,9.861457427005e-06
9.500000000000e-01,y,-1.560000000000e+00,-3.532345982020e-09,-8.730987798209e-06,8.727455452227e-06
9.500000000000e-01,y,-1.546666666667e+00,-5.065946345047e-09,-7.118367164837e-06,7.113301218491e-06
9.500000000000e-01,y,-1.533333333333e+00,-6.790984375875e-09,-5.093221964165e-06,5.086430979789e-06
9.500000000000e-01,y,-1.520000000000e+00,-8.848844428382e-09,-2.774154025667e-06,2.765305181238e-06
9.500000000000e-01,y,-1.506666666667e+00,-1.136105809812e-08,-3.205443140394e-07,3.091832559413e-07
9.500000000000e-01,y,-1.493333333333e+00,-1.435972689577e-08,2.085208691257e-06,-2.099568418153e-06
9.500000000000e-01,y,-1.480000000000e+00,-1.794053034467e-08,4.260247317410e-06,-4.278187847755e-06
9.500000000000e-01,y,-1.466666666667e+00,-2.227279583373e-08,6.044756054149e-06,-6.067028849982e-06
9.500000000000e-01,y,-1.453333333333e+00,-2.755633736337e-08,7.322177501258e-06,-7.349733838621e-06
9.500000000000e-01,y,-1.440000000000e+00,-3.353675215697e-08,8.032518163453e-06,-8.066054915610e-06
9.500000000000e-01,y,-1.426666666667e+00,-3.956483581421e-08,8.176568649004e-06,-8.216133484818e-06
9.500000000000e-01,y,-1.413333333333e+00,-4.510963567306e-08,7.810783460121e-06,-7.855893095794e-06
9.500000000000e-01,y,-1.400000000000e+00,-4.984510743605e-08,7.034457293634e-06,-7.084302401070e-06
9.500000000000e-01,y,-1.386666666667e+00,-5.354463154325e-08,5.972226179845e-06,-6.025770811388e-06
9.500000000000e-01,y,-1.373333333333e+00,-5.480172135051e-08,4.755508629834e-06,-4.810310351184e-06
9.500000000000e-01,y,-1.360000000000e+00,-5.232131369867e-08,3.506222339919e-06,-3.558543653618e-06
9.500000000000e-01,y,-1.346666666667e+00,-4.638225068299e-08,2.325138521429e-06,-2.371520772112e-06
9.500000000000e-01,y,-1.333333333333e+00,-3.952088542145e-08,1.285897188213e-06,-1.325418073634e-06
9.500000000000e-01,y,-1.320000000000e+00,-3.773368728111e-08,4.343740563150e-07,-4.721077435961e-07
9.500000000000e-01,y,-1.306666666667e+00,-5.267296278528e-08,-2.079288642497e-07,1.552559014645e-07
9.500000000000e-01,y,-1.293333333333e+00,-9.954844688377e-08,-6.383238991439e-07,5.387754522601e-07
9.500000000000e-01,y,-1.280000000000e+00,-1.958785179539e-07,-8.670704107748e-07,6.711918928209e-07
9.500000000000e-01,y,-1.266666666667e+00,-3.603262273343e-07,-9.126394525327e-07,5.523132251984e-07
9.500000000000e-01,y,-1.253333333333e+00,-6.130186219334e-07,-7.988728575010e-07,1.858542355675e-07
9.500000000000e-01,y,-1.240000000000e+00,-9.740622608436e-07,-5.540611705951e-07,-4.200010902485e-07
9.500000000000e-01,y,-1.226666666667e+00,-1.452422386349e-06,-2.113449104792e-07,-1.241077475870e-06
9.500000000000e-01,y,-1.213333333333e+00,-2.036452222456e-06,1.905251727540e-07,-2.226977395210e-06
9.500000000000e-01,y,-1.200000000000e+00,-2.682125215152e-06,6.070797466409e-07,-3.289204961793e-06
9.500000000000e-01,y,-1.186666666667e+00,-3.239541147288e-06,9.894039425544e-07,-4.228945089843e-06
9.500000000000e-01,y,-1.173333333333e+00,-3.453012911301e-06,1.286961559699e-06,-4.739974471000e-06
9.500000000000e-01,y,-1.160000000000e+00,-3.047806518362e-06,1.451381323618e-06,-4.499187841980e-06
9.500000000000e-01,y,-1.146666666667e+00,-1.755104828527e-06,1.439725735011e-06,-3.194830563537e-06
9.500000000000e-01,y,-1.133333333333e+00,6.782957632342e-07,1.214748539458e-06,-5.364527762241e-07
9.500000000000e-01,y,-1.120000000000e+00,4.637850815075e-06,7.384152321756e-07,3.899435582899e-06
9.500000000000e-01,y,-1.106666666667e+00,1.043433582970e-05,-4.668820466289e-08,1.048102403436e-05
9.500000000000e-01,y,-1.093333333333e+00,1.801967799834e-05,-1.255754379938e-06,1.927543237828e-05
9.500000000000e-01,y,-1.080000000000e+00,2.679962327744e-05,-3.130818969042e-06,2.993044224648e-05
9.500000000000e-01,y,-1.066666666667e+00,3.528363418530e-05,-6.155190166842e-06,4.143882435215e-05
9.500000000000e-01,y,-1.053333333333e+00,4.034420668194e-05,-1.123164176200e-05,5.157584844394e-05
9.500000000000e-01,y,-1.040000000000e+00,3.762389840099e-05,-1.994446119476e-05,5.756835959574e-05
9.500000000000e-01,y,-1.026666666667e+00,2.164730477724e-05,-3.492193592505e-05,5.656924070229e-05
9.500000000000e-01,y,-1.013333333333e+00,-1.426131544115e-05,-6.030264919543e-05,4.604133375428e-05
9.500000000000e-01,y,-1.000000000000e+00,-7.912862670809e-05,-1.022808886425e-04,2.315226193439e-05
9.500000000000e-01,y,-9.866666666667e-01,-1.855422531668e-04,-1.696594002223e-04,-1.588285294453e-05
9.500000000000e-01,y,-9.733333333333e-01,-3.465446304171e-04,-2.742713278169e-04,-7.227330260017e-05
9.500000000000e-01,y,-9.600000000000e-01,-5.742294377496e-04,-4.310547077316e-04,-1.431747300180e-04
9.500000000000e-01,y,-9.466666666667e-01,-8.785490052279e-04,-6.574907264382e-04,-2.210582787898e-04
9.500000000000e-01,y,-9.333333333333e-01,-1.265081093201e-03,-9.720821406271e-04,-2.929989525738e-04
9.500000000000e-01,y,-9.200000000000e-01,-1.733599322992e-03,-1.391591398954e-03,-3.420079240387e-04
9.500000000000e-01,y,-9.066666666667e-01,-2.277995378874e-03,-1.926919409679e-03,-3.510759691952e-04
9.500000000000e-01,y,-8.933333333333e-01,-2.884958901748e-03,-2.577808728076e-03,-3.071501736716e-04
9.500000000000e-01,y,-8.800000000000e-01,-3.531730451238e-03,-3.326984394210e-03,-2.047460570284e-04
9.500000000000e-01,y,-8.666666666667e-01,-4.174817935982e-03,-4.134831404418e-03,-3.998653156393e-05
9.500000000000e-01,y,-8.533333333333e-01,-4.755463092881e-03,-4.936119717705e-03,1.806566248246e-04
9.500000000000e-01,y,-8.400000000000e-01,-5.209918489504e-03,-5.640454441288e-03,4.305359517837e-04
9.500000000000e-01,y,-8.266666666667e-01,-5.473065623919e-03,-6.137883155958e-03,6.648175320385e-04
9.500000000000e-01,y,-8.133333333333e-01,-5.482334605810e-03,-6.310336290941e-03,8.280016851308e-04
9.500000000000e-01,y,-8.000000000000e-01,-5.182247441755e-03,-6.048347305730e-03,8.660998639753e-04
9.500000000000e-01,y,-7.866666666667e-01,-4.528666105019e-03,-5.271008268352e-03,7.423421633333e-04
9.500000000000e-01,y,-7.733333333333e-01,-3.493890336414e-03,-3.945732660769e-03,4.518423243555e-04
9.500000000000e-01,y,-7.600000000000e-01,-2.072190364126e-03,-2.103566631220e-03,3.137626709428e-05
9.500000000000e-01,y,-7.466666666667e-01,-2.986019100397e-04,1.541013359456e-04,-4.527032459853e-04
9.500000000000e-01,y,-7.333333333333e-01,1.726662171821e-03,2.660357270788e-03,-9.336950989670e-04
9.500000000000e-01,y,-7.200000000000e-01,3.874387406428e-03,5.199827919361e-03,-1.325440512934e-03
9.500000000000e-01,y,-7.066666666667e-01,5.999722943550e-03,7.536008371301e-03,-1.536285427752e-03
9.500000000000e-01,y,-6.933333333333e-01,7.950587344302e-03,9.444336831164e-03,-1.493749486863e-03
9.500000000000e-01,y,-6.800000000000e-01,9.577447735363e-03,1.074487816505e-02,-1.167430429684e-03
9.500000000000e-01,y,-6.666666666667e-01,1.074280578270e-02,1.132826698325e-02,-5.854612005535e-04
9.500000000000e-01,y,-6.533333333333e-01,1.132971930311e-02,1.116988745986e-02,1.598318432423e-04
9.500000000000e-01,y,-6.400000000000e-01,1.125251176484e-02,1.032981044598e-02,9.227013188614e-04
9.500000000000e-01,y,-6.266666666667e-01,1.047105554300e-02,8.939095222190e-03,1.531960320812e-03
9.500000000000e-01,y,-6.133333333333e-01,9.051953607805e-03,7.175877356945e-03,1.876076250859e-03
9.500000000000e-01,y,-6.000000000000e-01,7.149315959564e-03,5.236500774513e-03,1.912815185051e-03
9.500000000000e-01,y,-5.866666666667e-01,4.950592253872e-03,3.307424453408e-03,1.643167800464e-03
9.500000000000e-01,y,-5.733333333333e-01,2.660370014621e-03,1.542763611491e-03,1.117606403130e-03
9.500000000000e-01,y,-5.600000000000e-01,4.806095816935e-04,5.049357632133e-05,4.301160053722e-04
9.500000000000e-01,y,-5.466666666667e-01,-1.425081257133e-03,-1.111861921573e-03,-3.132193355598e-04
9.500000000000e-01,y,-5.333333333333e-01,-2.925717257467e-03,-1.933225009595e-03,-9.924922478721e-04
9.500000000000e-01,y,-5.200000000000e-01,-3.921994268912e-03,-2.439148593733e-03,-1.482845675179e-03
9.500000000000e-01,y,-5.066666666667e-01,-4.354561628582e-03,-2.679215959399e-03,-1.675345669182e-03
9.500000000000e-01,y,-4.933333333333e-01,-4.233822222587e-03,-2.714440566235e-03,-1.519381656352e-03
9.500000000000e-01,y,-4.800000000000e-01,-3.687364952043e-03,-2.606701459982e-03,-1.080663492061e-03
9.500000000000e-01,y,-4.666666666667e-01,-2.888410391883e-03,-2.411294596024e-03,-4.771157958597e-04
9.500000000000e-01,y,-4.533333333333e-01,-2.023295315462e-03,-2.172791727646e-03,1.494964121844e-04
9.500000000000e-01,y,-4.400000000000e-01,-1.270305118663e-03,-1.923751445624e-03,6.534463269618e-04
9.500000000000e-01,y,-4.266666666667e-01,-7.420746508903e-04,-1.685483966052e-03,9.434093151620e-04
9.500000000000e-01,y,-4.133333333333e-01,-4.544921119810e-04,-1.470002475542e-03,1.015510363561e-03
9.500000000000e-01,y,-4.000000000000e-01,-3.867047931482e-04,-1.282415926230e-03,8.957111330816e-04
9.500000000000e-01,y,-3.866666666667e-01,-4.929696806395e-04,-1.123234272332e-03,6.302645916921e-04
9.500000000000e-01,y,-3.733333333333e-01,-7.106015546146e-04,-9.902859248729e-04,2.796843702584e-04
9.500000000000e-01,y,-3.600000000000e-01,-9.692376513167e-04,-8.801367734885e-04,-8.910087782821e-05
9.500000000000e-01,y,-3.466666666667e-01,-1.198026682007e-03,-7.890287087032e-04,-4.089979733040e-04
9.500000000000e-01,y,-3.333333333333e-01,-1.331997752875e-03,-7.134241137952e-04,-6.185736390798e-04
9.500000000000e-01,y,-3.200000000000e-01,-1.319869374436e-03,-6.502648444264e-04,-6.696045300096e-04
9.500000000000e-01,y,-3.066666666667e-01,-1.136983318857e-03,-5.970471020170e-04,-5.399362168399e-04
9.500000000000e-01,y,-2.933333333333e-01,-8.276786537543e-04,-5.517926402855e-04,-2.758860134688e-04
9.500000000000e-01,y,-2.800000000000e-01,-4.739919487355e-04,-5.129726472216e-04,3.898069848608e-05
9.500000000000e-01,y,-2.666666666667e-01,-1.645483556084e-04,-4.794193745123e-04,3.148710189039e-04
9.500000000000e-01,y,-2.533333333333e-01,1.857504527878e-05,-4.502444275398e-04,4.688194728186e-04
9.500000000000e-01,y,-2.400000000000e-01,2.806702612289e-05,-4.247716392823e-04,4.528386654052e-04
9.500000000000e-01,y,-2.266666666667e-01,-1.013559324499e-04,-4.024856971930e-04,3.011297647432e-04
9.500000000000e-01,y,-2.133333333333e-01,-3.035200076812e-04,-3.829940493970e-04,7.947404171585e-05
9.500000000000e-01,y,-2.000000000000e-01,-5.034189273355e-04,-3.659981459958e-04,-1.374207813397e-04
9.500000000000e-01,y,-1.866666666667e-01,-6.289441440424e-04,-3.512700901776e-04,-2.776740538648e-04
9.500000000000e-01,y,-1.733333333333e-01,-6.434654138184e-04,-3.386317730483e-04,-3.048336407701e-04
9.500000000000e-01,y,-1.600000000000e-01,-5.675775921509e-04,-3.279350964267e-04,-2.396424957242e-04
9.500000000000e-01,y,-1.466666666667e-01,-4.391301396163e-04,-3.190434953665e-04,-1.200866442498e-04
9.500000000000e-01,y,-1.333333333333e-01,-3.027752090401e-04,-3.118162134311e-04,9.041004390977e-06
9.500000000000e-01,y,-1.200000000000e-01,-2.020654977793e-04,-3.060973082929e-04,1.040318105136e-04
9.500000000000e-01,y,-1.066666666667e-01,-1.555648480136e-04,-3.017110211702e-04,1.461461731567e-04
9.500000000000e-01,y,-9.333333333333e-02,-1.559827862894e-04,-2.984640484370e-04,1.424812621476e-04
9.500000000000e-01,y,-8.000000000000e-02,-1.888761823627e-04,-2.961537825034e-04,1.072776001407e-04
9.500000000000e-01,y,-6.666666666667e-02,-2.359764971829e-04,-2.945802636914e-04,5.860376650846e-05
9.500000000000e-01,y,-5.333333333333e-02,-2.791635506322e-04,-2.935588923025e-04,1.439534167030e-05
9.500000000000e-01,y,-4.000000000000e-02,-3.111583033959e-04,-2.929311549594e-04,-1.822714843652e-05
9.500000000000e-01,y,-2.666666666667e-02,-3.314770449918e-04,-2.925716492715e-04,-3.890539572024e-05
9.500000000000e-01,y,-1.333333333333e-02,-3.415210632253e-04,-2.923911519431e-04,-4.912991128229e-05
9.500000000000e-01,y,0.000000000000e+00,-3.440804398923e-04,-2.923368017451e-04,-5.174363814715e-05
9.500000000000e-01,y,1.333333333333e-02,-3.415193307962e-04,-2.923911519431e-04,-4.912817885319e-05
9.500000000000e-01,y,2.666666666667e-02,-3.314737132556e-04,-2.925716492715e-04,-3.890206398401e-05
9.500000000000e-01,y,4.000000000000e-02,-3.111536359711e-04,-2.929311549594e-04,-1.822248101169e-05
9.500000000000e-01,y,5.333333333333e-02,-2.791579348128e-04,-2.935588923025e-04,1.440095748966e-05
9.500000000000e-01,y,6.666666666667e-02,-2.359704320253e-04,-2.945802636914e-04,5.860983166604e-05
9.500000000000e-01,y,8.000000000000e-02,-1.888702070954e-04,-2.961537825034e-04,1.072835754080e-04
9.500000000000e-01,y,9.333333333333e-02,-1.559773525994e-04,-2.984640484370e-04,1.424866958376e-04
9.500000000000e-01,y,1.066666666667e-01,-1.555602937694e-04,-3.017110211702e-04,1.461507274008e-04
9.500000000000e-01,y,1.200000000000e-01,-2.020620403908e-04,-3.060973082929e-04,1.040352679021e-04
9.500000000000e-01,y,1.333333333333e-01,-3.027729449827e-04,-3.118162134311e-04,9.043268448404e-06
9.500000000000e-01,y,1.466666666667e-01,-4.391290549789e-04,-3.190434953665e-04,-1.200855596124e-04
9.500000000000e-01,y,1.600000000000e-01,-5.675775767187e-04,-3.279350964267e-04,-2.396424802920e-04
9.500000000000e-01,y,1.733333333333e-01,-6.434662719825e-04,-3.386317730483e-04,-3.048344989342e-04
9.500000000000e-01,y,1.866666666667e-01,-6.289456093305e-04,-3.512700901776e-04,-2.776755191529e-04
9.500000000000e-01,y,2.000000000000e-01,-5.034206849146e-04,-3.659981459958e-04,-1.374225389188e-04
9.500000000000e-01,y,2.133333333333e-01,-3.035217563355e-04,-3.829940493970e-04,7.947229306153e-05
9.500000000000e-01,y,2.266666666667e-01,-1.013574274210e-04,-4.024856971930e-04,3.011282697720e-04
9.500000000000e-01,y,2.400000000000e-01,2.806595744765e-05,-4.247716392823e-04,4.528375967300e-04
9.500000000000e-01,y,2.533333333333e-01,1.857449295005e-05,-4.502444275398e-04,4.688189204899e-04
9.500000000000e-01,y,2.666666666667e-01,-1.645483825586e-04,-4.794193745123e-04,3.148709919537e-04
9.500000000000e-01,y,2.800000000000e-01,-4.739914924829e-04,-5.129726472216e-04,3.898115473873e-05
9.500000000000e-01,y,2.933333333333e-01,-8.276777975904e-04,-5.517926402855e-04,-2.758851573050e-04
9.500000000000e-01,y,3.066666666667e-01,-1.136982184071e-03,-5.970471020170e-04,-5.399350820538e-04
9.500000000000e-01,y,3.200000000000e-01,-1.319868114319e-03,-6.502648444264e-04,-6.696032698924e-04
9.500000000000e-01,y,3.333333333333e-01,-1.331996530323e-03,-7.134241137952e-04,-6.185724165274e-04
9.500000000000e-01,y,3.466666666667e-01,-1.198025628328e-03,-7.890287087032e-04,-4.089969196250e-04
9.500000000000e-01,y,3.600000000000e-01,-9.692368556092e-04,-8.801367734885e-04,-8.910008212065e-05
9.500000000000e-01,y,3.733333333333e-01,-7.106010618561e-04,-9.902859248729e-04,2.796848630169e-04
9.500000000000e-01,y,3.866666666667e-01,-4.929694937337e-04,-1.123234272332e-03,6.302647785979e-04
9.500000000000e-01,y,4.000000000000e-01,-3.867048892302e-04,-1.282415926230e-03,8.957110369995e-04
9.500000000000e-01,y,4.133333333333e-01,-4.544924616865e-04,-1.470002475542e-03,1.015510013855e-03
9.500000000000e-01,y,4.266666666667e-01,-7.420752228411e-04,-1.685483966052e-03,9.434087432113e-04
9.500000000000e-01,y,4.400000000000e-01,-1.270305880372e-03,-1.923751445624e-03,6.534455652525e-04
9.500000000000e-01,y,4.533333333333e-01,-2.023296232432e-03,-2.172791727646e-03,1.494954952141e-04
9.500000000000e-01,y,4.666666666667e-01,-2.888411425265e-03,-2.411294596024e-03,-4.771168292413e-04
9.500000000000e-01,y,4.800000000000e-01,-3.687366056960e-03,-2.606701459982e-03,-1.080664596978e-03
9.500000000000e-01,y,4.933333333333e-01,-4.233823346268e-03,-2.714440566235e-03,-1.519382780033e-03
9.500000000000e-01,y,5.066666666667e-01,-4.354562711274e-03,-2.679215959399e-03,-1.675346751874e-03
9.500000000000e-01,y,5.200000000000e-01,-3.921995247781e-03,-2.439148593733e-03,-1.482846654048e-03
9.500000000000e-01,y,5.333333333333e-01,-2.925718078523e-03,-1.933225009595e-03,-9.924930689282e-04
9.500000000000e-01,y,5.466666666667e-01,-1.425081880050e-03,-1.111861921573e-03,-3.132199584765e-04
9.500000000000e-01,y,5.600000000000e-01,4.806091835092e-04,5.049357632133e-05,4.301156071879e-04
9.500000000000e-01,y,5.733333333333e-01,2.660369857299e-03,1.542763611491e-03,1.117606245809e-03
9.500000000000e-01,y,5.866666666667e-01,4.950592341967e-03,3.307424453408e-03,1.643167888559e-03
9.500000000000e-01,y,6.000000000000e-01,7.149316276667e-03,5.236500774513e-03,1.912815502154e-03
9.500000000000e-01,y,6.133333333333e-01,9.051954120041e-03,7.175877356945e-03,1.876076763096e-03
9.500000000000e-01,y,6.266666666667e-01,1.047105620416e-02,8.939095222190e-03,1.531960981972e-03
9.500000000000e-01,y,6.400000000000e-01,1.125251252136e-02,1.032981044598e-02,9.227020753786e-04
9.500000000000e-01,y,6.533333333333e-01,1.132972010074e-02,1.116988745986e-02,1.598326408782e-04
9.500000000000e-01,y,6.666666666667e-01,1.074280657229e-02,1.132826698325e-02,-5.854604109609e-04
9.500000000000e-01,y,6.800000000000e-01,9.577448474059e-03,1.074487816505e-02,-1.167429690988e-03
9.500000000000e-01,y,6.933333333333e-01,7.950587993433e-03,9.444336831164e-03,-1.493748837732e-03
9.500000000000e-01,y,7.066666666667e-01,5.999723464596e-03,7.536008371301e-03,-1.536284906705e-03
9.500000000000e-01,y,7.200000000000e-01,3.874387777610e-03,5.199827919361e-03,-1.325440141751e-03
9.500000000000e-01,y,7.333333333333e-01,1.726662397780e-03,2.660357270788e-03,-9.336948730075e-04
9.500000000000e-01,y,7.466666666667e-01,-2.986018051334e-04,1.541013359456e-04,-4.527031410790e-04
9.500000000000e-01,y,7.600000000000e-01,-2.072190343424e-03,-2.103566631220e-03,3.137628779658e-05
9.500000000000e-01,y,7.733333333333e-01,-3.493890357199e-03,-3.945732660769e-03,4.518423035707e-04
9.500000000000e-01,y,7.866666666667e-01,-4.528666130103e-03,-5.271008268352e-03,7.423421382497e-04
9.500000000000e-01,y,8.000000000000e-01,-5.182247445986e-03,-6.048347305730e-03,8.660998597448e-04
9.500000000000e-01,y,8.133333333333e-01,-5.482334580244e-03,-6.310336290941e-03,8.280017106964e-04
9.500000000000e-01,y,8.266666666667e-01,-5.473065576801e-03,-6.137883155958e-03,6.648175791573e-04
9.500000000000e-01,y,8.400000000000e-01,-5.209918441940e-03,-5.640454441288e-03,4.305359993478e-04
9.500000000000e-01,y,8.533333333333e-01,-4.755463061977e-03,-4.936119717705e-03,1.806566557282e-04
9.500000000000e-01,y,8.666666666667e-01,-4.174817930879e-03,-4.134831404418e-03,-3.998652646150e-05
9.500000000000e-01,y,8.800000000000e-01,-3.531730472137e-03,-3.326984394210e-03,-2.047460779276e-04
9.500000000000e-01,y,8.933333333333e-01,-2.884958938356e-03,-2.577808728076e-03,-3.071502102795e-04
9.500000000000e-01,y,9.066666666667e-01,-2.277995416126e-03,-1.926919409679e-03,-3.510760064467e-04
9.500000000000e-01,y,9.200000000000e-01,-1.733599351456e-03,-1.391591398954e-03,-3.420079525024e-04
9.500000000000e-01,y,9.333333333333e-01,-1.265081108751e-03,-9.720821406271e-04,-2.929989681244e-04
9.500000000000e-01,y,9.466666666667e-01,-8.785490084673e-04,-6.574907264382e-04,-2.210582820291e-04
9.500000000000e-01,y,9.600000000000e-01,-5.742294334836e-04,-4.310547077316e-04,-1.431747257520e-04
9.500000000000e-01,y,9.733333333333e-01,-3.465446240954e-04,-2.742713278169e-04,-7.227329627850e-05
9.500000000000e-01,y,9.866666666667e-01,-1.855422488370e-04,-1.696594002223e-04,-1.588284861471e-05
9.500000000000e-01,y,1.000000000000e+00,-7.912862584323e-05,-1.022808886425e-04,2.315226279925e-05
9.500000000000e-01,y,1.013333333333e+00,-1.426131814306e-05,-6.030264919543e-05,4.604133105237e-05
9.500000000000e-01,y,1.026666666667e+00,2.164730052821e-05,-3.492193592505e-05,5.656923645326e-05
9.500000000000e-01,y,1.040000000000e+00,3.762389473628e-05,-1.994446119476e-05,5.756835593103e-05
9.500000000000e-01,y,1.053333333333e+00,4.034420489573e-05,-1.123164176200e-05,5.157584665773e-05
9.500000000000e-01,y,1.066666666667e+00,3.528363481601e-05,-6.155190166842e-06,4.143882498285e-05
9.500000000000e-01,y,1.080000000000e+00,2.679962595849e-05,-3.130818969042e-06,2.993044492753e-05
9.500000000000e-01,y,1.093333333333e+00,1.801968127929e-05,-1.255754379938e-06,1.927543565922e-05
9.500000000000e-01,y,1.106666666667e+00,1.043433859123e-05,-4.668820466289e-08,1.048102679589e-05
9.500000000000e-01,y,1.120000000000e+00,4.637852678260e-06,7.384152321756e-07,3.899437446084e-06
9.500000000000e-01,y,1.133333333333e+00,6.782967302490e-07,1.214748539458e-06,-5.364518092092e-07
9.500000000000e-01,y,1.146666666667e+00,-1.755104697908e-06,1.439725735011e-06,-3.194830432918e-06
9.500000000000e-01,y,1.160000000000e+00,-3.047806667838e-06,1.451381323618e-06,-4.499187991457e-06
9.500000000000e-01,y,1.173333333333e+00,-3.453013044495e-06,1.286961559699e-06,-4.739974604194e-06
9.500000000000e-01,y,1.186666666667e+00,-3.239541408561e-06,9.894039425544e-07,-4.228945351115e-06
9.500000000000e-01,y,1.200000000000e+00,-2.682125776542e-06,6.070797466409e-07,-3.289205523183e-06
9.500000000000e-01,y,1.213333333333e+00,-2.036453265957e-06,1.905251727540e-07,-2.226978438711e-06
9.500000000000e-01,y,1.226666666667e+00,-1.452424350164e-06,-2.113449104792e-07,-1.241079439685e-06
9.500000000000e-01,y,1.240000000000e+00,-9.740647494605e-07,-5.540611705951e-07,-4.200035788654e-07
9.500000000000e-01,y,1.253333333333e+00,-6.130212101927e-07,-7.988728575010e-07,1.858516473083e-07
9.500000000000e-01,y,1.266666666667e+00,-3.603285362167e-07,-9.126394525327e-07,5.523109163160e-07
9.500000000000e-01,y,1.280000000000e+00,-1.958797336203e-07,-8.670704107748e-07,6.711906771545e-07
9.500000000000e-01,y,1.293333333333e+00,-9.954847225213e-08,-6.383238991439e-07,5.387754268918e-07
9.500000000000e-01,y,1.306666666667e+00,-5.267124185849e-08,-2.079288642497e-07,1.552576223913e-07
9.500000000000e-01,y,1.320000000000e+00,-3.773081407466e-08,4.343740563150e-07,-4.721048703897e-07
9.500000000000e-01,y,1.333333333333e+00,-3.951775945258e-08,1.285897188213e-06,-1.325414947665e-06
9.500000000000e-01,y,1.346666666667e+00,-4.637994739872e-08,2.325138521429e-06,-2.371518468828e-06
9.500000000000e-01,y,1.360000000000e+00,-5.232067562556e-08,3.506222339919e-06,-3.558543015545e-06
9.500000000000e-01,y,1.373333333333e+00,-5.480323721937e-08,4.755508629834e-06,-4.810311867053e-06
9.500000000000e-01,y,1.386666666667e+00,-5.354770190032e-08,5.972226179845e-06,-6.025773881745e-06
9.500000000000e-01,y,1.400000000000e+00,-4.984934658335e-08,7.034457293634e-06,-7.084306640217e-06
9.500000000000e-01,y,1.413333333333e+00,-4.511396545057e-08,7.810783460121e-06,-7.855897425572e-06
9.500000000000e-01,y,1.426666666667e+00,-3.956829966070e-08,8.176568649004e-06,-8.216136948665e-06
9.500000000000e-01,y,1.440000000000e+00,-3.353899855827e-08,8.032518163453e-06,-8.066057162011e-06
9.500000000000e-01,y,1.453333333333e+00,-2.755777185859e-08,7.322177501258e-06,-7.349735273117e-06
9.500000000000e-01,y,1.466666666667e+00,-2.227325529857e-08,6.044756054149e-06,-6.067029309447e-06
9.500000000000e-01,y,1.480000000000e+00,-1.794059884893e-08,4.260247317410e-06,-4.278187916259e-06
9.500000000000e-01,y,1.493333333333e+00,-1.436025688430e-08,2.085208691257e-06,-2.099568948142e-06
9.500000000000e-01,y,1.506666666667e+00,-1.136162751128e-08,-3.205443140394e-07,3.091826865282e-07
9.500000000000e-01,y,1.520000000000e+00,-8.849915126553e-09,-2.774154025667e-06,2.765304110540e-06
9.500000000000e-01,y,1.533333333333e+00,-6.792446733635e-09,-5.093221964165e-06,5.086429517431e-06
9.500000000000e-01,y,1.546666666667e+00,-5.067575167533e-09,-7.118367164837e-06,7.113299589669e-06
9.500000000000e-01,y,1.560000000000e+00,-3.534124156077e-09,-8.730987798209e-06,8.727453674053e-06
9.500000000000e-01,y,1.573333333333e+00,-2.126880750186e-09,-9.863582768882e-06,9.861455888132e-06
9.500000000000e-01,y,1.586666666667e+00,-8.505497984568e-10,-1.050167430446e-05,1.050082375466e-05
9.500000000000e-01,y,1.600000000000e+00,2.597895528160e-10,-1.067807467429e-05,1.067833446385e-05
9.500000000000e-01,y,1.613333333333e+00,1.255042332740e-09,-1.046155237432e-05,1.046280741665e-05
9.500000000000e-01,y,1.626666666667e+00,2.182637085479e-09,-9.942627422392e-06,9.944810059478e-06
9.500000000000e-01,y,1.640000000000e+00,3.054081790282e-09,-9.219219663291e-06,9.222273745082e-06
9.500000000000e-01,y,1.653333333333e+00,3.848927593385e-09,-8.384327038863e-06,8.388175966456e-06
9.500000000000e-01,y,1.666666666667e+00,4.549660428635e-09,-7.517067366565e-06,7.521617026993e-06
9.500000000000e-01,y,1.680000000000e+00,5.196923673801e-09,-6.677536683092e-06,6.682733606766e-06
9.500000000000e-01,y,1.693333333333e+00,5.819490321336e-09,-5.905219261150e-06,5.911038751472e-06
9.500000000000e-01,y,1.706666666667e+00,6.425966915102e-09,-5.220230880728e-06,5.226656847643e-06
9.500000000000e-01,y,1.720000000000e+00,7.004195976083e-09,-4.626493193094e-06,4.633497389070e-06
9.500000000000e-01,y,1.733333333333e+00,7.553999120279e-09,-4.115961195762e-06,4.123515194882e-06
9.500000000000e-01,y,1.746666666667e+00,8.087891467272e-09,-3.673169030141e-06,3.681256921608e-06
9.500000000000e-01,y,1.760000000000e+00,8.608587378134e-09,-3.279540799629e-06,3.288149387007e-06
9.500000000000e-01,y,1.773333333333e+00,9.108589512334e-09,-2.917081103504e-06,2.926189693017e-06
9.500000000000e-01,y,1.786666666667e+00,9.573017479007e-09,-2.571195818139e-06,2.580768835618e-06
9.500000000000e-01,y,1.800000000000e+00,1.001583596726e-08,-2.232503144793e-06,2.242518980760e-06
9.500000000000e-01,y,1.813333333333e+00,1.046437119379e-08,-1.897593735174e-06,1.908058106368e-06
9.500000000000e-01,y,1.826666666667e+00,1.093756860560e-08,-1.568798520644e-06,1.579736089249e-06
9.500000000000e-01,y,1.840000000000e+00,1.144375313738e-08,-1.253123473042e-06,1.264567226180e-06
9.500000000000e-01,y,1.853333333333e+00,1.197696403111e-08,-9.605993345117e-07,9.725762985428e-07
9.500000000000e-01,y,1.866666666667e+00,1.251482710474e-08,-7.023524626339e-07,7.148672897386e-07
9.500000000000e-01,y,1.880000000000e+00,1.302569526479e-08,-4.887141391682e-07,5.017398344329e-07
9.500000000000e-01,y,1.893333333333e+00,1.347560742851e-08,-3.276443588379e-07,3.411199662665e-07
9.500000000000e-01,y,1.906666666667e+00,1.383705575735e-08,-2.236606357812e-07,2.374976915385e-07
9.500000000000e-01,y,1.920000000000e+00,1.412126847982e-08,-1.773529010586e-07,1.914741695384e-07
9.500000000000e-01,y,1.933333333333e+00,1.443253075759e-08,-1.854573535827e-07,1.998898843403e-07
9.500000000000e-01,y,1.946666666667e+00,1.486551660886e-08,-2.413773035869e-07,2.562428201958e-07
9.500000000000e-01,y,1.960000000000e+00,1.546193407798e-08,-3.359903760282e-07,3.514523101061e-07
9.500000000000e-01,y,1.973333333333e+00,1.617766080922e-08,-4.585702715539e-07,4.747479323631e-07
9.500000000000e-01,y,1.986666666667e+00,1.670076654286e-08,-5.976700192946e-07,6.143707858375e-07
9.500000000000e-01,y,2.000000000000e+00,1.643565929192e-08,-7.418510346074e-07,7.582866938993e-07
1.450000000000e+00,x,-2.000000000000e+00,-7.775021850163e-03,-3.340018455199e-03,-4.435003394964e-03
1.450000000000e+00,x,-1.986666666667e+00,-7.257277745586e-03,-1.325778146180e-03,-5.931499599406e-03
1.450000000000e+00,x,-1.973333333333e+00,-6.330561224131e-03,9.199183876424e-04,-7.250479611773e-03
1.450000000000e+00,x,-1.960000000000e+00,-4.869255802765e-03,3.292265597868e-03,-8.161521400633e-03
1.450000000000e+00,x,-1.946666666667e+00,-2.904012569346e-03,5.670307965505e-03,-8.574320534851e-03
1.450000000000e+00,x,-1.933333333333e+00,-6.005364954890e-04,7.926203538584e-03,-8.526740034073e-03
1.450000000000e+00,x,-1.920000000000e+00,1.835333298256e-03,9.935662151734e-03,-8.100328853478e-03
1.450000000000e+00,x,-1.906666666667e+00,4.181216559410e-03,1.158842049033e-02,-7.407203930915e-03
1.450000000000e+00,x,-1.893333333333e+00,6.229820149829e-03,1.279756961983e-02,-6.567749469998e-03
1.450000000000e+00,x,-1.880000000000e+00,7.854590180619e-03,1.350667159859e-02,-5.652081417969e-03
1.450000000000e+00,x,-1.866666666667e+00,8.981703446636e-03,1.369387491117e-02,-4.712171464530e-03
1.450000000000e+00,x,-1.853333333333e+00,9.569948168879e-03,1.337262215437e-02,-3.802673985489e-03
1.450000000000e+00,x,-1.840000000000e+00,9.610235835078e-03,1.258897750376e-02,-2.978741668680e-03
1.450000000000e+00,x,-1.826666666667e+00,9.131955861011e-03,1.141601834109e-02,-2.284062480077e-03
1.450000000000e+00,x,-1.813333333333e+00,8.215562484537e-03,9.946072361235e-03,-1.730509876698e-03
1.450000000000e+00,x,-1.800000000000e+00,6.967246821468e-03,8.281791886377e-03,-1.314545064909e-03
1.450000000000e+00,x,-1.786666666667e+00,5.506403051639e-03,6.527117918212e-03,-1.020714866573e-03
1.450000000000e+00,x,-1.773333333333e+00,3.956744129405e-03,4.779100640691e-03,-8.223565112859e-04
1.450000000000e+00,x,-1.760000000000e+00,2.426326163599e-03,3.121337073908e-03,-6.950109103091e-04
1.450000000000e+00,x,-1.746666666667e+00,9.950645589657e-04,1.619503430068e-03,-6.244388711025e-04
1.450000000000e+00,x,-1.733333333333e+00,-2.711267606790e-04,3.191498729005e-04,-5.902766335795e-04
1.450000000000e+00,x,-1.720000000000e+00,-1.321062009188e-03,-7.543629129465e-04,-5.666990962417e-04
1.450000000000e+00,x,-1.706666666667e+00,-2.121026721077e-03,-1.594134552433e-03,-5.268921686442e-04
1.450000000000e+00,x,-1.693333333333e+00,-2.669439687278e-03,-2.208698347277e-03,-4.607413400008e-04
1.450000000000e+00,x,-1.680000000000e+00,-2.992893747280e-03,-2.618249127224e-03,-3.746446200560e-04
1.450000000000e+00,x,-1.666666666667e+00,-3.130527497033e-03,-2.850653622875e-03,-2.798738741583e-04
1.450000000000e+00,x,-1.653333333333e+00,-3.128694039621e-03,-2.937685876056e-03,-1.910081635652e-04
1.450000000000e+00,x,-1.640000000000e+00,-3.034192033046e-03,-2.911807658947e-03,-1.223843740986e-04
1.450000000000e+00,x,-1.626666666667e+00,-2.878884871538e-03,-2.803679221484e-03,-7.520565005358e-05
1.450000000000e+00,x,-1.613333333333e+00,-2.685436072894e-03,-2.640460059989e-03,-4.497601290545e-05
1.450000000000e+00,x,-1.600000000000e+00,-2.472659415255e-03,-2.444857613919e-03,-2.780180133651e-05
1.450000000000e+00,x,-1.586666666667e+00,-2.255565178923e-03,-2.234811504452e-03,-2.075367447099e-05
1.450000000000e+00,x,-1.573333333333e+00,-2.044916876083e-03,-2.023663208528e-03,-2.125366755456e-05
1.450000000000e+00,x,-1.560000000000e+00,-1.846063125217e-03,-1.820651978809e-03,-2.541114640784e-05
1.450000000000e+00,x,-1.546666666667e+00,-1.661115389663e-03,-1.631590408431e-03,-2.952498123260e-05
1.450000000000e+00,x,-1.533333333333e+00,-1.490200038748e-03,-1.459599246180e-03,-3.060079256762e-05
1.450000000000e+00,x,-1.520000000000e+00,-1.332326747398e-03,-1.305813314185e-03,-2.651343321308e-05
1.450000000000e+00,x,-1.506666666667e+00,-1.187157357999e-03,-1.170002579877e-03,-1.715477812276e-05
1.450000000000e+00,x,-1.493333333333e+00,-1.056196713245e-03,-1.051080451467e-03,-5.116261778146e-06
1.450000000000e+00,x,-1.480000000000e+00,-9.410692503089e-04,-9.474930123560e-04,6.423762047068e-06
1.450000000000e+00,x,-1.466666666667e+00,-8.431102869576e-04,-8.574976235859e-04,1.438733662835e-05
1.450000000000e+00,x,-1.453333333333e+00,-7.630397820621e-04,-7.793476988693e-04,1.630791680722e-05
1.450000000000e+00,x,-1.440000000000e+00,-6.992368063441e-04,-7.114037491544e-04,1.216694281029e-05
1.450000000000e+00,x,-1.426666666667e+00,-6.479293386327e-04,-6.521904957031e-04,4.261157070344e-06
1.450000000000e+00,x,-1.413333333333e+00,-6.050237766879e-04,-6.004173844879e-04,-4.606392200016e-06
1.450000000000e+00,x,-1.400000000000e+00,-5.666176877480e-04,-5.549763698820e-04,-1.164131786603e-05
1.450000000000e+00,x,-1.386666666667e+00,-5.296278636650e-04,-5.149272153969e-04,-1.470064826817e-05
1.450000000000e+00,x,-1.373333333333e+00,-4.933696055863e-04,-4.794773064627e-04,-1.389229912362e-05
1.450000000000e+00,x,-1.360000000000e+00,-4.587122602828e-04,-4.479603406275e-04,-1.075191965527e-05
1.450000000000e+00,x,-1.346666666667e+00,-4.269118478824e-04,-4.198163158693e-04,-7.095532013061e-06
1.450000000000e+00,x,-1.333333333333e+00,-3.989963993078e-04,-3.945739188481e-04,-4.422480459641e-06
1.450000000000e+00,x,-1.320000000000e+00,-3.754120579549e-04,-3.718356028730e-04,-3.576455081862e-06
1.450000000000e+00,x,-1.306666666667e+00,-3.563652040034e-04,-3.512652051919e-04,-5.099998811441e-06
1.450000000000e+00,x,-1.293333333333e+00,-3.410713337699e-04,-3.325777611513e-04,-8.493572618609e-06
1.450000000000e+00,x,-1.280000000000e+00,-3.276364185281e-04,-3.155311293163e-04,-1.210528921184e-05
1.450000000000e+00,x,-1.266666666667e+00,-3.131705494863e-04,-2.999190748564e-04,-1.325147462991e-05
1.450000000000e+00,x,-1.253333333333e+00,-2.956760670043e-04,-2.855655215089e-04,-1.011054549542e-05
1.450000000000e+00,x,-1.240000000000e+00,-2.760682861755e-04,-2.723197482251e-04,-3.748537950338e-06
1.450000000000e+00,x,-1.226666666667e+00,-2.553374080629e-04,-2.600523622524e-04,4.714954189482e-06
1.450000000000e+00,x,-1.213333333333e+00,-2.347181814021e-04,-2.486519219267e-04,1.393374052464e-05
1.450000000000e+00,x,-1.200000000000e+00,-2.162495373914e-04,-2.380221106681e-04,2.177257327676e-05
1.450000000000e+00,x,-1.186666666667e+00,-2.000619608019e-04,-2.280793814341e-04,2.801742063227e-05
1.450000000000e+00,x,-1.173333333333e+00,-1.844809978788e-04,-2.187510013043e-04,3.427000342551e-05
1.450000000000e+00,x,-1.160000000000e+00,-1.696828005351e-04,-2.099734316404e-04,4.029063110525e-05
1.450000000000e+00,x,-1.146666666667e+00,-1.582186875800e-04,-2.016909825170e-04,4.347229493695e-05
1.450000000000e+00,x,-1.133333333333e+00,-1.545957811773e-04,-1.938546826356e-04,3.925890145839e-05
1.450000000000e+00,x,-1.120000000000e+00,-1.570582350224e-04,-1.864213093161e-04,2.936307429366e-05
1.450000000000e+00,x,-1.106666666667e+00,-1.614991593699e-04,-1.793525288130e-04,1.785336944309e-05
1.450000000000e+00,x,-1.093333333333e+00,-1.660346940227e-04,-1.726141061637e-04,6.579412141034e-06
1.450000000000e+00,x,-1.080000000000e+00,-1.700983231584e-04,-1.661751564194e-04,-3.923166739070e-06
1.450000000000e+00,x,-1.066666666667e+00,-1.739476939908e-04,-1.600074249842e-04,-1.394026900661e-05
1.450000000000e+00,x,-1.053333333333e+00,-1.792243054609e-04,-1.540846025487e-04,-2.513970291217e-05
1.450000000000e+00,x,-1.040000000000e+00,-1.870225530145e-04,-1.483816976646e-04,-3.864085534993e-05
1.450000000000e+00,x,-1.026666666667e+00,-1.962682840731e-04,-1.428745048845e-04,-5.339377918865e-05
1.450000000000e+00,x,-1.013333333333e+00,-2.021446254163e-04,-1.375392160332e-04,-6.460540938309e-05
1.450000000000e+00,x,-1.000000000000e+00,-2.013053060828e-04,-1.323522244488e-04,-6.895308163402e-05
1.450000000000e+00,x,-9.866666666667e-01,-1.999365432842e-04,-1.272901655749e-04,-7.264637770931e-05
1.450000000000e+00,x,-9.733333333333e-01,-2.006421230254e-04,-1.223302218139e-04,-7.831190121148e-05
1.450000000000e+00,x,-9.600000000000e-01,-2.009061358307e-04,-1.174506960355e-04,-8.345543979519e-05
1.450000000000e+00,x,-9.466666666667e-01,-1.936543821144e-04,-1.126318287931e-04,-8.102255332129e-05
1.450000000000e+00,x,-9.333333333333e-01,-1.771514121037e-04,-1.078568024053e-04,-6.929460969839e-05
1.450000000000e+00,x,-9.200000000000e-01,-1.574868685083e-04,-1.031128446145e-04,-5.437402389379e-05
1.450000000000e+00,x,-9.066666666667e-01,-1.380450817379e-04,-9.839231981659e-05,-3.965276192131e-05
1.450000000000e+00,x,-8.933333333333e-01,-1.200918984704e-04,-9.369368090471e-05,-2.639821756570e-05
1.450000000000e+00,x,-8.800000000000e-01,-1.037952099661e-04,-8.902215287583e-05,-1.477305709023e-05
1.450000000000e+00,x,-8.666666666667e-01,-8.765956604071e-05,-8.439003257358e-05,-3.269533467130e-06
1.450000000000e+00,x,-8.533333333333e-01,-6.987731555470e-05,-7.981651771088e-05,9.939202156178e-06
1.450000000000e+00,x,-8.400000000000e-01,-5.038296783049e-05,-7.532702113569e-05,2.494405330520e-05
1.450000000000e+00,x,-8.266666666667e-01,-3.241259594359e-05,-7.095197963894e-05,3.853938369535e-05
1.450000000000e+00,x,-8.133333333333e-01,-2.104510910652e-05,-6.672522499740e-05,4.568011589088e-05
1.450000000000e+00,x,-8.000000000000e-01,-1.049847858814e-05,-6.268204141264e-05,5.218356282450e-05
1.450000000000e+00,x,-7.866666666667e-01,4.168892106211e-06,-5.885708026597e-05,6.302597237218e-05
1.450000000000e+00,x,-7.733333333333e-01,2.141306838325e-05,-5.528233258449e-05,7.669540096774e-05
1.450000000000e+00,x,-7.600000000000e-01,3.266759619574e-05,-5.198536565912e-05,8.465296185486e-05
1.450000000000e+00,x,-7.466666666667e-01,3.097569070749e-05,-4.898800940101e-05,7.996370010850e-05
1.450000000000e+00,x,-7.333333333333e-01,2.624652351666e-05,-4.630563049547e-05,7.255215401213e-05
1.450000000000e+00,x,-7.200000000000e-01,2.465411448260e-05,-4.394706269848e-05,6.860117718108e-05
1.450000000000e+00,x,-7.066666666667e-01,2.545981674075e-05,-4.191517830698e-05,6.737499504773e-05
1.450000000000e+00,x,-6.933333333333e-01,2.159696575357e-05,-4.020800064732e-05,6.180496640089e-05
1.450000000000e+00,x,-6.800000000000e-01,1.066238493490e-05,-3.882018349881e-05,4.948256843371e-05
1.450000000000e+00,x,-6.666666666667e-01,-5.866759035729e-07,-3.774463299646e-05,3.715795709289e-05
1.450000000000e+00,x,-6.533333333333e-01,-9.511843722918e-06,-3.697402984079e-05,2.746218611787e-05
1.450000000000e+00,x,-6.400000000000e-01,-1.735922891911e-05,-3.650202853677e-05,1.914279961766e-05
1.450000000000e+00,x,-6.266666666667e-01,-2.787882233335e-05,-3.632396359618e-05,8.445141262838e-06
1.450000000000e+00,x,-6.133333333333e-01,-4.182900903924e-05,-3.643697172342e-05,-5.392037315819e-06
1.450000000000e+00,x,-6.000000000000e-01,-5.765547084976e-05,-3.683953072325e-05,-2.081594012650e-05
1.450000000000e+00,x,-5.866666666667e-01,-7.417887588984e-05,-3.753050458727e-05,-3.664837130257e-05
1.450000000000e+00,x,-5.733333333333e-01,-8.934201429948e-05,-3.850785490032e-05,-5.083415939916e-05
1.450000000000e+00,x,-5.600000000000e-01,-1.003991577979e-04,-3.976721986760e-05,-6.063193793034e-05
1.450000000000e+00,x,-5.466666666667e-01,-1.110201711286e-04,-4.130056820211e-05,-6.971960292653e-05
1.450000000000e+00,x,-5.333333333333e-01,-1.248173205279e-04,-4.309510699238e-05,-8.172221353554e-05
1.450000000000e+00,x,-5.200000000000e-01,-1.412019030488e-04,-4.513256812871e-05,-9.606933492004e-05
1.450000000000e+00,x,-5.066666666667e-01,-1.543698488384e-04,-4.738892927123e-05,-1.069809195671e-04
1.450000000000e+00,x,-4.933333333333e-01,-1.590677450017e-04,-4.983455708074e-05,-1.092331879209e-04
1.450000000000e+00,x,-4.800000000000e-01,-1.641053142457e-04,-5.243470581134e-05,-1.116706084344e-04
1.450000000000e+00,x,-4.666666666667e-01,-1.749123315875e-04,-5.515027283878e-05,-1.197620587487e-04
1.450000000000e+00,x,-4.533333333333e-01,-1.895028843052e-04,-5.793870800402e-05,-1.315641763012e-04
1.450000000000e+00,x,-4.400000000000e-01,-1.978915715770e-04,-6.075499323856e-05,-1.371365783384e-04
1.450000000000e+00,x,-4.266666666667e-01,-1.967659174247e-04,-6.355264481039e-05,-1.332132726144e-04
1.450000000000e+00,x,-4.133333333333e-01,-1.979618331726e-04,-6.628473126050e-05,-1.316771019121e-04
1.450000000000e+00,x,-4.000000000000e-01,-2.061131501035e-04,-6.890493357120e-05,-1.372082165323e-04
1.450000000000e+00,x,-3.866666666667e-01,-2.169046169217e-04,-7.136869033971e-05,-1.455359265820e-04
1.450000000000e+00,x,-3.733333333333e-01,-2.179502021951e-04,-7.363446419661e-05,-1.443157379985e-04
1.450000000000e+00,x,-3.600000000000e-01,-2.111623283413e-04,-7.566513661604e-05,-1.354971917252e-04
1.450000000000e+00,x,-3.466666666667e-01,-2.085953177735e-04,-7.742949254927e-05,-1.311658252242e-04
1.450000000000e+00,x,-3.333333333333e-01,-2.134145713875e-04,-7.890370434302e-05,-1.345108670445e-04
1.450000000000e+00,x,-3.200000000000e-01,-2.196702049630e-04,-8.007267870781e-05,-1.395975262552e-04
1.450000000000e+00,x,-3.066666666667e-01,-2.156988834372e-04,-8.093110299556e-05,-1.347677804417e-04
1.450000000000e+00,x,-2.933333333333e-01,-2.081504168131e-04,-8.148402639082e-05,-1.266663904223e-04
1.450000000000e+00,x,-2.800000000000e-01,-2.063092904365e-04,-8.174684126186e-05,-1.245624491746e-04
1.450000000000e+00,x,-2.666666666667e-01,-2.106950267603e-04,-8.174458722829e-05,-1.289504395320e-04
1.450000000000e+00,x,-2.533333333333e-01,-2.134187182536e-04,-8.151057720154e-05,-1.319081410521e-04
1.450000000000e+00,x,-2.400000000000e-01,-2.056471474057e-04,-8.108442840538e-05,-1.245627190003e-04
1.450000000000e+00,x,-2.266666666667e-01,-1.968288235469e-04,-8.050965819415e-05,-1.163191653528e-04
1.450000000000e+00,x,-2.133333333333e-01,-1.938982239714e-04,-7.983106142961e-05,-1.140671625418e-04
1.450000000000e+00,x,-2.000000000000e-01,-1.961888747161e-04,-7.909211383391e-05,-1.170967608821e-04
1.450000000000e+00,x,-1.866666666667e-01,-1.956926099508e-04,-7.833263988521e-05,-1.173599700655e-04
1.450000000000e+00,x,-1.733333333333e-01,-1.883245196506e-04,-7.758694606785e-05,-1.107375735828e-04
1.450000000000e+00,x,-1.600000000000e-01,-1.829156769600e-04,-7.688255753619e-05,-1.060331194238e-04
1.450000000000e+00,x,-1.466666666667e-01,-1.832069787599e-04,-7.623961921420e-05,-1.069673595457e-04
1.450000000000e+00,x,-1.333333333333e-01,-1.864449919759e-04,-7.567094343063e-05,-1.107740485452e-04
1.450000000000e+00,x,-1.200000000000e-01,-1.841675443713e-04,-7.518261718511e-05,-1.089849271862e-04
1.450000000000e+00,x,-1.066666666667e-01,-1.765409302961e-04,-7.477503225335e-05,-1.017658980427e-04
1.450000000000e+00,x,-9.333333333333e-02,-1.715664354115e-04,-7.444417580387e-05,-9.712225960760e-05
1.450000000000e+00,x,-8.000000000000e-02,-1.717820306821e-04,-7.418301874950e-05,-9.759901193259e-05
1.450000000000e+00,x,-6.666666666667e-02,-1.740530301616e-04,-7.398286024608e-05,-1.000701699156e-04
1.450000000000e+00,x,-5.333333333333e-02,-1.713202821897e-04,-7.383452296901e-05,-9.748575922071e-05
1.450000000000e+00,x,-4.000000000000e-02,-1.669626391406e-04,-7.372933674643e-05,-9.323330239420e-05
1.450000000000e+00,x,-2.666666666667e-02,-1.666566658431e-04,-7.365988942706e-05,-9.299677641608e-05
1.450000000000e+00,x,-1.333333333333e-02,-1.706817391926e-04,-7.362055651898e-05,-9.706118267366e-05
1.450000000000e+00,x,0.000000000000e+00,-1.740488127520e-04,-7.360784062447e-05,-1.004409721276e-04
1.450000000000e+00,x,1.333333333333e-02,-1.706809799630e-04,-7.362055651898e-05,-9.706042344406e-05
1.450000000000e+00,x,2.666666666667e-02,-1.666551652636e-04,-7.365988942706e-05,-9.299527583657e-05
1.450000000000e+00,x,4.000000000000e-02,-1.669604400575e-04,-7.372933674643e-05,-9.323110331107e-05
1.450000000000e+00,x,5.333333333333e-02,-1.713174812904e-04,-7.383452296901e-05,-9.748295832140e-05
1.450000000000e+00,x,6.666666666667e-02,-1.740498070554e-04,-7.398286024608e-05,-1.000669468093e-04
1.450000000000e+00,x,8.000000000000e-02,-1.717785942183e-04,-7.418301874950e-05,-9.759557546882e-05
1.450000000000e+00,x,9.333333333333e-02,-1.715629024330e-04,-7.444417580387e-05,-9.711872662911e-05
1.450000000000e+00,x,1.066666666667e-01,-1.765373555906e-04,-7.477503225335e-05,-1.017623233372e-04
1.450000000000e+00,x,1.200000000000e-01,-1.841639583802e-04,-7.518261718511e-05,-1.089813411951e-04
1.450000000000e+00,x,1.333333333333e-01,-1.864414710189e-04,-7.567094343063e-05,-1.107705275883e-04
1.450000000000e+00,x,1.466666666667e-01,-1.832035855975e-04,-7.623961921420e-05,-1.069639663833e-04
1.450000000000e+00,x,1.600000000000e-01,-1.829124001162e-04,-7.688255753619e-05,-1.060298425800e-04
1.450000000000e+00,x,1.733333333333e-01,-1.883212960771e-04,-7.758694606785e-05,-1.107343500093e-04
1.450000000000e+00,x,1.866666666667e-01,-1.956893882042e-04,-7.833263988521e-05,-1.173567483190e-04
1.450000000000e+00,x,2.000000000000e-01,-1.961856243829e-04,-7.909211383391e-05,-1.170935105490e-04
1.450000000000e+00,x,2.133333333333e-01,-1.938949265130e-04,-7.983106142961e-05,-1.140638650834e-04
1.450000000000e+00,x,2.266666666667e-01,-1.968254679734e-04,-8.050965819415e-05,-1.163158097792e-04
1.450000000000e+00,x,2.400000000000e-01,-2.056437261080e-04,-8.108442840538e-05,-1.245592977026e-04
1.450000000000e+00,x,2.533333333333e-01,-2.134152711432e-04,-8.151057720154e-05,-1.319046939417e-04
1.450000000000e+00,x,2.666666666667e-01,-2.106916080484e-04,-8.174458722829e-05,-1.289470208201e-04
1.450000000000e+00,x,2.800000000000e-01,-2.063059726407e-04,-8.174684126186e-05,-1.245591313789e-04
1.450000000000e+00,x,2.933333333333e-01,-2.081472871287e-04,-8.148402639082e-05,-1.266632607379e-04
1.450000000000e+00,x,3.066666666667e-01,-2.156960275433e-04,-8.093110299556e-05,-1.347649245478e-04
1.450000000000e+00,x,3.200000000000e-01,-2.196677341760e-04,-8.007267870781e-05,-1.395950554682e-04
1.450000000000e+00,x,3.333333333333e-01,-2.134125859109e-04,-7.890370434302e-05,-1.345088815679e-04
1.450000000000e+00,x,3.466666666667e-01,-2.085938760649e-04,-7.742949254927e-05,-1.311643835157e-04
1.450000000000e+00,x,3.600000000000e-01,-2.111614490159e-04,-7.566513661604e-05,-1.354963123999e-04
1.450000000000e+00,x,3.733333333333e-01,-2.179498757286e-04,-7.363446419661e-05,-1.443154115320e-04
1.450000000000e+00,x,3.866666666667e-01,-2.169047992703e-04,-7.136869033971e-05,-1.455361089306e-04
1.450000000000e+00,x,4.000000000000e-01,-2.061137779831e-04,-6.890493357120e-05,-1.372088444119e-04
1.450000000000e+00,x,4.133333333333e-01,-1.979628241968e-04,-6.628473126050e-05,-1.316780929363e-04
1.450000000000e+00,x,4.266666666667e-01,-1.967671773576e-04,-6.355264481039e-05,-1.332145325472e-04
1.450000000000e+00,x,4.400000000000e-01,-1.978930117847e-04,-6.075499323856e-05,-1.371380185461e-04
1.450000000000e+00,x,4.533333333333e-01,-1.895044276624e-04,-5.793870800402e-05,-1.315657196584e-04
1.450000000000e+00,x,4.666666666667e-01,-1.749139228109e-04,-5.515027283878e-05,-1.197636499721e-04
1.450000000000e+00,x,4.800000000000e-01,-1.641068983848e-04,-5.243470581134e-05,-1.116721925734e-04
1.450000000000e+00,x,4.933333333333e-01,-1.590692947576e-04,-4.983455708074e-05,-1.092347376769e-04
1.450000000000e+00,x,5.066666666667e-01,-1.543713794299e-04,-4.738892927123e-05,-1.069824501587e-04
1.450000000000e+00,x,5.200000000000e-01,-1.412034667282e-04,-4.513256812871e-05,-9.607089859954e-05
1.450000000000e+00,x,5.333333333333e-01,-1.248189803177e-04,-4.309510699238e-05,-8.172387332535e-05
1.450000000000e+00,x,5.466666666667e-01,-1.110219608595e-04,-4.130056820211e-05,-6.972139265736e-05
1.450000000000e+00,x,5.600000000000e-01,-1.004011237540e-04,-3.976721986760e-05,-6.063390388639e-05
1.450000000000e+00,x,5.733333333333e-01,-8.934421768535e-05,-3.850785490032e-05,-5.083636278503e-05
1.450000000000e+00,x,5.866666666667e-01,-7.418137173673e-05,-3.753050458727e-05,-3.665086714946e-05
1.450000000000e+00,x,6.000000000000e-01,-5.765830608513e-05,-3.683953072325e-05,-2.081877536188e-05
1.450000000000e+00,x,6.133333333333e-01,-4.183219876235e-05,-3.643697172342e-05,-5.395227038930e-06
1.450000000000e+00,x,6.266666666667e-01,-2.788236383125e-05,-3.632396359618e-05,8.441599764930e-06
1.450000000000e+00,x,6.400000000000e-01,-1.736304101453e-05,-3.650202853677e-05,1.913898752224e-05
1.450000000000e+00,x,6.533333333333e-01,-9.515843885363e-06,-3.697402984079e-05,2.745818595543e-05
1.450000000000e+00,x,6.666666666667e-01,-5.908150030668e-07,-3.774463299646e-05,3.715381799340e-05
1.450000000000e+00,x,6.800000000000e-01,1.065816407812e-05,-3.882018349881e-05,4.947834757693e-05
1.450000000000e+00,x,6.933333333333e-01,2.159275304003e-05,-4.020800064732e-05,6.180075368735e-05
1.450000000000e+00,x,7.066666666667e-01,2.545580869686e-05,-4.191517830698e-05,6.737098700384e-05
1.450000000000e+00,x,7.200000000000e-01,2.465045655207e-05,-4.394706269848e-05,6.859751925055e-05
1.450000000000e+00,x,7.333333333333e-01,2.624330145750e-05,-4.630563049547e-05,7.254893195298e-05
1.450000000000e+00,x,7.466666666667e-01,3.097294632655e-05,-4.898800940101e-05,7.996095572756e-05
1.450000000000e+00,x,7.600000000000e-01,3.266540077282e-05,-5.198536565912e-05,8.465076643194e-05
1.450000000000e+00,x,7.733333333333e-01,2.141154816931e-05,-5.528233258449e-05,7.669388075380e-05
1.450000000000e+00,x,7.866666666667e-01,4.168108824153e-06,-5.885708026597e-05,6.302518909012e-05
1.450000000000e+00,x,8.000000000000e-01,-1.049854759130e-05,-6.268204141264e-05,5.218349382133e-05
1.450000000000e+00,x,8.133333333333e-01,-2.104453455438e-05,-6.672522499740e-05,4.568069044302e-05
1.450000000000e+00,x,8.266666666667e-01,-3.241146321375e-05,-7.095197963894e-05,3.854051642519e-05
1.450000000000e+00,x,8.400000000000e-01,-5.038136264615e-05,-7.532702113569e-05,2.494565848954e-05
1.450000000000e+00,x,8.533333333333e-01,-6.987534098642e-05,-7.981651771088e-05,9.941176724465e-06
1.450000000000e+00,x,8.666666666667e-01,-8.765734008081e-05,-8.439003257358e-05,-3.267307507235e-06
1.450000000000e+00,x,8.800000000000e-01,-1.037928658505e-04,-8.902215287583e-05,-1.477071297470e-05
1.450000000000e+00,x,8.933333333333e-01,-1.200895955392e-04,-9.369368090471e-05,-2.639591463447e-05
1.450000000000e+00,x,9.066666666667e-01,-1.380429794194e-04,-9.839231981659e-05,-3.965065960285e-05
1.450000000000e+00,x,9.200000000000e-01,-1.574850642505e-04,-1.031128446145e-04,-5.437221963599e-05
1.450000000000e+00,x,9.333333333333e-01,-1.771499447814e-04,-1.078568024053e-04,-6.929314237614e-05
1.450000000000e+00,x,9.466666666667e-01,-1.936532933660e-04,-1.126318287931e-04,-8.102146457290e-05
1.450000000000e+00,x,9.600000000000e-01,-2.009054885205e-04,-1.174506960355e-04,-8.345479248504e-05
1.450000000000e+00,x,9.733333333333e-01,-2.006419507986e-04,-1.223302218139e-04,-7.831172898466e-05
1.450000000000e+00,x,9.866666666667e-01,-1.999368368487e-04,-1.272901655749e-04,-7.264667127381e-05
1.450000000000e+00,x,1.000000000000e+00,-2.013060143429e-04,-1.323522244488e-04,-6.895378989408e-05
1.450000000000e+00,x,1.013333333333e+00,-2.021456655648e-04,-1.375392160332e-04,-6.460644953164e-05
1.450000000000e+00,x,1.026666666667e+00,-1.962695978791e-04,-1.428745048845e-04,-5.339509299465e-05
1.450000000000e+00,x,1.040000000000e+00,-1.870240804630e-04,-1.483816976646e-04,-3.864238279844e-05
1.450000000000e+00,x,1.053333333333e+00,-1.792260161256e-04,-1.540846025487e-04,-2.514141357687e-05
1.450000000000e+00,x,1.066666666667e+00,-1.739495257371e-04,-1.600074249842e-04,-1.394210075292e-05
1.450000000000e+00,x,1.080000000000e+00,-1.701002106646e-04,-1.661751564194e-04,-3.925054245242e-06
1.450000000000e+00,x,1.093333333333e+00,-1.660365247412e-04,-1.726141061637e-04,6.577581422526e-06
1.450000000000e+00,x,1.106666666667e+00,-1.615008915391e-04,-1.793525288130e-04,1.785163727385e-05
1.450000000000e+00,x,1.120000000000e+00,-1.570598366123e-04,-1.864213093161e-04,2.936147270377e-05
1.450000000000e+00,x,1.133333333333e+00,-1.545972242568e-04,-1.938546826356e-04,3.925745837885e-05
1.450000000000e+00,x,1.146666666667e+00,-1.582199111475e-04,-2.016909825170e-04,4.347107136947e-05
1.450000000000e+00,x,1.160000000000e+00,-1.696837202118e-04,-2.099734316404e-04,4.028971142854e-05
1.450000000000e+00,x,1.173333333333e+00,-1.844815448175e-04,-2.187510013043e-04,3.426945648679e-05
1.450000000000e+00,x,1.186666666667e+00,-2.000620959831e-04,-2.280793814341e-04,2.801728545099e-05
1.450000000000e+00,x,1.200000000000e+00,-2.162492526160e-04,-2.380221106681e-04,2.177285805209e-05
1.450000000000e+00,x,1.213333333333e+00,-2.347174807337e-04,-2.486519219267e-04,1.393444119299e-05
1.450000000000e+00,x,1.226666666667e+00,-2.553363173485e-04,-2.600523622524e-04,4.716044903917e-06
1.450000000000e+00,x,1.240000000000e+00,-2.760667866705e-04,-2.723197482251e-04,-3.747038445367e-06
1.450000000000e+00,x,1.253333333333e+00,-2.956741759135e-04,-2.855655215089e-04,-1.010865440460e-05
1.450000000000e+00,x,1.266666666667e+00,-3.131683337080e-04,-2.999190748564e-04,-1.324925885160e-05
1.450000000000e+00,x,1.280000000000e+00,-3.276339941831e-04,-3.155311293163e-04,-1.210286486678e-05
1.450000000000e+00,x,1.293333333333e+00,-3.410688066209e-04,-3.325777611513e-04,-8.491045469585e-06
1.450000000000e+00,x,1.306666666667e+00,-3.563626437043e-04,-3.512652051919e-04,-5.097438512399e-06
1.450000000000e+00,x,1.320000000000e+00,-3.754095217782e-04,-3.718356028730e-04,-3.573918905212e-06
1.450000000000e+00,x,1.333333333333e+00,-3.989939923710e-04,-3.945739188481e-04,-4.420073522909e-06
1.450000000000e+00,x,1.346666666667e+00,-4.269096649025e-04,-4.198163158693e-04,-7.093349033203e-06
1.450000000000e+00,x,1.360000000000e+00,-4.587103905000e-04,-4.479603406275e-04,-1.075004987251e-05
1.450000000000e+00,x,1.373333333333e+00,-4.933681118833e-04,-4.794773064627e-04,-1.389080542066e-05
1.450000000000e+00,x,1.386666666667e+00,-5.296267955443e-04,-5.149272153969e-04,-1.469958014741e-05
1.450000000000e+00,x,1.400000000000e+00,-5.666170689220e-04,-5.549763698820e-04,-1.164069904000e-05
1.450000000000e+00,x,1.413333333333e+00,-6.050236164600e-04,-6.004173844879e-04,-4.606231972060e-06
1.450000000000e+00,x,1.426666666667e+00,-6.479296441423e-04,-6.521904957031e-04,4.260851560719e-06
1.450000000000e+00,x,1.440000000000e+00,-6.992375843156e-04,-7.114037491544e-04,1.216616483885e-05
1.450000000000e+00,x,1.453333333333e+00,-7.630410275786e-04,-7.793476988693e-04,1.630667129076e-05
1.450000000000e+00,x,1.466666666667e+00,-8.431119253446e-04,-8.574976235859e-04,1.438569824130e-05
1.450000000000e+00,x,1.480000000000e+00,-9.410712191241e-04,-9.474930123560e-04,6.421793231866e-06
1.450000000000e+00,x,1.493333333333e+00,-1.056198949740e-03,-1.051080451467e-03,-5.118498273303e-06
1.450000000000e+00,x,1.506666666667e+00,-1.187159798487e-03,-1.170002579877e-03,-1.715721861037e-05
1.450000000000e+00,x,1.520000000000e+00,-1.332329297542e-03,-1.305813314185e-03,-2.651598335694e-05
1.450000000000e+00,x,1.533333333333e+00,-1.490202567797e-03,-1.459599246180e-03,-3.060332161710e-05
1.450000000000e+00,x,1.546666666667e+00,-1.661117778364e-03,-1.631590408431e-03,-2.952736993264e-05
1.450000000000e+00,x,1.560000000000e+00,-1.846065293686e-03,-1.820651978809e-03,-2.541331487707e-05
1.450000000000e+00,x,1.573333333333e+00,-2.044918745338e-03,-2.023663208528e-03,-2.125553681005e-05
1.450000000000e+00,x,1.586666666667e+00,-2.255566670714e-03,-2.234811504452e-03,-2.075516626261e-05
1.450000000000e+00,x,1.600000000000e+00,-2.472660413709e-03,-2.444857613919e-03,-2.780279979039e-05
1.450000000000e+00,x,1.613333333333e+00,-2.685436547242e-03,-2.640460059989e-03,-4.497648725298e-05
1.450000000000e+00,x,1.626666666667e+00,-2.878884821852e-03,-2.803679221484e-03,-7.520560036759e-05
1.450000000000e+00,x,1.640000000000e+00,-3.034191504948e-03,-2.911807658947e-03,-1.223838460009e-04
1.450000000000e+00,x,1.653333333333e+00,-3.128693078147e-03,-2.937685876056e-03,-1.910072020910e-04
1.450000000000e+00,x,1.666666666667e+00,-3.130526155194e-03,-2.850653622875e-03,-2.798725323184e-04
1.450000000000e+00,x,1.680000000000e+00,-2.992892119781e-03,-2.618249127224e-03,-3.746429925561e-04
1.450000000000e+00,x,1.693333333333e+00,-2.669437885264e-03,-2.208698347277e-03,-4.607395379872e-04
1.450000000000e+00,x,1.706666666667e+00,-2.121024879817e-03,-1.594134552433e-03,-5.268903273846e-04
1.450000000000e+00,x,1.720000000000e+00,-1.321060220808e-03,-7.543629129465e-04,-5.666973078618e-04
1.450000000000e+00,x,1.733333333333e+00,-2.711251060164e-04,3.191498729005e-04,-5.902749789169e-04
1.450000000000e+00,x,1.746666666667e+00,9.950660404843e-04,1.619503430068e-03,-6.244373895839e-04
1.450000000000e+00,x,1.760000000000e+00,2.426327396918e-03,3.121337073908e-03,-6.950096769899e-04
1.450000000000e+00,x,1.773333333333e+00,3.956745068611e-03,4.779100640691e-03,-8.223555720802e-04
1.450000000000e+00,x,1.786666666667e+00,5.506403669891e-03,6.527117918212e-03,-1.020714248321e-03
1.450000000000e+00,x,1.800000000000e+00,6.967247119910e-03,8.281791886377e-03,-1.314544766468e-03
1.450000000000e+00,x,1.813333333333e+00,8.215562508118e-03,9.946072361235e-03,-1.730509853117e-03
1.450000000000e+00,x,1.826666666667e+00,9.131955638600e-03,1.141601834109e-02,-2.284062702488e-03
1.450000000000e+00,x,1.840000000000e+00,9.610235384221e-03,1.258897750376e-02,-2.978742119537e-03
1.450000000000e+00,x,1.853333333333e+00,9.569947510455e-03,1.337262215437e-02,-3.802674643913e-03
1.450000000000e+00,x,1.866666666667e+00,8.981702567129e-03,1.369387491117e-02,-4.712172344036e-03
1.450000000000e+00,x,1.880000000000e+00,7.854589195575e-03,1.350667159859e-02,-5.652082403012e-03
1.450000000000e+00,x,1.893333333333e+00,6.229819098547e-03,1.279756961983e-02,-6.567750521280e-03
1.450000000000e+00,x,1.906666666667e+00,4.181215555477e-03,1.158842049033e-02,-7.407204934848e-03
1.450000000000e+00,x,1.920000000000e+00,1.835332450333e-03,9.935662151734e-03,-8.100329701401e-03
1.450000000000e+00,x,1.933333333333e+00,-6.005371063418e-04,7.926203538584e-03,-8.526740644926e-03
1.450000000000e+00,x,1.946666666667e+00,-2.904012843428e-03,5.670307965505e-03,-8.574320808933e-03
1.450000000000e+00,x,1.960000000000e+00,-4.869255572404e-03,3.292265597868e-03,-8.161521170271e-03
1.450000000000e+00,x,1.973333333333e+00,-6.330560354251e-03,9.199183876424e-04,-7.250478741893e-03
1.450000000000e+00,x,1.986666666667e+00,-7.257276181830e-03,-1.325778146180e-03,-5.931498035649e-03
1.450000000000e+00,x,2.000000000000e+00,-7.775019775460e-03,-3.340018455199e-03,-4.435001320261e-03
1.450000000000e+00,y,-2.000000000000e+00,2.838278236738e-07,1.165727090220e-05,-1.137344307852e-05
1.450000000000e+00,y,-1.986666666667e+00,2.531276680920e-07,1.672772804214e-05,-1.647460037404e-05
1.450000000000e+00,y,-1.973333333333e+00,1.064917124389e-07,2.085804013860e-05,-2.075154842617e-05
1.450000000000e+00,y,-1.960000000000e+00,-5.494014061032e-08,2.368760264744e-05,-2.374254278805e-05
1.450000000000e+00,y,-1.946666666667e+00,-1.775337201734e-07,2.498016868082e-05,-2.515770240099e-05
1.450000000000e+00,y,-1.933333333333e+00,-2.509213599693e-07,2.465303945738e-05,-2.490396081735e-05
1.450000000000e+00,y,-1.920000000000e+00,-2.798941226557e-07,2.278294562193e-05,-2.306283974458e-05
1.450000000000e+00,y,-1.906666666667e+00,-2.790260559790e-07,1.958882568831e-05,-1.986785174429e-05
1.450000000000e+00,y,-1.893333333333e+00,-2.655949777823e-07,1.539630714868e-05,-1.566190212646e-05
1.450000000000e+00,y,-1.880000000000e+00,-2.450300083301e-07,1.059182513109e-05,-1.083685513942e-05
1.450000000000e+00,y,-1.866666666667e+00,-2.181405352905e-07,5.575312755366e-06,-5.793453290656e-06
1.450000000000e+00,y,-1.853333333333e+00,-1.869058336294e-07,7.192506078458e-07,-9.061564414752e-07
1.450000000000e+00,y,-1.840000000000e+00,-1.558915218969e-07,-3.660860389572e-06,3.504968867675e-06
1.450000000000e+00,y,-1.826666666667e+00,-1.363308037935e-07,-7.322915586911e-06,7.186584783117e-06
1.450000000000e+00,y,-1.813333333333e+00,-1.520605016129e-07,-1.010289119187e-05,9.950830690254e-06
1.450000000000e+00,y,-1.800000000000e+00,-2.309028438763e-07,-1.191119895155e-05,1.168029610767e-05
1.450000000000e+00,y,-1.786666666667e+00,-4.004361306716e-07,-1.272476567971e-05,1.232432954904e-05
1.450000000000e+00,y,-1.773333333333e+00,-6.845769018586e-07,-1.257827206006e-05,1.189369515820e-05
1.450000000000e+00,y,-1.760000000000e+00,-1.097883706914e-06,-1.155652082074e-05,1.045863711382e-05
1.450000000000e+00,y,-1.746666666667e+00,-1.639593458023e-06,-9.788188182335e-06,8.148594724312e-06
1.450000000000e+00,y,-1.733333333333e+00,-2.289153905062e-06,-7.439817960954e-06,5.150664055892e-06
1.450000000000e+00,y,-1.720000000000e+00,-2.998341808851e-06,-4.708250980947e-06,1.709909172096e-06
1.450000000000e+00,y,-1.706666666667e+00,-3.678926412911e-06,-1.809895916283e-06,-1.869030496628e-06
1.450000000000e+00,y,-1.693333333333e+00,-4.122787322990e-06,1.033772466275e-06,-5.156559789266e-06
1.450000000000e+00,y,-1.680000000000e+00,-4.025264227888e-06,3.613677709081e-06,-7.638941936969e-06
1.450000000000e+00,y,-1.666666666667e+00,-3.071921350189e-06,5.751309710070e-06,-8.823231060259e-06
1.450000000000e+00,y,-1.653333333333e+00,-9.679270388000e-07,7.314240685706e-06,-8.282167724506e-06
1.450000000000e+00,y,-1.640000000000e+00,2.546121507296e-06,8.225094362545e-06,-5.678972855249e-06
1.450000000000e+00,y,-1.626666666667e+00,7.768099915820e-06,8.460040747313e-06,-6.919408314930e-07
1.450000000000e+00,y,-1.613333333333e+00,1.486075931223e-05,8.033042875252e-06,6.827716436983e-06
1.450000000000e+00,y,-1.600000000000e+00,2.366580854702e-05,6.961918420148e-06,1.670389012687e-05
1.450000000000e+00,y,-1.586666666667e+00,3.356381543375e-05,5.211280286027e-06,2.835253514772e-05
1.450000000000e+00,y,-1.573333333333e+00,4.315371964598e-05,2.605302968211e-06,4.054841667777e-05
1.450000000000e+00,y,-1.560000000000e+00,4.969505961762e-05,-1.299728521505e-06,5.099478813913e-05
1.450000000000e+00,y,-1.546666666667e+00,4.956167894462e-05,-7.395917014901e-06,5.695759595952e-05
1.450000000000e+00,y,-1.533333333333e+00,3.835553441469e-05,-1.727056826994e-05,5.562610268463e-05
1.450000000000e+00,y,-1.520000000000e+00,1.089400129669e-05,-3.352742084246e-05,4.442142213915e-05
1.450000000000e+00,y,-1.506666666667e+00,-3.962245085651e-05,-6.017554869799e-05,2.055309784148e-05
1.450000000000e+00,y,-1.493333333333e+00,-1.220359592096e-04,-1.030507865141e-04,-1.898517269547e-05
1.450000000000e+00,y,-1.480000000000e+00,-2.452365754267e-04,-1.701905966081e-04,-7.504597881859e-05
1.450000000000e+00,y,-1.466666666667e+00,-4.173007220049e-04,-2.720264254147e-04,-1.452742965901e-04
1.450000000000e+00,y,-1.453333333333e+00,-6.446789100489e-04,-4.211978073200e-04,-2.234811027289e-04
1.450000000000e+00,y,-1.440000000000e+00,-9.305759685827e-04,-6.317492591314e-04,-2.988267094513e-04
1.450000000000e+00,y,-1.426666666667e+00,-1.274259055855e-03,-9.174727396264e-04,-3.567863162286e-04
1.450000000000e+00,y,-1.413333333333e+00,-1.671098484649e-03,-1.289237266822e-03,-3.818612178272e-04
1.450000000000e+00,y,-1.400000000000e+00,-2.111786004766e-03,-1.751328500757e-03,-3.604575040092e-04
1.450000000000e+00,y,-1.386666666667e+00,-2.580745105302e-03,-2.297108195169e-03,-2.836369101334e-04
1.450000000000e+00,y,-1.373333333333e+00,-3.049325640318e-03,-2.904662768800e-03,-1.446628715172e-04
1.450000000000e+00,y,-1.360000000000e+00,-3.480360766169e-03,-3.533462441327e-03,5.310167515860e-05
1.450000000000e+00,y,-1.346666666667e+00,-3.833461614534e-03,-4.123278058924e-03,2.898164443899e-04
1.450000000000e+00,y,-1.333333333333e+00,-4.067005573436e-03,-4.596568215076e-03,5.295626416394e-04
1.450000000000e+00,y,-1.320000000000e+00,-4.139979177211e-03,-4.865150707523e-03,7.251715303123e-04
1.450000000000e+00,y,-1.306666666667e+00,-4.013460868026e-03,-4.841187868013e-03,8.277269999867e-04
1.450000000000e+00,y,-1.293333333333e+00,-3.654389957498e-03,-4.451445947325e-03,7.970559898274e-04
1.450000000000e+00,y,-1.280000000000e+00,-3.039196499831e-03,-3.652666676965e-03,6.134701771340e-04
1.450000000000e+00,y,-1.266666666667e+00,-2.157334854455e-03,-2.445037285269e-03,2.877024308141e-04
1.450000000000e+00,y,-1.253333333333e+00,-1.023737407392e-03,-8.804894607142e-04,-1.432479466779e-04
1.450000000000e+00,y,-1.240000000000e+00,3.105121972307e-04,9.368868518036e-04,-6.263746545729e-04
1.450000000000e+00,y,-1.226666666667e+00,1.777062792520e-03,2.859658332392e-03,-1.082595539872e-03
1.450000000000e+00,y,-1.213333333333e+00,3.295605048963e-03,4.714500648089e-03,-1.418895599125e-03
1.450000000000e+00,y,-1.200000000000e+00,4.777193606862e-03,6.325663640507e-03,-1.548470033645e-03
1.450000000000e+00,y,-1.186666666667e+00,6.122682748001e-03,7.540247594665e-03,-1.417564846664e-03
1.450000000000e+00,y,-1.173333333333e+00,7.227637856949e-03,8.250440756261e-03,-1.022802899312e-03
1.450000000000e+00,y,-1.160000000000e+00,7.995087587439e-03,8.408379018178e-03,-4.132914307392e-04
1.450000000000e+00,y,-1.146666666667e+00,8.343555270115e-03,8.030857758580e-03,3.126975115343e-04
1.450000000000e+00,y,-1.133333333333e+00,8.217926243934e-03,7.193343831864e-03,1.024582412070e-03
1.450000000000e+00,y,-1.120000000000e+00,7.625613386812e-03,6.015010723490e-03,1.610602663323e-03
1.450000000000e+00,y,-1.106666666667e+00,6.621849506064e-03,4.638263356474e-03,1.983586149590e-03
1.450000000000e+00,y,-1.093333333333e+00,5.286772578976e-03,3.207024674245e-03,2.079747904731e-03
1.450000000000e+00,y,-1.080000000000e+00,3.720166177690e-03,1.847809129818e-03,1.872357047872e-03
1.450000000000e+00,y,-1.066666666667e+00,2.038314312521e-03,6.564922033793e-04,1.381822109142e-03
1.450000000000e+00,y,-1.053333333333e+00,3.765166366700e-04,-3.079062770253e-04,6.844229136953e-04
1.450000000000e+00,y,-1.040000000000e+00,-1.127666489952e-03,-1.022713033938e-03,-1.049534560142e-04
1.450000000000e+00,y,-1.026666666667e+00,-2.347894375862e-03,-1.495888926774e-03,-8.520054490883e-04
1.450000000000e+00,y,-1.013333333333e+00,-3.179669409849e-03,-1.757283199463e-03,-1.422386210386e-03
1.450000000000e+00,y,-1.000000000000e+00,-3.571167634590e-03,-1.849065151060e-03,-1.722102483529e-03
1.450000000000e+00,y,-9.866666666667e-01,-3.555450427539e-03,-1.817115994799e-03,-1.738334432741e-03
1.450000000000e+00,y,-9.733333333333e-01,-3.202578237457e-03,-1.704486885896e-03,-1.498091351561e-03
1.450000000000e+00,y,-9.600000000000e-01,-2.604808633573e-03,-1.547325107765e-03,-1.057483525808e-03
1.450000000000e+00,y,-9.466666666667e-01,-1.867606468771e-03,-1.373103198889e-03,-4.945032698818e-04
1.450000000000e+00,y,-9.333333333333e-01,-1.097608977818e-03,-1.200636009482e-03,1.030270316642e-04
1.450000000000e+00,y,-9.200000000000e-01,-3.940688402662e-04,-1.041241072696e-03,6.471722324302e-04
1.450000000000e+00,y,-9.066666666667e-01,1.545296790993e-04,-9.004384597022e-04,1.054968138801e-03
1.450000000000e+00,y,-8.933333333333e-01,4.776909253817e-04,-7.797261285832e-04,1.257417053965e-03
1.450000000000e+00,y,-8.800000000000e-01,5.330771941485e-04,-6.781385502231e-04,1.211215744372e-03
1.450000000000e+00,y,-8.666666666667e-01,3.489806692537e-04,-5.934521466282e-04,9.424328158820e-04
1.450000000000e+00,y,-8.533333333333e-01,5.602826074744e-06,-5.230160504162e-04,5.286188764910e-04
1.450000000000e+00,y,-8.400000000000e-01,-4.015171237614e-04,-4.642556290892e-04,6.273850532773e-05
1.450000000000e+00,y,-8.266666666667e-01,-7.737459695749e-04,-4.149261592016e-04,-3.588198103733e-04
1.450000000000e+00,y,-8.133333333333e-01,-1.027598999727e-03,-3.731971374037e-04,-6.544018623229e-04
1.450000000000e+00,y,-8.000000000000e-01,-1.133347586401e-03,-3.376360251574e-04,-7.957115612435e-04
1.450000000000e+00,y,-7.866666666667e-01,-1.091770299876e-03,-3.071429643665e-04,-7.846273355093e-04
1.450000000000e+00,y,-7.733333333333e-01,-9.200760903145e-04,-2.808708980623e-04,-6.392051922522e-04
1.450000000000e+00,y,-7.600000000000e-01,-6.489258535907e-04,-2.581513571064e-04,-3.907744964843e-04
1.450000000000e+00,y,-7.466666666667e-01,-3.221439849287e-04,-2.384357367412e-04,-8.370824818748e-05
1.450000000000e+00,y,-7.333333333333e-01,2.343924138403e-06,-2.212549408409e-04,2.235988649793e-04
1.450000000000e+00,y,-7.200000000000e-01,2.654174343384e-04,-2.061961505126e-04,4.716135848510e-04
1.450000000000e+00,y,-7.066666666667e-01,4.149099623760e-04,-1.928934248778e-04,6.078033872538e-04
1.450000000000e+00,y,-6.933333333333e-01,4.127531823776e-04,-1.810281633883e-04,5.937813457659e-04
1.450000000000e+00,y,-6.800000000000e-01,2.631806681096e-04,-1.703355452475e-04,4.335162133571e-04
1.450000000000e+00,y,-6.666666666667e-01,2.104169464359e-05,-1.606134327076e-04,1.816551273512e-04
1.450000000000e+00,y,-6.533333333333e-01,-2.454031192740e-04,-1.517305665327e-04,-9.367255274131e-05
1.450000000000e+00,y,-6.400000000000e-01,-4.660677989779e-04,-1.436310815923e-04,-3.224367173856e-04
1.450000000000e+00,y,-6.266666666667e-01,-5.805736614914e-04,-1.363325264003e-04,-4.442411350910e-04
1.450000000000e+00,y,-6.133333333333e-01,-5.740231815778e-04,-1.299149436666e-04,-4.441082379112e-04
1.450000000000e+00,y,-6.000000000000e-01,-4.698710292852e-04,-1.244994751938e-04,-3.453715540914e-04
1.450000000000e+00,y,-5.866666666667e-01,-3.040602914524e-04,-1.202166115281e-04,-1.838436799243e-04
1.450000000000e+00,y,-5.733333333333e-01,-1.190421385394e-04,-1.171665817826e-04,-1.875556756862e-06
1.450000000000e+00,y,-5.600000000000e-01,4.385189299354e-05,-1.153770933184e-04,1.592289863120e-04
1.450000000000e+00,y,-5.466666666667e-01,1.594692557172e-04,-1.147659776348e-04,2.742352333520e-04
1.450000000000e+00,y,-5.333333333333e-01,2.134979349306e-04,-1.151174021020e-04,3.286153370326e-04
1.450000000000e+00,y,-5.200000000000e-01,1.989597452684e-04,-1.160794036455e-04,3.150391489139e-04
1.450000000000e+00,y,-5.066666666667e-01,1.169373091641e-04,-1.171872658775e-04,2.341245750416e-04
1.450000000000e+00,y,-4.933333333333e-01,-1.869293126866e-05,-1.179120628839e-04,9.921913161524e-05
1.450000000000e+00,y,-4.800000000000e-01,-1.732559834132e-04,-1.177276442407e-04,-5.552833917242e-05
1.450000000000e+00,y,-4.666666666667e-01,-3.066289289658e-04,-1.161840775010e-04,-1.904448514648e-04
1.450000000000e+00,y,-4.533333333333e-01,-3.812065184331e-04,-1.129727950444e-04,-2.682337233888e-04
1.450000000000e+00,y,-4.400000000000e-01,-3.676469995128e-04,-1.079695816993e-04,-2.596774178136e-04
1.450000000000e+00,y,-4.266666666667e-01,-2.654701821572e-04,-1.012462351976e-04,-1.642239469596e-04
1.450000000000e+00,y,-4.133333333333e-01,-1.124256478234e-04,-9.304916777984e-05,-1.937648004358e-05
1.450000000000e+00,y,-4.000000000000e-01,4.424163278268e-05,-8.375134788171e-05,1.279929806644e-04
1.450000000000e+00,y,-3.866666666667e-01,1.569956401568e-04,-7.379039467859e-05,2.307860348354e-04
1.450000000000e+00,y,-3.733333333333e-01,1.865662469189e-04,-6.360836007763e-05,2.501746069965e-04
1.450000000000e+00,y,-3.600000000000e-01,1.309247823293e-04,-5.360691784768e-05,1.845317001769e-04
1.450000000000e+00,y,-3.466666666667e-01,2.106539743027e-05,-4.412593456107e-05,6.519133199134e-05
1.450000000000e+00,y,-3.333333333333e-01,-1.038455522000e-04,-3.544559355879e-05,-6.839995864117e-05
1.450000000000e+00,y,-3.200000000000e-01,-2.032101311089e-04,-2.780488592352e-05,-1.754052451854e-04
1.450000000000e+00,y,-3.066666666667e-01,-2.441498894841e-04,-2.142466334370e-05,-2.227252261404e-04
1.450000000000e+00,y,-2.933333333333e-01,-2.254479839695e-04,-1.652289552004e-05,-2.089250884495e-04
1.450000000000e+00,y,-2.800000000000e-01,-1.644515559213e-04,-1.331326277333e-05,-1.511382931480e-04
1.450000000000e+00,y,-2.666666666667e-01,-8.427069182072e-05,-1.198444420843e-05,-7.228624761229e-05
1.450000000000e+00,y,-2.533333333333e-01,-1.002345114305e-05,-1.266435980240e-05,2.640908659358e-06
1.450000000000e+00,y,-2.400000000000e-01,3.807818189371e-05,-1.537905094982e-05,5.345723284353e-05
1.450000000000e+00,y,-2.266666666667e-01,5.549871348326e-05,-2.001829536878e-05,7.551700885203e-05
1.450000000000e+00,y,-2.133333333333e-01,4.449856099564e-05,-2.631891293374e-05,7.081747392938e-05
1.450000000000e+00,y,-2.000000000000e-01,1.100791386816e-05,-3.387255708366e-05,4.488047095182e-05
1.450000000000e+00,y,-1.866666666667e-01,-3.632182497625e-05,-4.215892758936e-05,5.837102613110e-06
1.450000000000e+00,y,-1.733333333333e-01,-8.700006376887e-05,-5.059944402360e-05,-3.640061974528e-05
1.450000000000e+00,y,-1.600000000000e-01,-1.297263599301e-04,-5.862198315100e-05,-7.110437677912e-05
1.450000000000e+00,y,-1.466666666667e-01,-1.540260137141e-04,-6.572526391915e-05,-8.830074979495e-05
1.450000000000e+00,y,-1.333333333333e-01,-1.517718309145e-04,-7.153209767840e-05,-8.023973323611e-05
1.450000000000e+00,y,-1.200000000000e-01,-1.188611503457e-04,-7.582356554728e-05,-4.303758479841e-05
1.450000000000e+00,y,-1.066666666667e-01,-6.284542685851e-05,-7.855032582334e-05,1.570489896484e-05
1.450000000000e+00,y,-9.333333333333e-02,-1.624179648251e-06,-7.982160425792e-05,7.819742460967e-05
1.450000000000e+00,y,-8.000000000000e-02,4.557058974200e-05,-7.987600983652e-05,1.254465995785e-04
1.450000000000e+00,y,-6.666666666667e-02,6.148546278736e-05,-7.904051431651e-05,1.405259771039e-04
1.450000000000e+00,y,-5.333333333333e-02,3.530179414271e-05,-7.768453450581e-05,1.129863286485e-04
1.450000000000e+00,y,-4.000000000000e-02,-2.352389758122e-05,-7.617527095060e-05,5.265137336938e-05
1.450000000000e+00,y,-2.666666666667e-02,-9.343779692946e-05,-7.483878286214e-05,-1.859901406732e-05
1.450000000000e+00,y,-1.333333333333e-02,-1.508558522387e-04,-7.392932995499e-05,-7.692652228376e-05
1.450000000000e+00,y,0.000000000000e+00,-1.740488127520e-04,-7.360784062447e-05,-1.004409721276e-04
1.450000000000e+00,y,1.333333333333e-02,-1.508563134459e-04,-7.392932995499e-05,-7.692698349094e-05
1.450000000000e+00,y,2.666666666667e-02,-9.343868601892e-05,-7.483878286214e-05,-1.859990315678e-05
1.450000000000e+00,y,4.000000000000e-02,-2.352514363469e-05,-7.617527095060e-05,5.265012731591e-05
1.450000000000e+00,y,5.333333333333e-02,3.530029915305e-05,-7.768453450581e-05,1.129848336589e-04
1.450000000000e+00,y,6.666666666667e-02,6.148386106386e-05,-7.904051431651e-05,1.405243753804e-04
1.450000000000e+00,y,8.000000000000e-02,4.556902195757e-05,-7.987600983652e-05,1.254450317941e-04
1.450000000000e+00,y,9.333333333333e-02,-1.625609673979e-06,-7.982160425792e-05,7.819599458394e-05
1.450000000000e+00,y,1.066666666667e-01,-6.284665645356e-05,-7.855032582334e-05,1.570366936978e-05
1.450000000000e+00,y,1.200000000000e-01,-1.188621729756e-04,-7.582356554728e-05,-4.303860742835e-05
1.450000000000e+00,y,1.333333333333e-01,-1.517726788352e-04,-7.153209767840e-05,-8.024058115679e-05
1.450000000000e+00,y,1.466666666667e-01,-1.540267534683e-04,-6.572526391915e-05,-8.830148954916e-05
1.450000000000e+00,y,1.600000000000e-01,-1.297270573824e-04,-5.862198315100e-05,-7.110507423138e-05
1.450000000000e+00,y,1.733333333333e-01,-8.700078607147e-05,-5.059944402360e-05,-3.640134204787e-05
1.450000000000e+00,y,1.866666666667e-01,-3.632262921286e-05,-4.215892758936e-05,5.836298376506e-06
1.450000000000e+00,y,2.000000000000e-01,1.100699262338e-05,-3.387255708366e-05,4.487954970704e-05
1.450000000000e+00,y,2.133333333333e-01,4.449748935562e-05,-2.631891293374e-05,7.081640228935e-05
1.450000000000e+00,y,2.266666666667e-01,5.549748068559e-05,-2.001829536878e-05,7.551577605437e-05
1.450000000000e+00,y,2.400000000000e-01,3.807679817833e-05,-1.537905094982e-05,5.345584912815e-05
1.450000000000e+00,y,2.533333333333e-01,-1.002494687282e-05,-1.266435980240e-05,2.639412929583e-06
1.450000000000e+00,y,2.666666666667e-01,-8.427223815201e-05,-1.198444420843e-05,-7.228779394358e-05
1.450000000000e+00,y,2.800000000000e-01,-1.644531084673e-04,-1.331326277333e-05,-1.511398456940e-04
1.450000000000e+00,y,2.933333333333e-01,-2.254495175899e-04,-1.652289552004e-05,-2.089266220698e-04
1.450000000000e+00,y,3.066666666667e-01,-2.441513954509e-04,-2.142466334370e-05,-2.227267321072e-04
1.450000000000e+00,y,3.200000000000e-01,-2.032116231348e-04,-2.780488592352e-05,-1.754067372112e-04
1.450000000000e+00,y,3.333333333333e-01,-1.038470476609e-04,-3.544559355879e-05,-6.840145410213e-05
1.450000000000e+00,y,3.466666666667e-01,2.106390179246e-05,-4.412593456107e-05,6.518983635353e-05
1.450000000000e+00,y,3.600000000000e-01,1.309233049901e-04,-5.360691784768e-05,1.845302228378e-04
1.450000000000e+00,y,3.733333333333e-01,1.865648279860e-04,-6.360836007763e-05,2.501731880636e-04
1.450000000000e+00,y,3.866666666667e-01,1.569943428134e-04,-7.379039467859e-05,2.307847374920e-04
1.450000000000e+00,y,4.000000000000e-01,4.424051838826e-05,-8.375134788171e-05,1.279918662700e-04
1.450000000000e+00,y,4.133333333333e-01,-1.124265302439e-04,-9.304916777984e-05,-1.937736246411e-05
1.450000000000e+00,y,4.266666666667e-01,-2.654708055816e-04,-1.012462351976e-04,-1.642245703840e-04
1.450000000000e+00,y,4.400000000000e-01,-3.676473534952e-04,-1.079695816993e-04,-2.596777717959e-04
1.450000000000e+00,y,4.533333333333e-01,-3.812066061811e-04,-1.129727950444e-04,-2.682338111367e-04
1.450000000000e+00,y,4.666666666667e-01,-3.066287662113e-04,-1.161840775010e-04,-1.904446887103e-04
1.450000000000e+00,y,4.800000000000e-01,-1.732555842965e-04,-1.177276442407e-04,-5.552794005572e-05
1.450000000000e+00,y,4.933333333333e-01,-1.869229947352e-05,-1.179120628839e-04,9.921976341038e-05
1.450000000000e+00,y,5.066666666667e-01,1.169381788226e-04,-1.171872658775e-04,2.341254447000e-04
1.450000000000e+00,y,5.200000000000e-01,1.989608435931e-04,-1.160794036455e-04,3.150402472386e-04
1.450000000000e+00,y,5.333333333333e-01,2.134992433047e-04,-1.151174021020e-04,3.286166454067e-04
1.450000000000e+00,y,5.466666666667e-01,1.594707292354e-04,-1.147659776348e-04,2.742367068702e-04
1.450000000000e+00,y,5.600000000000e-01,4.385345498729e-05,-1.153770933184e-04,1.592305483057e-04
1.450000000000e+00,y,5.733333333333e-01,-1.190405821593e-04,-1.171665817826e-04,-1.874000376725e-06
1.450000000000e+00,y,5.866666666667e-01,-3.040588368566e-04,-1.202166115281e-04,-1.838422253285e-04
1.450000000000e+00,y,6.000000000000e-01,-4.698697797608e-04,-1.244994751938e-04,-3.453703045670e-04
1.450000000000e+00,y,6.133333333333e-01,-5.740222042715e-04,-1.299149436666e-04,-4.441072606049e-04
1.450000000000e+00,y,6.266666666667e-01,-5.805730112062e-04,-1.363325264003e-04,-4.442404848059e-04
1.450000000000e+00,y,6.400000000000e-01,-4.660674981556e-04,-1.436310815923e-04,-3.224364165634e-04
1.450000000000e+00,y,6.533333333333e-01,-2.454031642450e-04,-1.517305665327e-04,-9.367259771230e-05
1.450000000000e+00,y,6.666666666667e-01,2.104135131143e-05,-1.606134327076e-04,1.816547840190e-04
1.450000000000e+00,y,6.800000000000e-01,2.631801042021e-04,-1.703355452475e-04,4.335156494496e-04
1.450000000000e+00,y,6.933333333333e-01,4.127525042371e-04,-1.810281633883e-04,5.937806676254e-04
1.450000000000e+00,y,7.066666666667e-01,4.149092771423e-04,-1.928934248778e-04,6.078027020201e-04
1.450000000000e+00,y,7.200000000000e-01,2.654168508836e-04,-2.061961505126e-04,4.716130013962e-04
1.450000000000e+00,y,7.333333333333e-01,2.343532688927e-06,-2.212549408409e-04,2.235984735298e-04
1.450000000000e+00,y,7.466666666667e-01,-3.221441288555e-04,-2.384357367412e-04,-8.370839211434e-05
1.450000000000e+00,y,7.600000000000e-01,-6.489257306098e-04,-2.581513571064e-04,-3.907743735035e-04
1.450000000000e+00,y,7.733333333333e-01,-9.200757130209e-04,-2.808708980623e-04,-6.392048149586e-04
1.450000000000e+00,y,7.866666666667e-01,-1.091769723322e-03,-3.071429643665e-04,-7.846267589550e-04
1.450000000000e+00,y,8.000000000000e-01,-1.133346888539e-03,-3.376360251574e-04,-7.957108633819e-04
1.450000000000e+00,y,8.133333333333e-01,-1.027598286039e-03,-3.731971374037e-04,-6.544011486357e-04
1.450000000000e+00,y,8.266666666667e-01,-7.737453620006e-04,-4.149261592016e-04,-3.588192027989e-04
1.450000000000e+00,y,8.400000000000e-01,-4.015167318375e-04,-4.642556290892e-04,6.273889725161e-05
1.450000000000e+00,y,8.533333333333e-01,5.602924142963e-06,-5.230160504162e-04,5.286189745592e-04
1.450000000000e+00,y,8.666666666667e-01,3.489804280894e-04,-5.934521466282e-04,9.424325747176e-04
1.450000000000e+00,y,8.800000000000e-01,5.330766293942e-04,-6.781385502231e-04,1.211215179617e-03
1.450000000000e+00,y,8.933333333333e-01,4.776900826363e-04,-7.797261285832e-04,1.257416211220e-03
1.450000000000e+00,y,9.066666666667e-01,1.545286445078e-04,-9.004384597022e-04,1.054967104210e-03
1.450000000000e+00,y,9.200000000000e-01,-3.940699748882e-04,-1.041241072696e-03,6.471710978083e-04
1.450000000000e+00,y,9.333333333333e-01,-1.097610119117e-03,-1.200636009482e-03,1.030258903653e-04
1.450000000000e+00,y,9.466666666667e-01,-1.867607531596e-03,-1.373103198889e-03,-4.945043327076e-04
1.450000000000e+00,y,9.600000000000e-01,-2.604809539566e-03,-1.547325107765e-03,-1.057484431802e-03
1.450000000000e+00,y,9.733333333333e-01,-3.202578925454e-03,-1.704486885896e-03,-1.498092039558e-03
1.450000000000e+00,y,9.866666666667e-01,-3.555450858482e-03,-1.817115994799e-03,-1.738334863684e-03
1.450000000000e+00,y,1.000000000000e+00,-3.571167799644e-03,-1.849065151060e-03,-1.722102648584e-03
1.450000000000e+00,y,1.013333333333e+00,-3.179669321754e-03,-1.757283199463e-03,-1.422386122290e-03
1.450000000000e+00,y,1.026666666667e+00,-2.347894075928e-03,-1.495888926774e-03,-8.520051491544e-04
1.450000000000e+00,y,1.040000000000e+00,-1.127666031674e-03,-1.022713033938e-03,-1.049529977358e-04
1.450000000000e+00,y,1.053333333333e+00,3.765171976689e-04,-3.079062770253e-04,6.844234746942e-04
1.450000000000e+00,y,1.066666666667e+00,2.038314923023e-03,6.564922033793e-04,1.381822719644e-03
1.450000000000e+00,y,1.080000000000e+00,3.720166790115e-03,1.847809129818e-03,1.872357660297e-03
1.450000000000e+00,y,1.093333333333e+00,5.286773162141e-03,3.207024674245e-03,2.079748487896e-03
1.450000000000e+00,y,1.106666666667e+00,6.621850027964e-03,4.638263356474e-03,1.983586671490e-03
1.450000000000e+00,y,1.120000000000e+00,7.625613820864e-03,6.015010723490e-03,1.610603097375e-03
1.450000000000e+00,y,1.133333333333e+00,8.217926574552e-03,7.193343831864e-03,1.024582742689e-03
1.450000000000e+00,y,1.146666666667e+00,8.343555484129e-03,8.030857758580e-03,3.126977255487e-04
1.450000000000e+00,y,1.160000000000e+00,7.995087693288e-03,8.408379018178e-03,-4.132913248897e-04
1.450000000000e+00,y,1.173333333333e+00,7.227637864163e-03,8.250440756261e-03,-1.022802892098e-03
1.450000000000e+00,y,1.186666666667e+00,6.122682671470e-03,7.540247594665e-03,-1.417564923195e-03
1.450000000000e+00,y,1.200000000000e+00,4.777193467333e-03,6.325663640507e-03,-1.548470173174e-03
1.450000000000e+00,y,1.213333333333e+00,3.295604875521e-03,4.714500648089e-03,-1.418895772568e-03
1.450000000000e+00,y,1.226666666667e+00,1.777062607485e-03,2.859658332392e-03,-1.082595724907e-03
1.450000000000e+00,y,1.240000000000e+00,3.105120212699e-04,9.368868518036e-04,-6.263748305337e-04
1.450000000000e+00,y,1.253333333333e+00,-1.023737559336e-03,-8.804894607142e-04,-1.432480986220e-04
1.450000000000e+00,y,1.266666666667e+00,-2.157334968976e-03,-2.445037285269e-03,2.877023162935e-04
1.450000000000e+00,y,1.280000000000e+00,-3.039196567210e-03,-3.652666676965e-03,6.134701097551e-04
1.450000000000e+00,y,1.293333333333e+00,-3.654389985974e-03,-4.451445947325e-03,7.970559613514e-04
1.450000000000e+00,y,1.306666666667e+00,-4.013460852847e-03,-4.841187868013e-03,8.277270151653e-04
1.450000000000e+00,y,1.320000000000e+00,-4.139979122261e-03,-4.865150707523e-03,7.251715852618e-04
1.450000000000e+00,y,1.333333333333e+00,-4.067005485892e-03,-4.596568215076e-03,5.295627291834e-04
1.450000000000e+00,y,1.346666666667e+00,-3.833461508705e-03,-4.123278058924e-03,2.898165502195e-04
1.450000000000e+00,y,1.360000000000e+00,-3.480360652237e-03,-3.533462441327e-03,5.310178909022e-05
1.450000000000e+00,y,1.373333333333e+00,-3.049325535784e-03,-2.904662768800e-03,-1.446627669838e-04
1.450000000000e+00,y,1.386666666667e+00,-2.580745006895e-03,-2.297108195169e-03,-2.836368117261e-04
1.450000000000e+00,y,1.400000000000e+00,-2.111785928370e-03,-1.751328500757e-03,-3.604574276133e-04
1.450000000000e+00,y,1.413333333333e+00,-1.671098436826e-03,-1.289237266822e-03,-3.818611700046e-04
1.450000000000e+00,y,1.426666666667e+00,-1.274259024620e-03,-9.174727396264e-04,-3.567862849938e-04
1.450000000000e+00,y,1.440000000000e+00,-9.305759609246e-04,-6.317492591314e-04,-2.988267017932e-04
1.450000000000e+00,y,1.453333333333e+00,-6.446789245587e-04,-4.211978073200e-04,-2.234811172387e-04
1.450000000000e+00,y,1.466666666667e+00,-4.173007489638e-04,-2.720264254147e-04,-1.452743235491e-04
1.450000000000e+00,y,1.480000000000e+00,-2.452366036918e-04,-1.701905966081e-04,-7.504600708368e-05
1.450000000000e+00,y,1.493333333333e+00,-1.220359905869e-04,-1.030507865141e-04,-1.898520407273e-05
1.450000000000e+00,y,1.506666666667e+00,-3.962247670897e-05,-6.017554869799e-05,2.055307198903e-05
1.450000000000e+00,y,1.520000000000e+00,1.089397942950e-05,-3.352742084246e-05,4.442140027196e-05
1.450000000000e+00,y,1.533333333333e+00,3.835552103710e-05,-1.727056826994e-05,5.562608930704e-05
1.450000000000e+00,y,1.546666666667e+00,4.956166711218e-05,-7.395917014901e-06,5.695758412708e-05
1.450000000000e+00,y,1.560000000000e+00,4.969506106241e-05,-1.299728521505e-06,5.099478958391e-05
1.450000000000e+00,y,1.573333333333e+00,4.315372143228e-05,2.605302968211e-06,4.054841846407e-05
1.450000000000e+00,y,1.586666666667e+00,3.356381231147e-05,5.211280286027e-06,2.835253202544e-05
1.450000000000e+00,y,1.600000000000e+00,2.366581099940e-05,6.961918420148e-06,1.670389257926e-05
1.450000000000e+00,y,1.613333333333e+00,1.486076669773e-05,8.033042875252e-06,6.827723822482e-06
1.450000000000e+00,y,1.626666666667e+00,7.768105813846e-06,8.460040747313e-06,-6.919349334662e-07
1.450000000000e+00,y,1.640000000000e+00,2.546125847686e-06,8.225094362545e-06,-5.678968514860e-06
1.450000000000e+00,y,1.653333333333e+00,-9.679275551874e-07,7.314240685706e-06,-8.282168240893e-06
1.450000000000e+00,y,1.666666666667e+00,-3.071924123155e-06,5.751309710070e-06,-8.823233833225e-06
1.450000000000e+00,y,1.680000000000e+00,-4.025271150585e-06,3.613677709081e-06,-7.638948859666e-06
1.450000000000e+00,y,1.693333333333e+00,-4.122792070700e-06,1.033772466275e-06,-5.156564536975e-06
1.450000000000e+00,y,1.706666666667e+00,-3.678933479704e-06,-1.809895916283e-06,-1.869037563421e-06
1.450000000000e+00,y,1.720000000000e+00,-2.998351578311e-06,-4.708250980947e-06,1.709899402636e-06
1.450000000000e+00,y,1.733333333333e+00,-2.289158616674e-06,-7.439817960954e-06,5.150659344281e-06
1.450000000000e+00,y,1.746666666667e+00,-1.639592357945e-06,-9.788188182335e-06,8.148595824390e-06
1.450000000000e+00,y,1.760000000000e+00,-1.097888977429e-06,-1.155652082074e-05,1.045863184331e-05
1.450000000000e+00,y,1.773333333333e+00,-6.845806051222e-07,-1.257827206006e-05,1.189369145494e-05
1.450000000000e+00,y,1.786666666667e+00,-4.004380970139e-07,-1.272476567971e-05,1.232432758269e-05
1.450000000000e+00,y,1.800000000000e+00,-2.308966304232e-07,-1.191119895155e-05,1.168030232112e-05
1.450000000000e+00,y,1.813333333333e+00,-1.520580367949e-07,-1.010289119187e-05,9.950833155072e-06
1.450000000000e+00,y,1.826666666667e+00,-1.363258749413e-07,-7.322915586911e-06,7.186589711970e-06
1.450000000000e+00,y,1.840000000000e+00,-1.558833214066e-07,-3.660860389572e-06,3.504977068165e-06
1.450000000000e+00,y,1.853333333333e+00,-1.868989701200e-07,7.192506078458e-07,-9.061495779657e-07
1.450000000000e+00,y,1.866666666667e+00,-2.181394486548e-07,5.575312755366e-06,-5.793452204020e-06
1.450000000000e+00,y,1.880000000000e+00,-2.450299517264e-07,1.059182513109e-05,-1.083685508282e-05
1.450000000000e+00,y,1.893333333333e+00,-2.655965798189e-07,1.539630714868e-05,-1.566190372849e-05
1.450000000000e+00,y,1.906666666667e+00,-2.790261670641e-07,1.958882568831e-05,-1.986785185538e-05
1.450000000000e+00,y,1.920000000000e+00,-2.798952202520e-07,2.278294562193e-05,-2.306284084218e-05
1.450000000000e+00,y,1.933333333333e+00,-2.509196991003e-07,2.465303945738e-05,-2.490395915648e-05
1.450000000000e+00,y,1.946666666667e+00,-1.775255696016e-07,2.498016868082e-05,-2.515769425042e-05
1.450000000000e+00,y,1.960000000000e+00,-5.494412121824e-08,2.368760264744e-05,-2.374254676866e-05
1.450000000000e+00,y,1.973333333333e+00,1.064947133627e-07,2.085804013860e-05,-2.075154542524e-05
1.450000000000e+00,y,1.986666666667e+00,2.531274927006e-07,1.672772804214e-05,-1.647460054944e-05
1.450000000000e+00,y,2.000000000000e+00,2.838355535196e-07,1.165727090220e-05,-1.137343534868e-05
