t,x,p_dibem,p_exact,error
8.000000000000e-01,-1.500000000000e+00,-1.283878680389e-10,-9.698637913684e-11,-3.140148890203e-11
8.000000000000e-01,-1.490000000000e+00,1.345449353341e-09,-9.698756926273e-11,1.442436922603e-09
8.000000000000e-01,-1.480000000000e+00,5.092124175831e-10,-9.698876033813e-11,6.062011779212e-10
8.000000000000e-01,-1.470000000000e+00,-7.135689916875e-10,-9.698993482774e-11,-6.165790568598e-10
8.000000000000e-01,-1.460000000000e+00,-1.350708632371e-09,-9.699109489584e-11,-1.253717537475e-09
8.000000000000e-01,-1.450000000000e+00,-1.305911176853e-09,-9.699227215444e-11,-1.208918904698e-09
8.000000000000e-01,-1.440000000000e+00,-7.639089561279e-10,-9.699340573759e-11,-6.669155503904e-10
8.000000000000e-01,-1.430000000000e+00,-8.433326282377e-11,-9.699455530360e-11,1.266129247983e-11
8.000000000000e-01,-1.420000000000e+00,3.578124858517e-10,-9.699569430433e-11,4.548081801561e-10
8.000000000000e-01,-1.410000000000e+00,4.929153581601e-10,-9.699680335524e-11,5.899121615154e-10
8.000000000000e-01,-1.400000000000e+00,4.044230837305e-10,-9.699792308410e-11,5.014210068146e-10
8.000000000000e-01,-1.390000000000e+00,1.983617810033e-10,-9.699904934813e-11,2.953608303514e-10
8.000000000000e-01,-1.380000000000e+00,-1.697474467475e-11,-9.700014032146e-11,8.002539564672e-11
8.000000000000e-01,-1.370000000000e+00,-1.600733906123e-10,-9.700121670420e-11,-6.307217390809e-11
8.000000000000e-01,-1.360000000000e+00,-2.004281415607e-10,-9.700229946345e-11,-1.034258420973e-10
8.000000000000e-01,-1.350000000000e+00,-1.501879772590e-10,-9.700337870673e-11,-5.318459855222e-11
8.000000000000e-01,-1.340000000000e+00,-5.447966808302e-11,-9.700445058497e-11,4.252478250195e-11
8.000000000000e-01,-1.330000000000e+00,1.557888793814e-11,-9.700551902839e-11,1.125844069665e-10
8.000000000000e-01,-1.320000000000e+00,2.700414608959e-11,-9.700658488464e-11,1.240107309742e-10
8.000000000000e-01,-1.310000000000e+00,1.892366953998e-11,-9.700762105939e-11,1.159312905994e-10
8.000000000000e-01,-1.300000000000e+00,1.563500837237e-11,-9.700867482236e-11,1.126436831947e-10
8.000000000000e-01,-1.290000000000e+00,1.215900574297e-11,-9.700970233479e-11,1.091687080778e-10
8.000000000000e-01,-1.280000000000e+00,-2.607559479607e-11,-9.701072884830e-11,7.093513405224e-11
8.000000000000e-01,-1.270000000000e+00,-7.564549261925e-11,-9.701173435368e-11,2.136624173444e-11
8.000000000000e-01,-1.260000000000e+00,-8.230646836722e-11,-9.701277588015e-11,1.470630751293e-11
8.000000000000e-01,-1.250000000000e+00,-3.904677668899e-11,-9.701379115544e-11,5.796701446644e-11
8.000000000000e-01,-1.240000000000e+00,3.344202416467e-13,-9.701476366037e-11,9.734918390202e-11
8.000000000000e-01,-1.230000000000e+00,-4.148996328215e-11,-9.701571889364e-11,5.552575561149e-11
8.000000000000e-01,-1.220000000000e+00,-1.004111404048e-10,-9.701673697671e-11,-3.394403428133e-12
8.000000000000e-01,-1.210000000000e+00,-9.282714376366e-11,-9.701771447809e-11,4.190570714431e-12
8.000000000000e-01,-1.200000000000e+00,-2.625146232152e-11,-9.701865604220e-11,7.076719372067e-11
8.000000000000e-01,-1.190000000000e+00,-3.628821739077e-12,-9.701960904915e-11,9.339078731007e-11
8.000000000000e-01,-1.180000000000e+00,-1.221842295750e-10,-9.702054777499e-11,-2.516368180004e-11
8.000000000000e-01,-1.170000000000e+00,-2.126870589217e-10,-9.702145891361e-11,-1.156656000081e-10
8.000000000000e-01,-1.160000000000e+00,-1.659907612090e-10,-9.702243033551e-11,-6.896833087347e-11
8.000000000000e-01,-1.150000000000e+00,-4.077985028255e-11,-9.702333292402e-11,5.624348264147e-11
8.000000000000e-01,-1.140000000000e+00,-7.123665592040e-11,-9.702426370882e-11,2.578760778843e-11
8.000000000000e-01,-1.130000000000e+00,-3.152715577392e-10,-9.702517114472e-11,-2.182463865945e-10
8.000000000000e-01,-1.120000000000e+00,-4.089722622103e-10,-9.702610878024e-11,-3.119461534300e-10
8.000000000000e-01,-1.110000000000e+00,-2.078013239532e-10,-9.702714985171e-11,-1.107741741015e-10
8.000000000000e-01,-1.100000000000e+00,9.931839616966e-11,-9.702865381788e-11,1.963470499875e-10
8.000000000000e-01,-1.090000000000e+00,1.236754931588e-11,-9.703162716092e-11,1.093991764768e-10
8.000000000000e-01,-1.080000000000e+00,-2.870909279542e-10,-9.703967113042e-11,-1.900512568238e-10
8.000000000000e-01,-1.070000000000e+00,-1.098603628186e-10,-9.706402844550e-11,-1.279633437308e-11
8.000000000000e-01,-1.060000000000e+00,6.242664128869e-10,-9.713932852104e-11,7.214057414079e-10
8.000000000000e-01,-1.050000000000e+00,1.225626808237e-09,-9.736763264028e-11,1.322994440878e-09
8.000000000000e-01,-1.040000000000e+00,4.861183241171e-10,-9.803988503458e-11,5.841582091517e-10
8.000000000000e-01,-1.030000000000e+00,-1.093420805741e-09,-9.995700422677e-11,-9.934638015144e-10
8.000000000000e-01,-1.020000000000e+00,-2.858562742161e-09,-1.052482349889e-10,-2.753314507172e-09
8.000000000000e-01,-1.010000000000e+00,-5.548429726851e-09,-1.193861893305e-10,-5.429043537521e-09
8.000000000000e-01,-1.000000000000e+00,-1.139984689031e-08,-1.559789454884e-10,-1.124386794483e-08
8.000000000000e-01,-9.900000000000e-01,-2.237316063598e-08,-2.477885151825e-10,-2.212537212080e-08
8.000000000000e-01,-9.800000000000e-01,-3.493080608047e-08,-4.712509551247e-10,-3.445955512535e-08
8.000000000000e-01,-9.700000000000e-01,-4.551665221173e-08,-9.993397213633e-10,-4.451731249037e-08
8.000000000000e-01,-9.600000000000e-01,-5.229605924590e-08,-2.212094662161e-09,-5.008396458374e-08
8.000000000000e-01,-9.500000000000e-01,-5.480309516260e-08,-4.920982979706e-09,-4.988211218289e-08
8.000000000000e-01,-9.400000000000e-01,-3.874205103268e-08,-1.081149543668e-08,-2.793055559601e-08
8.000000000000e-01,-9.300000000000e-01,3.731603515222e-08,-2.329244027737e-08,6.060847542959e-08
8.000000000000e-01,-9.200000000000e-01,2.090619685160e-07,-4.908243562828e-08,2.581444041442e-07
8.000000000000e-01,-9.100000000000e-01,4.961166738531e-07,-1.010966259017e-07,5.972132997548e-07
8.000000000000e-01,-9.000000000000e-01,8.959801254435e-07,-2.035648260190e-07,1.099544951462e-06
8.000000000000e-01,-8.900000000000e-01,1.451554315621e-06,-4.008746026824e-07,1.852428918303e-06
8.000000000000e-01,-8.800000000000e-01,2.222342143436e-06,-7.724577823059e-07,2.994799925742e-06
8.000000000000e-01,-8.700000000000e-01,3.141193952686e-06,-1.457194556438e-06,4.598388509124e-06
8.000000000000e-01,-8.600000000000e-01,3.941336606071e-06,-2.692340999696e-06,6.633677605767e-06
8.000000000000e-01,-8.500000000000e-01,4.078005082747e-06,-4.873877399041e-06,8.951882481788e-06
8.000000000000e-01,-8.400000000000e-01,2.673897247019e-06,-8.647291249121e-06,1.132118849614e-05
8.000000000000e-01,-8.300000000000e-01,-1.651880889932e-06,-1.503982019389e-05,1.338793930396e-05
8.000000000000e-01,-8.200000000000e-01,-1.100632672676e-05,-2.564647728042e-05,1.464015055366e-05
8.000000000000e-01,-8.100000000000e-01,-2.844787451770e-05,-4.288180277447e-05,1.443392825677e-05
8.000000000000e-01,-8.000000000000e-01,-5.847483444674e-05,-7.030589724325e-05,1.183106279652e-05
8.000000000000e-01,-7.900000000000e-01,-1.081468262411e-04,-1.130252527016e-04,4.878426460438e-06
8.000000000000e-01,-7.800000000000e-01,-1.863289408595e-04,-1.781545052809e-04,-8.174435578623e-06
8.000000000000e-01,-7.700000000000e-01,-3.034029825477e-04,-2.753031428502e-04,-2.809983969747e-05
8.000000000000e-01,-7.600000000000e-01,-4.712963311894e-04,-4.170210962690e-04,-5.427523492038e-05
8.000000000000e-01,-7.500000000000e-01,-7.047557223784e-04,-6.191005588568e-04,-8.565516352163e-05
8.000000000000e-01,-7.400000000000e-01,-1.022690566935e-03,-9.005925621388e-04,-1.220980047966e-04
8.000000000000e-01,-7.300000000000e-01,-1.444482802812e-03,-1.283363375083e-03,-1.611194277294e-04
8.000000000000e-01,-7.200000000000e-01,-1.988259219242e-03,-1.790998667057e-03,-1.972605521851e-04
8.000000000000e-01,-7.100000000000e-01,-2.669368639308e-03,-2.446876033551e-03,-2.224926057567e-04
8.000000000000e-01,-7.000000000000e-01,-3.497779381353e-03,-3.271282673295e-03,-2.264967080587e-04
8.000000000000e-01,-6.900000000000e-01,-4.476082356739e-03,-4.277565261731e-03,-1.985170950080e-04
8.000000000000e-01,-6.800000000000e-01,-5.598575019832e-03,-5.467466238285e-03,-1.311087815476e-04
8.000000000000e-01,-6.700000000000e-01,-6.848996791307e-03,-6.826015372484e-03,-2.298141882336e-05
8.000000000000e-01,-6.600000000000e-01,-8.196969934272e-03,-8.316582460329e-03,1.196125260570e-04
8.000000000000e-01,-6.500000000000e-01,-9.582790561753e-03,-9.876914873665e-03,2.941243119118e-04
8.000000000000e-01,-6.400000000000e-01,-1.092325478834e-02,-1.141712826586e-02,4.938734775243e-04
8.000000000000e-01,-6.300000000000e-01,-1.212335092164e-02,-1.282063167375e-02,6.972807521177e-04
8.000000000000e-01,-6.200000000000e-01,-1.307938531679e-02,-1.394880001105e-02,8.694146942635e-04
8.000000000000e-01,-6.100000000000e-01,-1.368100495723e-02,-1.464983217297e-02,9.688272157385e-04
8.000000000000e-01,-6.000000000000e-01,-1.380901734449e-02,-1.477166471433e-02,9.626473698436e-04
8.000000000000e-01,-5.900000000000e-01,-1.334815214878e-02,-1.417810942248e-02,8.299572736994e-04
8.000000000000e-01,-5.800000000000e-01,-1.219888502013e-02,-1.276665420044e-02,5.677691803079e-04
8.000000000000e-01,-5.700000000000e-01,-1.028745095580e-02,-1.048574946984e-02,1.982985140380e-04
8.000000000000e-01,-5.600000000000e-01,-7.592391118621e-03,-7.349043726723e-03,-2.433473918979e-04
8.000000000000e-01,-5.500000000000e-01,-4.178629672719e-03,-3.444054201732e-03,-7.345754709869e-04
8.000000000000e-01,-5.400000000000e-01,-1.598563991643e-04,1.066773886680e-03,-1.226630285844e-03
8.000000000000e-01,-5.300000000000e-01,4.310768820710e-03,5.953772010932e-03,-1.643003190221e-03
8.000000000000e-01,-5.200000000000e-01,9.043381069420e-03,1.093645982390e-02,-1.893078754482e-03
8.000000000000e-01,-5.100000000000e-01,1.379643888437e-02,1.570727163233e-02,-1.910832747959e-03
8.000000000000e-01,-5.000000000000e-01,1.827919851463e-02,1.995998358621e-02,-1.680785071582e-03
8.000000000000e-01,-4.900000000000e-01,2.219414986054e-02,2.341935328789e-02,-1.225203427357e-03
8.000000000000e-01,-4.800000000000e-01,2.525907615522e-02,2.586814091740e-02,-6.090647621826e-04
8.000000000000e-01,-4.700000000000e-01,2.723263981491e-02,2.716795647340e-02,6.468334150142e-05
8.000000000000e-01,-4.600000000000e-01,2.799565723034e-02,2.727123869361e-02,7.244185367304e-04
8.000000000000e-01,-4.500000000000e-01,2.754074212411e-02,2.622296941853e-02,1.317772705580e-03
8.000000000000e-01,-4.400000000000e-01,2.592348283193e-02,2.415222911903e-02,1.771253712895e-03
8.000000000000e-01,-4.300000000000e-01,2.325904335953e-02,2.125513599229e-02,2.003907367237e-03
8.000000000000e-01,-4.200000000000e-01,1.972503575248e-02,1.777183474903e-02,1.953201003452e-03
8.000000000000e-01,-4.100000000000e-01,1.558958470071e-02,1.396083583266e-02,1.628748868053e-03
8.000000000000e-01,-4.000000000000e-01,1.116947644930e-02,1.007407863512e-02,1.095397814188e-03
8.000000000000e-01,-3.900000000000e-01,6.792055959752e-03,6.335641143289e-03,4.564148164624e-04
8.000000000000e-01,-3.800000000000e-01,2.770469453352e-03,2.926174210989e-03,-1.557047576377e-04
8.000000000000e-01,-3.700000000000e-01,-6.516907047709e-04,-2.591069851941e-05,-6.257800062514e-04
8.000000000000e-01,-3.600000000000e-01,-3.380878749373e-03,-2.446524778443e-03,-9.343539709298e-04
8.000000000000e-01,-3.500000000000e-01,-5.394987163339e-03,-4.312164809784e-03,-1.082822353554e-03
8.000000000000e-01,-3.400000000000e-01,-6.719730945694e-03,-5.641863726333e-03,-1.077867219362e-03
8.000000000000e-01,-3.300000000000e-01,-7.421225977199e-03,-6.486605710580e-03,-9.346202666182e-04
8.000000000000e-01,-3.200000000000e-01,-7.600093532479e-03,-6.917942066922e-03,-6.821514655569e-04
8.000000000000e-01,-3.100000000000e-01,-7.383679444149e-03,-7.017264275957e-03,-3.664151681926e-04
8.000000000000e-01,-3.000000000000e-01,-6.912325034058e-03,-6.866768127718e-03,-4.555690633913e-05
8.000000000000e-01,-2.900000000000e-01,-6.326580590368e-03,-6.542676633223e-03,2.160960428549e-04
8.000000000000e-01,-2.800000000000e-01,-5.752319589875e-03,-6.110862129239e-03,3.585425393645e-04
8.000000000000e-01,-2.700000000000e-01,-5.251470912184e-03,-5.624674805276e-03,3.732038930921e-04
8.000000000000e-01,-2.600000000000e-01,-4.827094726027e-03,-5.124570672353e-03,2.974759463268e-04
8.000000000000e-01,-2.500000000000e-01,-4.462190245941e-03,-4.639035104444e-03,1.768448585029e-04
8.000000000000e-01,-2.400000000000e-01,-4.128318791270e-03,-4.186298163727e-03,5.797937245717e-05
8.000000000000e-01,-2.300000000000e-01,-3.796553843561e-03,-3.776405057758e-03,-2.014878580268e-05
8.000000000000e-01,-2.200000000000e-01,-3.463835839716e-03,-3.413307982631e-03,-5.052785708517e-05
8.000000000000e-01,-2.100000000000e-01,-3.140938327163e-03,-3.096757490279e-03,-4.418083688376e-05
8.000000000000e-01,-2.000000000000e-01,-2.841003445412e-03,-2.823873206941e-03,-1.713023847143e-05
8.000000000000e-01,-1.900000000000e-01,-2.577633296352e-03,-2.590354328980e-03,1.272103262815e-05
8.000000000000e-01,-1.800000000000e-01,-2.360452897266e-03,-2.391346129642e-03,3.089323237639e-05
8.000000000000e-01,-1.700000000000e-01,-2.187460180963e-03,-2.222011212965e-03,3.455103200181e-05
8.000000000000e-01,-1.600000000000e-01,-2.052170041240e-03,-2.077867929036e-03,2.569788779619e-05
8.000000000000e-01,-1.500000000000e-01,-1.945980880513e-03,-1.954958795567e-03,8.977915054661e-06
8.000000000000e-01,-1.400000000000e-01,-1.858684070372e-03,-1.849904281664e-03,-8.779788708061e-06
8.000000000000e-01,-1.300000000000e-01,-1.782523890613e-03,-1.759886214456e-03,-2.263767615632e-05
8.000000000000e-01,-1.200000000000e-01,-1.715358095036e-03,-1.682593396338e-03,-3.276469869802e-05
8.000000000000e-01,-1.100000000000e-01,-1.655101297725e-03,-1.616151577150e-03,-3.894972057534e-05
8.000000000000e-01,-1.000000000000e-01,-1.599239592272e-03,-1.559051544464e-03,-4.018804780878e-05
8.000000000000e-01,-9.000000000000e-02,-1.545035289530e-03,-1.510082937195e-03,-3.495235233489e-05
8.000000000000e-01,-8.000000000000e-02,-1.493138237594e-03,-1.468277223240e-03,-2.486101435377e-05
8.000000000000e-01,-7.000000000000e-02,-1.447179197846e-03,-1.432860706135e-03,-1.431849171163e-05
8.000000000000e-01,-6.000000000000e-02,-1.409964720486e-03,-1.403217004727e-03,-6.747715758811e-06
8.000000000000e-01,-5.000000000000e-02,-1.382872237534e-03,-1.378857799576e-03,-4.014437958510e-06
8.000000000000e-01,-4.000000000000e-02,-1.365505228748e-03,-1.359400460076e-03,-6.104768672298e-06
8.000000000000e-01,-3.000000000000e-02,-1.356954841689e-03,-1.344551244032e-03,-1.240359765621e-05
8.000000000000e-01,-2.000000000000e-02,-1.355162965325e-03,-1.334092958000e-03,-2.107000732509e-05
8.000000000000e-01,-1.000000000000e-02,-1.356795596316e-03,-1.327876200860e-03,-2.891939545575e-05
8.000000000000e-01,0.000000000000e+00,-1.358131170086e-03,-1.325813542819e-03,-3.231762726761e-05
8.000000000000e-01,1.000000000000e-02,-1.356795048680e-03,-1.327876200860e-03,-2.891884782000e-05
8.000000000000e-01,2.000000000000e-02,-1.355161874776e-03,-1.334092958000e-03,-2.106891677551e-05
8.000000000000e-01,3.000000000000e-02,-1.356953223852e-03,-1.344551244032e-03,-1.240197981939e-05
8.000000000000e-01,4.000000000000e-02,-1.365503122017e-03,-1.359400460076e-03,-6.102661940900e-06
8.000000000000e-01,5.000000000000e-02,-1.382869719478e-03,-1.378857799576e-03,-4.011919902333e-06
8.000000000000e-01,6.000000000000e-02,-1.409961899452e-03,-1.403217004727e-03,-6.744894724947e-06
8.000000000000e-01,7.000000000000e-02,-1.447176177081e-03,-1.432860706135e-03,-1.431547094567e-05
8.000000000000e-01,8.000000000000e-02,-1.493135130333e-03,-1.468277223240e-03,-2.485790709236e-05
8.000000000000e-01,9.000000000000e-02,-1.545032239142e-03,-1.510082937195e-03,-3.494930194636e-05
8.000000000000e-01,1.000000000000e-01,-1.599236787006e-03,-1.559051544464e-03,-4.018524254212e-05
8.000000000000e-01,1.100000000000e-01,-1.655098929285e-03,-1.616151577150e-03,-3.894735213513e-05
8.000000000000e-01,1.200000000000e-01,-1.715356309807e-03,-1.682593396338e-03,-3.276291346903e-05
8.000000000000e-01,1.300000000000e-01,-1.782522792565e-03,-1.759886214456e-03,-2.263657810915e-05
8.000000000000e-01,1.400000000000e-01,-1.858683724032e-03,-1.849904281664e-03,-8.779442367939e-06
8.000000000000e-01,1.500000000000e-01,-1.945981310391e-03,-1.954958795567e-03,8.977485175848e-06
8.000000000000e-01,1.600000000000e-01,-2.052171219640e-03,-2.077867929036e-03,2.569670939607e-05
8.000000000000e-01,1.700000000000e-01,-2.187462019963e-03,-2.222011212965e-03,3.454919300194e-05
8.000000000000e-01,1.800000000000e-01,-2.360455247718e-03,-2.391346129642e-03,3.089088192411e-05
8.000000000000e-01,1.900000000000e-01,-2.577635948764e-03,-2.590354328980e-03,1.271838021611e-05
8.000000000000e-01,2.000000000000e-01,-2.841006147758e-03,-2.823873206941e-03,-1.713294081688e-05
8.000000000000e-01,2.100000000000e-01,-3.140940853891e-03,-3.096757490279e-03,-4.418336361146e-05
8.000000000000e-01,2.200000000000e-01,-3.463838014148e-03,-3.413307982631e-03,-5.053003151736e-05
8.000000000000e-01,2.300000000000e-01,-3.796555538381e-03,-3.776405057758e-03,-2.015048062279e-05
8.000000000000e-01,2.400000000000e-01,-4.128319925285e-03,-4.186298163727e-03,5.797823844212e-05
8.000000000000e-01,2.500000000000e-01,-4.462190786284e-03,-4.639035104444e-03,1.768443181602e-04
8.000000000000e-01,2.600000000000e-01,-4.827094699673e-03,-5.124570672353e-03,2.974759726806e-04
8.000000000000e-01,2.700000000000e-01,-5.251470397302e-03,-5.624674805276e-03,3.732044079741e-04
8.000000000000e-01,2.800000000000e-01,-5.752318701538e-03,-6.110862129239e-03,3.585434277015e-04
8.000000000000e-01,2.900000000000e-01,-6.326579463386e-03,-6.542676633223e-03,2.160971698373e-04
8.000000000000e-01,3.000000000000e-01,-6.912323813664e-03,-6.866768127718e-03,-4.555568594575e-05
8.000000000000e-01,3.100000000000e-01,-7.383678277525e-03,-7.017264275957e-03,-3.664140015684e-04
8.000000000000e-01,3.200000000000e-01,-7.600092549719e-03,-6.917942066922e-03,-6.821504827962e-04
8.000000000000e-01,3.300000000000e-01,-7.421225273114e-03,-6.486605710580e-03,-9.346195625335e-04
8.000000000000e-01,3.400000000000e-01,-6.719730565346e-03,-5.641863726333e-03,-1.077866839014e-03
8.000000000000e-01,3.500000000000e-01,-5.394987122033e-03,-4.312164809784e-03,-1.082822312249e-03
8.000000000000e-01,3.600000000000e-01,-3.380879043689e-03,-2.446524778443e-03,-9.343542652459e-04
8.000000000000e-01,3.700000000000e-01,-6.516913095851e-04,-2.591069851941e-05,-6.257806110657e-04
8.000000000000e-01,3.800000000000e-01,2.770468578086e-03,2.926174210989e-03,-1.557056329029e-04
8.000000000000e-01,3.900000000000e-01,6.792054859951e-03,6.335641143289e-03,4.564137166614e-04
8.000000000000e-01,4.000000000000e-01,1.116947519397e-02,1.007407863512e-02,1.095396558858e-03
8.000000000000e-01,4.100000000000e-01,1.558958337302e-02,1.396083583266e-02,1.628747540360e-03
8.000000000000e-01,4.200000000000e-01,1.972503443211e-02,1.777183474903e-02,1.953199683078e-03
8.000000000000e-01,4.300000000000e-01,2.325904210995e-02,2.125513599229e-02,2.003906117660e-03
8.000000000000e-01,4.400000000000e-01,2.592348169568e-02,2.415222911903e-02,1.771252576648e-03
8.000000000000e-01,4.500000000000e-01,2.754074112758e-02,2.622296941853e-02,1.317771709053e-03
8.000000000000e-01,4.600000000000e-01,2.799565638970e-02,2.727123869361e-02,7.244176960879e-04
8.000000000000e-01,4.700000000000e-01,2.723263915171e-02,2.716795647340e-02,6.468267830617e-05
8.000000000000e-01,4.800000000000e-01,2.525907572420e-02,2.586814091740e-02,-6.090651932031e-04
8.000000000000e-01,4.900000000000e-01,2.219414971530e-02,2.341935328789e-02,-1.225203572596e-03
8.000000000000e-01,5.000000000000e-01,1.827919864709e-02,1.995998358621e-02,-1.680784939114e-03
8.000000000000e-01,5.100000000000e-01,1.379643924685e-02,1.570727163233e-02,-1.910832385484e-03
8.000000000000e-01,5.200000000000e-01,9.043381588823e-03,1.093645982390e-02,-1.893078235079e-03
8.000000000000e-01,5.300000000000e-01,4.310769401885e-03,5.953772010932e-03,-1.643002609047e-03
8.000000000000e-01,5.400000000000e-01,-1.598558365371e-04,1.066773886680e-03,-1.226629723217e-03
8.000000000000e-01,5.500000000000e-01,-4.178629173799e-03,-3.444054201732e-03,-7.345749720665e-04
8.000000000000e-01,5.600000000000e-01,-7.592390704133e-03,-7.349043726723e-03,-2.433469774094e-04
8.000000000000e-01,5.700000000000e-01,-1.028745063281e-02,-1.048574946984e-02,1.982988370328e-04
8.000000000000e-01,5.800000000000e-01,-1.219888478866e-02,-1.276665420044e-02,5.677694117796e-04
8.000000000000e-01,5.900000000000e-01,-1.334815199877e-02,-1.417810942248e-02,8.299574237141e-04
8.000000000000e-01,6.000000000000e-01,-1.380901725742e-02,-1.477166471433e-02,9.626474569137e-04
8.000000000000e-01,6.100000000000e-01,-1.368100491244e-02,-1.464983217297e-02,9.688272605273e-04
8.000000000000e-01,6.200000000000e-01,-1.307938529572e-02,-1.394880001105e-02,8.694147153365e-04
8.000000000000e-01,6.300000000000e-01,-1.212335091113e-02,-1.282063167375e-02,6.972807626185e-04
8.000000000000e-01,6.400000000000e-01,-1.092325477620e-02,-1.141712826586e-02,4.938734896663e-04
8.000000000000e-01,6.500000000000e-01,-9.582790539741e-03,-9.876914873665e-03,2.941243339235e-04
8.000000000000e-01,6.600000000000e-01,-8.196969901172e-03,-8.316582460329e-03,1.196125591567e-04
8.000000000000e-01,6.700000000000e-01,-6.848996753407e-03,-6.826015372484e-03,-2.298138092297e-05
8.000000000000e-01,6.800000000000e-01,-5.598574986780e-03,-5.467466238285e-03,-1.311087484955e-04
8.000000000000e-01,6.900000000000e-01,-4.476082336332e-03,-4.277565261731e-03,-1.985170746007e-04
8.000000000000e-01,7.000000000000e-01,-3.497779376560e-03,-3.271282673295e-03,-2.264967032648e-04
8.000000000000e-01,7.100000000000e-01,-2.669368648389e-03,-2.446876033551e-03,-2.224926148378e-04
8.000000000000e-01,7.200000000000e-01,-1.988259234885e-03,-1.790998667057e-03,-1.972605678283e-04
8.000000000000e-01,7.300000000000e-01,-1.444482817403e-03,-1.283363375083e-03,-1.611194423202e-04
8.000000000000e-01,7.400000000000e-01,-1.022690575509e-03,-9.005925621388e-04,-1.220980133705e-04
8.000000000000e-01,7.500000000000e-01,-7.047557241374e-04,-6.191005588568e-04,-8.565516528059e-05
8.000000000000e-01,7.600000000000e-01,-4.712963269104e-04,-4.170210962690e-04,-5.427523064145e-05
8.000000000000e-01,7.700000000000e-01,-3.034029752022e-04,-2.753031428502e-04,-2.809983235193e-05
8.000000000000e-01,7.800000000000e-01,-1.863289329875e-04,-1.781545052809e-04,-8.174427706594e-06
8.000000000000e-01,7.900000000000e-01,-1.081468205724e-04,-1.130252527016e-04,4.878432129220e-06
8.000000000000e-01,8.000000000000e-01,-5.847483205732e-05,-7.030589724325e-05,1.183106518593e-05
8.000000000000e-01,8.100000000000e-01,-2.844787506125e-05,-4.288180277447e-05,1.443392771322e-05
8.000000000000e-01,8.200000000000e-01,-1.100632927730e-05,-2.564647728042e-05,1.464014800312e-05
8.000000000000e-01,8.300000000000e-01,-1.651884211357e-06,-1.503982019389e-05,1.338793598253e-05
8.000000000000e-01,8.400000000000e-01,2.673894044106e-06,-8.647291249121e-06,1.132118529323e-05
8.000000000000e-01,8.500000000000e-01,4.078002911203e-06,-4.873877399041e-06,8.951880310243e-06
8.000000000000e-01,8.600000000000e-01,3.941335896322e-06,-2.692340999696e-06,6.633676896018e-06
8.000000000000e-01,8.700000000000e-01,3.141194300797e-06,-1.457194556438e-06,4.598388857235e-06
8.000000000000e-01,8.800000000000e-01,2.222343550925e-06,-7.724577823059e-07,2.994801333231e-06
8.000000000000e-01,8.900000000000e-01,1.451556268165e-06,-4.008746026824e-07,1.852430870847e-06
8.000000000000e-01,9.000000000000e-01,8.959824158899e-07,-2.035648260190e-07,1.099547241909e-06
8.000000000000e-01,9.100000000000e-01,4.961186641562e-07,-1.010966259017e-07,5.972152900579e-07
8.000000000000e-01,9.200000000000e-01,2.090639031543e-07,-4.908243562828e-08,2.581463387825e-07
8.000000000000e-01,9.300000000000e-01,3.731812880971e-08,-2.329244027737e-08,6.061056908708e-08
8.000000000000e-01,9.400000000000e-01,-3.873976350509e-08,-1.081149543668e-08,-2.792826806842e-08
8.000000000000e-01,9.500000000000e-01,-5.480083692288e-08,-4.920982979706e-09,-4.987985394317e-08
8.000000000000e-01,9.600000000000e-01,-5.229462645970e-08,-2.212094662161e-09,-5.008253179754e-08
8.000000000000e-01,9.700000000000e-01,-4.551557035823e-08,-9.993397213633e-10,-4.451623063687e-08
8.000000000000e-01,9.800000000000e-01,-3.493091446292e-08,-4.712509551247e-10,-3.445966350779e-08
8.000000000000e-01,9.900000000000e-01,-2.237385427314e-08,-2.477885151825e-10,-2.212606575795e-08
8.000000000000e-01,1.000000000000e+00,-1.140110088932e-08,-1.559789454884e-10,-1.124512194384e-08
8.000000000000e-01,1.010000000000e+00,-5.549145791138e-09,-1.193861893305e-10,-5.429759601807e-09
8.000000000000e-01,1.020000000000e+00,-2.858875845569e-09,-1.052482349889e-10,-2.753627610580e-09
8.000000000000e-01,1.030000000000e+00,-1.092963752089e-09,-9.995700422677e-11,-9.930067478621e-10
8.000000000000e-01,1.040000000000e+00,4.871955966083e-10,-9.803988503458e-11,5.852354816429e-10
8.000000000000e-01,1.050000000000e+00,1.227428429597e-09,-9.736763264028e-11,1.324796062237e-09
8.000000000000e-01,1.060000000000e+00,6.252714144336e-10,-9.713932852104e-11,7.224107429547e-10
8.000000000000e-01,1.070000000000e+00,-1.090420392999e-10,-9.706402844550e-11,-1.197801085440e-11
8.000000000000e-01,1.080000000000e+00,-2.877057382017e-10,-9.703967113042e-11,-1.906660670713e-10
8.000000000000e-01,1.090000000000e+00,1.195252024260e-11,-9.703162716092e-11,1.089841474035e-10
8.000000000000e-01,1.100000000000e+00,9.827335294528e-11,-9.702865381788e-11,1.953020067632e-10
8.000000000000e-01,1.110000000000e+00,-2.077492873834e-10,-9.702714985171e-11,-1.107221375317e-10
8.000000000000e-01,1.120000000000e+00,-4.089738563410e-10,-9.702610878024e-11,-3.119477475608e-10
8.000000000000e-01,1.130000000000e+00,-3.147492838013e-10,-9.702517114472e-11,-2.177241126566e-10
8.000000000000e-01,1.140000000000e+00,-7.033512328166e-11,-9.702426370882e-11,2.668914042717e-11
8.000000000000e-01,1.150000000000e+00,-3.938604279273e-11,-9.702333292402e-11,5.763729013129e-11
8.000000000000e-01,1.160000000000e+00,-1.640463049894e-10,-9.702243033551e-11,-6.702387465393e-11
8.000000000000e-01,1.170000000000e+00,-2.109877504523e-10,-9.702145891361e-11,-1.139662915387e-10
8.000000000000e-01,1.180000000000e+00,-1.204127225547e-10,-9.702054777499e-11,-2.339217477975e-11
8.000000000000e-01,1.190000000000e+00,-2.446215381415e-12,-9.701960904915e-11,9.457339366773e-11
8.000000000000e-01,1.200000000000e+00,-2.503004910510e-11,-9.701865604220e-11,7.198860693709e-11
8.000000000000e-01,1.210000000000e+00,-9.122769948854e-11,-9.701771447809e-11,5.790014989549e-12
8.000000000000e-01,1.220000000000e+00,-9.845126882802e-11,-9.701673697671e-11,-1.434531851308e-12
8.000000000000e-01,1.230000000000e+00,-3.992269745620e-11,-9.701571889364e-11,5.709302143744e-11
8.000000000000e-01,1.240000000000e+00,1.859505300893e-12,-9.701476366037e-11,9.887426896127e-11
8.000000000000e-01,1.250000000000e+00,-3.847595899194e-11,-9.701379115544e-11,5.853783216350e-11
8.000000000000e-01,1.260000000000e+00,-8.183964776584e-11,-9.701277588015e-11,1.517312811431e-11
8.000000000000e-01,1.270000000000e+00,-7.706869963840e-11,-9.701173435368e-11,1.994303471529e-11
8.000000000000e-01,1.280000000000e+00,-2.750689233827e-11,-9.701072884830e-11,6.950383651003e-11
8.000000000000e-01,1.290000000000e+00,1.026685983781e-11,-9.700970233479e-11,1.072765621726e-10
8.000000000000e-01,1.300000000000e+00,1.454524678677e-11,-9.700867482236e-11,1.115539216091e-10
8.000000000000e-01,1.310000000000e+00,1.857133305973e-11,-9.700762105939e-11,1.155789541191e-10
8.000000000000e-01,1.320000000000e+00,2.690783843333e-11,-9.700658488464e-11,1.239144233180e-10
8.000000000000e-01,1.330000000000e+00,1.571977130997e-11,-9.700551902839e-11,1.127252903384e-10
8.000000000000e-01,1.340000000000e+00,-5.390288121734e-11,-9.700445058497e-11,4.310156936762e-11
8.000000000000e-01,1.350000000000e+00,-1.500716282773e-10,-9.700337870673e-11,-5.306824957056e-11
8.000000000000e-01,1.360000000000e+00,-2.011286795998e-10,-9.700229946345e-11,-1.041263801363e-10
8.000000000000e-01,1.370000000000e+00,-1.607564450135e-10,-9.700121670420e-11,-6.375522830935e-11
8.000000000000e-01,1.380000000000e+00,-1.796191701606e-11,-9.700014032146e-11,7.903822330541e-11
8.000000000000e-01,1.390000000000e+00,1.981092924705e-10,-9.699904934813e-11,2.951083418187e-10
8.000000000000e-01,1.400000000000e+00,4.040218772561e-10,-9.699792308410e-11,5.010198003402e-10
8.000000000000e-01,1.410000000000e+00,4.936926406432e-10,-9.699680335524e-11,5.906894439985e-10
8.000000000000e-01,1.420000000000e+00,3.582853137500e-10,-9.699569430433e-11,4.552810080543e-10
8.000000000000e-01,1.430000000000e+00,-8.407096366666e-11,-9.699455530360e-11,1.292359163694e-11
8.000000000000e-01,1.440000000000e+00,-7.646125323436e-10,-9.699340573759e-11,-6.676191266060e-10
8.000000000000e-01,1.450000000000e+00,-1.307444624494e-09,-9.699227215444e-11,-1.210452352340e-09
8.000000000000e-01,1.460000000000e+00,-1.353410551030e-09,-9.699109489584e-11,-1.256419456134e-09
8.000000000000e-01,1.470000000000e+00,-7.146124863950e-10,-9.698993482774e-11,-6.176225515672e-10
8.000000000000e-01,1.480000000000e+00,5.102707017064e-10,-9.698876033813e-11,6.072594620445e-10
8.000000000000e-01,1.490000000000e+00,1.350450210305e-09,-9.698756926273e-11,1.447437779568e-09
8.000000000000e-01,1.500000000000e+00,-1.205473851772e-10,-9.698637913684e-11,-2.356100604032e-11
1.600000000000e+00,-1.500000000000e+00,-5.077349513136e-03,-4.482019949757e-03,-5.953295633792e-04
1.600000000000e+00,-1.490000000000e+00,-5.174820536456e-03,-4.602014828900e-03,-5.728057075560e-04
1.600000000000e+00,-1.480000000000e+00,-5.381967307868e-03,-4.953955946955e-03,-4.280113609128e-04
1.600000000000e+00,-1.470000000000e+00,-5.732541467388e-03,-5.513488937816e-03,-2.190525295714e-04
1.600000000000e+00,-1.460000000000e+00,-6.216708095228e-03,-6.239429971901e-03,2.272187667321e-05
1.600000000000e+00,-1.450000000000e+00,-6.785894683402e-03,-7.073381907457e-03,2.874872240553e-04
1.600000000000e+00,-1.440000000000e+00,-7.377524880100e-03,-7.940108029385e-03,5.625831492851e-04
1.600000000000e+00,-1.430000000000e+00,-7.920112788471e-03,-8.749350586690e-03,8.292377982186e-04
1.600000000000e+00,-1.420000000000e+00,-8.338940356318e-03,-9.399687915428e-03,1.060747559110e-03
1.600000000000e+00,-1.410000000000e+00,-8.564176801518e-03,-9.784767206911e-03,1.220590405393e-03
1.600000000000e+00,-1.400000000000e+00,-8.531714091467e-03,-9.801853609801e-03,1.270139518334e-03
1.600000000000e+00,-1.390000000000e+00,-8.184666234407e-03,-9.362155090296e-03,1.177488855888e-03
1.600000000000e+00,-1.380000000000e+00,-7.476494149450e-03,-8.401898157054e-03,9.254040076042e-04
1.600000000000e+00,-1.370000000000e+00,-6.377605363789e-03,-6.892739948883e-03,5.151345850936e-04
1.600000000000e+00,-1.360000000000e+00,-4.885113478516e-03,-4.849903274345e-03,-3.521020417089e-05
1.600000000000e+00,-1.350000000000e+00,-3.015822370957e-03,-2.336485852697e-03,-6.793365182593e-04
1.600000000000e+00,-1.340000000000e+00,-8.057392446565e-04,5.372472628660e-04,-1.342986507522e-03
1.600000000000e+00,-1.330000000000e+00,1.688345402349e-03,3.620155728634e-03,-1.931810326285e-03
1.600000000000e+00,-1.320000000000e+00,4.373789076661e-03,6.731865516664e-03,-2.358076440003e-03
1.600000000000e+00,-1.310000000000e+00,7.116381525681e-03,9.678677132158e-03,-2.562295606477e-03
1.600000000000e+00,-1.300000000000e+00,9.767809261523e-03,1.227192031994e-02,-2.504111058415e-03
1.600000000000e+00,-1.290000000000e+00,1.217572594274e-02,1.434645541669e-02,-2.170729473943e-03
1.600000000000e+00,-1.280000000000e+00,1.419307782022e-02,1.577690309222e-02,-1.583825272005e-03
1.600000000000e+00,-1.270000000000e+00,1.569767983657e-02,1.648946323525e-02,-7.917833986856e-04
1.600000000000e+00,-1.260000000000e+00,1.659677557608e-02,1.646781815085e-02,1.289574252303e-04
1.600000000000e+00,-1.250000000000e+00,1.682288171037e-02,1.575249228145e-02,1.070389428923e-03
1.600000000000e+00,-1.240000000000e+00,1.633907113573e-02,1.443400059330e-02,1.905070542427e-03
1.600000000000e+00,-1.230000000000e+00,1.514987982022e-02,1.264098822057e-02,2.508891599650e-03
1.600000000000e+00,-1.220000000000e+00,1.334126133447e-02,1.052519640854e-02,2.816064925927e-03
1.600000000000e+00,-1.210000000000e+00,1.105145412786e-02,8.245389271702e-03,2.806064856154e-03
1.600000000000e+00,-1.200000000000e+00,8.443101373758e-03,5.952317115266e-03,2.490784258492e-03
1.600000000000e+00,-1.190000000000e+00,5.692732895544e-03,3.776419129838e-03,1.916313765706e-03
1.600000000000e+00,-1.180000000000e+00,2.976812288172e-03,1.819379064019e-03,1.157433224153e-03
1.600000000000e+00,-1.170000000000e+00,4.535159948274e-04,1.499681701622e-04,3.035478246652e-04
1.600000000000e+00,-1.160000000000e+00,-1.736034829155e-03,-1.196033916599e-03,-5.400009125561e-04
1.600000000000e+00,-1.150000000000e+00,-3.473331412299e-03,-2.212557005341e-03,-1.260774406958e-03
1.600000000000e+00,-1.140000000000e+00,-4.670682752596e-03,-2.917624707973e-03,-1.753058044623e-03
1.600000000000e+00,-1.130000000000e+00,-5.303802479722e-03,-3.346533964054e-03,-1.957268515668e-03
1.600000000000e+00,-1.120000000000e+00,-5.432931881883e-03,-3.544874397344e-03,-1.888057484539e-03
1.600000000000e+00,-1.110000000000e+00,-5.153670266604e-03,-3.562216100175e-03,-1.591454166430e-03
1.600000000000e+00,-1.100000000000e+00,-4.582233669462e-03,-3.447010329957e-03,-1.135223339505e-03
1.600000000000e+00,-1.090000000000e+00,-3.844070583164e-03,-3.242956315799e-03,-6.011142673648e-04
1.600000000000e+00,-1.080000000000e+00,-3.051235309193e-03,-2.986836042024e-03,-6.439926716941e-05
1.600000000000e+00,-1.070000000000e+00,-2.295846899062e-03,-2.707635669241e-03,4.117887701790e-04
1.600000000000e+00,-1.060000000000e+00,-1.656894936993e-03,-2.426666257418e-03,7.697713204251e-04
1.600000000000e+00,-1.050000000000e+00,-1.195869306699e-03,-2.158361319133e-03,9.624920124340e-04
1.600000000000e+00,-1.040000000000e+00,-9.488633668875e-04,-1.911448287416e-03,9.625849205284e-04
1.600000000000e+00,-1.030000000000e+00,-8.957741345006e-04,-1.690245094974e-03,7.944709604730e-04
1.600000000000e+00,-1.020000000000e+00,-9.804348949961e-04,-1.495902432961e-03,5.154675379649e-04
1.600000000000e+00,-1.010000000000e+00,-1.134466490302e-03,-1.327481540799e-03,1.930150504962e-04
1.600000000000e+00,-1.000000000000e+00,-1.286338344502e-03,-1.182816513820e-03,-1.035218306820e-04
1.600000000000e+00,-9.900000000000e-01,-1.376861513168e-03,-1.059154221369e-03,-3.177072917985e-04
1.600000000000e+00,-9.800000000000e-01,-1.386508479085e-03,-9.535932722978e-04,-4.329152067870e-04
1.600000000000e+00,-9.700000000000e-01,-1.314852919757e-03,-8.633580496550e-04,-4.514948701021e-04
1.600000000000e+00,-9.600000000000e-01,-1.172045294206e-03,-7.859480165098e-04,-3.860972776963e-04
1.600000000000e+00,-9.500000000000e-01,-9.765760856301e-04,-7.191998861916e-04,-2.573761994385e-04
1.600000000000e+00,-9.400000000000e-01,-7.539263521939e-04,-6.612940253566e-04,-9.263232683733e-05
1.600000000000e+00,-9.300000000000e-01,-5.349841497835e-04,-6.107290076435e-04,7.574485785998e-05
1.600000000000e+00,-9.200000000000e-01,-3.508264402227e-04,-5.662811087951e-04,2.154546685724e-04
1.600000000000e+00,-9.100000000000e-01,-2.288360356152e-04,-5.269595529067e-04,2.981235172915e-04
1.600000000000e+00,-9.000000000000e-01,-1.887389756399e-04,-4.919637685516e-04,3.032247929116e-04
1.600000000000e+00,-8.900000000000e-01,-2.269164478219e-04,-4.606457379783e-04,2.337292901564e-04
1.600000000000e+00,-8.800000000000e-01,-3.159615299608e-04,-4.324784934024e-04,1.165169634417e-04
1.600000000000e+00,-8.700000000000e-01,-4.221265465755e-04,-4.070306465120e-04,-1.509590006344e-05
1.600000000000e+00,-8.600000000000e-01,-5.106373752178e-04,-3.839462607785e-04,-1.266911144392e-04
1.600000000000e+00,-8.500000000000e-01,-5.519223452166e-04,-3.629291705347e-04,-1.889931746819e-04
1.600000000000e+00,-8.400000000000e-01,-5.397147562781e-04,-3.437308542337e-04,-1.959839020444e-04
1.600000000000e+00,-8.300000000000e-01,-4.843543558675e-04,-3.261410735175e-04,-1.582132823500e-04
1.600000000000e+00,-8.200000000000e-01,-4.018217208592e-04,-3.099806287168e-04,-9.184109214245e-05
1.600000000000e+00,-8.100000000000e-01,-3.111056608560e-04,-2.950957192478e-04,-1.600994160814e-05
1.600000000000e+00,-8.000000000000e-01,-2.302524807679e-04,-2.813535175293e-04,5.110103676136e-05
1.600000000000e+00,-7.900000000000e-01,-1.692447150934e-04,-2.686386623961e-04,9.939394730271e-05
1.600000000000e+00,-7.800000000000e-01,-1.336867193193e-04,-2.568504532862e-04,1.231637339669e-04
1.600000000000e+00,-7.700000000000e-01,-1.262044915539e-04,-2.459005830069e-04,1.196960914530e-04
1.600000000000e+00,-7.600000000000e-01,-1.461781586257e-04,-2.357112885491e-04,8.953312992338e-05
1.600000000000e+00,-7.500000000000e-01,-1.877621822233e-04,-2.262138298283e-04,3.845164760500e-05
1.600000000000e+00,-7.400000000000e-01,-2.379046983009e-04,-2.173472283675e-04,-2.055746993342e-05
1.600000000000e+00,-7.300000000000e-01,-2.817742972937e-04,-2.090572140970e-04,-7.271708319667e-05
1.600000000000e+00,-7.200000000000e-01,-3.053893077470e-04,-2.012953403210e-04,-1.040939674260e-04
1.600000000000e+00,-7.100000000000e-01,-2.978377924447e-04,-1.940182357155e-04,-1.038195567292e-04
1.600000000000e+00,-7.000000000000e-01,-2.593593234014e-04,-1.871869688342e-04,-7.217235456724e-05
1.600000000000e+00,-6.900000000000e-01,-2.027188671679e-04,-1.807665056172e-04,-2.195236155069e-05
1.600000000000e+00,-6.800000000000e-01,-1.437810139582e-04,-1.747252442585e-04,3.094423030027e-05
1.600000000000e+00,-6.700000000000e-01,-9.865416302230e-05,-1.690346147741e-04,7.038045175184e-05
1.600000000000e+00,-6.600000000000e-01,-8.055572547960e-05,-1.636687329682e-04,8.311300748862e-05
1.600000000000e+00,-6.500000000000e-01,-8.988456853247e-05,-1.586041003446e-04,6.871953181212e-05
1.600000000000e+00,-6.400000000000e-01,-1.174263719870e-04,-1.538193429991e-04,3.639297101213e-05
1.600000000000e+00,-6.300000000000e-01,-1.514195131950e-04,-1.492949837156e-04,-2.124529479359e-06
1.600000000000e+00,-6.200000000000e-01,-1.794786588406e-04,-1.450132424540e-04,-3.446541638659e-05
1.600000000000e+00,-6.100000000000e-01,-1.916532262443e-04,-1.409578612013e-04,-5.069536504297e-05
1.600000000000e+00,-6.000000000000e-01,-1.872661277750e-04,-1.371139498020e-04,-5.015217797301e-05
1.600000000000e+00,-5.900000000000e-01,-1.702786778429e-04,-1.334678499086e-04,-3.681082793436e-05
1.600000000000e+00,-5.800000000000e-01,-1.463318410136e-04,-1.300070146317e-04,-1.632482638186e-05
1.600000000000e+00,-5.700000000000e-01,-1.218540138816e-04,-1.267199018330e-04,4.865887951358e-06
1.600000000000e+00,-5.600000000000e-01,-1.022366205593e-04,-1.235958793038e-04,2.135925874442e-05
1.600000000000e+00,-5.500000000000e-01,-8.964185055657e-05,-1.206251403275e-04,3.098328977091e-05
1.600000000000e+00,-5.400000000000e-01,-8.492380648020e-05,-1.177986283363e-04,3.287482185611e-05
1.600000000000e+00,-5.300000000000e-01,-8.796173732857e-05,-1.151079695512e-04,2.714623222265e-05
1.600000000000e+00,-5.200000000000e-01,-9.764170916683e-05,-1.125454126468e-04,1.490370347999e-05
1.600000000000e+00,-5.100000000000e-01,-1.113067790531e-04,-1.101037746116e-04,-1.203004441473e-06
1.600000000000e+00,-5.000000000000e-01,-1.248061349666e-04,-1.077763920830e-04,-1.702974288354e-05
1.600000000000e+00,-4.900000000000e-01,-1.338610202108e-04,-1.055570775310e-04,-2.830394267977e-05
1.600000000000e+00,-4.800000000000e-01,-1.348001532854e-04,-1.034400797441e-04,-3.136007354129e-05
1.600000000000e+00,-4.700000000000e-01,-1.253874021628e-04,-1.014200481399e-04,-2.396735402282e-05
1.600000000000e+00,-4.600000000000e-01,-1.077236052953e-04,-9.949200048308e-05,-8.231604812211e-06
1.600000000000e+00,-4.500000000000e-01,-8.727512396058e-05,-9.765129364195e-05,1.037616968137e-05
1.600000000000e+00,-4.400000000000e-01,-7.013727354994e-05,-9.589359706311e-05,2.575632351317e-05
1.600000000000e+00,-4.300000000000e-01,-6.199097287740e-05,-9.421486867865e-05,3.222389580125e-05
1.600000000000e+00,-4.200000000000e-01,-6.645602335159e-05,-9.261133299392e-05,2.615530964233e-05
1.600000000000e+00,-4.100000000000e-01,-8.075757276670e-05,-9.107946113613e-05,1.032188836943e-05
1.600000000000e+00,-4.000000000000e-01,-9.886878724145e-05,-8.961595266500e-05,-9.252834576450e-06
1.600000000000e+00,-3.900000000000e-01,-1.140868037654e-04,-8.821771897223e-05,-2.586908479320e-05
1.600000000000e+00,-3.800000000000e-01,-1.200344669957e-04,-8.688186811359e-05,-3.315259888215e-05
1.600000000000e+00,-3.700000000000e-01,-1.133652886552e-04,-8.560569093664e-05,-2.775959771856e-05
1.600000000000e+00,-3.600000000000e-01,-9.787541632190e-05,-8.438664837989e-05,-1.348876794201e-05
1.600000000000e+00,-3.500000000000e-01,-7.947965755512e-05,-8.322235983417e-05,3.742702279055e-06
1.600000000000e+00,-3.400000000000e-01,-6.428158517446e-05,-8.211059246755e-05,1.782900729310e-05
1.600000000000e+00,-3.300000000000e-01,-5.753685479486e-05,-8.104925142569e-05,2.351239663083e-05
1.600000000000e+00,-3.200000000000e-01,-6.081938620615e-05,-8.003637082874e-05,1.921698462260e-05
1.600000000000e+00,-3.100000000000e-01,-7.070643759014e-05,-7.907010549480e-05,8.363667904661e-06
1.600000000000e+00,-3.000000000000e-01,-8.231516141274e-05,-7.814872332426e-05,-4.166438088483e-06
1.600000000000e+00,-2.900000000000e-01,-9.054817735811e-05,-7.727059829017e-05,-1.327757906794e-05
1.600000000000e+00,-2.800000000000e-01,-9.123607677126e-05,-7.643420398093e-05,-1.480187279033e-05
1.600000000000e+00,-2.700000000000e-01,-8.386704140506e-05,-7.563810765029e-05,-8.228933754768e-06
1.600000000000e+00,-2.600000000000e-01,-7.134377755818e-05,-7.488096473189e-05,3.537187173712e-06
1.600000000000e+00,-2.500000000000e-01,-5.786056477851e-05,-7.416151378036e-05,1.630094900185e-05
1.600000000000e+00,-2.400000000000e-01,-4.826613065549e-05,-7.347857180537e-05,2.521244114988e-05
1.600000000000e+00,-2.300000000000e-01,-4.680525833542e-05,-7.283102996668e-05,2.602577163125e-05
1.600000000000e+00,-2.200000000000e-01,-5.218107469898e-05,-7.221784960300e-05,2.003677490403e-05
1.600000000000e+00,-2.100000000000e-01,-6.064529085466e-05,-7.163805856855e-05,1.099276771389e-05
1.600000000000e+00,-2.000000000000e-01,-6.865945387447e-05,-7.109074785482e-05,2.431293980344e-06
1.600000000000e+00,-1.900000000000e-01,-7.338507782856e-05,-7.057506847607e-05,-2.810009352489e-06
1.600000000000e+00,-1.800000000000e-01,-7.336485192432e-05,-7.009022860008e-05,-3.274623324242e-06
1.600000000000e+00,-1.700000000000e-01,-6.925136862894e-05,-6.963549090690e-05,3.841222779630e-07
1.600000000000e+00,-1.600000000000e-01,-6.302657983246e-05,-6.921017015997e-05,6.183590327510e-06
1.600000000000e+00,-1.500000000000e-01,-5.736652136348e-05,-6.881363097523e-05,1.144710961175e-05
1.600000000000e+00,-1.400000000000e-01,-5.510905739955e-05,-6.844528577640e-05,1.333622837685e-05
1.600000000000e+00,-1.300000000000e-01,-5.748740017488e-05,-6.810459292333e-05,1.061719274845e-05
1.600000000000e+00,-1.200000000000e-01,-6.290693591644e-05,-6.779105500491e-05,4.884119088474e-06
1.600000000000e+00,-1.100000000000e-01,-6.923289004102e-05,-6.750421728533e-05,-1.728672755685e-06
1.600000000000e+00,-1.000000000000e-01,-7.423891459917e-05,-6.724366629666e-05,-6.995248302509e-06
1.600000000000e+00,-9.000000000000e-02,-7.590452993299e-05,-6.700902856906e-05,-8.895501363931e-06
1.600000000000e+00,-8.000000000000e-02,-7.411144717687e-05,-6.679996949286e-05,-7.311477684018e-06
1.600000000000e+00,-7.000000000000e-02,-7.052785178982e-05,-6.661619230572e-05,-3.911659484100e-06
1.600000000000e+00,-6.000000000000e-02,-6.694081993310e-05,-6.645743719994e-05,-4.833827331588e-07
1.600000000000e+00,-5.000000000000e-02,-6.488845055448e-05,-6.632348054542e-05,1.435029990941e-06
1.600000000000e+00,-4.000000000000e-02,-6.530256489557e-05,-6.621413422362e-05,9.115693280532e-07
1.600000000000e+00,-3.000000000000e-02,-6.806236683837e-05,-6.612924506999e-05,-1.933121768379e-06
1.600000000000e+00,-2.000000000000e-02,-7.215930093151e-05,-6.606869442188e-05,-6.090606509628e-06
1.600000000000e+00,-1.000000000000e-02,-7.602907252950e-05,-6.603239776804e-05,-9.996674761463e-06
1.600000000000e+00,0.000000000000e+00,-7.777384964034e-05,-6.602030450104e-05,-1.175354513930e-05
1.600000000000e+00,1.000000000000e-02,-7.602789778008e-05,-6.603239776804e-05,-9.995500012040e-06
1.600000000000e+00,2.000000000000e-02,-7.215705164695e-05,-6.606869442188e-05,-6.088357225063e-06
1.600000000000e+00,3.000000000000e-02,-6.805925451837e-05,-6.612924506999e-05,-1.930009448379e-06
1.600000000000e+00,4.000000000000e-02,-6.529890221680e-05,-6.621413422362e-05,9.152320068250e-07
1.600000000000e+00,5.000000000000e-02,-6.488466939447e-05,-6.632348054542e-05,1.438811150952e-06
1.600000000000e+00,6.000000000000e-02,-6.693738808677e-05,-6.645743719994e-05,-4.799508868231e-07
1.600000000000e+00,7.000000000000e-02,-7.052515441273e-05,-6.661619230572e-05,-3.908962107013e-06
1.600000000000e+00,8.000000000000e-02,-7.410976596437e-05,-6.679996949286e-05,-7.309796471515e-06
1.600000000000e+00,9.000000000000e-02,-7.590405234178e-05,-6.700902856906e-05,-8.895023772727e-06
1.600000000000e+00,1.000000000000e-01,-7.423972971223e-05,-6.724366629666e-05,-6.996063415568e-06
1.600000000000e+00,1.100000000000e-01,-6.923499997653e-05,-6.750421728533e-05,-1.730782691202e-06
1.600000000000e+00,1.200000000000e-01,-6.291023936667e-05,-6.779105500491e-05,4.880815638240e-06
1.600000000000e+00,1.300000000000e-01,-5.749170149499e-05,-6.810459292333e-05,1.061289142833e-05
1.600000000000e+00,1.400000000000e-01,-5.511405017654e-05,-6.844528577640e-05,1.333123559986e-05
1.600000000000e+00,1.500000000000e-01,-5.737179958669e-05,-6.881363097523e-05,1.144183138854e-05
1.600000000000e+00,1.600000000000e-01,-6.303176782272e-05,-6.921017015997e-05,6.178402337252e-06
1.600000000000e+00,1.700000000000e-01,-6.925617690248e-05,-6.963549090690e-05,3.793140044219e-07
1.600000000000e+00,1.800000000000e-01,-7.336906620211e-05,-7.009022860008e-05,-3.278837602028e-06
1.600000000000e+00,1.900000000000e-01,-7.338853941664e-05,-7.057506847607e-05,-2.813470940572e-06
1.600000000000e+00,2.000000000000e-01,-6.866203219464e-05,-7.109074785482e-05,2.428715660178e-06
1.600000000000e+00,2.100000000000e-01,-6.064694501750e-05,-7.163805856855e-05,1.099111355104e-05
1.600000000000e+00,2.200000000000e-01,-5.218183228866e-05,-7.221784960300e-05,2.003601731434e-05
1.600000000000e+00,2.300000000000e-01,-4.680521913768e-05,-7.283102996668e-05,2.602581082900e-05
1.600000000000e+00,2.400000000000e-01,-4.826543556017e-05,-7.347857180537e-05,2.521313624520e-05
1.600000000000e+00,2.500000000000e-01,-5.785937961775e-05,-7.416151378036e-05,1.630213416262e-05
1.600000000000e+00,2.600000000000e-01,-7.134225345764e-05,-7.488096473189e-05,3.538711274255e-06
1.600000000000e+00,2.700000000000e-01,-8.386530301570e-05,-7.563810765029e-05,-8.227195365402e-06
1.600000000000e+00,2.800000000000e-01,-9.123424717606e-05,-7.643420398093e-05,-1.480004319513e-05
1.600000000000e+00,2.900000000000e-01,-9.054638909117e-05,-7.727059829017e-05,-1.327579080100e-05
1.600000000000e+00,3.000000000000e-01,-8.231352838016e-05,-7.814872332426e-05,-4.164805055909e-06
1.600000000000e+00,3.100000000000e-01,-7.070500534860e-05,-7.907010549480e-05,8.365100146198e-06
1.600000000000e+00,3.200000000000e-01,-6.081815638679e-05,-8.003637082874e-05,1.921821444196e-05
1.600000000000e+00,3.300000000000e-01,-5.753582669768e-05,-8.104925142569e-05,2.351342472801e-05
1.600000000000e+00,3.400000000000e-01,-6.428076165728e-05,-8.211059246755e-05,1.782983081027e-05
1.600000000000e+00,3.500000000000e-01,-7.947901421380e-05,-8.322235983417e-05,3.743345620370e-06
1.600000000000e+00,3.600000000000e-01,-9.787491369612e-05,-8.438664837989e-05,-1.348826531623e-05
1.600000000000e+00,3.700000000000e-01,-1.133648790419e-04,-8.560569093664e-05,-2.775918810525e-05
1.600000000000e+00,3.800000000000e-01,-1.200341059062e-04,-8.688186811359e-05,-3.315223779257e-05
1.600000000000e+00,3.900000000000e-01,-1.140864573842e-04,-8.821771897223e-05,-2.586873841195e-05
1.600000000000e+00,4.000000000000e-01,-9.886842274590e-05,-8.961595266500e-05,-9.252470080900e-06
1.600000000000e+00,4.100000000000e-01,-8.075714938790e-05,-9.107946113613e-05,1.032231174823e-05
1.600000000000e+00,4.200000000000e-01,-6.645551035813e-05,-9.261133299392e-05,2.615582263579e-05
1.600000000000e+00,4.300000000000e-01,-6.199033461736e-05,-9.421486867865e-05,3.222453406130e-05
1.600000000000e+00,4.400000000000e-01,-7.013648447341e-05,-9.589359706311e-05,2.575711258970e-05
1.600000000000e+00,4.500000000000e-01,-8.727415778425e-05,-9.765129364195e-05,1.037713585770e-05
1.600000000000e+00,4.600000000000e-01,-1.077224477877e-04,-9.949200048308e-05,-8.230447304588e-06
1.600000000000e+00,4.700000000000e-01,-1.253860448643e-04,-1.014200481399e-04,-2.396599672434e-05
1.600000000000e+00,4.800000000000e-01,-1.347985849236e-04,-1.034400797441e-04,-3.135850517951e-05
1.600000000000e+00,4.900000000000e-01,-1.338592414841e-04,-1.055570775310e-04,-2.830216395308e-05
1.600000000000e+00,5.000000000000e-01,-1.248041541818e-04,-1.077763920830e-04,-1.702776209881e-05
1.600000000000e+00,5.100000000000e-01,-1.113046130630e-04,-1.101037746116e-04,-1.200838451371e-06
1.600000000000e+00,5.200000000000e-01,-9.763938774205e-05,-1.125454126468e-04,1.490602490477e-05
1.600000000000e+00,5.300000000000e-01,-8.795929673516e-05,-1.151079695512e-04,2.714867281606e-05
1.600000000000e+00,5.400000000000e-01,-8.492128320258e-05,-1.177986283363e-04,3.287734513373e-05
1.600000000000e+00,5.500000000000e-01,-8.963928358661e-05,-1.206251403275e-04,3.098585674087e-05
1.600000000000e+00,5.600000000000e-01,-1.022340672785e-04,-1.235958793038e-04,2.136181202524e-05
1.600000000000e+00,5.700000000000e-01,-1.218515369183e-04,-1.267199018330e-04,4.868364914680e-06
1.600000000000e+00,5.800000000000e-01,-1.463295356084e-04,-1.300070146317e-04,-1.632252097668e-05
1.600000000000e+00,5.900000000000e-01,-1.702765961956e-04,-1.334678499086e-04,-3.680874628701e-05
1.600000000000e+00,6.000000000000e-01,-1.872642793048e-04,-1.371139498020e-04,-5.015032950279e-05
1.600000000000e+00,6.100000000000e-01,-1.916516080615e-04,-1.409578612013e-04,-5.069374686019e-05
1.600000000000e+00,6.200000000000e-01,-1.794772598740e-04,-1.450132424540e-04,-3.446401742000e-05
1.600000000000e+00,6.300000000000e-01,-1.514183356904e-04,-1.492949837156e-04,-2.123351974716e-06
1.600000000000e+00,6.400000000000e-01,-1.174253708307e-04,-1.538193429991e-04,3.639397216835e-05
1.600000000000e+00,6.500000000000e-01,-8.988364985870e-05,-1.586041003446e-04,6.872045048589e-05
1.600000000000e+00,6.600000000000e-01,-8.055478372578e-05,-1.636687329682e-04,8.311394924245e-05
1.600000000000e+00,6.700000000000e-01,-9.865312096603e-05,-1.690346147741e-04,7.038149380811e-05
1.600000000000e+00,6.800000000000e-01,-1.437798118754e-04,-1.747252442585e-04,3.094543238310e-05
1.600000000000e+00,6.900000000000e-01,-2.027174689432e-04,-1.807665056172e-04,-2.195096332596e-05
1.600000000000e+00,7.000000000000e-01,-2.593577345808e-04,-1.871869688342e-04,-7.217076574668e-05
1.600000000000e+00,7.100000000000e-01,-2.978360740577e-04,-1.940182357155e-04,-1.038178383422e-04
1.600000000000e+00,7.200000000000e-01,-3.053875526791e-04,-2.012953403210e-04,-1.040922123581e-04
1.600000000000e+00,7.300000000000e-01,-2.817726502492e-04,-2.090572140970e-04,-7.271543615215e-05
1.600000000000e+00,7.400000000000e-01,-2.379033031255e-04,-2.173472283675e-04,-2.055607475797e-05
1.600000000000e+00,7.500000000000e-01,-1.877611900827e-04,-2.262138298283e-04,3.845263974554e-05
1.600000000000e+00,7.600000000000e-01,-1.461777238610e-04,-2.357112885491e-04,8.953356468806e-05
1.600000000000e+00,7.700000000000e-01,-1.262047425882e-04,-2.459005830069e-04,1.196958404187e-04
1.600000000000e+00,7.800000000000e-01,-1.336877183578e-04,-2.568504532862e-04,1.231627349284e-04
1.600000000000e+00,7.900000000000e-01,-1.692464597548e-04,-2.686386623961e-04,9.939220264129e-05
1.600000000000e+00,8.000000000000e-01,-2.302548907097e-04,-2.813535175293e-04,5.109862681957e-05
1.600000000000e+00,8.100000000000e-01,-3.111085806988e-04,-2.950957192478e-04,-1.601286145104e-05
1.600000000000e+00,8.200000000000e-01,-4.018249462833e-04,-3.099806287168e-04,-9.184431756650e-05
1.600000000000e+00,8.300000000000e-01,-4.843576738577e-04,-3.261410735175e-04,-1.582166003402e-04
1.600000000000e+00,8.400000000000e-01,-5.397179393245e-04,-3.437308542337e-04,-1.959870850908e-04
1.600000000000e+00,8.500000000000e-01,-5.519251873008e-04,-3.629291705347e-04,-1.889960167662e-04
1.600000000000e+00,8.600000000000e-01,-5.106397043425e-04,-3.839462607785e-04,-1.266934435639e-04
1.600000000000e+00,8.700000000000e-01,-4.221282138978e-04,-4.070306465120e-04,-1.509756738584e-05
1.600000000000e+00,8.800000000000e-01,-3.159624589708e-04,-4.324784934024e-04,1.165160344316e-04
1.600000000000e+00,8.900000000000e-01,-2.269166335575e-04,-4.606457379783e-04,2.337291044208e-04
1.600000000000e+00,9.000000000000e-01,-1.887384639383e-04,-4.919637685516e-04,3.032253046132e-04
1.600000000000e+00,9.100000000000e-01,-2.288349084542e-04,-5.269595529067e-04,2.981246444525e-04
1.600000000000e+00,9.200000000000e-01,-3.508248306950e-04,-5.662811087951e-04,2.154562781001e-04
1.600000000000e+00,9.300000000000e-01,-5.349821959867e-04,-6.107290076435e-04,7.574681165680e-05
1.600000000000e+00,9.400000000000e-01,-7.539242124778e-04,-6.612940253566e-04,-9.263018712117e-05
1.600000000000e+00,9.500000000000e-01,-9.765739129705e-04,-7.191998861916e-04,-2.573740267788e-04
1.600000000000e+00,9.600000000000e-01,-1.172043205369e-03,-7.859480165098e-04,-3.860951888593e-04
1.600000000000e+00,9.700000000000e-01,-1.314851027822e-03,-8.633580496550e-04,-4.514929781665e-04
1.600000000000e+00,9.800000000000e-01,-1.386506850003e-03,-9.535932722978e-04,-4.329135777051e-04
1.600000000000e+00,9.900000000000e-01,-1.376860195508e-03,-1.059154221369e-03,-3.177059741389e-04
1.600000000000e+00,1.000000000000e+00,-1.286337330744e-03,-1.182816513820e-03,-1.035208169242e-04
1.600000000000e+00,1.010000000000e+00,-1.134465773812e-03,-1.327481540799e-03,1.930157669870e-04
1.600000000000e+00,1.020000000000e+00,-9.804344314183e-04,-1.495902432961e-03,5.154680015427e-04
1.600000000000e+00,1.030000000000e+00,-8.957738560443e-04,-1.690245094974e-03,7.944712389294e-04
1.600000000000e+00,1.040000000000e+00,-9.488632134384e-04,-1.911448287416e-03,9.625850739776e-04
1.600000000000e+00,1.050000000000e+00,-1.195869222372e-03,-2.158361319133e-03,9.624920967605e-04
1.600000000000e+00,1.060000000000e+00,-1.656894862214e-03,-2.426666257418e-03,7.697713952040e-04
1.600000000000e+00,1.070000000000e+00,-2.295846772072e-03,-2.707635669241e-03,4.117888971692e-04
1.600000000000e+00,1.080000000000e+00,-3.051235070668e-03,-2.986836042024e-03,-6.439902864392e-05
1.600000000000e+00,1.090000000000e+00,-3.844070185874e-03,-3.242956315799e-03,-6.011138700752e-04
1.600000000000e+00,1.100000000000e+00,-4.582233114084e-03,-3.447010329957e-03,-1.135222784127e-03
1.600000000000e+00,1.110000000000e+00,-5.153669584910e-03,-3.562216100175e-03,-1.591453484735e-03
1.600000000000e+00,1.120000000000e+00,-5.432931075316e-03,-3.544874397344e-03,-1.888056677973e-03
1.600000000000e+00,1.130000000000e+00,-5.303801569809e-03,-3.346533964054e-03,-1.957267605755e-03
1.600000000000e+00,1.140000000000e+00,-4.670681765310e-03,-2.917624707973e-03,-1.753057057337e-03
1.600000000000e+00,1.150000000000e+00,-3.473330384744e-03,-2.212557005341e-03,-1.260773379403e-03
1.600000000000e+00,1.160000000000e+00,-1.736033798282e-03,-1.196033916599e-03,-5.399998816837e-04
1.600000000000e+00,1.170000000000e+00,4.535169870247e-04,1.499681701622e-04,3.035488168626e-04
1.600000000000e+00,1.180000000000e+00,2.976813196327e-03,1.819379064019e-03,1.157434132309e-03
1.600000000000e+00,1.190000000000e+00,5.692733660658e-03,3.776419129838e-03,1.916314530820e-03
1.600000000000e+00,1.200000000000e+00,8.443101932908e-03,5.952317115266e-03,2.490784817642e-03
1.600000000000e+00,1.210000000000e+00,1.105145443445e-02,8.245389271702e-03,2.806065162745e-03
1.600000000000e+00,1.220000000000e+00,1.334126138408e-02,1.052519640854e-02,2.816064975536e-03
1.600000000000e+00,1.230000000000e+00,1.514987961417e-02,1.264098822057e-02,2.508891393603e-03
1.600000000000e+00,1.240000000000e+00,1.633907076100e-02,1.443400059330e-02,1.905070167702e-03
1.600000000000e+00,1.250000000000e+00,1.682288127247e-02,1.575249228145e-02,1.070388991024e-03
1.600000000000e+00,1.260000000000e+00,1.659677515620e-02,1.646781815085e-02,1.289570053512e-04
1.600000000000e+00,1.270000000000e+00,1.569767947222e-02,1.648946323525e-02,-7.917837630364e-04
1.600000000000e+00,1.280000000000e+00,1.419307752802e-02,1.577690309222e-02,-1.583825564203e-03
1.600000000000e+00,1.290000000000e+00,1.217572570708e-02,1.434645541669e-02,-2.170729709608e-03
1.600000000000e+00,1.300000000000e+00,9.767809078348e-03,1.227192031994e-02,-2.504111241590e-03
1.600000000000e+00,1.310000000000e+00,7.116381370582e-03,9.678677132158e-03,-2.562295761576e-03
1.600000000000e+00,1.320000000000e+00,4.373788954203e-03,6.731865516664e-03,-2.358076562461e-03
1.600000000000e+00,1.330000000000e+00,1.688345290445e-03,3.620155728634e-03,-1.931810438188e-03
1.600000000000e+00,1.340000000000e+00,-8.057393821625e-04,5.372472628660e-04,-1.342986645029e-03
1.600000000000e+00,1.350000000000e+00,-3.015822563404e-03,-2.336485852697e-03,-6.793367107067e-04
1.600000000000e+00,1.360000000000e+00,-4.885113723950e-03,-4.849903274345e-03,-3.521044960499e-05
1.600000000000e+00,1.370000000000e+00,-6.377605657295e-03,-6.892739948883e-03,5.151342915882e-04
1.600000000000e+00,1.380000000000e+00,-7.476494453096e-03,-8.401898157054e-03,9.254037039579e-04
1.600000000000e+00,1.390000000000e+00,-8.184666509077e-03,-9.362155090296e-03,1.177488581219e-03
1.600000000000e+00,1.400000000000e+00,-8.531714288507e-03,-9.801853609801e-03,1.270139321294e-03
1.600000000000e+00,1.410000000000e+00,-8.564176901972e-03,-9.784767206911e-03,1.220590304939e-03
1.600000000000e+00,1.420000000000e+00,-8.338940385769e-03,-9.399687915428e-03,1.060747529659e-03
1.600000000000e+00,1.430000000000e+00,-7.920112755633e-03,-8.749350586690e-03,8.292378310573e-04
1.600000000000e+00,1.440000000000e+00,-7.377524813907e-03,-7.940108029385e-03,5.625832154775e-04
1.600000000000e+00,1.450000000000e+00,-6.785894622616e-03,-7.073381907457e-03,2.874872848409e-04
1.600000000000e+00,1.460000000000e+00,-6.216708056483e-03,-6.239429971901e-03,2.272191541804e-05
1.600000000000e+00,1.470000000000e+00,-5.732541454863e-03,-5.513488937816e-03,-2.190525170464e-04
1.600000000000e+00,1.480000000000e+00,-5.381967311519e-03,-4.953955946955e-03,-4.280113645638e-04
1.600000000000e+00,1.490000000000e+00,-5.174820548716e-03,-4.602014828900e-03,-5.728057198159e-04
1.600000000000e+00,1.500000000000e+00,-5.077349522712e-03,-4.482019949757e-03,-5.953295729548e-04
2.200000000000e+00,-1.500000000000e+00,-6.637664046756e-04,-7.503038859265e-04,8.653748125089e-05
2.200000000000e+00,-1.490000000000e+00,-6.898335152674e-04,-7.532441186982e-04,6.341060343086e-05
2.200000000000e+00,-1.480000000000e+00,-7.698300864790e-04,-7.621619260993e-04,-7.668160379660e-06
2.200000000000e+00,-1.470000000000e+00,-9.255072578809e-04,-7.773535517134e-04,-1.481537061675e-04
2.200000000000e+00,-1.460000000000e+00,-1.130602647025e-03,-7.993286778307e-04,-3.312739691940e-04
2.200000000000e+00,-1.450000000000e+00,-1.321369616331e-03,-8.288326058822e-04,-4.925370104491e-04
2.200000000000e+00,-1.440000000000e+00,-1.431223133358e-03,-8.668732060632e-04,-5.643499272950e-04
2.200000000000e+00,-1.430000000000e+00,-1.401667034814e-03,-9.147470837389e-04,-4.869199510755e-04
2.200000000000e+00,-1.420000000000e+00,-1.200502824130e-03,-9.740558670389e-04,-2.264469570915e-04
2.200000000000e+00,-1.410000000000e+00,-8.720607213843e-04,-1.046698790251e-03,1.746380688670e-04
2.200000000000e+00,-1.400000000000e+00,-5.005377519348e-04,-1.134822026596e-03,6.342842746608e-04
2.200000000000e+00,-1.390000000000e+00,-1.805071672982e-04,-1.240699147319e-03,1.060191980021e-03
2.200000000000e+00,-1.380000000000e+00,-5.782784804266e-06,-1.366511882907e-03,1.360729098102e-03
2.200000000000e+00,-1.370000000000e+00,-4.955666507850e-05,-1.513997961708e-03,1.464441296629e-03
2.200000000000e+00,-1.360000000000e+00,-3.378142640697e-04,-1.683935784287e-03,1.346121520217e-03
2.200000000000e+00,-1.350000000000e+00,-8.695453573263e-04,-1.875447037982e-03,1.005901680656e-03
2.200000000000e+00,-1.340000000000e+00,-1.620974671699e-03,-2.085120882597e-03,4.641462108976e-04
2.200000000000e+00,-1.330000000000e+00,-2.545090478519e-03,-2.305998817705e-03,-2.390916608141e-04
2.200000000000e+00,-1.320000000000e+00,-3.553026458812e-03,-2.526507371986e-03,-1.026519086826e-03
2.200000000000e+00,-1.310000000000e+00,-4.508098447549e-03,-2.729482576766e-03,-1.778615870783e-03
2.200000000000e+00,-1.300000000000e+00,-5.264855550450e-03,-2.891487796316e-03,-2.373367754134e-03
2.200000000000e+00,-1.290000000000e+00,-5.684450446732e-03,-2.982672478920e-03,-2.701777967811e-03
2.200000000000e+00,-1.280000000000e+00,-5.649413491019e-03,-2.967437965268e-03,-2.681975525750e-03
2.200000000000e+00,-1.270000000000e+00,-5.107862817852e-03,-2.806150922797e-03,-2.301711895055e-03
2.200000000000e+00,-1.260000000000e+00,-4.070937135548e-03,-2.458061521273e-03,-1.612875614274e-03
2.200000000000e+00,-1.250000000000e+00,-2.581616358375e-03,-1.885436172214e-03,-6.961801861610e-04
2.200000000000e+00,-1.240000000000e+00,-7.099517993377e-04,-1.058710070800e-03,3.487582714622e-04
2.200000000000e+00,-1.230000000000e+00,1.449038794636e-03,3.777486180612e-05,1.411263932830e-03
2.200000000000e+00,-1.220000000000e+00,3.765493736219e-03,1.400117666577e-03,2.365376069641e-03
2.200000000000e+00,-1.210000000000e+00,6.091882535740e-03,3.000146438504e-03,3.091736097236e-03
2.200000000000e+00,-1.200000000000e+00,8.279508518928e-03,4.782579242506e-03,3.496929276422e-03
2.200000000000e+00,-1.190000000000e+00,1.018783663177e-02,6.664917203611e-03,3.522919428154e-03
2.200000000000e+00,-1.180000000000e+00,1.170094179133e-02,8.540682351865e-03,3.160259439465e-03
2.200000000000e+00,-1.170000000000e+00,1.275326850079e-02,1.028620185751e-02,2.467066643282e-03
2.200000000000e+00,-1.160000000000e+00,1.330880612631e-02,1.177061236266e-02,1.538193763653e-03
2.200000000000e+00,-1.150000000000e+00,1.335420037273e-02,1.286819480669e-02,4.860055660341e-04
2.200000000000e+00,-1.140000000000e+00,1.289736503337e-02,1.347165495261e-02,-5.742899192393e-04
2.200000000000e+00,-1.130000000000e+00,1.197276788853e-02,1.350464298476e-02,-1.531875096232e-03
2.200000000000e+00,-1.120000000000e+00,1.064437225883e-02,1.293174031716e-02,-2.287368058329e-03
2.200000000000e+00,-1.110000000000e+00,8.990860788587e-03,1.176437283414e-02,-2.773512045552e-03
2.200000000000e+00,-1.100000000000e+00,7.100323853370e-03,1.006161982527e-02,-2.961295971897e-03
2.200000000000e+00,-1.090000000000e+00,5.066260434997e-03,7.925601313287e-03,-2.859340878290e-03
2.200000000000e+00,-1.080000000000e+00,2.984248611327e-03,5.491922159349e-03,-2.507673548021e-03
2.200000000000e+00,-1.070000000000e+00,9.482020732938e-04,2.916386645361e-03,-1.968184572067e-03
2.200000000000e+00,-1.060000000000e+00,-9.539008902711e-04,3.597382151223e-04,-1.313639105393e-03
2.200000000000e+00,-1.050000000000e+00,-2.643961397084e-03,-2.027570775776e-03,-6.163906213078e-04
2.200000000000e+00,-1.040000000000e+00,-4.059562239117e-03,-4.118653712902e-03,5.909147378575e-05
2.200000000000e+00,-1.030000000000e+00,-5.172764453738e-03,-5.819965665179e-03,6.472012114415e-04
2.200000000000e+00,-1.020000000000e+00,-5.980615550230e-03,-7.076640010148e-03,1.096024459918e-03
2.200000000000e+00,-1.010000000000e+00,-6.493984481207e-03,-7.873147797879e-03,1.379163316672e-03
2.200000000000e+00,-1.000000000000e+00,-6.734935307185e-03,-8.229715312784e-03,1.494780005599e-03
2.200000000000e+00,-9.900000000000e-01,-6.734766136292e-03,-8.195467643126e-03,1.460701506834e-03
2.200000000000e+00,-9.800000000000e-01,-6.533349242102e-03,-7.839583955122e-03,1.306234713020e-03
2.200000000000e+00,-9.700000000000e-01,-6.174777501165e-03,-7.241828762656e-03,1.067051261491e-03
2.200000000000e+00,-9.600000000000e-01,-5.704108738231e-03,-6.483685040267e-03,7.795763020356e-04
2.200000000000e+00,-9.500000000000e-01,-5.164767595543e-03,-5.641017582280e-03,4.762499867368e-04
2.200000000000e+00,-9.400000000000e-01,-4.592340865493e-03,-4.778815271660e-03,1.864744061671e-04
2.200000000000e+00,-9.300000000000e-01,-4.009344116770e-03,-3.948176137720e-03,-6.116797904945e-05
2.200000000000e+00,-9.200000000000e-01,-3.432776151923e-03,-3.185372121682e-03,-2.474040302418e-04
2.200000000000e+00,-9.100000000000e-01,-2.876006514364e-03,-2.512600799763e-03,-3.634057146010e-04
2.200000000000e+00,-9.000000000000e-01,-2.349867619163e-03,-1.939912653925e-03,-4.099549652380e-04
2.200000000000e+00,-8.900000000000e-01,-1.865104962390e-03,-1.467786194154e-03,-3.973187682363e-04
2.200000000000e+00,-8.800000000000e-01,-1.432698532861e-03,-1.089885403892e-03,-3.428131289692e-04
2.200000000000e+00,-8.700000000000e-01,-1.061736295644e-03,-7.956437404165e-04,-2.660925552271e-04
2.200000000000e+00,-8.600000000000e-01,-7.586951656004e-04,-5.724459827506e-04,-1.862491828498e-04
2.200000000000e+00,-8.500000000000e-01,-5.262968055412e-04,-4.072991826804e-04,-1.189976228608e-04
2.200000000000e+00,-8.400000000000e-01,-3.586248104075e-04,-2.879809765402e-04,-7.064383386730e-05
2.200000000000e+00,-8.300000000000e-01,-2.438772610278e-04,-2.037204302015e-04,-4.015683082629e-05
2.200000000000e+00,-8.200000000000e-01,-1.684282777702e-04,-1.455034965969e-04,-2.292478117326e-05
2.200000000000e+00,-8.100000000000e-01,-1.182852617543e-04,-1.061069493479e-04,-1.217831240638e-05
2.200000000000e+00,-8.000000000000e-01,-8.148806549083e-05,-7.995851284340e-05,-1.529552647433e-06
2.200000000000e+00,-7.900000000000e-01,-5.291552015391e-05,-6.290428507236e-05,9.988764918444e-06
2.200000000000e+00,-7.800000000000e-01,-3.075031020814e-05,-5.194377703643e-05,2.119346682829e-05
2.200000000000e+00,-7.700000000000e-01,-1.461741659770e-05,-4.497253404622e-05,3.035511744852e-05
2.200000000000e+00,-7.600000000000e-01,-5.011209492287e-06,-4.055506827794e-05,3.554385878565e-05
2.200000000000e+00,-7.500000000000e-01,-2.179196847365e-06,-3.773785722671e-05,3.555866037934e-05
2.200000000000e+00,-7.400000000000e-01,-5.004646597891e-06,-3.590346853588e-05,3.089882193799e-05
2.200000000000e+00,-7.300000000000e-01,-1.205138161464e-05,-3.466182223018e-05,2.261044061553e-05
2.200000000000e+00,-7.200000000000e-01,-2.173750682047e-05,-3.377228916841e-05,1.203478234794e-05
2.200000000000e+00,-7.100000000000e-01,-3.237189875721e-05,-3.308983614608e-05,7.179373888658e-07
2.200000000000e+00,-7.000000000000e-01,-4.215111911595e-05,-3.252899363632e-05,-9.622125479632e-06
2.200000000000e+00,-6.900000000000e-01,-4.926601456467e-05,-3.204047280639e-05,-1.722554175829e-05
2.200000000000e+00,-6.800000000000e-01,-5.217243613112e-05,-3.159642294046e-05,-2.057601319066e-05
2.200000000000e+00,-6.700000000000e-01,-4.981088983296e-05,-3.118138971030e-05,-1.862950012266e-05
2.200000000000e+00,-6.600000000000e-01,-4.191313305454e-05,-3.078691612516e-05,-1.112621692938e-05
2.200000000000e+00,-6.500000000000e-01,-3.038298735136e-05,-3.040840192416e-05,2.541457280428e-08
2.200000000000e+00,-6.400000000000e-01,-1.857159912735e-05,-3.004332343324e-05,1.147172430590e-05
2.200000000000e+00,-6.300000000000e-01,-9.911666618392e-06,-2.969025036277e-05,1.977858374438e-05
2.200000000000e+00,-6.200000000000e-01,-7.359538433966e-06,-2.934831676303e-05,2.198877832906e-05
2.200000000000e+00,-6.100000000000e-01,-1.243467460209e-05,-2.901694377020e-05,1.658226916810e-05
2.200000000000e+00,-6.000000000000e-01,-2.289525118739e-05,-2.869569811953e-05,5.800446932140e-06
2.200000000000e+00,-5.900000000000e-01,-3.477092078257e-05,-2.838422181612e-05,-6.386698966444e-06
2.200000000000e+00,-5.800000000000e-01,-4.385022016680e-05,-2.808219803119e-05,-1.576802213561e-05
2.200000000000e+00,-5.700000000000e-01,-4.641469436327e-05,-2.778933489763e-05,-1.862535946564e-05
2.200000000000e+00,-5.600000000000e-01,-4.092686953662e-05,-2.750535788552e-05,-1.342151165110e-05
2.200000000000e+00,-5.500000000000e-01,-3.001555633512e-05,-2.723000616789e-05,-2.785550167228e-06
2.200000000000e+00,-5.400000000000e-01,-1.774984708587e-05,-2.696303078956e-05,9.213183703692e-06
2.200000000000e+00,-5.300000000000e-01,-8.552342215177e-06,-2.670419363219e-05,1.815185141701e-05
2.200000000000e+00,-5.200000000000e-01,-6.472006605537e-06,-2.645326672757e-05,1.998126012203e-05
2.200000000000e+00,-5.100000000000e-01,-1.240929603089e-05,-2.621003172620e-05,1.380073569530e-05
2.200000000000e+00,-5.000000000000e-01,-2.315794004210e-05,-2.597427944033e-05,2.816339398228e-06
2.200000000000e+00,-4.900000000000e-01,-3.468551342942e-05,-2.574580942982e-05,-8.939703999605e-06
2.200000000000e+00,-4.800000000000e-01,-4.289670202507e-05,-2.552442961631e-05,-1.737227240875e-05
2.200000000000e+00,-4.700000000000e-01,-4.437679761152e-05,-2.530995592048e-05,-1.906684169105e-05
2.200000000000e+00,-4.600000000000e-01,-3.934245083642e-05,-2.510221191967e-05,-1.424023891675e-05
2.200000000000e+00,-4.500000000000e-01,-3.083060718598e-05,-2.490102852422e-05,-5.929578661760e-06
2.200000000000e+00,-4.400000000000e-01,-2.224848264509e-05,-2.470624367145e-05,2.457761026358e-06
2.200000000000e+00,-4.300000000000e-01,-1.668700511850e-05,-2.451770203507e-05,7.830696916567e-06
2.200000000000e+00,-4.200000000000e-01,-1.612476322005e-05,-2.433525475122e-05,8.210491531171e-06
2.200000000000e+00,-4.100000000000e-01,-2.016584930173e-05,-2.415875915834e-05,3.992909856619e-06
2.200000000000e+00,-4.000000000000e-01,-2.681383276581e-05,-2.398807855082e-05,-2.825754214997e-06
2.200000000000e+00,-3.900000000000e-01,-3.331843704759e-05,-2.382308194583e-05,-9.495355101758e-06
2.200000000000e+00,-3.800000000000e-01,-3.670610169143e-05,-2.366364386239e-05,-1.304245782903e-05
2.200000000000e+00,-3.700000000000e-01,-3.508851181330e-05,-2.350964411171e-05,-1.157886770158e-05
2.200000000000e+00,-3.600000000000e-01,-2.964810791250e-05,-2.336096759922e-05,-6.287140313282e-06
2.200000000000e+00,-3.500000000000e-01,-2.245842297168e-05,-2.321750413626e-05,7.590811645823e-07
2.200000000000e+00,-3.400000000000e-01,-1.580803583195e-05,-2.307914826224e-05,7.271112430292e-06
2.200000000000e+00,-3.300000000000e-01,-1.196020750301e-05,-2.294579907546e-05,1.098559157245e-05
2.200000000000e+00,-3.200000000000e-01,-1.174793082402e-05,-2.281736007391e-05,1.106942924989e-05
2.200000000000e+00,-3.100000000000e-01,-1.385103629238e-05,-2.269373900311e-05,8.842702710727e-06
2.200000000000e+00,-3.000000000000e-01,-1.672698837944e-05,-2.257484771325e-05,5.847859333806e-06
2.200000000000e+00,-2.900000000000e-01,-1.905227277373e-05,-2.246060202322e-05,3.408329249499e-06
2.200000000000e+00,-2.800000000000e-01,-2.002389256715e-05,-2.235092159208e-05,2.327029024932e-06
2.200000000000e+00,-2.700000000000e-01,-1.921241167481e-05,-2.224572979755e-05,3.033318122742e-06
2.200000000000e+00,-2.600000000000e-01,-1.669094409155e-05,-2.214495362080e-05,5.454009529251e-06
2.200000000000e+00,-2.500000000000e-01,-1.326610061687e-05,-2.204852353810e-05,8.782422921234e-06
2.200000000000e+00,-2.400000000000e-01,-1.035007226200e-05,-2.195637341792e-05,1.160630115592e-05
2.200000000000e+00,-2.300000000000e-01,-9.532536351839e-06,-2.186844042386e-05,1.233590407202e-05
2.200000000000e+00,-2.200000000000e-01,-1.040489470353e-05,-2.178466492368e-05,1.137977022014e-05
2.200000000000e+00,-2.100000000000e-01,-1.191889291292e-05,-2.170499040273e-05,9.786097489813e-06
2.200000000000e+00,-2.000000000000e-01,-1.344327360828e-05,-2.162936338305e-05,8.186089774767e-06
2.200000000000e+00,-1.900000000000e-01,-1.480903115170e-05,-2.155773334699e-05,6.748702195290e-06
2.200000000000e+00,-1.800000000000e-01,-1.606614241204e-05,-2.149005266600e-05,5.423910253964e-06
2.200000000000e+00,-1.700000000000e-01,-1.671833382483e-05,-2.142627653310e-05,4.707942708274e-06
2.200000000000e+00,-1.600000000000e-01,-1.657439665590e-05,-2.136636290039e-05,4.791966244490e-06
2.200000000000e+00,-1.500000000000e-01,-1.590777218552e-05,-2.131027242057e-05,5.402500235050e-06
2.200000000000e+00,-1.400000000000e-01,-1.538816573601e-05,-2.125796839233e-05,5.869802656322e-06
2.200000000000e+00,-1.300000000000e-01,-1.544333325004e-05,-2.120941670968e-05,5.766083459639e-06
2.200000000000e+00,-1.200000000000e-01,-1.575138702356e-05,-2.116458581522e-05,5.413198791658e-06
2.200000000000e+00,-1.100000000000e-01,-1.615094383689e-05,-2.112344665712e-05,4.972502820229e-06
2.200000000000e+00,-1.000000000000e-01,-1.667728103552e-05,-2.108597264930e-05,4.408691613780e-06
2.200000000000e+00,-9.000000000000e-02,-1.749714236537e-05,-2.105213963556e-05,3.554997270193e-06
2.200000000000e+00,-8.000000000000e-02,-1.852605611859e-05,-2.102192585708e-05,2.495869738482e-06
2.200000000000e+00,-7.000000000000e-02,-1.944500880046e-05,-2.099531192279e-05,1.550303122330e-06
2.200000000000e+00,-6.000000000000e-02,-2.004438494642e-05,-2.097228078339e-05,9.278958369624e-07
2.200000000000e+00,-5.000000000000e-02,-2.024555864004e-05,-2.095281770871e-05,7.072590686666e-07
2.200000000000e+00,-4.000000000000e-02,-2.010171375640e-05,-2.093691026775e-05,8.351965113478e-07
2.200000000000e+00,-3.000000000000e-02,-1.968426720876e-05,-2.092454831228e-05,1.240281103513e-06
2.200000000000e+00,-2.000000000000e-02,-1.912602338507e-05,-2.091572396305e-05,1.789700577985e-06
2.200000000000e+00,-1.000000000000e-02,-1.863383404414e-05,-2.091043159963e-05,2.276597555485e-06
2.200000000000e+00,0.000000000000e+00,-1.842593816666e-05,-2.090866785266e-05,2.482729685999e-06
2.200000000000e+00,1.000000000000e-02,-1.863218338748e-05,-2.091043159963e-05,2.278248212154e-06
2.200000000000e+00,2.000000000000e-02,-1.912281660234e-05,-2.091572396305e-05,1.792907360717e-06
2.200000000000e+00,3.000000000000e-02,-1.967969169140e-05,-2.092454831228e-05,1.244856620872e-06
2.200000000000e+00,4.000000000000e-02,-2.009605053828e-05,-2.093691026775e-05,8.408597294722e-07
2.200000000000e+00,5.000000000000e-02,-2.023917116376e-05,-2.095281770871e-05,7.136465449463e-07
2.200000000000e+00,6.000000000000e-02,-2.003769087611e-05,-2.097228078339e-05,9.345899072720e-07
2.200000000000e+00,7.000000000000e-02,-1.943841703925e-05,-2.099531192279e-05,1.556894883536e-06
2.200000000000e+00,8.000000000000e-02,-1.851995860897e-05,-2.102192585708e-05,2.501967248105e-06
2.200000000000e+00,9.000000000000e-02,-1.749190813480e-05,-2.105213963556e-05,3.560231500759e-06
2.200000000000e+00,1.000000000000e-01,-1.667325537936e-05,-2.108597264930e-05,4.412717269941e-06
2.200000000000e+00,1.100000000000e-01,-1.614839970302e-05,-2.112344665712e-05,4.975046954098e-06
2.200000000000e+00,1.200000000000e-01,-1.575047065589e-05,-2.116458581522e-05,5.414115159329e-06
2.200000000000e+00,1.300000000000e-01,-1.544407098839e-05,-2.120941670968e-05,5.765345721294e-06
2.200000000000e+00,1.400000000000e-01,-1.539047696220e-05,-2.125796839233e-05,5.867491430138e-06
2.200000000000e+00,1.500000000000e-01,-1.591147885174e-05,-2.131027242057e-05,5.398793568827e-06
2.200000000000e+00,1.600000000000e-01,-1.657925454151e-05,-2.136636290039e-05,4.787108358872e-06
2.200000000000e+00,1.700000000000e-01,-1.672405793115e-05,-2.142627653310e-05,4.702218601951e-06
2.200000000000e+00,1.800000000000e-01,-1.607241137480e-05,-2.149005266600e-05,5.417641291205e-06
2.200000000000e+00,1.900000000000e-01,-1.481549696127e-05,-2.155773334699e-05,6.742236385716e-06
2.200000000000e+00,2.000000000000e-01,-1.344957398735e-05,-2.162936338305e-05,8.179789395698e-06
2.200000000000e+00,2.100000000000e-01,-1.192473274466e-05,-2.170499040273e-05,9.780257658068e-06
2.200000000000e+00,2.200000000000e-01,-1.041006201174e-05,-2.178466492368e-05,1.137460291194e-05
2.200000000000e+00,2.300000000000e-01,-9.536886413161e-06,-2.186844042386e-05,1.233155401070e-05
2.200000000000e+00,2.400000000000e-01,-1.035351019057e-05,-2.195637341792e-05,1.160286322736e-05
2.200000000000e+00,2.500000000000e-01,-1.326858476066e-05,-2.204852353810e-05,8.779938777447e-06
2.200000000000e+00,2.600000000000e-01,-1.669250643209e-05,-2.214495362080e-05,5.452447188710e-06
2.200000000000e+00,2.700000000000e-01,-1.921314048993e-05,-2.224572979755e-05,3.032589307619e-06
2.200000000000e+00,2.800000000000e-01,-2.002391442584e-05,-2.235092159208e-05,2.327007166249e-06
2.200000000000e+00,2.900000000000e-01,-1.905172474677e-05,-2.246060202322e-05,3.408877276456e-06
2.200000000000e+00,3.000000000000e-01,-1.672600558365e-05,-2.257484771325e-05,5.848842129597e-06
2.200000000000e+00,3.100000000000e-01,-1.384972960795e-05,-2.269373900311e-05,8.844009395158e-06
2.200000000000e+00,3.200000000000e-01,-1.174637649219e-05,-2.281736007391e-05,1.107098358172e-05
2.200000000000e+00,3.300000000000e-01,-1.195844675656e-05,-2.294579907546e-05,1.098735231890e-05
2.200000000000e+00,3.400000000000e-01,-1.580607284178e-05,-2.307914826224e-05,7.273075420461e-06
2.200000000000e+00,3.500000000000e-01,-2.245624950260e-05,-2.321750413626e-05,7.612546336651e-07
2.200000000000e+00,3.600000000000e-01,-2.964572192524e-05,-2.336096759922e-05,-6.284754326027e-06
2.200000000000e+00,3.700000000000e-01,-3.508592902508e-05,-2.350964411171e-05,-1.157628491336e-05
2.200000000000e+00,3.800000000000e-01,-3.670336496928e-05,-2.366364386239e-05,-1.303972110689e-05
2.200000000000e+00,3.900000000000e-01,-3.331562174458e-05,-2.382308194583e-05,-9.492539798748e-06
2.200000000000e+00,4.000000000000e-01,-2.681102634264e-05,-2.398807855082e-05,-2.822947791826e-06
2.200000000000e+00,4.100000000000e-01,-2.016315383496e-05,-2.415875915834e-05,3.995605323380e-06
2.200000000000e+00,4.200000000000e-01,-1.612229908274e-05,-2.433525475122e-05,8.212955668479e-06
2.200000000000e+00,4.300000000000e-01,-1.668491765217e-05,-2.451770203507e-05,7.832784382905e-06
2.200000000000e+00,4.400000000000e-01,-2.224692415456e-05,-2.470624367145e-05,2.459319516890e-06
2.200000000000e+00,4.500000000000e-01,-3.082967540285e-05,-2.490102852422e-05,-5.928646878634e-06
2.200000000000e+00,4.600000000000e-01,-3.934218401988e-05,-2.510221191967e-05,-1.423997210021e-05
2.200000000000e+00,4.700000000000e-01,-4.437718293981e-05,-2.530995592048e-05,-1.906722701934e-05
2.200000000000e+00,4.800000000000e-01,-4.289767675017e-05,-2.552442961631e-05,-1.737324713385e-05
2.200000000000e+00,4.900000000000e-01,-3.468696789327e-05,-2.574580942982e-05,-8.941158463450e-06
2.200000000000e+00,5.000000000000e-01,-2.315970355456e-05,-2.597427944033e-05,2.814575885766e-06
2.200000000000e+00,5.100000000000e-01,-1.241115635641e-05,-2.621003172620e-05,1.379887536979e-05
2.200000000000e+00,5.200000000000e-01,-6.473720567965e-06,-2.645326672757e-05,1.997954615960e-05
2.200000000000e+00,5.300000000000e-01,-8.553649603107e-06,-2.670419363219e-05,1.815054402908e-05
2.200000000000e+00,5.400000000000e-01,-1.775051380389e-05,-2.696303078956e-05,9.212516985670e-06
2.200000000000e+00,5.500000000000e-01,-3.001540551139e-05,-2.723000616789e-05,-2.785399343491e-06
2.200000000000e+00,5.600000000000e-01,-4.092579215610e-05,-2.750535788552e-05,-1.342043427058e-05
2.200000000000e+00,5.700000000000e-01,-4.641266919496e-05,-2.778933489763e-05,-1.862333429733e-05
2.200000000000e+00,5.800000000000e-01,-4.384730227065e-05,-2.808219803119e-05,-1.576510423947e-05
2.200000000000e+00,5.900000000000e-01,-3.476725839201e-05,-2.838422181612e-05,-6.383036575885e-06
2.200000000000e+00,6.000000000000e-01,-2.289107527854e-05,-2.869569811953e-05,5.804622840984e-06
2.200000000000e+00,6.100000000000e-01,-1.243028975621e-05,-2.901694377020e-05,1.658665401399e-05
2.200000000000e+00,6.200000000000e-01,-7.355321540680e-06,-2.934831676303e-05,2.199299522235e-05
2.200000000000e+00,6.300000000000e-01,-9.908016416519e-06,-2.969025036277e-05,1.978223394625e-05
2.200000000000e+00,6.400000000000e-01,-1.856886006314e-05,-3.004332343324e-05,1.147446337011e-05
2.200000000000e+00,6.500000000000e-01,-3.038141066562e-05,-3.040840192416e-05,2.699125854411e-08
2.200000000000e+00,6.600000000000e-01,-4.191286249717e-05,-3.078691612516e-05,-1.112594637201e-05
2.200000000000e+00,6.700000000000e-01,-4.981195458951e-05,-3.118138971030e-05,-1.863056487921e-05
2.200000000000e+00,6.800000000000e-01,-5.217474676556e-05,-3.159642294046e-05,-2.057832382510e-05
2.200000000000e+00,6.900000000000e-01,-4.926938122710e-05,-3.204047280639e-05,-1.722890842071e-05
2.200000000000e+00,7.000000000000e-01,-4.215525099899e-05,-3.252899363632e-05,-9.626257362667e-06
2.200000000000e+00,7.100000000000e-01,-3.237640486695e-05,-3.308983614608e-05,7.134312791276e-07
2.200000000000e+00,7.200000000000e-01,-2.174191172211e-05,-3.377228916841e-05,1.203037744630e-05
2.200000000000e+00,7.300000000000e-01,-1.205522329198e-05,-3.466182223018e-05,2.260659893820e-05
2.200000000000e+00,7.400000000000e-01,-5.007563114666e-06,-3.590346853588e-05,3.089590542122e-05
2.200000000000e+00,7.500000000000e-01,-2.180931051058e-06,-3.773785722671e-05,3.555692617565e-05
2.200000000000e+00,7.600000000000e-01,-5.011616414415e-06,-4.055506827794e-05,3.554345186352e-05
2.200000000000e+00,7.700000000000e-01,-1.461645985848e-05,-4.497253404622e-05,3.035607418775e-05
2.200000000000e+00,7.800000000000e-01,-3.074805367114e-05,-5.194377703643e-05,2.119572336528e-05
2.200000000000e+00,7.900000000000e-01,-5.291213505284e-05,-6.290428507236e-05,9.992150019517e-06
2.200000000000e+00,8.000000000000e-01,-8.148380404348e-05,-7.995851284340e-05,-1.525291200085e-06
2.200000000000e+00,8.100000000000e-01,-1.182804510270e-04,-1.061069493479e-04,-1.217350167913e-05
2.200000000000e+00,8.200000000000e-01,-1.684232821151e-04,-1.455034965969e-04,-2.291978551821e-05
2.200000000000e+00,8.300000000000e-01,-2.438724002815e-04,-2.037204302015e-04,-4.015197008004e-05
2.200000000000e+00,8.400000000000e-01,-3.586203382658e-04,-2.879809765402e-04,-7.063936172560e-05
2.200000000000e+00,8.500000000000e-01,-5.262929022616e-04,-4.072991826804e-04,-1.189937195812e-04
2.200000000000e+00,8.600000000000e-01,-7.586919488169e-04,-5.724459827506e-04,-1.862459660663e-04
2.200000000000e+00,8.700000000000e-01,-1.061733817837e-03,-7.956437404165e-04,-2.660900774202e-04
2.200000000000e+00,8.800000000000e-01,-1.432696775873e-03,-1.089885403892e-03,-3.428113719812e-04
2.200000000000e+00,8.900000000000e-01,-1.865103863238e-03,-1.467786194154e-03,-3.973176690845e-04
2.200000000000e+00,9.000000000000e-01,-2.349867076218e-03,-1.939912653925e-03,-4.099544222936e-04
2.200000000000e+00,9.100000000000e-01,-2.876006419042e-03,-2.512600799763e-03,-3.634056192788e-04
2.200000000000e+00,9.200000000000e-01,-3.432776386408e-03,-3.185372121682e-03,-2.474042647267e-04
2.200000000000e+00,9.300000000000e-01,-4.009344557246e-03,-3.948176137720e-03,-6.116841952588e-05
2.200000000000e+00,9.400000000000e-01,-4.592341396953e-03,-4.778815271660e-03,1.864738747076e-04
2.200000000000e+00,9.500000000000e-01,-5.164768128443e-03,-5.641017582280e-03,4.762494538369e-04
2.200000000000e+00,9.600000000000e-01,-5.704109214580e-03,-6.483685040267e-03,7.795758256862e-04
2.200000000000e+00,9.700000000000e-01,-6.174777881227e-03,-7.241828762656e-03,1.067050881429e-03
2.200000000000e+00,9.800000000000e-01,-6.533349503362e-03,-7.839583955122e-03,1.306234451759e-03
2.200000000000e+00,9.900000000000e-01,-6.734766285054e-03,-8.195467643126e-03,1.460701358072e-03
2.200000000000e+00,1.000000000000e+00,-6.734935366758e-03,-8.229715312784e-03,1.494779946026e-03
2.200000000000e+00,1.010000000000e+00,-6.493984497498e-03,-7.873147797879e-03,1.379163300380e-03
2.200000000000e+00,1.020000000000e+00,-5.980615560306e-03,-7.076640010148e-03,1.096024449842e-03
2.200000000000e+00,1.030000000000e+00,-5.172764495662e-03,-5.819965665179e-03,6.472011695173e-04
2.200000000000e+00,1.040000000000e+00,-4.059562330486e-03,-4.118653712902e-03,5.909138241682e-05
2.200000000000e+00,1.050000000000e+00,-2.643961547291e-03,-2.027570775776e-03,-6.163907715148e-04
2.200000000000e+00,1.060000000000e+00,-9.539011011566e-04,3.597382151223e-04,-1.313639316279e-03
2.200000000000e+00,1.070000000000e+00,9.482018012468e-04,2.916386645361e-03,-1.968184844114e-03
2.200000000000e+00,1.080000000000e+00,2.984248289782e-03,5.491922159349e-03,-2.507673869566e-03
2.200000000000e+00,1.090000000000e+00,5.066260080477e-03,7.925601313287e-03,-2.859341232809e-03
2.200000000000e+00,1.100000000000e+00,7.100323477089e-03,1.006161982527e-02,-2.961296348178e-03
2.200000000000e+00,1.110000000000e+00,8.990860412581e-03,1.176437283414e-02,-2.773512421557e-03
2.200000000000e+00,1.120000000000e+00,1.064437188615e-02,1.293174031716e-02,-2.287368431018e-03
2.200000000000e+00,1.130000000000e+00,1.197276751805e-02,1.350464298476e-02,-1.531875466713e-03
2.200000000000e+00,1.140000000000e+00,1.289736463804e-02,1.347165495261e-02,-5.742903145661e-04
2.200000000000e+00,1.150000000000e+00,1.335419990501e-02,1.286819480669e-02,4.860050983192e-04
2.200000000000e+00,1.160000000000e+00,1.330880554890e-02,1.177061236266e-02,1.538193186243e-03
2.200000000000e+00,1.170000000000e+00,1.275326779309e-02,1.028620185751e-02,2.467065935582e-03
2.200000000000e+00,1.180000000000e+00,1.170094095722e-02,8.540682351865e-03,3.160258605350e-03
2.200000000000e+00,1.190000000000e+00,1.018783568138e-02,6.664917203611e-03,3.522918477768e-03
2.200000000000e+00,1.200000000000e+00,8.279507479946e-03,4.782579242506e-03,3.496928237440e-03
2.200000000000e+00,1.210000000000e+00,6.091881456999e-03,3.000146438504e-03,3.091735018494e-03
2.200000000000e+00,1.220000000000e+00,3.765492719872e-03,1.400117666577e-03,2.365375053294e-03
2.200000000000e+00,1.230000000000e+00,1.449037928372e-03,3.777486180612e-05,1.411263066566e-03
2.200000000000e+00,1.240000000000e+00,-7.099524369366e-04,-1.058710070800e-03,3.487576338634e-04
2.200000000000e+00,1.250000000000e+00,-2.581616714366e-03,-1.885436172214e-03,-6.961805421520e-04
2.200000000000e+00,1.260000000000e+00,-4.070937184835e-03,-2.458061521273e-03,-1.612875663561e-03
2.200000000000e+00,1.270000000000e+00,-5.107862556470e-03,-2.806150922797e-03,-2.301711633673e-03
2.200000000000e+00,1.280000000000e+00,-5.649412949091e-03,-2.967437965268e-03,-2.681974983823e-03
2.200000000000e+00,1.290000000000e+00,-5.684449684925e-03,-2.982672478920e-03,-2.701777206004e-03
2.200000000000e+00,1.300000000000e+00,-5.264854645790e-03,-2.891487796316e-03,-2.373366849474e-03
2.200000000000e+00,1.310000000000e+00,-4.508097535220e-03,-2.729482576766e-03,-1.778614958454e-03
2.200000000000e+00,1.320000000000e+00,-3.553025702239e-03,-2.526507371986e-03,-1.026518330254e-03
2.200000000000e+00,1.330000000000e+00,-2.545090013381e-03,-2.305998817705e-03,-2.390911956757e-04
2.200000000000e+00,1.340000000000e+00,-1.620974610062e-03,-2.085120882597e-03,4.641462725349e-04
2.200000000000e+00,1.350000000000e+00,-8.695457575931e-04,-1.875447037982e-03,1.005901280389e-03
2.200000000000e+00,1.360000000000e+00,-3.378151393324e-04,-1.683935784287e-03,1.346120644955e-03
2.200000000000e+00,1.370000000000e+00,-4.955796277825e-05,-1.513997961708e-03,1.464439998930e-03
2.200000000000e+00,1.380000000000e+00,-5.784400583623e-06,-1.366511882907e-03,1.360727482323e-03
2.200000000000e+00,1.390000000000e+00,-1.805089381942e-04,-1.240699147319e-03,1.060190209125e-03
2.200000000000e+00,1.400000000000e+00,-5.005394659464e-04,-1.134822026596e-03,6.342825606493e-04
2.200000000000e+00,1.410000000000e+00,-8.720621410765e-04,-1.046698790251e-03,1.746366491748e-04
2.200000000000e+00,1.420000000000e+00,-1.200503693868e-03,-9.740558670389e-04,-2.264478268288e-04
2.200000000000e+00,1.430000000000e+00,-1.401667121933e-03,-9.147470837389e-04,-4.869200381941e-04
2.200000000000e+00,1.440000000000e+00,-1.431222242981e-03,-8.668732060632e-04,-5.643490369181e-04
2.200000000000e+00,1.450000000000e+00,-1.321367649818e-03,-8.288326058822e-04,-4.925350439355e-04
2.200000000000e+00,1.460000000000e+00,-1.130599610794e-03,-7.993286778307e-04,-3.312709329635e-04
2.200000000000e+00,1.470000000000e+00,-9.255032912069e-04,-7.773535517134e-04,-1.481497394935e-04
2.200000000000e+00,1.480000000000e+00,-7.698254298661e-04,-7.621619260993e-04,-7.663503766726e-06
2.200000000000e+00,1.490000000000e+00,-6.898284630862e-04,-7.532441186982e-04,6.341565561199e-05
2.200000000000e+00,1.500000000000e+00,-6.637612324819e-04,-7.503038859265e-04,8.654265344462e-05
3.300000000000e+00,-1.500000000000e+00,6.829947252563e-05,-3.230246004184e-05,1.006019325675e-04
3.300000000000e+00,-1.490000000000e+00,6.546585676713e-05,-3.255301732577e-05,9.801887409290e-05
3.300000000000e+00,-1.480000000000e+00,5.764377675362e-05,-3.331508713155e-05,9.095886388517e-05
3.300000000000e+00,-1.470000000000e+00,4.270182283367e-05,-3.462005218014e-05,7.732187501380e-05
3.300000000000e+00,-1.460000000000e+00,2.245973266915e-05,-3.652084235214e-05,5.898057502129e-05
3.300000000000e+00,-1.450000000000e+00,1.762972986608e-06,-3.909285922811e-05,4.085583221472e-05
3.300000000000e+00,-1.440000000000e+00,-1.431175090006e-05,-4.243524325589e-05,2.812349235583e-05
3.300000000000e+00,-1.430000000000e+00,-2.132245063860e-05,-4.667245583116e-05,2.535000519256e-05
3.300000000000e+00,-1.420000000000e+00,-1.717687447405e-05,-5.195613998676e-05,3.477926551271e-05
3.300000000000e+00,-1.410000000000e+00,-7.604386546861e-06,-5.846721439837e-05,5.086282785151e-05
3.300000000000e+00,-1.400000000000e+00,-1.708701517371e-06,-6.641814607369e-05,6.470944455632e-05
3.300000000000e+00,-1.390000000000e+00,-8.406017163901e-06,-7.605533749654e-05,6.764932033264e-05
3.300000000000e+00,-1.380000000000e+00,-3.506257456489e-05,-8.766155431087e-05,5.259897974598e-05
3.300000000000e+00,-1.370000000000e+00,-8.446954102475e-05,-1.015583100950e-04,1.708876907025e-05
3.300000000000e+00,-1.360000000000e+00,-1.505755855303e-04,-1.181081156890e-04,-3.246746984128e-05
3.300000000000e+00,-1.350000000000e+00,-2.240589401977e-04,-1.377164922559e-04,-8.634244794176e-05
3.300000000000e+00,-1.340000000000e+00,-2.948465334057e-04,-1.608336401870e-04,-1.340128932187e-04
3.300000000000e+00,-1.330000000000e+00,-3.537730397242e-04,-1.879556505304e-04,-1.658173891938e-04
3.300000000000e+00,-1.320000000000e+00,-3.986366791184e-04,-2.196251422824e-04,-1.790115368359e-04
3.300000000000e+00,-1.310000000000e+00,-4.371999551526e-04,-2.564312080676e-04,-1.807687470851e-04
3.300000000000e+00,-1.300000000000e+00,-4.794213076455e-04,-2.990085528510e-04,-1.804127547945e-04
3.300000000000e+00,-1.290000000000e+00,-5.354483530473e-04,-3.480357157425e-04,-1.874126373048e-04
3.300000000000e+00,-1.280000000000e+00,-6.140029058677e-04,-4.042322739285e-04,-2.097706319392e-04
3.300000000000e+00,-1.270000000000e+00,-7.181394085443e-04,-4.683549405015e-04,-2.497844680428e-04
3.300000000000e+00,-1.260000000000e+00,-8.455979581919e-04,-5.411924845096e-04,-3.044054736823e-04
3.300000000000e+00,-1.250000000000e+00,-9.920278872225e-04,-6.235594218531e-04,-3.684684653693e-04
3.300000000000e+00,-1.240000000000e+00,-1.151826923585e-03,-7.162884495108e-04,-4.355384740746e-04
3.300000000000e+00,-1.230000000000e+00,-1.319045220230e-03,-8.202216226285e-04,-4.988235976015e-04
3.300000000000e+00,-1.220000000000e+00,-1.488846411669e-03,-9.362003037500e-04,-5.526461079186e-04
3.300000000000e+00,-1.210000000000e+00,-1.657655473852e-03,-1.065053945274e-03,-5.926015285779e-04
3.300000000000e+00,-1.200000000000e+00,-1.823354052719e-03,-1.207587799319e-03,-6.157662533998e-04
3.300000000000e+00,-1.190000000000e+00,-1.985735426999e-03,-1.364569682700e-03,-6.211657442990e-04
3.300000000000e+00,-1.180000000000e+00,-2.147660597031e-03,-1.536715957709e-03,-6.109446393224e-04
3.300000000000e+00,-1.170000000000e+00,-2.317180618911e-03,-1.724676920866e-03,-5.925036980444e-04
3.300000000000e+00,-1.160000000000e+00,-2.504216641942e-03,-1.929021820718e-03,-5.751948212238e-04
3.300000000000e+00,-1.150000000000e+00,-2.718609635951e-03,-2.150223751116e-03,-5.683858848343e-04
3.300000000000e+00,-1.140000000000e+00,-2.968631893162e-03,-2.388644687339e-03,-5.799872058232e-04
3.300000000000e+00,-1.130000000000e+00,-3.253797953877e-03,-2.644520947909e-03,-6.092770059683e-04
3.300000000000e+00,-1.120000000000e+00,-3.560239153939e-03,-2.917949374519e-03,-6.422897794203e-04
3.300000000000e+00,-1.110000000000e+00,-3.872129820952e-03,-3.208874525299e-03,-6.632552956531e-04
3.300000000000e+00,-1.100000000000e+00,-4.175035115597e-03,-3.517077172592e-03,-6.579579430048e-04
3.300000000000e+00,-1.090000000000e+00,-4.458223400297e-03,-3.842164385083e-03,-6.160590152132e-04
3.300000000000e+00,-1.080000000000e+00,-4.719284407489e-03,-4.183561455714e-03,-5.357229517754e-04
3.300000000000e+00,-1.070000000000e+00,-4.964189473549e-03,-4.540505911492e-03,-4.236835620577e-04
3.300000000000e+00,-1.060000000000e+00,-5.203383839661e-03,-4.912043809591e-03,-2.913400300703e-04
3.300000000000e+00,-1.050000000000e+00,-5.450087729375e-03,-5.297028486634e-03,-1.530592427408e-04
3.300000000000e+00,-1.040000000000e+00,-5.717264857028e-03,-5.694121885681e-03,-2.314297134669e-05
3.300000000000e+00,-1.030000000000e+00,-6.006677372441e-03,-6.101798539139e-03,9.512116669866e-05
3.300000000000e+00,-1.020000000000e+00,-6.314051264719e-03,-6.518352236770e-03,2.043009720509e-04
3.300000000000e+00,-1.010000000000e+00,-6.634844120325e-03,-6.941905357314e-03,3.070612369883e-04
3.300000000000e+00,-1.000000000000e+00,-6.964810235861e-03,-7.370420791342e-03,4.056105554815e-04
3.300000000000e+00,-9.900000000000e-01,-7.298257422404e-03,-7.801716332990e-03,5.034589105859e-04
3.300000000000e+00,-9.800000000000e-01,-7.621916403118e-03,-8.233481370446e-03,6.115649673278e-04
3.300000000000e+00,-9.700000000000e-01,-7.922725131543e-03,-8.663295660723e-03,7.405705291807e-04
3.300000000000e+00,-9.600000000000e-01,-8.191331288837e-03,-9.088649934287e-03,8.973186454500e-04
3.300000000000e+00,-9.500000000000e-01,-8.423267610870e-03,-9.506968040541e-03,1.083700429671e-03
3.300000000000e+00,-9.400000000000e-01,-8.620211855131e-03,-9.915630316766e-03,1.295418461635e-03
3.300000000000e+00,-9.300000000000e-01,-8.790340032318e-03,-1.031199784139e-02,1.521657809072e-03
3.300000000000e+00,-9.200000000000e-01,-8.946011609737e-03,-1.069343721792e-02,1.747425608185e-03
3.300000000000e+00,-9.100000000000e-01,-9.101692011277e-03,-1.105734552866e-02,1.955653517381e-03
3.300000000000e+00,-9.000000000000e-01,-9.271553731030e-03,-1.140117509736e-02,2.129621366329e-03
3.300000000000e+00,-8.900000000000e-01,-9.458914331137e-03,-1.172245770744e-02,2.263543376299e-03
3.300000000000e+00,-8.800000000000e-01,-9.655069775880e-03,-1.201882793617e-02,2.363758160293e-03
3.300000000000e+00,-8.700000000000e-01,-9.849238897957e-03,-1.228804528596e-02,2.438806388000e-03
3.300000000000e+00,-8.600000000000e-01,-1.003008635792e-02,-1.252801481943e-02,2.497928461513e-03
3.300000000000e+00,-8.500000000000e-01,-1.018679064903e-02,-1.273680603634e-02,2.550015387308e-03
3.300000000000e+00,-8.400000000000e-01,-1.030903476947e-02,-1.291266976470e-02,2.603634995225e-03
3.300000000000e+00,-8.300000000000e-01,-1.038811837308e-02,-1.305405287688e-02,2.665934503799e-03
3.300000000000e+00,-8.200000000000e-01,-1.041802308415e-02,-1.315961068126e-02,2.741587597107e-03
3.300000000000e+00,-8.100000000000e-01,-1.039586872895e-02,-1.322821688151e-02,2.832348152561e-03
3.300000000000e+00,-8.000000000000e-01,-1.032418238742e-02,-1.325897103701e-02,2.934788649596e-03
3.300000000000e+00,-7.900000000000e-01,-1.021765576969e-02,-1.325120349917e-02,3.033547729477e-03
3.300000000000e+00,-7.800000000000e-01,-1.009495705721e-02,-1.320447783773e-02,3.109520780521e-03
3.300000000000e+00,-7.700000000000e-01,-9.973673220218e-03,-1.311859080901e-02,3.144917588792e-03
3.300000000000e+00,-7.600000000000e-01,-9.867862573842e-03,-1.299356995233e-02,3.125707378491e-03
3.300000000000e+00,-7.500000000000e-01,-9.784054051291e-03,-1.282966893283e-02,3.045614881539e-03
3.300000000000e+00,-7.400000000000e-01,-9.717579172394e-03,-1.262736077612e-02,2.909781603727e-03
3.300000000000e+00,-7.300000000000e-01,-9.657043494745e-03,-1.238732916441e-02,2.730285669666e-03
3.300000000000e+00,-7.200000000000e-01,-9.586146124341e-03,-1.211045798289e-02,2.524311858552e-03
3.300000000000e+00,-7.100000000000e-01,-9.485534277105e-03,-1.179781932066e-02,2.312285043558e-03
3.300000000000e+00,-7.000000000000e-01,-9.340532416509e-03,-1.145066014125e-02,2.110127724744e-03
3.300000000000e+00,-6.900000000000e-01,-9.143596647429e-03,-1.107038784465e-02,1.926791197218e-03
3.300000000000e+00,-6.800000000000e-01,-8.887961672792e-03,-1.065855494543e-02,1.770593272641e-03
3.300000000000e+00,-6.700000000000e-01,-8.567982964240e-03,-1.021684309071e-02,1.648860126470e-03
3.300000000000e+00,-6.600000000000e-01,-8.181792702318e-03,-9.747046637030e-03,1.565253934712e-03
3.300000000000e+00,-6.500000000000e-01,-7.750804878690e-03,-9.251055998105e-03,1.500251119415e-03
3.300000000000e+00,-6.400000000000e-01,-7.310201328148e-03,-8.730840964925e-03,1.420639636776e-03
3.300000000000e+00,-6.300000000000e-01,-6.891738518378e-03,-8.188434187513e-03,1.296695669135e-03
3.300000000000e+00,-6.200000000000e-01,-6.519397667315e-03,-7.625914993314e-03,1.106517325999e-03
3.300000000000e+00,-6.100000000000e-01,-6.205899644036e-03,-7.045393701629e-03,8.394940575936e-04
3.300000000000e+00,-6.000000000000e-01,-5.950458352730e-03,-6.448996576946e-03,4.985382242168e-04
3.300000000000e+00,-5.900000000000e-01,-5.739255005959e-03,-5.838851546891e-03,9.959654093174e-05
3.300000000000e+00,-5.800000000000e-01,-5.547329642459e-03,-5.217074793321e-03,-3.302548491385e-04
3.300000000000e+00,-5.700000000000e-01,-5.341230600671e-03,-4.585758308072e-03,-7.554722925989e-04
3.300000000000e+00,-5.600000000000e-01,-5.090036514370e-03,-3.946958488524e-03,-1.143078025846e-03
3.300000000000e+00,-5.500000000000e-01,-4.781053809880e-03,-3.302685832762e-03,-1.478367977118e-03
3.300000000000e+00,-5.400000000000e-01,-4.403342088278e-03,-2.654895780108e-03,-1.748446308170e-03
3.300000000000e+00,-5.300000000000e-01,-3.945667345699e-03,-2.005480730499e-03,-1.940186615200e-03
3.300000000000e+00,-5.200000000000e-01,-3.398462088581e-03,-1.356263266102e-03,-2.042198822478e-03
3.300000000000e+00,-5.100000000000e-01,-2.776329636536e-03,-7.089905911989e-04,-2.067339045337e-03
3.300000000000e+00,-5.000000000000e-01,-2.125060639392e-03,-6.533020247469e-05,-2.059730436917e-03
3.300000000000e+00,-4.900000000000e-01,-1.490126459560e-03,5.731331974610e-04,-2.063259657021e-03
3.300000000000e+00,-4.800000000000e-01,-9.101278805227e-04,1.204899523760e-03,-2.115027404283e-03
3.300000000000e+00,-4.700000000000e-01,-4.130575374521e-04,1.828553835446e-03,-2.241611372898e-03
3.300000000000e+00,-4.600000000000e-01,-1.873557841176e-05,2.442765502086e-03,-2.461501080498e-03
3.300000000000e+00,-4.500000000000e-01,2.643279053017e-04,3.046285905273e-03,-2.781957999971e-03
3.300000000000e+00,-4.400000000000e-01,4.434120837034e-04,3.637944501384e-03,-3.194532417681e-03
3.300000000000e+00,-4.300000000000e-01,5.410954833707e-04,4.216642971398e-03,-3.675547488027e-03
3.300000000000e+00,-4.200000000000e-01,5.928566862283e-04,4.781347038178e-03,-4.188490351950e-03
3.300000000000e+00,-4.100000000000e-01,6.389430637510e-04,5.331075328999e-03,-4.692132265248e-03
3.300000000000e+00,-4.000000000000e-01,7.252010170603e-04,5.864884389296e-03,-5.139683372236e-03
3.300000000000e+00,-3.900000000000e-01,9.009492600710e-04,6.381848607174e-03,-5.480899347103e-03
3.300000000000e+00,-3.800000000000e-01,1.213562962002e-03,6.881033396542e-03,-5.667470434540e-03
3.300000000000e+00,-3.700000000000e-01,1.689761520235e-03,7.361459547907e-03,-5.671698027672e-03
3.300000000000e+00,-3.600000000000e-01,2.305032499264e-03,7.822056275578e-03,-5.517023776314e-03
3.300000000000e+00,-3.500000000000e-01,3.018836337828e-03,8.261600324844e-03,-5.242763987016e-03
3.300000000000e+00,-3.400000000000e-01,3.785379112292e-03,8.678638803008e-03,-4.893259690717e-03
3.300000000000e+00,-3.300000000000e-01,4.556842375856e-03,9.071394523262e-03,-4.514552147406e-03
3.300000000000e+00,-3.200000000000e-01,5.275020802028e-03,9.437655062244e-03,-4.162634260216e-03
3.300000000000e+00,-3.100000000000e-01,5.868559682522e-03,9.774650949590e-03,-3.906091267069e-03
3.300000000000e+00,-3.000000000000e-01,6.274600982406e-03,1.007893490349e-02,-3.804333921084e-03
3.300000000000e+00,-2.900000000000e-01,6.445425402645e-03,1.034628304936e-02,-3.900857646711e-03
3.300000000000e+00,-2.800000000000e-01,6.353648574448e-03,1.057165038415e-02,-4.218001809699e-03
3.300000000000e+00,-2.700000000000e-01,6.003446783584e-03,1.074922537590e-02,-4.745778592312e-03
3.300000000000e+00,-2.600000000000e-01,5.429142398488e-03,1.087264044978e-02,-5.443498051293e-03
3.300000000000e+00,-2.500000000000e-01,4.685534183365e-03,1.093540289794e-02,-6.249868714570e-03
3.300000000000e+00,-2.400000000000e-01,3.843723092633e-03,1.093160997805e-02,-7.087886885419e-03
3.300000000000e+00,-2.300000000000e-01,2.985621608701e-03,1.085699745189e-02,-7.871375843190e-03
3.300000000000e+00,-2.200000000000e-01,2.191951190931e-03,1.071033764766e-02,-8.518386456733e-03
3.300000000000e+00,-2.100000000000e-01,1.542625805947e-03,1.049514816082e-02,-8.952522354877e-03
3.300000000000e+00,-2.000000000000e-01,1.115549568848e-03,1.022159599348e-02,-9.106046424629e-03
3.300000000000e+00,-1.900000000000e-01,9.814456302961e-04,9.908390171412e-03,-8.926944541116e-03
3.300000000000e+00,-1.800000000000e-01,1.188960649782e-03,9.584361263837e-03,-8.395400614056e-03
3.300000000000e+00,-1.700000000000e-01,1.736380136096e-03,9.289348054705e-03,-7.552967918609e-03
3.300000000000e+00,-1.600000000000e-01,2.600573990813e-03,9.073973994890e-03,-6.473400004077e-03
3.300000000000e+00,-1.500000000000e-01,3.747132052401e-03,8.997923903303e-03,-5.250791850902e-03
3.300000000000e+00,-1.400000000000e-01,5.133166119939e-03,9.126444385950e-03,-3.993278266011e-03
3.300000000000e+00,-1.300000000000e-01,6.701345894579e-03,9.524997138382e-03,-2.823651243803e-03
3.300000000000e+00,-1.200000000000e-01,8.376210658886e-03,1.025228172493e-02,-1.876071066044e-03
3.300000000000e+00,-1.100000000000e-01,1.008222501534e-02,1.135218049072e-02,-1.269955475379e-03
3.300000000000e+00,-1.000000000000e-01,1.174947048451e-02,1.284550874124e-02,-1.096038256730e-03
3.300000000000e+00,-9.000000000000e-02,1.331775913830e-02,1.472270972945e-02,-1.404950591146e-03
3.300000000000e+00,-8.000000000000e-02,1.474266362267e-02,1.693874606913e-02,-2.196082446460e-03
3.300000000000e+00,-7.000000000000e-02,1.599638655832e-02,1.941135117903e-02,-3.414964620712e-03
3.300000000000e+00,-6.000000000000e-02,1.706412764898e-02,2.202349146258e-02,-4.959363813603e-03
3.300000000000e+00,-5.000000000000e-02,1.794245871455e-02,2.463037061300e-02,-6.687911898449e-03
3.300000000000e+00,-4.000000000000e-02,1.863696225782e-02,2.707064734927e-02,-8.433685091446e-03
3.300000000000e+00,-3.000000000000e-02,1.915494469671e-02,2.918084276687e-02,-1.002589807015e-02
3.300000000000e+00,-2.000000000000e-02,1.950665788737e-02,3.081131106828e-02,-1.130465318091e-02
3.300000000000e+00,-1.000000000000e-02,1.970617122205e-02,3.184176153545e-02,-1.213559031340e-02
3.300000000000e+00,0.000000000000e+00,1.976916569663e-02,3.219424202059e-02,-1.242507632397e-02
3.300000000000e+00,1.000000000000e-02,1.970617134210e-02,3.184176153545e-02,-1.213559019335e-02
3.300000000000e+00,2.000000000000e-02,1.950665812884e-02,3.081131106828e-02,-1.130465293944e-02
3.300000000000e+00,3.000000000000e-02,1.915494506086e-02,2.918084276687e-02,-1.002589770601e-02
3.300000000000e+00,4.000000000000e-02,1.863696274129e-02,2.707064734927e-02,-8.433684607976e-03
3.300000000000e+00,5.000000000000e-02,1.794245930314e-02,2.463037061300e-02,-6.687911309862e-03
3.300000000000e+00,6.000000000000e-02,1.706412832189e-02,2.202349146258e-02,-4.959363140691e-03
3.300000000000e+00,7.000000000000e-02,1.599638729573e-02,1.941135117903e-02,-3.414963883301e-03
3.300000000000e+00,8.000000000000e-02,1.474266440295e-02,1.693874606913e-02,-2.196081666185e-03
3.300000000000e+00,9.000000000000e-02,1.331775992976e-02,1.472270972945e-02,-1.404949799688e-03
3.300000000000e+00,1.000000000000e-01,1.174947124289e-02,1.284550874124e-02,-1.096037498350e-03
3.300000000000e+00,1.100000000000e-01,1.008222570258e-02,1.135218049072e-02,-1.269954788147e-03
3.300000000000e+00,1.200000000000e-01,8.376211268474e-03,1.025228172493e-02,-1.876070456456e-03
3.300000000000e+00,1.300000000000e-01,6.701346452167e-03,9.524997138382e-03,-2.823650686215e-03
3.300000000000e+00,1.400000000000e-01,5.133166682955e-03,9.126444385950e-03,-3.993277702995e-03
3.300000000000e+00,1.500000000000e-01,3.747132706159e-03,8.997923903303e-03,-5.250791197144e-03
3.300000000000e+00,1.600000000000e-01,2.600574814156e-03,9.073973994890e-03,-6.473399180734e-03
3.300000000000e+00,1.700000000000e-01,1.736381179427e-03,9.289348054705e-03,-7.552966875278e-03
3.300000000000e+00,1.800000000000e-01,1.188961937739e-03,9.584361263837e-03,-8.395399326098e-03
3.300000000000e+00,1.900000000000e-01,9.814471597607e-04,9.908390171412e-03,-8.926943011652e-03
3.300000000000e+00,2.000000000000e-01,1.115551305258e-03,1.022159599348e-02,-9.106044688219e-03
3.300000000000e+00,2.100000000000e-01,1.542627664191e-03,1.049514816082e-02,-8.952520496633e-03
3.300000000000e+00,2.200000000000e-01,2.191953029135e-03,1.071033764766e-02,-8.518384618530e-03
3.300000000000e+00,2.300000000000e-01,2.985623233467e-03,1.085699745189e-02,-7.871374218424e-03
3.300000000000e+00,2.400000000000e-01,3.843724264713e-03,1.093160997805e-02,-7.087885713339e-03
3.300000000000e+00,2.500000000000e-01,4.685534647433e-03,1.093540289794e-02,-6.249868250503e-03
3.300000000000e+00,2.600000000000e-01,5.429141935671e-03,1.087264044978e-02,-5.443498514111e-03
3.300000000000e+00,2.700000000000e-01,6.003445228197e-03,1.074922537590e-02,-4.745780147699e-03
3.300000000000e+00,2.800000000000e-01,6.353645824720e-03,1.057165038415e-02,-4.218004559428e-03
3.300000000000e+00,2.900000000000e-01,6.445421429382e-03,1.034628304936e-02,-3.900861619974e-03
3.300000000000e+00,3.000000000000e-01,6.274595843324e-03,1.007893490349e-02,-3.804339060165e-03
3.300000000000e+00,3.100000000000e-01,5.868553534397e-03,9.774650949590e-03,-3.906097415194e-03
3.300000000000e+00,3.200000000000e-01,5.275013904589e-03,9.437655062244e-03,-4.162641157655e-03
3.300000000000e+00,3.300000000000e-01,4.556835091230e-03,9.071394523262e-03,-4.514559432032e-03
3.300000000000e+00,3.400000000000e-01,3.785371893396e-03,8.678638803008e-03,-4.893266909612e-03
3.300000000000e+00,3.500000000000e-01,3.018829618066e-03,8.261600324844e-03,-5.242770706778e-03
3.300000000000e+00,3.600000000000e-01,2.305026619622e-03,7.822056275578e-03,-5.517029655956e-03
3.300000000000e+00,3.700000000000e-01,1.689756726606e-03,7.361459547907e-03,-5.671702821301e-03
3.300000000000e+00,3.800000000000e-01,1.213559403240e-03,6.881033396542e-03,-5.667473993302e-03
3.300000000000e+00,3.900000000000e-01,9.009469893720e-04,6.381848607174e-03,-5.480901617802e-03
3.300000000000e+00,4.000000000000e-01,7.251999845619e-04,5.864884389296e-03,-5.139684404734e-03
3.300000000000e+00,4.100000000000e-01,6.389431235991e-04,5.331075328999e-03,-4.692132205400e-03
3.300000000000e+00,4.200000000000e-01,5.928576105290e-04,4.781347038178e-03,-4.188489427649e-03
3.300000000000e+00,4.300000000000e-01,5.410969824879e-04,4.216642971398e-03,-3.675545988910e-03
3.300000000000e+00,4.400000000000e-01,4.434138352205e-04,3.637944501384e-03,-3.194530666164e-03
3.300000000000e+00,4.500000000000e-01,2.643295846498e-04,3.046285905273e-03,-2.781956320623e-03
3.300000000000e+00,4.600000000000e-01,-1.873427334385e-05,2.442765502086e-03,-2.461499775430e-03
3.300000000000e+00,4.700000000000e-01,-4.130568676813e-04,1.828553835446e-03,-2.241610703127e-03
3.300000000000e+00,4.800000000000e-01,-9.101280519156e-04,1.204899523760e-03,-2.115027575676e-03
3.300000000000e+00,4.900000000000e-01,-1.490127600240e-03,5.731331974610e-04,-2.063260797701e-03
3.300000000000e+00,5.000000000000e-01,-2.125062776363e-03,-6.533020247469e-05,-2.059732573888e-03
3.300000000000e+00,5.100000000000e-01,-2.776332693658e-03,-7.089905911989e-04,-2.067342102459e-03
3.300000000000e+00,5.200000000000e-01,-3.398465890606e-03,-1.356263266102e-03,-2.042202624503e-03
3.300000000000e+00,5.300000000000e-01,-3.945671629241e-03,-2.005480730499e-03,-1.940190898742e-03
3.300000000000e+00,5.400000000000e-01,-4.403346577150e-03,-2.654895780108e-03,-1.748450797042e-03
3.300000000000e+00,5.500000000000e-01,-4.781058267635e-03,-3.302685832762e-03,-1.478372434873e-03
3.300000000000e+00,5.600000000000e-01,-5.090040749755e-03,-3.946958488524e-03,-1.143082261231e-03
3.300000000000e+00,5.700000000000e-01,-5.341234466129e-03,-4.585758308072e-03,-7.554761580568e-04
3.300000000000e+00,5.800000000000e-01,-5.547333032784e-03,-5.217074793321e-03,-3.302582394636e-04
3.300000000000e+00,5.900000000000e-01,-5.739257886572e-03,-5.838851546891e-03,9.959366031886e-05
3.300000000000e+00,6.000000000000e-01,-5.950460755120e-03,-6.448996576946e-03,4.985358218267e-04
3.300000000000e+00,6.100000000000e-01,-6.205901646767e-03,-7.045393701629e-03,8.394920548624e-04
3.300000000000e+00,6.200000000000e-01,-6.519399369941e-03,-7.625914993314e-03,1.106515623372e-03
3.300000000000e+00,6.300000000000e-01,-6.891740019825e-03,-8.188434187513e-03,1.296694167688e-03
3.300000000000e+00,6.400000000000e-01,-7.310202710804e-03,-8.730840964925e-03,1.420638254121e-03
3.300000000000e+00,6.500000000000e-01,-7.750806187677e-03,-9.251055998105e-03,1.500249810428e-03
3.300000000000e+00,6.600000000000e-01,-8.181793929113e-03,-9.747046637030e-03,1.565252707917e-03
3.300000000000e+00,6.700000000000e-01,-8.567984035577e-03,-1.021684309071e-02,1.648859055133e-03
3.300000000000e+00,6.800000000000e-01,-8.887962483189e-03,-1.065855494543e-02,1.770592462244e-03
3.300000000000e+00,6.900000000000e-01,-9.143597110241e-03,-1.107038784465e-02,1.926790734406e-03
3.300000000000e+00,7.000000000000e-01,-9.340532478382e-03,-1.145066014125e-02,2.110127662870e-03
3.300000000000e+00,7.100000000000e-01,-9.485533921491e-03,-1.179781932066e-02,2.312285399172e-03
3.300000000000e+00,7.200000000000e-01,-9.586145380124e-03,-1.211045798289e-02,2.524312602769e-03
3.300000000000e+00,7.300000000000e-01,-9.657042419401e-03,-1.238732916441e-02,2.730286745010e-03
3.300000000000e+00,7.400000000000e-01,-9.717577832315e-03,-1.262736077612e-02,2.909782943806e-03
3.300000000000e+00,7.500000000000e-01,-9.784052534428e-03,-1.282966893283e-02,3.045616398401e-03
3.300000000000e+00,7.600000000000e-01,-9.867860991446e-03,-1.299356995233e-02,3.125708960887e-03
3.300000000000e+00,7.700000000000e-01,-9.973671710273e-03,-1.311859080901e-02,3.144919098737e-03
3.300000000000e+00,7.800000000000e-01,-1.009495574337e-02,-1.320447783773e-02,3.109522094366e-03
3.300000000000e+00,7.900000000000e-01,-1.021765474317e-02,-1.325120349917e-02,3.033548756000e-03
3.300000000000e+00,8.000000000000e-01,-1.032418171594e-02,-1.325897103701e-02,2.934789321076e-03
3.300000000000e+00,8.100000000000e-01,-1.039586845854e-02,-1.322821688151e-02,2.832348422970e-03
3.300000000000e+00,8.200000000000e-01,-1.041802324023e-02,-1.315961068126e-02,2.741587441031e-03
3.300000000000e+00,8.300000000000e-01,-1.038811893085e-02,-1.305405287688e-02,2.665933946029e-03
3.300000000000e+00,8.400000000000e-01,-1.030903566043e-02,-1.291266976470e-02,2.603634104264e-03
3.300000000000e+00,8.500000000000e-01,-1.018679177295e-02,-1.273680603634e-02,2.550014263395e-03
3.300000000000e+00,8.600000000000e-01,-1.003008759847e-02,-1.252801481943e-02,2.497927220960e-03
3.300000000000e+00,8.700000000000e-01,-9.849240142617e-03,-1.228804528596e-02,2.438805143340e-03
3.300000000000e+00,8.800000000000e-01,-9.655070933566e-03,-1.201882793617e-02,2.363757002607e-03
3.300000000000e+00,8.900000000000e-01,-9.458915345350e-03,-1.172245770744e-02,2.263542362086e-03
3.300000000000e+00,9.000000000000e-01,-9.271554586861e-03,-1.140117509736e-02,2.129620510498e-03
3.300000000000e+00,9.100000000000e-01,-9.101692735954e-03,-1.105734552866e-02,1.955652792703e-03
3.300000000000e+00,9.200000000000e-01,-8.946012263474e-03,-1.069343721792e-02,1.747424954449e-03
3.300000000000e+00,9.300000000000e-01,-8.790340687782e-03,-1.031199784139e-02,1.521657153608e-03
3.300000000000e+00,9.400000000000e-01,-8.620212592285e-03,-9.915630316766e-03,1.295417724481e-03
3.300000000000e+00,9.500000000000e-01,-8.423268503943e-03,-9.506968040541e-03,1.083699536597e-03
3.300000000000e+00,9.600000000000e-01,-8.191332390101e-03,-9.088649934287e-03,8.973175441856e-04
3.300000000000e+00,9.700000000000e-01,-7.922726456396e-03,-8.663295660723e-03,7.405692043279e-04
3.300000000000e+00,9.800000000000e-01,-7.621917909715e-03,-8.233481370446e-03,6.115634607316e-04
3.300000000000e+00,9.900000000000e-01,-7.298259019472e-03,-7.801716332990e-03,5.034573135188e-04
3.300000000000e+00,1.000000000000e+00,-6.964811777300e-03,-7.370420791342e-03,4.056090140419e-04
3.300000000000e+00,1.010000000000e+00,-6.634845436000e-03,-6.941905357314e-03,3.070599213134e-04
3.300000000000e+00,1.020000000000e+00,-6.314052204547e-03,-6.518352236770e-03,2.043000322229e-04
3.300000000000e+00,1.030000000000e+00,-6.006677837369e-03,-6.101798539139e-03,9.512070176982e-05
3.300000000000e+00,1.040000000000e+00,-5.717264812992e-03,-5.694121885681e-03,-2.314292731070e-05
3.300000000000e+00,1.050000000000e+00,-5.450087220455e-03,-5.297028486634e-03,-1.530587338208e-04
3.300000000000e+00,1.060000000000e+00,-5.203382976375e-03,-4.912043809591e-03,-2.913391667840e-04
3.300000000000e+00,1.070000000000e+00,-4.964188386806e-03,-4.540505911492e-03,-4.236824753146e-04
3.300000000000e+00,1.080000000000e+00,-4.719283245176e-03,-4.183561455714e-03,-5.357217894621e-04
3.300000000000e+00,1.090000000000e+00,-4.458222323283e-03,-3.842164385083e-03,-6.160579381997e-04
3.300000000000e+00,1.100000000000e+00,-4.175034284942e-03,-3.517077172592e-03,-6.579571123503e-04
3.300000000000e+00,1.110000000000e+00,-3.872129389417e-03,-3.208874525299e-03,-6.632548641176e-04
3.300000000000e+00,1.120000000000e+00,-3.560239253619e-03,-2.917949374519e-03,-6.422898790995e-04
3.300000000000e+00,1.130000000000e+00,-3.253798672078e-03,-2.644520947909e-03,-6.092777241692e-04
3.300000000000e+00,1.140000000000e+00,-2.968633248394e-03,-2.388644687339e-03,-5.799885610555e-04
3.300000000000e+00,1.150000000000e+00,-2.718611558423e-03,-2.150223751116e-03,-5.683878073071e-04
3.300000000000e+00,1.160000000000e+00,-2.504219045729e-03,-1.929021820718e-03,-5.751972250116e-04
3.300000000000e+00,1.170000000000e+00,-2.317183423070e-03,-1.724676920866e-03,-5.925065022035e-04
3.300000000000e+00,1.180000000000e+00,-2.147663711392e-03,-1.536715957709e-03,-6.109477536833e-04
3.300000000000e+00,1.190000000000e+00,-1.985738724333e-03,-1.364569682700e-03,-6.211690416326e-04
3.300000000000e+00,1.200000000000e+00,-1.823357367768e-03,-1.207587799319e-03,-6.157695684481e-04
3.300000000000e+00,1.210000000000e+00,-1.657658670510e-03,-1.065053945274e-03,-5.926047252357e-04
3.300000000000e+00,1.220000000000e+00,-1.488849398303e-03,-9.362003037500e-04,-5.526490945528e-04
3.300000000000e+00,1.230000000000e+00,-1.319047940416e-03,-8.202216226285e-04,-4.988263177871e-04
3.300000000000e+00,1.240000000000e+00,-1.151829351571e-03,-7.162884495108e-04,-4.355409020602e-04
3.300000000000e+00,1.250000000000e+00,-9.920300222172e-04,-6.235594218531e-04,-3.684706003641e-04
3.300000000000e+00,1.260000000000e+00,-8.455998196863e-04,-5.411924845096e-04,-3.044073351767e-04
3.300000000000e+00,1.270000000000e+00,-7.181410334556e-04,-4.683549405015e-04,-2.497860929540e-04
3.300000000000e+00,1.280000000000e+00,-6.140043518417e-04,-4.042322739285e-04,-2.097720779132e-04
3.300000000000e+00,1.290000000000e+00,-5.354497063435e-04,-3.480357157425e-04,-1.874139906010e-04
3.300000000000e+00,1.300000000000e+00,-4.794226445753e-04,-2.990085528510e-04,-1.804140917243e-04
3.300000000000e+00,1.310000000000e+00,-4.372013037491e-04,-2.564312080676e-04,-1.807700956815e-04
3.300000000000e+00,1.320000000000e+00,-3.986380188824e-04,-2.196251422824e-04,-1.790128766000e-04
3.300000000000e+00,1.330000000000e+00,-3.537743084513e-04,-1.879556505304e-04,-1.658186579209e-04
3.300000000000e+00,1.340000000000e+00,-2.948476373403e-04,-1.608336401870e-04,-1.340139971532e-04
3.300000000000e+00,1.350000000000e+00,-2.240597848872e-04,-1.377164922559e-04,-8.634329263127e-05
3.300000000000e+00,1.360000000000e+00,-1.505760854721e-04,-1.181081156890e-04,-3.246796978305e-05
3.300000000000e+00,1.370000000000e+00,-8.446963540075e-05,-1.015583100950e-04,1.708867469424e-05
3.300000000000e+00,1.380000000000e+00,-3.506222653128e-05,-8.766155431087e-05,5.259932777959e-05
3.300000000000e+00,1.390000000000e+00,-8.405228397544e-06,-7.605533749654e-05,6.765010909900e-05
3.300000000000e+00,1.400000000000e+00,-1.707556418315e-06,-6.641814607369e-05,6.471058965537e-05
3.300000000000e+00,1.410000000000e+00,-7.603060215040e-06,-5.846721439837e-05,5.086415418333e-05
3.300000000000e+00,1.420000000000e+00,-1.717561236068e-05,-5.195613998676e-05,3.478052762608e-05
3.300000000000e+00,1.430000000000e+00,-2.132154317625e-05,-4.667245583116e-05,2.535091265491e-05
3.300000000000e+00,1.440000000000e+00,-1.431147427669e-05,-4.243524325589e-05,2.812376897920e-05
3.300000000000e+00,1.450000000000e+00,1.762443584473e-06,-3.909285922811e-05,4.085530281258e-05
3.300000000000e+00,1.460000000000e+00,2.245835588126e-05,-3.652084235214e-05,5.897919823340e-05
3.300000000000e+00,1.470000000000e+00,4.269969214434e-05,-3.462005218014e-05,7.731974432448e-05
3.300000000000e+00,1.480000000000e+00,5.764110768691e-05,-3.331508713155e-05,9.095619481846e-05
3.300000000000e+00,1.490000000000e+00,6.546289659813e-05,-3.255301732577e-05,9.801591392389e-05
3.300000000000e+00,1.500000000000e+00,6.829640095414e-05,-3.230246004184e-05,1.005988609960e-04
4.000000000000e+00,-1.500000000000e+00,-1.132400429250e-03,-1.565596025184e-03,4.331955959331e-04
4.000000000000e+00,-1.490000000000e+00,-1.141052958629e-03,-1.567891283307e-03,4.268383246786e-04
4.000000000000e+00,-1.480000000000e+00,-1.113829024635e-03,-1.574798056438e-03,4.609690318025e-04
4.000000000000e+00,-1.470000000000e+00,-1.055617689044e-03,-1.586379240867e-03,5.307615518230e-04
4.000000000000e+00,-1.460000000000e+00,-9.795601194128e-04,-1.602739307725e-03,6.231791883124e-04
4.000000000000e+00,-1.450000000000e+00,-9.036060301271e-04,-1.624023690511e-03,7.204176603841e-04
4.000000000000e+00,-1.440000000000e+00,-8.379401432595e-04,-1.650417769585e-03,8.124776263257e-04
4.000000000000e+00,-1.430000000000e+00,-7.858063334969e-04,-1.682145292921e-03,8.963389594242e-04
4.000000000000e+00,-1.420000000000e+00,-7.463387370037e-04,-1.719466023251e-03,9.731272862477e-04
4.000000000000e+00,-1.410000000000e+00,-7.272247521101e-04,-1.762672350905e-03,1.035447598795e-03
4.000000000000e+00,-1.400000000000e+00,-7.375374711915e-04,-1.812084559805e-03,1.074547088614e-03
4.000000000000e+00,-1.390000000000e+00,-7.843747665536e-04,-1.868044382388e-03,1.083669615835e-03
4.000000000000e+00,-1.380000000000e+00,-8.748432358802e-04,-1.930906429557e-03,1.056063193677e-03
4.000000000000e+00,-1.370000000000e+00,-1.014649808323e-03,-2.001027036864e-03,9.863772285413e-04
4.000000000000e+00,-1.360000000000e+00,-1.203264606585e-03,-2.078750031622e-03,8.754854250372e-04
4.000000000000e+00,-1.350000000000e+00,-1.443031012231e-03,-2.164388902066e-03,7.213578898348e-04
4.000000000000e+00,-1.340000000000e+00,-1.741915587798e-03,-2.258204844792e-03,5.162892569938e-04
4.000000000000e+00,-1.330000000000e+00,-2.113647042604e-03,-2.360380186942e-03,2.467331443375e-04
4.000000000000e+00,-1.320000000000e+00,-2.558124644153e-03,-2.470986732480e-03,-8.713791167280e-05
4.000000000000e+00,-1.310000000000e+00,-3.050862642002e-03,-2.589948675414e-03,-4.609139665882e-04
4.000000000000e+00,-1.300000000000e+00,-3.572598068702e-03,-2.716999865299e-03,-8.555982034026e-04
4.000000000000e+00,-1.290000000000e+00,-4.113057092431e-03,-2.851635409761e-03,-1.261421682670e-03
4.000000000000e+00,-1.280000000000e+00,-4.670309666136e-03,-2.993057862330e-03,-1.677251803806e-03
4.000000000000e+00,-1.270000000000e+00,-5.229686809107e-03,-3.140118576825e-03,-2.089568232282e-03
4.000000000000e+00,-1.260000000000e+00,-5.766993375144e-03,-3.291255214598e-03,-2.475738160547e-03
4.000000000000e+00,-1.250000000000e+00,-6.265530881885e-03,-3.444426866916e-03,-2.821104014969e-03
4.000000000000e+00,-1.240000000000e+00,-6.715472551590e-03,-3.597048795369e-03,-3.118423756221e-03
4.000000000000e+00,-1.230000000000e+00,-7.110352182533e-03,-3.745929386041e-03,-3.364422796492e-03
4.000000000000e+00,-1.220000000000e+00,-7.431378593854e-03,-3.887212538620e-03,-3.544166055234e-03
4.000000000000e+00,-1.210000000000e+00,-7.655732170058e-03,-4.016329341678e-03,-3.639402828380e-03
4.000000000000e+00,-1.200000000000e+00,-7.762992880326e-03,-4.127963483702e-03,-3.635029396624e-03
4.000000000000e+00,-1.190000000000e+00,-7.734899075361e-03,-4.216035371064e-03,-3.518863704297e-03
4.000000000000e+00,-1.180000000000e+00,-7.557648554653e-03,-4.273710316249e-03,-3.283938238404e-03
4.000000000000e+00,-1.170000000000e+00,-7.227024177530e-03,-4.293436363799e-03,-2.933587813730e-03
4.000000000000e+00,-1.160000000000e+00,-6.741203439692e-03,-4.267017275577e-03,-2.474186164116e-03
4.000000000000e+00,-1.150000000000e+00,-6.097815280656e-03,-4.185725840206e-03,-1.912089440449e-03
4.000000000000e+00,-1.140000000000e+00,-5.293450248316e-03,-4.040461948901e-03,-1.252988299415e-03
4.000000000000e+00,-1.130000000000e+00,-4.332486515130e-03,-3.821958748635e-03,-5.105277664950e-04
4.000000000000e+00,-1.120000000000e+00,-3.233614463922e-03,-3.521038620922e-03,2.874241570004e-04
4.000000000000e+00,-1.110000000000e+00,-2.014738647226e-03,-3.128918744606e-03,1.114180097380e-03
4.000000000000e+00,-1.100000000000e+00,-6.904566893346e-04,-2.637563623300e-03,1.947106933965e-03
4.000000000000e+00,-1.090000000000e+00,7.277476257939e-04,-2.040079272113e-03,2.767826897907e-03
4.000000000000e+00,-1.080000000000e+00,2.222091253797e-03,-1.331140886949e-03,3.553232140745e-03
4.000000000000e+00,-1.070000000000e+00,3.768439412461e-03,-5.074429259759e-04,4.275882338437e-03
4.000000000000e+00,-1.060000000000e+00,5.344282430328e-03,4.318421908932e-04,4.912440239435e-03
4.000000000000e+00,-1.050000000000e+00,6.928505569793e-03,1.484612912598e-03,5.443892657195e-03
4.000000000000e+00,-1.040000000000e+00,8.499539570395e-03,2.645412875050e-03,5.854126695345e-03
4.000000000000e+00,-1.030000000000e+00,1.002559838807e-02,3.905049823733e-03,6.120548564332e-03
4.000000000000e+00,-1.020000000000e+00,1.146989562564e-02,5.250278780866e-03,6.219616844776e-03
4.000000000000e+00,-1.010000000000e+00,1.279651899761e-02,6.663569161227e-03,6.132949836380e-03
4.000000000000e+00,-1.000000000000e+00,1.397193963222e-02,8.122975509580e-03,5.848964122637e-03
4.000000000000e+00,-9.900000000000e-01,1.496815511400e-02,9.602131935948e-03,5.366023178056e-03
4.000000000000e+00,-9.800000000000e-01,1.576784499700e-02,1.107039176781e-02,4.697453229190e-03
4.000000000000e+00,-9.700000000000e-01,1.635947506731e-02,1.249313692398e-02,3.866338143330e-03
4.000000000000e+00,-9.600000000000e-01,1.673478499458e-02,1.383228617695e-02,2.902498817635e-03
4.000000000000e+00,-9.500000000000e-01,1.688838096504e-02,1.504703724125e-02,1.841343723788e-03
4.000000000000e+00,-9.400000000000e-01,1.681535807549e-02,1.609488291210e-02,7.204751633928e-04
4.000000000000e+00,-9.300000000000e-01,1.650902424624e-02,1.693294344983e-02,-4.239192035909e-04
4.000000000000e+00,-9.200000000000e-01,1.596640704880e-02,1.751965205198e-02,-1.553245003179e-03
4.000000000000e+00,-9.100000000000e-01,1.518985987554e-02,1.781681284222e-02,-2.626952966685e-03
4.000000000000e+00,-9.000000000000e-01,1.418868802939e-02,1.779201685424e-02,-3.603328824845e-03
4.000000000000e+00,-8.900000000000e-01,1.297683043936e-02,1.742134822194e-02,-4.444517782584e-03
4.000000000000e+00,-8.800000000000e-01,1.157360571167e-02,1.669224089189e-02,-5.118635180220e-03
4.000000000000e+00,-8.700000000000e-01,1.000810617329e-02,1.560626145553e-02,-5.598155282243e-03
4.000000000000e+00,-8.600000000000e-01,8.318920290607e-03,1.418150809077e-02,-5.862587800159e-03
4.000000000000e+00,-8.500000000000e-01,6.552604079467e-03,1.245424689945e-02,-5.901642819985e-03
4.000000000000e+00,-8.400000000000e-01,4.752163000814e-03,1.047937675618e-02,-5.727213755367e-03
4.000000000000e+00,-8.300000000000e-01,2.961484499777e-03,8.329343668670e-03,-5.367859168893e-03
4.000000000000e+00,-8.200000000000e-01,1.230482168793e-03,6.091231557428e-03,-4.860749388635e-03
4.000000000000e+00,-8.100000000000e-01,-3.872515868446e-04,3.861942750047e-03,-4.249194336891e-03
4.000000000000e+00,-8.000000000000e-01,-1.841074550843e-03,1.741636379313e-03,-3.582710930155e-03
4.000000000000e+00,-7.900000000000e-01,-3.100383082876e-03,-1.741142890157e-04,-2.926268793861e-03
4.000000000000e+00,-7.800000000000e-01,-4.141849242293e-03,-1.802700897877e-03,-2.339148344416e-03
4.000000000000e+00,-7.700000000000e-01,-4.944788126992e-03,-3.082432980579e-03,-1.862355146413e-03
4.000000000000e+00,-7.600000000000e-01,-5.492659997248e-03,-3.979006114367e-03,-1.513653882881e-03
4.000000000000e+00,-7.500000000000e-01,-5.776395355315e-03,-4.489492474264e-03,-1.286902881051e-03
4.000000000000e+00,-7.400000000000e-01,-5.797854579786e-03,-4.643103597679e-03,-1.154750982106e-03
4.000000000000e+00,-7.300000000000e-01,-5.568107606627e-03,-4.498374103374e-03,-1.069733503252e-03
4.000000000000e+00,-7.200000000000e-01,-5.108290957299e-03,-4.136915102095e-03,-9.713758552036e-04
4.000000000000e+00,-7.100000000000e-01,-4.451426148221e-03,-3.654404630930e-03,-7.970215172908e-04
4.000000000000e+00,-7.000000000000e-01,-3.640739557761e-03,-3.149925399390e-03,-4.908141583710e-04
4.000000000000e+00,-6.900000000000e-01,-2.728948752007e-03,-2.715041184733e-03,-1.390756727358e-05
4.000000000000e+00,-6.800000000000e-01,-1.780277250308e-03,-2.424063521258e-03,6.437862709499e-04
4.000000000000e+00,-6.700000000000e-01,-8.681183149269e-04,-2.326782700174e-03,1.458664385247e-03
4.000000000000e+00,-6.600000000000e-01,-7.031455581659e-05,-2.444551088776e-03,2.374236532959e-03
4.000000000000e+00,-6.500000000000e-01,5.592445887869e-04,-2.770083098254e-03,3.329327687041e-03
4.000000000000e+00,-6.400000000000e-01,9.825883176817e-04,-3.270771536540e-03,4.253359854222e-03
4.000000000000e+00,-6.300000000000e-01,1.161976079860e-03,-3.894816477972e-03,5.056792557832e-03
4.000000000000e+00,-6.200000000000e-01,1.062227176178e-03,-4.579105688579e-03,5.641332864757e-03
4.000000000000e+00,-6.100000000000e-01,6.629133301606e-04,-5.257627285344e-03,5.920540615504e-03
4.000000000000e+00,-6.000000000000e-01,3.453459974501e-06,-5.869246094813e-03,5.872699554788e-03
4.000000000000e+00,-5.900000000000e-01,-8.550493426695e-04,-6.363905093584e-03,5.508855750915e-03
4.000000000000e+00,-5.800000000000e-01,-1.850900617262e-03,-6.706662025785e-03,4.855761408523e-03
4.000000000000e+00,-5.700000000000e-01,-2.925354041064e-03,-6.879363781160e-03,3.954009740096e-03
4.000000000000e+00,-5.600000000000e-01,-4.014820525077e-03,-6.880124580833e-03,2.865304055756e-03
4.000000000000e+00,-5.500000000000e-01,-5.035612501078e-03,-6.721051997889e-03,1.685439496811e-03
4.000000000000e+00,-5.400000000000e-01,-5.912025006019e-03,-6.424825743973e-03,5.128007379538e-04
4.000000000000e+00,-5.300000000000e-01,-6.584067674352e-03,-6.020773133960e-03,-5.632945403922e-04
4.000000000000e+00,-5.200000000000e-01,-7.010183672961e-03,-5.541020053230e-03,-1.469163619730e-03
4.000000000000e+00,-5.100000000000e-01,-7.165506846501e-03,-5.017159690172e-03,-2.148347156329e-03
4.000000000000e+00,-5.000000000000e-01,-7.041049155374e-03,-4.477711248415e-03,-2.563337906960e-03
4.000000000000e+00,-4.900000000000e-01,-6.647759410534e-03,-3.946472315264e-03,-2.701287095269e-03
4.000000000000e+00,-4.800000000000e-01,-6.015019574433e-03,-3.441727711026e-03,-2.573291863407e-03
4.000000000000e+00,-4.700000000000e-01,-5.188238613044e-03,-2.976179205757e-03,-2.212059407288e-03
4.000000000000e+00,-4.600000000000e-01,-4.223335107676e-03,-2.557408065607e-03,-1.665927042068e-03
4.000000000000e+00,-4.500000000000e-01,-3.184280011765e-03,-2.188670875071e-03,-9.956091366940e-04
4.000000000000e+00,-4.400000000000e-01,-2.141184588883e-03,-1.869848095285e-03,-2.713364935980e-04
4.000000000000e+00,-4.300000000000e-01,-1.165610196809e-03,-1.598402145046e-03,4.327919482368e-04
4.000000000000e+00,-4.200000000000e-01,-3.239874771248e-04,-1.370246107116e-03,1.046258629991e-03
4.000000000000e+00,-4.100000000000e-01,3.362190278642e-04,-1.180466729026e-03,1.516685756891e-03
4.000000000000e+00,-4.000000000000e-01,7.824243956858e-04,-1.023880698189e-03,1.806305093875e-03
4.000000000000e+00,-3.900000000000e-01,9.950937237591e-04,-8.954287761472e-04,1.890522499906e-03
4.000000000000e+00,-3.800000000000e-01,9.701409715835e-04,-7.904282080863e-04,1.760569179670e-03
4.000000000000e+00,-3.700000000000e-01,7.267197187747e-04,-7.047113306584e-04,1.431431049433e-03
4.000000000000e+00,-3.600000000000e-01,3.190808854027e-04,-6.346796364671e-04,9.537605218698e-04
4.000000000000e+00,-3.500000000000e-01,-1.823472076515e-04,-5.772999472429e-04,3.949527395915e-04
4.000000000000e+00,-3.400000000000e-01,-7.002770236111e-04,-5.300647152374e-04,-1.702123083737e-04
4.000000000000e+00,-3.300000000000e-01,-1.157081876077e-03,-4.909332366722e-04,-6.661486394051e-04
4.000000000000e+00,-3.200000000000e-01,-1.495527637649e-03,-4.582656343081e-04,-1.037262003341e-03
4.000000000000e+00,-3.100000000000e-01,-1.690842509732e-03,-4.307573262894e-04,-1.260085183443e-03
4.000000000000e+00,-3.000000000000e-01,-1.730002308892e-03,-4.073785059436e-04,-1.322623802948e-03
4.000000000000e+00,-2.900000000000e-01,-1.609977225833e-03,-3.873208730442e-04,-1.222656352788e-03
4.000000000000e+00,-2.800000000000e-01,-1.338818013722e-03,-3.699523394361e-04,-9.688656742857e-04
4.000000000000e+00,-2.700000000000e-01,-9.584120345002e-04,-3.547795051131e-04,-6.036325293870e-04
4.000000000000e+00,-2.600000000000e-01,-5.365730826595e-04,-3.414171965179e-04,-1.951558861415e-04
4.000000000000e+00,-2.500000000000e-01,-1.406603256489e-04,-3.295641364367e-04,1.889038107878e-04
4.000000000000e+00,-2.400000000000e-01,1.698770101579e-04,-3.189837673537e-04,4.888607775116e-04
4.000000000000e+00,-2.300000000000e-01,3.512284323430e-04,-3.094893019123e-04,6.607177342553e-04
4.000000000000e+00,-2.200000000000e-01,3.867594565699e-04,-3.009321750991e-04,6.876916316690e-04
4.000000000000e+00,-2.100000000000e-01,2.831309135468e-04,-2.931931918094e-04,5.763241053562e-04
4.000000000000e+00,-2.000000000000e-01,6.477140500623e-05,-2.861757825517e-04,3.509471875580e-04
4.000000000000e+00,-1.900000000000e-01,-2.289796920744e-04,-2.798008897293e-04,5.082119765495e-05
4.000000000000e+00,-1.800000000000e-01,-5.513457848302e-04,-2.740031029858e-04,-2.773426818443e-04
4.000000000000e+00,-1.700000000000e-01,-8.626622388371e-04,-2.687277433750e-04,-5.939344954621e-04
4.000000000000e+00,-1.600000000000e-01,-1.121804517545e-03,-2.639286631607e-04,-8.578758543841e-04
4.000000000000e+00,-1.500000000000e-01,-1.287201193741e-03,-2.595665822463e-04,-1.027634611494e-03
4.000000000000e+00,-1.400000000000e-01,-1.321241558846e-03,-2.556078252861e-04,-1.065633733560e-03
4.000000000000e+00,-1.300000000000e-01,-1.217316234049e-03,-2.520233572303e-04,-9.652928768191e-04
4.000000000000e+00,-1.200000000000e-01,-1.018520454704e-03,-2.487880410586e-04,-7.697324136451e-04
4.000000000000e+00,-1.100000000000e-01,-7.752466092763e-04,-2.458800612829e-04,-5.293665479934e-04
4.000000000000e+00,-1.000000000000e-01,-5.353434410608e-04,-2.432804717320e-04,-2.920629693288e-04
4.000000000000e+00,-9.000000000000e-02,-3.382500497732e-04,-2.409728372701e-04,-9.727721250305e-05
4.000000000000e+00,-8.000000000000e-02,-2.135915711322e-04,-2.389429473194e-04,2.535137618715e-05
4.000000000000e+00,-7.000000000000e-02,-1.784951228593e-04,-2.371785850865e-04,5.868346222721e-05
4.000000000000e+00,-6.000000000000e-02,-2.340592605759e-04,-2.356693407812e-04,1.610080205336e-06
4.000000000000e+00,-5.000000000000e-02,-3.659485659293e-04,-2.344064602989e-04,-1.315421056304e-04
4.000000000000e+00,-4.000000000000e-02,-5.467693443544e-04,-2.333827231482e-04,-3.133866212062e-04
4.000000000000e+00,-3.000000000000e-02,-7.486295838168e-04,-2.325923450858e-04,-5.160372387310e-04
4.000000000000e+00,-2.000000000000e-02,-9.398149543367e-04,-2.320309021586e-04,-7.077840521781e-04
4.000000000000e+00,-1.000000000000e-02,-1.082841412295e-03,-2.316952737687e-04,-8.511461385260e-04
4.000000000000e+00,0.000000000000e+00,-1.138875205787e-03,-2.315836030955e-04,-9.072916026914e-04
4.000000000000e+00,1.000000000000e-02,-1.082840994853e-03,-2.316952737687e-04,-8.511457210848e-04
4.000000000000e+00,2.000000000000e-02,-9.398141564024e-04,-2.320309021586e-04,-7.077832542438e-04
4.000000000000e+00,3.000000000000e-02,-7.486284797514e-04,-2.325923450858e-04,-5.160361346656e-04
4.000000000000e+00,4.000000000000e-02,-5.467680488892e-04,-2.333827231482e-04,-3.133853257410e-04
4.000000000000e+00,5.000000000000e-02,-3.659472337130e-04,-2.344064602989e-04,-1.315407734141e-04
4.000000000000e+00,6.000000000000e-02,-2.340580593054e-04,-2.356693407812e-04,1.611281475797e-06
4.000000000000e+00,7.000000000000e-02,-1.784941703027e-04,-2.371785850865e-04,5.868441478378e-05
4.000000000000e+00,8.000000000000e-02,-2.135909322180e-04,-2.389429473194e-04,2.535201510132e-05
4.000000000000e+00,9.000000000000e-02,-3.382497433712e-04,-2.409728372701e-04,-9.727690610108e-05
4.000000000000e+00,1.000000000000e-01,-5.353434482826e-04,-2.432804717320e-04,-2.920629765506e-04
4.000000000000e+00,1.100000000000e-01,-7.752468853065e-04,-2.458800612829e-04,-5.293668240236e-04
4.000000000000e+00,1.200000000000e-01,-1.018520939419e-03,-2.487880410586e-04,-7.697328983608e-04
4.000000000000e+00,1.300000000000e-01,-1.217316856733e-03,-2.520233572303e-04,-9.652934995027e-04
4.000000000000e+00,1.400000000000e-01,-1.321242240322e-03,-2.556078252861e-04,-1.065634415036e-03
4.000000000000e+00,1.500000000000e-01,-1.287201848818e-03,-2.595665822463e-04,-1.027635266571e-03
4.000000000000e+00,1.600000000000e-01,-1.121805100115e-03,-2.639286631607e-04,-8.578764369542e-04
4.000000000000e+00,1.700000000000e-01,-8.626627620476e-04,-2.687277433750e-04,-5.939350186726e-04
4.000000000000e+00,1.800000000000e-01,-5.513463118771e-04,-2.740031029858e-04,-2.773432088913e-04
4.000000000000e+00,1.900000000000e-01,-2.289803243304e-04,-2.798008897293e-04,5.082056539888e-05
4.000000000000e+00,2.000000000000e-01,6.477054552308e-05,-2.861757825517e-04,3.509463280748e-04
4.000000000000e+00,2.100000000000e-01,2.831297038891e-04,-2.931931918094e-04,5.763228956985e-04
4.000000000000e+00,2.200000000000e-01,3.867577887032e-04,-3.009321750991e-04,6.876899638023e-04
4.000000000000e+00,2.300000000000e-01,3.512262249467e-04,-3.094893019123e-04,6.607155268590e-04
4.000000000000e+00,2.400000000000e-01,1.698742174946e-04,-3.189837673537e-04,4.888579848484e-04
4.000000000000e+00,2.500000000000e-01,-1.406636980755e-04,-3.295641364367e-04,1.889004383613e-04
4.000000000000e+00,2.600000000000e-01,-5.365769542511e-04,-3.414171965179e-04,-1.951597577332e-04
4.000000000000e+00,2.700000000000e-01,-9.584162449137e-04,-3.547795051131e-04,-6.036367398005e-04
4.000000000000e+00,2.800000000000e-01,-1.338822325027e-03,-3.699523394361e-04,-9.688699855913e-04
4.000000000000e+00,2.900000000000e-01,-1.609981328188e-03,-3.873208730442e-04,-1.222660455144e-03
4.000000000000e+00,3.000000000000e-01,-1.730005877060e-03,-4.073785059436e-04,-1.322627371116e-03
4.000000000000e+00,3.100000000000e-01,-1.690845265335e-03,-4.307573262894e-04,-1.260087939046e-03
4.000000000000e+00,3.200000000000e-01,-1.495529360347e-03,-4.582656343081e-04,-1.037263726038e-03
4.000000000000e+00,3.300000000000e-01,-1.157082404253e-03,-4.909332366722e-04,-6.661491675807e-04
4.000000000000e+00,3.400000000000e-01,-7.002762603894e-04,-5.300647152374e-04,-1.702115451520e-04
4.000000000000e+00,3.500000000000e-01,-1.823451528069e-04,-5.772999472429e-04,3.949547944360e-04
4.000000000000e+00,3.600000000000e-01,3.190841149858e-04,-6.346796364671e-04,9.537637514529e-04
4.000000000000e+00,3.700000000000e-01,7.267239019835e-04,-7.047113306584e-04,1.431435232642e-03
4.000000000000e+00,3.800000000000e-01,9.701458033762e-04,-7.904282080863e-04,1.760574011462e-03
4.000000000000e+00,3.900000000000e-01,9.950988420449e-04,-8.954287761472e-04,1.890527618192e-03
4.000000000000e+00,4.000000000000e-01,7.824294247950e-04,-1.023880698189e-03,1.806310122984e-03
4.000000000000e+00,4.100000000000e-01,3.362236073073e-04,-1.180466729026e-03,1.516690336334e-03
4.000000000000e+00,4.200000000000e-01,-3.239836732430e-04,-1.370246107116e-03,1.046262433873e-03
4.000000000000e+00,4.300000000000e-01,-1.165607448829e-03,-1.598402145046e-03,4.327946962170e-04
4.000000000000e+00,4.400000000000e-01,-2.141183109576e-03,-1.869848095285e-03,-2.713350142909e-04
4.000000000000e+00,4.500000000000e-01,-3.184279902719e-03,-2.188670875071e-03,-9.956090276476e-04
4.000000000000e+00,4.600000000000e-01,-4.223336354457e-03,-2.557408065607e-03,-1.665928288850e-03
4.000000000000e+00,4.700000000000e-01,-5.188241089921e-03,-2.976179205757e-03,-2.212061884164e-03
4.000000000000e+00,4.800000000000e-01,-6.015023053930e-03,-3.441727711026e-03,-2.573295342904e-03
4.000000000000e+00,4.900000000000e-01,-6.647763602653e-03,-3.946472315264e-03,-2.701291287389e-03
4.000000000000e+00,5.000000000000e-01,-7.041053755639e-03,-4.477711248415e-03,-2.563342507224e-03
4.000000000000e+00,5.100000000000e-01,-7.165511547757e-03,-5.017159690172e-03,-2.148351857585e-03
4.000000000000e+00,5.200000000000e-01,-7.010188171253e-03,-5.541020053230e-03,-1.469168118022e-03
4.000000000000e+00,5.300000000000e-01,-6.584071675443e-03,-6.020773133960e-03,-5.632985414835e-04
4.000000000000e+00,5.400000000000e-01,-5.912028269863e-03,-6.424825743973e-03,5.127974741097e-04
4.000000000000e+00,5.500000000000e-01,-5.035614872106e-03,-6.721051997889e-03,1.685437125783e-03
4.000000000000e+00,5.600000000000e-01,-4.014821924044e-03,-6.880124580833e-03,2.865302656789e-03
4.000000000000e+00,5.700000000000e-01,-2.925354451604e-03,-6.879363781160e-03,3.954009329555e-03
4.000000000000e+00,5.800000000000e-01,-1.850900071920e-03,-6.706662025785e-03,4.855761953865e-03
4.000000000000e+00,5.900000000000e-01,-8.550479476432e-04,-6.363905093584e-03,5.508857145941e-03
4.000000000000e+00,6.000000000000e-01,3.455529158003e-06,-5.869246094813e-03,5.872701623971e-03
4.000000000000e+00,6.100000000000e-01,6.629158536478e-04,-5.257627285344e-03,5.920543138991e-03
4.000000000000e+00,6.200000000000e-01,1.062229909284e-03,-4.579105688579e-03,5.641335597863e-03
4.000000000000e+00,6.300000000000e-01,1.161978778243e-03,-3.894816477972e-03,5.056795256215e-03
4.000000000000e+00,6.400000000000e-01,9.825907710523e-04,-3.270771536540e-03,4.253362307592e-03
4.000000000000e+00,6.500000000000e-01,5.592466364603e-04,-2.770083098254e-03,3.329329734715e-03
4.000000000000e+00,6.600000000000e-01,-7.031301599160e-05,-2.444551088776e-03,2.374238072784e-03
4.000000000000e+00,6.700000000000e-01,-8.681173233265e-04,-2.326782700174e-03,1.458665376848e-03
4.000000000000e+00,6.800000000000e-01,-1.780276788555e-03,-2.424063521258e-03,6.437867327031e-04
4.000000000000e+00,6.900000000000e-01,-2.728948751755e-03,-2.715041184733e-03,-1.390756702136e-05
4.000000000000e+00,7.000000000000e-01,-3.640739907534e-03,-3.149925399390e-03,-4.908145081436e-04
4.000000000000e+00,7.100000000000e-01,-4.451426703752e-03,-3.654404630930e-03,-7.970220728219e-04
4.000000000000e+00,7.200000000000e-01,-5.108291555405e-03,-4.136915102095e-03,-9.713764533099e-04
4.000000000000e+00,7.300000000000e-01,-5.568108105084e-03,-4.498374103374e-03,-1.069734001709e-03
4.000000000000e+00,7.400000000000e-01,-5.797854887787e-03,-4.643103597679e-03,-1.154751290107e-03
4.000000000000e+00,7.500000000000e-01,-5.776395442899e-03,-4.489492474264e-03,-1.286902968635e-03
4.000000000000e+00,7.600000000000e-01,-5.492659907224e-03,-3.979006114367e-03,-1.513653792857e-03
4.000000000000e+00,7.700000000000e-01,-4.944787965512e-03,-3.082432980579e-03,-1.862354984933e-03
4.000000000000e+00,7.800000000000e-01,-4.141849142913e-03,-1.802700897877e-03,-2.339148245036e-03
4.000000000000e+00,7.900000000000e-01,-3.100383181775e-03,-1.741142890157e-04,-2.926268892759e-03
4.000000000000e+00,8.000000000000e-01,-1.841074978327e-03,1.741636379313e-03,-3.582711357639e-03
4.000000000000e+00,8.100000000000e-01,-3.872524557752e-04,3.861942750047e-03,-4.249195205822e-03
4.000000000000e+00,8.200000000000e-01,1.230480780065e-03,6.091231557428e-03,-4.860750777363e-03
4.000000000000e+00,8.300000000000e-01,2.961482562236e-03,8.329343668670e-03,-5.367861106434e-03
4.000000000000e+00,8.400000000000e-01,4.752160549161e-03,1.047937675618e-02,-5.727216207020e-03
4.000000000000e+00,8.500000000000e-01,6.552601217434e-03,1.245424689945e-02,-5.901645682018e-03
4.000000000000e+00,8.600000000000e-01,8.318917198445e-03,1.418150809077e-02,-5.862590892321e-03
4.000000000000e+00,8.700000000000e-01,1.000810306223e-02,1.560626145553e-02,-5.598158393303e-03
4.000000000000e+00,8.800000000000e-01,1.157360275754e-02,1.669224089189e-02,-5.118638134350e-03
4.000000000000e+00,8.900000000000e-01,1.297682777399e-02,1.742134822194e-02,-4.444520447951e-03
4.000000000000e+00,9.000000000000e-01,1.418868575412e-02,1.779201685424e-02,-3.603331100118e-03
4.000000000000e+00,9.100000000000e-01,1.518985807467e-02,1.781681284222e-02,-2.626954767557e-03
4.000000000000e+00,9.200000000000e-01,1.596640577117e-02,1.751965205198e-02,-1.553246280808e-03
4.000000000000e+00,9.300000000000e-01,1.650902349183e-02,1.693294344983e-02,-4.239199580006e-04
4.000000000000e+00,9.400000000000e-01,1.681535780948e-02,1.609488291210e-02,7.204748973840e-04
4.000000000000e+00,9.500000000000e-01,1.688838112911e-02,1.504703724125e-02,1.841343887860e-03
4.000000000000e+00,9.600000000000e-01,1.673478551672e-02,1.383228617695e-02,2.902499339777e-03
4.000000000000e+00,9.700000000000e-01,1.635947584446e-02,1.249313692398e-02,3.866338920481e-03
4.000000000000e+00,9.800000000000e-01,1.576784588507e-02,1.107039176781e-02,4.697454117266e-03
4.000000000000e+00,9.900000000000e-01,1.496815593508e-02,9.602131935948e-03,5.366023999133e-03
4.000000000000e+00,1.000000000000e+00,1.397194017844e-02,8.122975509580e-03,5.848964668858e-03
4.000000000000e+00,1.010000000000e+00,1.279651904684e-02,6.663569161227e-03,6.132949885612e-03
4.000000000000e+00,1.020000000000e+00,1.146989500803e-02,5.250278780866e-03,6.219616227162e-03
4.000000000000e+00,1.030000000000e+00,1.002559700460e-02,3.905049823733e-03,6.120547180864e-03
4.000000000000e+00,1.040000000000e+00,8.499537402658e-03,2.645412875050e-03,5.854124527608e-03
4.000000000000e+00,1.050000000000e+00,6.928502673833e-03,1.484612912598e-03,5.443889761236e-03
4.000000000000e+00,1.060000000000e+00,5.344278926468e-03,4.318421908932e-04,4.912436735575e-03
4.000000000000e+00,1.070000000000e+00,3.768435445662e-03,-5.074429259759e-04,4.275878371638e-03
4.000000000000e+00,1.080000000000e+00,2.222087003296e-03,-1.331140886949e-03,3.553227890245e-03
4.000000000000e+00,1.090000000000e+00,7.277433028199e-04,-2.040079272113e-03,2.767822574933e-03
4.000000000000e+00,1.100000000000e+00,-6.904608302622e-04,-2.637563623300e-03,1.947102793038e-03
4.000000000000e+00,1.110000000000e+00,-2.014742387490e-03,-3.128918744606e-03,1.114176357116e-03
4.000000000000e+00,1.120000000000e+00,-3.233617699474e-03,-3.521038620922e-03,2.874209214482e-04
4.000000000000e+00,1.130000000000e+00,-4.332489240254e-03,-3.821958748635e-03,-5.105304916194e-04
4.000000000000e+00,1.140000000000e+00,-5.293452518977e-03,-4.040461948901e-03,-1.252990570076e-03
4.000000000000e+00,1.150000000000e+00,-6.097817183365e-03,-4.185725840206e-03,-1.912091343159e-03
4.000000000000e+00,1.160000000000e+00,-6.741205137142e-03,-4.267017275577e-03,-2.474187861565e-03
4.000000000000e+00,1.170000000000e+00,-7.227025901126e-03,-4.293436363799e-03,-2.933589537326e-03
4.000000000000e+00,1.180000000000e+00,-7.557650554262e-03,-4.273710316249e-03,-3.283940238013e-03
4.000000000000e+00,1.190000000000e+00,-7.734901558026e-03,-4.216035371064e-03,-3.518866186962e-03
4.000000000000e+00,1.200000000000e+00,-7.762995972850e-03,-4.127963483702e-03,-3.635032489148e-03
4.000000000000e+00,1.210000000000e+00,-7.655735989033e-03,-4.016329341678e-03,-3.639406647356e-03
4.000000000000e+00,1.220000000000e+00,-7.431383230106e-03,-3.887212538620e-03,-3.544170691486e-03
4.000000000000e+00,1.230000000000e+00,-7.110357654404e-03,-3.745929386041e-03,-3.364428268363e-03
4.000000000000e+00,1.240000000000e+00,-6.715478771534e-03,-3.597048795369e-03,-3.118429976166e-03
4.000000000000e+00,1.250000000000e+00,-6.265537669615e-03,-3.444426866916e-03,-2.821110802699e-03
4.000000000000e+00,1.260000000000e+00,-5.767000540335e-03,-3.291255214598e-03,-2.475745325737e-03
4.000000000000e+00,1.270000000000e+00,-5.229694148424e-03,-3.140118576825e-03,-2.089575571599e-03
4.000000000000e+00,1.280000000000e+00,-4.670316948471e-03,-2.993057862330e-03,-1.677259086141e-03
4.000000000000e+00,1.290000000000e+00,-4.113064048459e-03,-2.851635409761e-03,-1.261428638698e-03
4.000000000000e+00,1.300000000000e+00,-3.572604434320e-03,-2.716999865299e-03,-8.556045690209e-04
4.000000000000e+00,1.310000000000e+00,-3.050868210288e-03,-2.589948675414e-03,-4.609195348738e-04
4.000000000000e+00,1.320000000000e+00,-2.558129252833e-03,-2.470986732480e-03,-8.714252035279e-05
4.000000000000e+00,1.330000000000e+00,-2.113650558185e-03,-2.360380186942e-03,2.467296287570e-04
4.000000000000e+00,1.340000000000e+00,-1.741917901414e-03,-2.258204844792e-03,5.162869433774e-04
4.000000000000e+00,1.350000000000e+00,-1.443032107667e-03,-2.164388902066e-03,7.213567943991e-04
4.000000000000e+00,1.360000000000e+00,-1.203264589557e-03,-2.078750031622e-03,8.754854420652e-04
4.000000000000e+00,1.370000000000e+00,-1.014648885457e-03,-2.001027036864e-03,9.863781514070e-04
4.000000000000e+00,1.380000000000e+00,-8.748416950903e-04,-1.930906429557e-03,1.056064734466e-03
4.000000000000e+00,1.390000000000e+00,-7.843729419072e-04,-1.868044382388e-03,1.083671440481e-03
4.000000000000e+00,1.400000000000e+00,-7.375357238714e-04,-1.812084559805e-03,1.074548835934e-03
4.000000000000e+00,1.410000000000e+00,-7.272234373231e-04,-1.762672350905e-03,1.035448913582e-03
4.000000000000e+00,1.420000000000e+00,-7.463381724469e-04,-1.719466023251e-03,9.731278508045e-04
4.000000000000e+00,1.430000000000e+00,-7.858067681515e-04,-1.682145292921e-03,8.963385247696e-04
4.000000000000e+00,1.440000000000e+00,-8.379417195244e-04,-1.650417769585e-03,8.124760500607e-04
4.000000000000e+00,1.450000000000e+00,-9.036087264600e-04,-1.624023690511e-03,7.204149640512e-04
4.000000000000e+00,1.460000000000e+00,-9.795637241581e-04,-1.602739307725e-03,6.231755835671e-04
4.000000000000e+00,1.470000000000e+00,-1.055621800658e-03,-1.586379240867e-03,5.307574402096e-04
4.000000000000e+00,1.480000000000e+00,-1.113833089250e-03,-1.574798056438e-03,4.609649671876e-04
4.000000000000e+00,1.490000000000e+00,-1.141056508428e-03,-1.567891283307e-03,4.268347748791e-04
4.000000000000e+00,1.500000000000e+00,-1.132403408930e-03,-1.565596025184e-03,4.331926162539e-04
