t,p_trixi_0_4_0_0_,p_dibem_0_4_0_0_,p_exact_0_4_0_0_,p_trixi_0_7_0_0_,p_dibem_0_7_0_0_,p_exact_0_7_0_0_,p_trixi_0_5_0_5_,p_dibem_0_5_0_5_,p_exact_0_5_0_5_
0.000000000000e+00,0.000000000000e+00,0.000000000000e+00,0.000000000000e+00,0.000000000000e+00,0.000000000000e+00,0.000000000000e+00,0.000000000000e+00,0.000000000000e+00,0.000000000000e+00
5.000000000000e-03,-6.989308078175e-19,2.047464322628e-14,3.652929133378e-13,-1.979534149515e-39,9.385390753186e-18,3.653054315095e-13,-3.898156151695e-45,-1.649634655491e-17,3.653058108633e-13
1.000000000000e-02,-1.939299757473e-16,1.110780743550e-13,1.714356850737e-12,-3.773458235785e-26,5.021759049984e-17,1.714415599946e-12,-1.890006300531e-36,-9.088354296001e-17,1.714417380288e-12
1.500000000000e-02,-1.660358212726e-15,3.206621324708e-13,4.567629025634e-12,-4.349932031904e-23,1.401537002703e-16,4.567785554171e-12,-1.547878954826e-30,-2.709705305963e-16,4.567790297590e-12
2.000000000000e-02,-6.983327956840e-15,6.943549186641e-13,9.701698694699e-12,-1.041169441871e-21,2.922828445325e-16,9.702031165397e-12,-2.955904690355e-28,-6.077932943708e-16,9.702041240440e-12
2.500000000000e-02,-2.036801242232e-14,1.291958854624e-12,1.826474765573e-11,-8.152984252516e-21,5.084338736905e-16,1.826537358249e-11,-5.264591765175e-27,-1.189854530550e-15,1.826539255003e-11
3.000000000000e-02,-4.740964941101e-14,2.195571797373e-12,3.193879176435e-11,-3.666126228080e-20,7.989205134015e-16,3.193988631109e-11,-3.679594886695e-26,-2.135114066496e-15,3.193991947877e-11
3.500000000000e-02,-9.547414532176e-14,3.520252594699e-12,5.323346466674e-11,-1.270554185706e-19,1.174053238350e-15,5.323528902007e-11,-1.719751211680e-25,-3.606271934990e-15,5.323534430160e-11
4.000000000000e-02,-1.742325103767e-13,5.428431486382e-12,8.563740002237e-11,-4.079980632438e-19,1.641536807894e-15,8.564033496413e-11,-8.450568202706e-25,-5.860991710343e-15,8.564042389641e-11
4.500000000000e-02,-2.809948272284e-13,8.148820651285e-12,1.342110502597e-10,-9.711171790482e-19,2.146528069281e-15,1.342156500795e-10,-2.762401870344e-24,-9.297872874574e-15,1.342157894541e-10
5.000000000000e-02,-4.150421009883e-13,1.200099886736e-11,2.061261816965e-10,-1.804221724100e-18,2.839649767164e-15,2.061332466411e-10,-6.534486253827e-24,-1.429777205113e-14,2.061334606976e-10
5.500000000000e-02,-5.772219778669e-13,1.742570032600e-11,3.113485446915e-10,-2.657549987786e-18,3.643811608831e-15,3.113592169083e-10,-1.167687262602e-23,-2.168875760307e-14,3.113595402353e-10
6.000000000000e-02,-7.735509428526e-13,2.502291731863e-11,4.636744525742e-10,-2.971899946986e-18,4.525868410025e-15,4.636903477709e-10,-1.573494116018e-23,-3.235949919968e-14,4.636908292846e-10
6.500000000000e-02,-1.019211909314e-12,3.559817607973e-11,6.821562757716e-10,-1.870044424731e-18,5.547060732148e-15,6.821796641029e-10,-1.392629681114e-23,-4.763108979008e-14,6.821803725028e-10
7.000000000000e-02,-1.355105740150e-12,5.021647884484e-11,9.927623831304e-10,2.048111449076e-18,6.317518053663e-15,9.927964276900e-10,1.911260710071e-24,-6.965522020746e-14,9.927974586468e-10
7.500000000000e-02,-1.871698342720e-12,7.026715455225e-11,1.430281490400e-09,9.769908702294e-18,6.902318488744e-15,1.430330552369e-09,3.266372286001e-23,-1.006862417434e-13,1.430332037676e-09
8.000000000000e-02,-2.658999976392e-12,9.753590562738e-11,2.041036814385e-09,1.955158801510e-17,7.799600860078e-15,2.041106853781e-09,5.331777892447e-23,-1.432822744868e-13,2.041108973342e-09
8.500000000000e-02,-3.848212253150e-12,1.342815302704e-10,2.886453013205e-09,2.786268675781e-17,7.061425401751e-15,2.886552116748e-09,2.191051062242e-23,-2.033506825159e-13,2.886555114248e-09
9.000000000000e-02,-5.602129939591e-12,1.833245943194e-10,4.046926925087e-09,2.933983362894e-17,5.199120391985e-15,4.047065975682e-09,-1.048356253455e-22,-2.850794639799e-13,4.047070178302e-09
9.500000000000e-02,-8.117322540186e-12,2.481268481515e-10,5.625959822597e-09,1.763538690677e-17,1.524647728853e-15,5.626153326914e-09,-3.455651978458e-22,-3.955995909507e-13,5.626159169308e-09
1.000000000000e-01,-1.162701540288e-11,3.328686655884e-10,7.755821102200e-09,-1.332055171127e-17,-6.801362020423e-15,7.756088242202e-09,-6.648313259315e-22,-5.459192379417e-13,7.756096296395e-09
1.050000000000e-01,-1.660523020741e-11,4.425114186629e-10,1.060460614160e-08,-6.917360529204e-17,-2.076678495562e-14,1.060497212131e-08,-8.855104110533e-22,-7.467481196150e-13,1.060498313390e-08
1.100000000000e-01,-2.352483161250e-11,5.828276178834e-10,1.438304387096e-08,-1.415456468786e-16,-4.566034461249e-14,1.438354159169e-08,-6.507539136176e-22,-1.015522785018e-12,1.438355652806e-08
1.150000000000e-01,-3.274367724897e-11,7.603960776528e-10,1.935090019376e-08,-2.098145073858e-16,-8.624085860104e-14,1.935157231614e-08,2.410726929101e-22,-1.367467860244e-12,1.935159241149e-08
1.200000000000e-01,-4.486953593994e-11,9.825325936934e-10,2.582565701707e-08,-2.483754377154e-16,-1.418248162651e-13,2.582655861189e-08,1.720106754957e-21,-1.821854728523e-12,2.582658543109e-08
1.250000000000e-01,-6.067726107890e-11,1.257123003204e-09,3.419260691784e-08,-2.289102479423e-16,-2.302864897861e-13,3.419380896560e-08,3.316565519189e-21,-2.416005911523e-12,3.419384447363e-08
1.300000000000e-01,-8.115986026021e-11,1.592409961168e-09,4.491232652679e-08,-1.259063110838e-16,-3.527109071664e-13,4.491392053267e-08,4.137283142961e-21,-3.175645796428e-12,4.491396717281e-08
1.350000000000e-01,-1.075887849269e-10,1.996575519246e-09,5.852544607417e-08,7.685945740751e-17,-5.323264656291e-13,5.852755030219e-08,2.922737790487e-21,-4.135902937557e-12,5.852761107925e-08
1.400000000000e-01,-1.432804605785e-10,2.477264800245e-09,7.566002555623e-08,3.827729142903e-16,-7.924323214159e-13,7.566279395634e-08,-2.339579401249e-21,-5.353383262285e-12,7.566287252717e-08
1.450000000000e-01,-1.908631142161e-10,3.040941230200e-09,9.703894530432e-08,7.202470410013e-16,-1.149244641282e-12,9.704258074257e-08,-1.155655980880e-20,-6.875462143618e-12,9.704268151501e-08
1.500000000000e-01,-2.536190258435e-10,3.692061326158e-09,1.234792796991e-07,9.928009342013e-16,-1.600844754688e-12,1.234840538342e-07,-2.243095616552e-20,-8.737629870625e-12,1.234841820643e-07
1.550000000000e-01,-3.364974434878e-10,4.432015649998e-09,1.558847083267e-07,1.088955956673e-15,-2.282630615200e-12,1.558909920995e-07,-3.109973433719e-20,-1.108631639293e-11,1.558911539820e-07
1.600000000000e-01,-4.459878144713e-10,5.258306673007e-09,1.952406965705e-07,8.921768911510e-16,-3.132328308196e-12,1.952490080847e-07,-3.271033054251e-20,-1.391012468472e-11,1.952492108380e-07
1.650000000000e-01,-5.905072196148e-10,6.163148268631e-09,2.426068564708e-07,2.982798433669e-16,-4.244304202552e-12,2.426179367033e-07,-2.260378286494e-20,-1.730292948404e-11,2.426181886462e-07
1.700000000000e-01,-7.808438180772e-10,7.132414832186e-09,2.990936936876e-07,-7.647105234513e-16,-5.659669777153e-12,2.991086259633e-07,2.130797265904e-21,-2.137513894894e-11,2.991089365678e-07
1.750000000000e-01,-1.047878183540e-09,8.144470865736e-09,3.658250409832e-07,-2.366470916397e-15,-7.524201257723e-12,3.658454392335e-07,3.937485734143e-20,-2.619737279965e-11,3.658458191399e-07
1.800000000000e-01,-1.407969220120e-09,9.169680984421e-09,4.439262542380e-07,-4.257771370314e-15,-9.670048520897e-12,4.439545599454e-07,7.107756811965e-20,-3.176020486812e-11,4.439550209629e-07
1.850000000000e-01,-1.889800898160e-09,1.016892296333e-08,5.344557502425e-07,-6.162194802991e-15,-1.258510298280e-11,5.344956956094e-07,7.577810002419e-20,-3.840903887196e-11,5.344962506480e-07
1.900000000000e-01,-2.531892432969e-09,1.109467851007e-08,6.383853475787e-07,-7.735887977718e-15,-1.621032841875e-11,6.384426760171e-07,3.115376823121e-20,-4.610592563752e-11,6.384433389979e-07
1.950000000000e-01,-3.383393320509e-09,1.189128374118e-08,7.565198319301e-07,-8.592767275057e-15,-2.032349694013e-11,7.566034075029e-07,-8.024858535603e-20,-5.471411147064e-11,7.566041931854e-07
2.000000000000e-01,-4.506397708179e-09,1.249540767887e-08,8.894497090104e-07,-8.346323279249e-15,-2.554542253110e-11,8.895732137453e-07,-2.648681322970e-19,-6.464558169918e-11,8.895741375078e-07
2.050000000000e-01,-5.987725205559e-09,1.284018513814e-08,1.037499038036e-06,-6.629591211015e-15,-3.150217417445e-11,1.037683547648e-06,-5.116080443435e-19,-7.568118444119e-11,1.037684625214e-06
2.100000000000e-01,-8.047514631941e-09,1.285687633747e-08,1.200657054448e-06,-3.003565456091e-15,-3.862304887307e-11,1.200934915039e-06,-7.652337855916e-19,-8.797357812209e-11,1.200936162131e-06
2.150000000000e-01,-1.077373743092e-08,1.248085485437e-08,1.378513352149e-06,1.974640098570e-15,-4.693142027725e-11,1.378933968394e-06,-9.402602876817e-19,-1.016834650106e-10,1.378935400327e-06
2.200000000000e-01,-1.436131002201e-08,1.165677372576e-08,1.570217023353e-06,7.670679830578e-15,-5.630772112827e-11,1.570855434191e-06,-9.727229908268e-19,-1.164265989965e-10,1.570857065422e-06
2.250000000000e-01,-1.905454025095e-08,1.034510887849e-08,1.774442280849e-06,1.308982519407e-14,-6.670763734451e-11,1.775411768307e-06,-8.370794361247e-19,-1.322431219874e-10,1.775413611956e-06
2.300000000000e-01,-2.515729694231e-08,8.529345975815e-09,1.989352123888e-06,1.688770741764e-14,-7.843089569113e-11,1.990822609003e-06,-5.736456032363e-19,-1.492235752187e-10,1.990824676344e-06
2.350000000000e-01,-3.304456153523e-08,6.223574674065e-09,2.212580789333e-06,1.739935212605e-14,-9.144522729646e-11,2.214805464855e-06,-3.134621433924e-19,-1.672461434149e-10,2.214807764787e-06
2.400000000000e-01,-4.334934266823e-08,3.479378365210e-09,2.441252571283e-06,1.223252185774e-14,-1.054598527462e-10,2.444606200924e-06,-3.472648368817e-19,-1.860034597576e-10,2.444608739488e-06
2.450000000000e-01,-5.719395117742e-08,3.894088324445e-10,2.671989939726e-06,-2.179444698238e-15,-1.208415302498e-10,2.677023497266e-06,-1.299048161913e-18,-2.058917983168e-10,2.677026277183e-06
2.500000000000e-01,-7.509814291009e-08,-2.909385754289e-09,2.900958062808e-06,-2.702401871828e-14,-1.367756941566e-10,2.908476199203e-06,-3.643213621929e-18,-2.259209290495e-10,2.908479219468e-06
2.550000000000e-01,-9.813505579303e-08,-6.242826332722e-09,3.123911514526e-06,-6.398804708439e-14,-1.532694582336e-10,3.135081548953e-06,-7.837753453342e-18,-2.461882121857e-10,3.135084804534e-06
2.600000000000e-01,-1.276288716491e-07,-9.412256140321e-09,3.336256367534e-06,-1.143452102078e-13,-1.704761455148e-10,3.352760647784e-06,-1.420226687466e-17,-2.667216062837e-10,3.352764129409e-06
2.650000000000e-01,-1.652044129995e-07,-1.222102531316e-08,3.533101538269e-06,-1.788849252656e-13,-1.879526182149e-10,3.557349039286e-06,-2.286938313995e-17,-2.872605145745e-10,3.557352733368e-06
2.700000000000e-01,-2.128432820020e-07,-1.452101144748e-08,3.709308508046e-06,-2.578682671562e-13,-2.050585758275e-10,3.744726714010e-06,-3.376940874455e-17,-3.072596145758e-10,3.744730602671e-06
2.750000000000e-01,-2.745483524487e-07,-1.628598943133e-08,3.859529694152e-06,-3.522326885668e-13,-2.218727700111e-10,3.910964548921e-06,-4.683093713586e-17,-3.267800786990e-10,3.910968610211e-06
2.800000000000e-01,-3.551622862514e-07,-1.772052463082e-08,3.978195547516e-06,-4.610292276012e-13,-2.381590394298e-10,4.052456108700e-06,-6.214359417498e-17,-3.457993691782e-10,4.052460316927e-06
2.850000000000e-01,-4.576718255571e-07,-1.941944673907e-08,4.059439842229e-06,-5.816780839683e-13,-2.533142988914e-10,4.166035421128e-06,-8.087160620140e-17,-3.637866235683e-10,4.166039747302e-06
2.900000000000e-01,-5.875481525602e-07,-2.259614574618e-08,4.096970731762e-06,-7.136843714033e-13,-2.672719821134e-10,4.249102071839e-06,-1.064995276987e-16,-3.807842377508e-10,4.249106484277e-06
2.950000000000e-01,-7.514992181555e-07,-2.939796920580e-08,4.083849875437e-06,-8.575323852487e-13,-2.794967203136e-10,4.299733425063e-06,-1.454904250468e-16,-3.966301612149e-10,4.299737890081e-06
3.000000000000e-01,-9.577076867737e-07,-4.334296437494e-08,4.012121126511e-06,-1.015258371456e-12,-2.910123612850e-10,4.316747817129e-06,-2.081554582058e-16,-4.121606877124e-10,4.316752299818e-06
3.050000000000e-01,-1.216098864572e-06,-6.990154710124e-08,3.872280961577e-06,-1.191112936225e-12,-2.996992942609e-10,4.299737919321e-06,-3.095207496471e-16,-4.257777198406e-10,4.299742384355e-06
3.100000000000e-01,-1.550214524499e-06,-1.172861787113e-07,3.652583349740e-06,-1.398548600751e-12,-3.078584236667e-10,4.249099085367e-06,-4.839355809492e-16,-4.393298027056e-10,4.249103497823e-06
3.150000000000e-01,-1.978621773420e-06,-1.974727612015e-07,3.338112167628e-06,-1.656923552176e-12,-3.133336645866e-10,4.166025494088e-06,-7.704330644850e-16,-4.511433460581e-10,4.166029820281e-06
3.200000000000e-01,-2.518264358239e-06,-3.275480990743e-07,2.909548235305e-06,-1.991138320802e-12,-3.191505102308e-10,4.052450135759e-06,-1.207661255529e-15,-4.638966095817e-10,4.052454344018e-06
3.250000000000e-01,-3.196134344404e-06,-5.314206913759e-07,2.341607554059e-06,-2.440088243901e-12,-3.232497471444e-10,3.910961514215e-06,-1.850116534181e-15,-4.757789754970e-10,3.910965575554e-06
3.300000000000e-01,-4.045221130232e-06,-8.420130144321e-07,1.601107538347e-06,-3.057899372446e-12,-3.261475842948e-10,3.744717754598e-06,-2.767544363657e-15,-4.869347288268e-10,3.744721643309e-06
3.350000000000e-01,-5.105650537764e-06,-1.304002180238e-06,6.445623996601e-07,-3.917735233507e-12,-3.295343151651e-10,3.557335481600e-06,-4.051656376697e-15,-4.992953248438e-10,3.557339175734e-06
3.400000000000e-01,-6.425960750973e-06,-1.977220795578e-06,-5.847867180137e-07,-5.116045808156e-12,-3.332632951917e-10,3.352748701908e-06,-5.825161849841e-15,-5.120926221555e-10,3.352752183599e-06
3.450000000000e-01,-8.138915717296e-06,-2.940831810745e-06,-2.160570983276e-06,-6.903710318670e-12,-3.374872642821e-10,3.135069727020e-06,-8.444465136467e-15,-5.261528039683e-10,3.135072982675e-06
3.500000000000e-01,-1.030663474437e-05,-4.298386637214e-06,-4.177615498315e-06,-9.463761509796e-12,-3.435212517002e-10,2.908461266863e-06,-1.223744136737e-14,-5.416995279738e-10,2.908464287207e-06
3.550000000000e-01,-1.302334546222e-05,-6.183878278716e-06,-6.757111376380e-06,-1.303955854978e-11,-3.511414083562e-10,2.677006901576e-06,-1.773372225848e-14,-5.589869759068e-10,2.677009681576e-06
3.600000000000e-01,-1.641949702687e-05,-8.768907449757e-06,-1.005275550936e-05,-1.795557769387e-11,-3.617494746149e-10,2.444588282120e-06,-2.576310876272e-14,-5.791511314953e-10,2.444590820778e-06
3.650000000000e-01,-2.065335963160e-05,-1.227104337096e-05,-1.425795959121e-05,-2.460534740855e-11,-3.745282555034e-10,2.214786291925e-06,-3.752486235882e-14,-6.015160370188e-10,2.214788591958e-06
3.700000000000e-01,-2.591574429983e-05,-1.696347042085e-05,-1.961424227628e-05,-3.345840442037e-11,-3.904608091624e-10,1.990801703731e-06,-5.470153466239e-14,-6.267436398214e-10,1.990803771176e-06
3.750000000000e-01,-3.243516300189e-05,-2.318594770077e-05,-2.642091699156e-05,-4.506725456318e-11,-4.101823673870e-10,1.775391444153e-06,-7.958921594521e-14,-6.558009779015e-10,1.775393287926e-06
3.800000000000e-01,-4.091861642990e-05,-3.135709209906e-05,-3.504615951983e-05,-6.104212665927e-11,-4.337183107609e-10,1.570831542411e-06,-1.191280938928e-13,-6.887503043003e-10,1.570833173791e-06
3.850000000000e-01,-5.149888017768e-05,-4.198792632111e-05,-4.593950521981e-05,-8.168411857436e-11,-4.606096831662e-10,1.378905889105e-06,-1.774095138167e-13,-7.254315220054e-10,1.378907321227e-06
3.900000000000e-01,-6.464705571971e-05,-5.569656938070e-05,-5.964578643575e-05,-1.080171338877e-10,-4.913132235966e-10,1.200908036602e-06,-2.621563987777e-13,-7.669261038003e-10,1.200909283975e-06
3.950000000000e-01,-8.092241346702e-05,-7.322385942174e-05,-7.682046282116e-05,-1.412567614789e-10,-5.260702065697e-10,1.037658186741e-06,-3.837451573822e-13,-8.135056608040e-10,1.037659264746e-06
4.000000000000e-01,-1.009835968882e-04,-9.544960945560e-05,-9.824622143990e-05,-1.828675801292e-10,-5.642960912772e-10,8.895433481137e-07,-5.560067993035e-13,-8.650788776069e-10,8.895442726114e-07
4.050000000000e-01,-1.256002466564e-04,-1.234090859515e-04,-1.248506243374e-04,-2.346372119206e-10,-6.058604080891e-10,7.565690509779e-07,-7.972222541310e-13,-9.224933124090e-10,7.565698379400e-07
4.100000000000e-01,-1.559248907583e-04,-1.583091772106e-04,-1.577244605114e-04,-2.993866110380e-10,-6.511893512367e-10,6.384098213125e-07,-1.136586773644e-12,-9.870525851671e-10,6.384104865822e-07
4.150000000000e-01,-1.943035440844e-04,-2.015435941480e-04,-1.981403273067e-04,-3.833859202076e-10,-6.995652627488e-10,5.344624288587e-07,-1.640210378840e-12,-1.059290447996e-09,5.344629880199e-07
4.200000000000e-01,-2.411684240750e-04,-2.547063223463e-04,-2.475708347517e-04,-4.892603253948e-10,-7.506504220254e-10,4.439187099037e-07,-2.350194623239e-12,-1.139825121352e-09,4.439191783681e-07
4.250000000000e-01,-2.980730216066e-04,-3.196024044878e-04,-3.077055891266e-04,-6.233305365020e-10,-8.061449445601e-10,3.658091174264e-07,-3.346817065972e-12,-1.232133675802e-09,3.658095107263e-07
4.300000000000e-01,-3.667672391222e-04,-3.982550085574e-04,-3.804660304232e-04,-7.939077195484e-10,-8.640393863874e-10,2.990697604704e-07,-4.740058945613e-12,-1.336537492714e-09,2.990700950284e-07
4.350000000000e-01,-4.492046462756e-04,-4.929076589671e-04,-4.680168879345e-04,-1.011749717931e-09,-9.269438785825e-10,2.425795915847e-07,-6.679030918279e-12,-1.457483522415e-09,2.425798860655e-07
4.400000000000e-01,-5.475478720402e-04,-6.060203722054e-04,-5.727729490766e-04,-1.290550911705e-09,-9.956848337766e-10,1.952070647951e-07,-9.363273606163e-12,-1.598342443963e-09,1.952073424836e-07
4.450000000000e-01,-6.658267198110e-04,-7.402584386368e-04,-6.973995867140e-04,-1.655804131521e-09,-1.072697907679e-09,1.558458495630e-07,-1.317380000520e-11,-1.764471370011e-09,1.558461423817e-07
4.500000000000e-01,-8.089218020718e-04,-8.984725422537e-04,-8.448053513921e-04,-2.146082085577e-09,-1.160516530439e-09,1.234388463272e-07,-1.875597856130e-11,-1.961966784352e-09,1.234392014332e-07
4.550000000000e-01,-9.773660305833e-04,-1.083668968886e-03,-1.018124847043e-03,-2.783154494413e-09,-1.265741918951e-09,9.699681464453e-08,-2.661120549824e-11,-2.199224355572e-09,9.699730521395e-08
4.600000000000e-01,-1.174290957895e-03,-1.298968728632e-03,-1.220690060154e-03,-3.605966737247e-09,-1.396033407326e-09,7.561378398964e-08,-3.760523459266e-11,-2.486490087201e-09,7.561452663503e-08
4.650000000000e-01,-1.402943514989e-03,-1.547554599629e-03,-1.455988305125e-03,-4.660614914852e-09,-1.561924806105e-09,5.847528843083e-08,-5.289782156167e-11,-2.835544613355e-09,5.847647108206e-08
4.700000000000e-01,-1.666645133416e-03,-1.832605313916e-03,-1.727605056671e-03,-6.000979749438e-09,-1.776915335910e-09,4.485960675763e-08,-7.402606804334e-11,-3.258929338261e-09,4.486153289379e-08
4.750000000000e-01,-1.968745244450e-03,-2.157216426420e-03,-2.039150179419e-03,-7.689420006280e-09,-2.060634337316e-09,3.413596989478e-08,-1.030033398601e-10,-3.772633188603e-09,3.413912812242e-08
4.800000000000e-01,-2.317783794184e-03,-2.524307775065e-03,-2.394166427909e-03,-9.859210904995e-09,-2.437240495247e-09,2.576289290319e-08,-1.442578568953e-10,-4.392743339298e-09,2.576806552391e-08
4.850000000000e-01,-2.717231350259e-03,-2.936517913669e-03,-2.796019444666e-03,-1.262583671819e-08,-2.934416668929e-09,1.927952214741e-08,-2.031758295461e-10,-5.133814801212e-09,1.928795300330e-08
4.900000000000e-01,-3.165775670134e-03,-3.396086420748e-03,-3.247769269503e-03,-1.606101917740e-08,-3.586763854730e-09,1.429996588974e-08,-2.848368739274e-10,-6.008945568953e-09,1.431361774163e-08
4.950000000000e-01,-3.665634805684e-03,-3.904725559616e-03,-3.752023926178e-03,-2.029950535275e-08,-4.432152728233e-09,1.050339105925e-08,-3.974550873980e-10,-7.025784210369e-09,1.052533687369e-08
5.000000000000e-01,-4.218474399329e-03,-4.463483411289e-03,-4.310776704175e-03,-2.550546585009e-08,-5.508820083316e-09,7.625947259359e-09,-5.519801771360e-10,-8.181083304510e-09,7.660960122028e-09
5.050000000000e-01,-4.825300925951e-03,-5.072601252265e-03,-4.925229633350e-03,-3.188170562851e-08,-6.856444390557e-09,5.451998081981e-09,-7.628848683044e-10,-9.458325929033e-09,5.507433282302e-09
5.100000000000e-01,-5.486352873513e-03,-5.731368590636e-03,-5.595606758527e-03,-3.968080602964e-08,-8.501444278718e-09,3.805168728486e-09,-1.049095100292e-09,-1.081471801883e-08,3.892271904713e-09
5.150000000000e-01,-6.208551882029e-03,-6.437979950154e-03,-6.320961972293e-03,-4.958705853805e-08,-1.045628915120e-08,2.539829298928e-09,-1.458651496374e-09,-1.217414785956e-08,2.675660894386e-09
5.200000000000e-01,-6.983690519136e-03,-7.189398031081e-03,-7.098987298339e-03,-6.207666408256e-08,-1.270226649876e-08,1.532872270910e-09,-2.033561490506e-09,-1.341369508810e-08,1.743116377387e-09
5.250000000000e-01,-7.804565097249e-03,-7.981228412568e-03,-7.925828581171e-03,-7.775598716181e-08,-1.516930807176e-08,6.751947848281e-10,-2.826067728359e-09,-1.434151880493e-08,9.982273448795e-10
5.300000000000e-01,-8.665599478485e-03,-8.807611350004e-03,-8.795916510664e-03,-9.755722960605e-08,-1.772124804872e-08,-1.374640660171e-10,-3.914270907129e-09,-1.468312579262e-08,3.552717580071e-10
5.350000000000e-01,-9.559781288518e-03,-9.661136431013e-03,-9.701821712150e-03,-1.226868805327e-07,-2.011945651614e-08,-1.014709813662e-09,-5.401839023535e-09,-1.405110263006e-08,-2.684768421696e-10
5.400000000000e-01,-1.047861935036e-02,-1.053278596779e-02,-1.063414315621e-02,-1.546824340698e-07,-2.199369677096e-08,-2.083516848976e-09,-7.424946223384e-09,-1.191891327663e-08,-9.613040590282e-10
5.450000000000e-01,-1.141211442232e-02,-1.141191282283e-02,-1.158143932217e-02,-1.954736950582e-07,-2.279737319179e-08,-3.503261633293e-09,-1.016031973328e-08,-7.583979611961e-09,-1.827294219587e-09
5.500000000000e-01,-1.234539236027e-02,-1.228625803971e-02,-1.253021135788e-02,-2.505287209683e-07,-2.176546978849e-08,-5.485143006171e-09,-1.411404022093e-08,-1.368207429277e-10,-2.999178929410e-09
5.550000000000e-01,-1.326057638149e-02,-1.314201301975e-02,-1.346494685411e-02,-3.222124251102e-07,-1.786033634584e-08,-8.317755993917e-09,-1.957933358220e-08,1.158288252048e-08,-4.654966903263e-09
5.600000000000e-01,-1.414194258331e-02,-1.396393016934e-02,-1.436823172472e-02,-4.147537514473e-07,-9.725580930144e-09,-1.240122693017e-08,-2.706160254605e-08,2.901928824106e-08,-7.039984952768e-09
5.650000000000e-01,-1.497268156973e-02,-1.473548482623e-02,-1.522093604230e-02,-5.334816334512e-07,4.361710327602e-09,-1.829306957758e-08,-3.725164621120e-08,5.393342376269e-08,-1.049649385200e-08
5.700000000000e-01,-1.573508479257e-02,-1.543908996901e-02,-1.600247755926e-02,-6.846760619343e-07,2.652507598935e-08,-2.676977159318e-08,-5.105025166256e-08,8.842848799932e-08,-1.550363201428e-08
5.750000000000e-01,-1.641074713731e-02,-1.605636368086e-02,-1.669116407659e-02,-8.756426381117e-07,5.930205627988e-08,-3.890926162235e-08,-6.961987010913e-08,1.349546802565e-07,-2.273124040996e-08
5.800000000000e-01,-1.697833699530e-02,-1.656844763741e-02,-1.726461284161e-02,-1.115937574664e-06,1.056237285254e-07,-5.620093990820e-08,-9.461273186755e-08,1.962914064734e-07,-3.311222352473e-08
5.850000000000e-01,-1.739141617295e-02,-1.695637306203e-02,-1.770024186136e-02,-1.428889123184e-06,1.687436250524e-07,-8.069175435545e-08,-1.302663859002e-07,2.754904695492e-07,-4.793942832442e-08
5.900000000000e-01,-1.765173054211e-02,-1.720146869873e-02,-1.797582455723e-02,-1.817624074156e-06,2.520898879634e-07,-1.151788943101e-07,-1.785575516818e-07,3.757634019652e-07,-6.899458018235e-08
5.950000000000e-01,-1.774207346073e-02,-1.728580342971e-02,-1.807009570259e-02,-2.295877803638e-06,3.590230090644e-07,-1.634624068643e-07,-2.435983805488e-07,5.003030166824e-07,-9.871884947267e-08
6.000000000000e-01,-1.764663489224e-02,-1.719265434515e-02,-1.796339321936e-02,-2.879004241065e-06,4.924581102479e-07,-2.306744943682e-07,-3.306838887506e-07,6.520015070660e-07,-1.404372378394e-07
6.050000000000e-01,-1.735132969992e-02,-1.690698935264e-02,-1.763831734338e-02,-3.584179527809e-06,6.543116997491e-07,-3.237059816304e-07,-4.465702057465e-07,8.330488253918e-07,-1.986519024209e-07
6.100000000000e-01,-1.684411942406e-02,-1.641595191585e-02,-1.708038610639e-02,-4.430667790816e-06,8.447403175228e-07,-4.517546179878e-07,-5.997942828755e-07,1.044377088495e-06,-2.794228704181e-07
6.150000000000e-01,-1.610236791050e-02,-1.570933433942e-02,-1.627866419493e-02,-5.451372366774e-06,1.061100862045e-06,-6.270253385327e-07,-8.048827309465e-07,1.284902704626e-06,-3.908589425486e-07
6.200000000000e-01,-1.509707379117e-02,-1.478002514225e-02,-1.522634116719e-02,-6.700473875568e-06,1.296587675704e-06,-8.656190963763e-07,-1.088269412590e-06,1.550538105004e-06,-5.437468738064e-07
6.250000000000e-01,-1.386136846448e-02,-1.362441566775e-02,-1.392123486854e-02,-8.187430006910e-06,1.538474380219e-06,-1.188653015940e-06,-1.464014231657e-06,1.832905805475e-06,-7.523522194304e-07
6.300000000000e-01,-1.239843384778e-02,-1.224275111309e-02,-1.236619679435e-02,-9.954067831688e-06,1.765896839354e-06,-1.623661071163e-06,-1.959255097526e-06,2.117716928034e-06,-1.035430957718e-06
6.350000000000e-01,-1.071508919232e-02,-1.063941172936e-02,-1.056939814529e-02,-1.205191877261e-05,1.947107142883e-06,-2.206333015890e-06,-2.607999709313e-06,2.382753236093e-06,-1.417498502971e-06
6.400000000000e-01,-8.821833080792e-03,-8.823111043707e-03,-8.544478373933e-03,-1.454485232573e-05,2.036110653260e-06,-2.982658413067e-06,-3.452486956811e-06,2.595373017512e-06,-1.930411125113e-06
6.450000000000e-01,-6.732848313336e-03,-6.806999535730e-03,-6.310542067552e-03,-1.751210561736e-05,1.968638389906e-06,-4.011549037715e-06,-4.544705316256e-06,2.709506758221e-06,-2.615321656535e-06
6.500000000000e-01,-4.452181523995e-03,-4.608664353710e-03,-3.891994944584e-03,-2.112386475762e-05,1.657378432905e-06,-5.368018668545e-06,-5.988717354661e-06,2.662063445093e-06,-3.525078048411e-06
6.550000000000e-01,-2.008817898237e-03,-2.250018244710e-03,-1.318215381752e-03,-2.558723251896e-05,9.863976306151e-07,-7.147007406797e-06,-7.912485548899e-06,2.368678709038e-06,-4.727142367973e-06
6.600000000000e-01,5.497093100386e-04,2.429261896168e-04,1.376936008836e-03,-3.103183189162e-05,-1.952480439025e-07,-9.467943761211e-06,-1.039683221117e-05,1.718785558940e-06,-6.307116126795e-06
6.650000000000e-01,3.193215925098e-03,2.840397408498e-03,4.155759928698e-03,-3.770413247114e-05,-2.080780045889e-06,-1.248013564654e-05,-1.358480236417e-05,5.699268212040e-07,-8.372960406331e-06
6.700000000000e-01,5.889436406273e-03,5.509318066401e-03,6.977500006375e-03,-4.590978669738e-05,-4.913797178295e-06,-1.636907608952e-05,-1.764947660971e-05,-1.258688800517e-06,-1.105999968082e-05
6.750000000000e-01,8.604445144478e-03,8.213863731638e-03,9.799241541706e-03,-5.602316711410e-05,-8.997181904711e-06,-2.136374530341e-05,-2.279852360882e-05,-3.993404880280e-06,-1.453680045748e-05
6.800000000000e-01,1.130310098686e-02,1.091611695183e-02,1.257690124809e-02,-6.849741591225e-05,-1.470273011103e-05,-2.774497838031e-05,-2.927908944388e-05,-7.914089135066e-06,-1.901201250183e-05
6.850000000000e-01,1.393591013617e-02,1.357680296389e-02,1.526627759891e-02,-8.439411793480e-05,-2.248137615712e-05,-3.585493810965e-05,-3.766940292458e-05,-1.336280714895e-05,-2.474224346119e-05
6.900000000000e-01,1.645791785466e-02,1.615609016673e-02,1.782412827397e-02,-1.045172915013e-04,-3.287382324157e-05,-4.610769561054e-05,-4.839160199714e-05,-2.075310616992e-05,-3.204101503832e-05
6.950000000000e-01,1.883945288200e-02,1.861443569801e-02,2.020923942106e-02,-1.295494311990e-04,-4.652134376439e-05,-5.900088192179e-05,-6.180001463378e-05,-3.057977345249e-05,-4.128882451224e-05
7.000000000000e-01,2.104832718845e-02,2.091345421972e-02,2.238345111487e-02,-1.605502587698e-04,-6.417643663117e-05,-7.512832886761e-05,-7.845726738283e-05,-4.342888862994e-05,-5.294430772383e-05
7.050000000000e-01,2.305468274045e-02,2.301678641305e-02,2.431260459172e-02,-1.987381058798e-04,-8.671297423789e-05,-9.519349815928e-05,-9.901520938628e-05,-5.998792673045e-05,-6.755640604534e-05
7.100000000000e-01,2.483142175611e-02,2.489094280829e-02,2.596737940526e-02,-2.454981873026e-04,-1.151353837835e-04,-1.200234809701e-04,-1.242231907780e-04,-8.105560184168e-05,-8.577743613266e-05
7.150000000000e-01,2.635461226039e-02,2.650609846283e-02,2.732399267042e-02,-3.023896889447e-04,-1.505863608510e-04,-1.505831653367e-04,-1.549363948653e-04,-1.075510977919e-04,-1.083768072763e-04
7.200000000000e-01,2.755392297989e-02,2.783681472474e-02,2.836473764909e-02,-3.736771255258e-04,-1.943525405788e-04,-1.879891285853e-04,-1.935201552537e-04,-1.405222478845e-04,-1.362551038052e-04
7.250000000000e-01,2.844800638016e-02,2.886266587116e-02,2.907834503457e-02,-4.603969593340e-04,-2.478674786295e-04,-2.335226330432e-04,-2.406340419506e-04,-1.811521577142e-04,-1.704580950956e-04
7.300000000000e-01,2.903979668519e-02,2.956875069834e-02,2.946015700768e-02,-5.643555841914e-04,-3.127112990363e-04,-2.886409733671e-04,-2.974036165318e-04,-2.307637400657e-04,-2.121901188774e-04
7.350000000000e-01,2.932625276244e-02,2.994607227943e-02,2.951211119397e-02,-6.879683592477e-04,-3.906062544912e-04,-3.549862926582e-04,-3.653541126648e-04,-2.908215078386e-04,-2.628261601361e-04
7.400000000000e-01,2.930877516775e-02,2.999177274181e-02,2.924253872587e-02,-8.337720456885e-04,-4.834075231396e-04,-4.343908448572e-04,-4.461574644924e-04,-3.629300050469e-04,-3.239218089644e-04
7.450000000000e-01,2.899313252333e-02,2.970921421792e-02,2.866578738397e-02,-1.004397428822e-03,-5.930885132200e-04,-5.288775344908e-04,-5.416313613785e-04,-4.488281677346e-04,-3.972201247038e-04
7.500000000000e-01,2.838934473347e-02,2.910790175146e-02,2.780168694213e-02,-1.202537825435e-03,-7.217199991923e-04,-6.406544513065e-04,-6.537365384278e-04,-5.503789024035e-04,-4.846542963322e-04
7.550000000000e-01,2.746099273792e-02,2.820324877970e-02,2.667487911209e-02,-1.438005397603e-03,-8.714425179426e-04,-7.721020486783e-04,-7.891832904324e-04,-6.695532153209e-04,-5.883448814242e-04
7.600000000000e-01,2.628918908947e-02,2.701619081473e-02,2.531403867227e-02,-1.707644017186e-03,-1.044431491163e-03,-9.257515739619e-04,-9.468460504141e-04,-8.084081977995e-04,-7.105903102045e-04
7.650000000000e-01,2.489798857071e-02,2.557265770412e-02,2.375101532125e-02,-2.013801529771e-03,-1.242854735592e-03,-1.104253358065e-03,-1.129117147088e-03,-9.690582920979e-04,-8.538492665249e-04
7.700000000000e-01,2.331375871791e-02,2.390291942907e-02,2.201992742119e-02,-2.358545950944e-03,-1.468822167493e-03,-1.310333654307e-03,-1.338421792395e-03,-1.153639325927e-03,-1.020713547154e-03
7.750000000000e-01,2.156474033007e-02,2.204082445264e-02,2.015623907464e-02,-2.743590231857e-03,-1.724327722863e-03,-1.546738893379e-03,-1.577180524382e-03,-1.364264951675e-03,-1.213870066420e-03
7.800000000000e-01,1.968060034995e-02,2.002295310016e-02,1.819585097270e-02,-3.170215060532e-03,-2.011183761090e-03,-1.816166474675e-03,-1.847767538960e-03,-1.602975284794e-03,-1.436050799349e-03
7.850000000000e-01,1.768956172400e-02,1.788771116482e-02,1.617423327237e-02,-3.640780230828e-03,-2.330948496578e-03,-2.121181554870e-03,-2.153851942469e-03,-1.871677750342e-03,-1.689969655692e-03
7.900000000000e-01,1.562370093237e-02,1.567439078750e-02,1.412562555908e-02,-4.160661004450e-03,-2.684847317861e-03,-2.464119755772e-03,-2.502934326905e-03,-2.172080394000e-03,-1.978245588421e-03
7.950000000000e-01,1.353069790371e-02,1.342222661717e-02,1.208232492972e-02,-4.721256957014e-03,-3.073689146729e-03,-2.846976290920e-03,-2.890759099588e-03,-2.505618179310e-03,-2.303311666248e-03
8.000000000000e-01,1.143946979444e-02,1.116947519397e-02,1.007407863512e-02,-5.320244423122e-03,-3.497779376560e-03,-3.271282673295e-03,-3.318451179919e-03,-2.873373121215e-03,-2.667310356599e-03
8.050000000000e-01,9.377326324788e-03,8.952544537248e-03,8.127592789052e-03,-5.954328458157e-03,-3.956831214307e-03,-3.737972905656e-03,-3.786627000284e-03,-3.275989420546e-03,-3.071975873139e-03
8.100000000000e-01,7.369663224418e-03,6.805198955798e-03,6.266163618846e-03,-6.619193716365e-03,-4.449877621739e-03,-4.247241875367e-03,-4.295313821457e-03,-3.713585129679e-03,-3.518505156799e-03
8.150000000000e-01,5.439684191418e-03,4.757861318415e-03,4.509432828946e-03,-7.309463535165e-03,-4.975186345883e-03,-4.798399543242e-03,-4.843868701339e-03,-4.185662238901e-03,-4.007419858559e-03
8.200000000000e-01,3.617292416745e-03,2.837031487279e-03,2.873264085037e-03,-8.019265281947e-03,-5.530180787258e-03,-5.389725385997e-03,-5.433522563148e-03,-4.691017401491e-03,-4.538422541726e-03
8.250000000000e-01,1.932018778518e-03,1.064835426256e-03,1.369733599773e-03,-8.738043472983e-03,-6.111369694850e-03,-6.018328331266e-03,-6.062564956867e-03,-5.227655877919e-03,-5.110251136375e-03
8.300000000000e-01,3.828083795441e-04,-5.412851189953e-04,7.224362662915e-06,-9.453599705860e-03,-6.714288830326e-03,-6.680018229047e-03,-6.721665850527e-03,-5.792711567339e-03,-5.720536591139e-03
8.350000000000e-01,-1.021106976600e-03,-1.968737378904e-03,-1.209389076219e-03,-1.015516107255e-02,-7.333457803359e-03,-7.369195425332e-03,-7.405442419592e-03,-6.382376233145e-03,-6.365669365290e-03
8.400000000000e-01,-2.273357369443e-03,-3.209796781989e-03,-2.278480283028e-03,-1.083107433187e-02,-7.962355290364e-03,-8.078765471467e-03,-8.107380765611e-03,-6.991841240090e-03,-7.040681131100e-03
8.450000000000e-01,-3.370346613675e-03,-4.261485571264e-03,-3.201351175807e-03,-1.146891297153e-02,-8.593415709765e-03,-8.800086114576e-03,-8.819817192693e-03,-7.615255197229e-03,-7.739148500455e-03
8.500000000000e-01,-4.311139670770e-03,-5.125320370378e-03,-3.981869277119e-03,-1.205559811527e-02,-9.218050205101e-03,-9.522953582943e-03,-9.533931205440e-03,-8.245700922050e-03,-8.453125864748e-03
8.550000000000e-01,-5.080608200616e-03,-5.806942447180e-03,-4.626078114705e-03,-1.256799229524e-02,-9.826694441797e-03,-1.023563470714e-02,-1.023696225515e-02,-8.875195039356e-03,-9.173114432427e-03
8.600000000000e-01,-5.688487335081e-03,-6.315647970786e-03,-5.141795975592e-03,-1.298815163236e-02,-1.040888523716e-02,-1.092495057039e-02,-1.091304555822e-02,-9.494713283798e-03,-9.888074215855e-03
8.650000000000e-01,-6.157012946981e-03,-6.663838402911e-03,-5.538216803362e-03,-1.330862134835e-02,-1.095336745882e-02,-1.157641614747e-02,-1.155007095012e-02,-1.009424422444e-02,-1.058548502533e-02
8.700000000000e-01,-6.495297765385e-03,-6.866413200647e-03,-5.825525250677e-03,-1.351613672267e-02,-1.144823194091e-02,-1.217443879088e-02,-1.213426283225e-02,-1.066287364713e-02,-1.125146146892e-02
8.750000000000e-01,-6.713601186420e-03,-6.940128077199e-03,-6.014535880599e-03,-1.359814613464e-02,-1.188108431302e-02,-1.270257647899e-02,-1.265128456841e-02,-1.118890116428e-02,-1.187092552593e-02
8.800000000000e-01,-6.823083748007e-03,-6.902942355001e-03,-6.116364360406e-03,-1.354303774530e-02,-1.223924380574e-02,-1.314385448805e-02,-1.308641908534e-02,-1.165998990983e-02,-1.242783846175e-02
8.850000000000e-01,-6.835564111362e-03,-6.773378181411e-03,-6.142136319680e-03,-1.334036633897e-02,-1.250997005389e-02,-1.348113666004e-02,-1.342476478486e-02,-1.206334922047e-02,-1.290549172302e-02
8.900000000000e-01,-6.753165998706e-03,-6.569912934300e-03,-6.102737454185e-03,-1.295609366047e-02,-1.268071499660e-02,-1.369754481828e-02,-1.363151351690e-02,-1.238594929138e-02,-1.328685406895e-02
8.950000000000e-01,-6.599982615705e-03,-6.310423806363e-03,-6.008606526263e-03,-1.239690692686e-02,-1.273939588668e-02,-1.377691724032e-02,-1.369872087837e-02,-1.261476566134e-02,-1.355496963916e-02
9.000000000000e-01,-6.392495919427e-03,-6.011700665075e-03,-5.869571193372e-03,-1.166861323415e-02,-1.267468446755e-02,-1.370429454686e-02,-1.362015091697e-02,-1.273705028860e-02,-1.369339901911e-02
9.050000000000e-01,-6.141963522006e-03,-5.689039829898e-03,-5.694725130869e-03,-1.077042793906e-02,-1.247630639121e-02,-1.346641904148e-02,-1.338448337445e-02,-1.274062479943e-02,-1.368669276335e-02
9.100000000000e-01,-5.858965183567e-03,-5.355927672273e-03,-5.492343734596e-03,-9.704009318681e-03,-1.213534414668e-02,-1.305223158918e-02,-1.298205443839e-02,-1.261419040023e-02,-1.352088441731e-02
9.150000000000e-01,-5.553298607649e-03,-5.023818939602e-03,-5.269834799559e-03,-8.473539498498e-03,-1.164453598006e-02,-1.245334868063e-02,-1.240511635206e-02,-1.234764780631e-02,-1.318398797452e-02
9.200000000000e-01,-5.233890511648e-03,-4.702010769914e-03,-5.033719957663e-03,-7.085783622298e-03,-1.099856276791e-02,-1.166450150262e-02,-1.164808908295e-02,-1.193241961335e-02,-1.266648304103e-02
9.250000000000e-01,-4.909423431502e-03,-4.397609552600e-03,-4.789642301232e-03,-5.526074870787e-03,-1.019431442892e-02,-1.068391871854e-02,-1.067365481303e-02,-1.136176669190e-02,-1.196176987740e-02
9.300000000000e-01,-4.588734796810e-03,-4.115584272018e-03,-4.542395499453e-03,-3.836485666602e-03,-9.231127303033e-03,-9.513635338097e-03,-9.514808213225e-03,-1.063108952970e-02,-1.106657606919e-02
9.350000000000e-01,-4.276840365901e-03,-3.858896912850e-03,-4.295969797094e-03,-2.036637237339e-03,-8.110984040773e-03,-8.159711550934e-03,-8.180647543198e-03,-9.738205046346e-03,-9.981296917477e-03
9.400000000000e-01,-3.977727348595e-03,-3.628698021590e-03,-4.053610524277e-03,-1.455253840516e-04,-6.838667929073e-03,-6.632347698333e-03,-6.679909338526e-03,-8.683589266977e-03,-8.710252780180e-03
9.450000000000e-01,-3.694482996205e-03,-3.424573635601e-03,-3.817885104637e-03,1.815965538988e-03,-5.421864229043e-03,-4.945884610169e-03,-5.024408880927e-03,-7.470576386610e-03,-7.261848541928e-03
9.500000000000e-01,-3.429349436879e-03,-3.244828626576e-03,-3.590754997201e-03,3.825298611874e-03,-3.871202023470e-03,-3.118682257560e-03,-3.228995042251e-03,-6.105505240009e-03,-5.648623124205e-03
9.550000000000e-01,-3.184167726321e-03,-3.086791034001e-03,-3.373649509413e-03,5.858381219876e-03,-2.200231275168e-03,-1.172873929574e-03,-1.309689337242e-03,-4.597804987360e-03,-3.887180391421e-03
9.600000000000e-01,-2.963063367958e-03,-2.947122209240e-03,-3.167538942015e-03,7.881360333136e-03,-4.253312494462e-04,8.660022393884e-04,7.218442667201e-04,-2.960012989353e-03,-1.997996841148e-03
9.650000000000e-01,-2.761958795622e-03,-2.822118473050e-03,-2.973005026741e-03,9.863935545458e-03,1.434451879571e-03,2.969487809674e-03,2.817217582409e-03,-1.207719292838e-03,-5.105907778542e-06
9.700000000000e-01,-2.580087295141e-03,-2.707991447568e-03,-2.790307132038e-03,1.178049369997e-02,3.357638576611e-03,5.106793308002e-03,4.949289025824e-03,6.405660897759e-04,2.064336548375e-03
9.750000000000e-01,-2.416373439891e-03,-2.601116208792e-03,-2.619443136194e-03,1.360606148157e-02,5.320618975561e-03,7.245476488394e-03,7.089618888219e-03,2.563624871028e-03,4.180596283093e-03
9.800000000000e-01,-2.269504182002e-03,-2.498238675750e-03,-2.460204290152e-03,1.531664634704e-02,7.298021707597e-03,9.352189864907e-03,9.208882264110e-03,4.537820736423e-03,6.312000361379e-03
9.850000000000e-01,-2.137996415155e-03,-2.396636296248e-03,-2.312223720010e-03,1.688956904044e-02,9.263142692299e-03,1.139347457745e-02,1.127729686073e-02,6.537465283053e-03,8.425654484078e-03
9.900000000000e-01,-2.020919047431e-03,-2.294228710112e-03,-2.175018506439e-03,1.829345093385e-02,1.118842609630e-02,1.333657527995e-02,1.325833840732e-02,8.535254378848e-03,1.048821638265e-02
9.950000000000e-01,-1.917219261580e-03,-2.189637758486e-03,-2.048025506602e-03,1.948712866883e-02,1.304598772952e-02,1.515024937784e-02,1.510255292098e-02,1.050276721236e-02,1.246670097218e-02
1.000000000000e+00,-1.823303901804e-03,-2.082198749914e-03,-1.930631254695e-03,2.048084976201e-02,1.480816941526e-02,1.680554367790e-02,1.679611743501e-02,1.241101790615e-02,1.432929116504e-02
1.005000000000e+00,-1.737752571944e-03,-1.971927109420e-03,-1.822196394951e-03,2.126360255450e-02,1.644811145555e-02,1.827651237916e-02,1.831503336031e-02,1.423104744571e-02,1.604612752255e-02
1.010000000000e+00,-1.659273024882e-03,-1.859446503819e-03,-1.722075178188e-03,2.182737741538e-02,1.794032911924e-02,1.954085229642e-02,1.963797361228e-02,1.593454171476e-02,1.759005030683e-02
1.015000000000e+00,-1.586714060331e-03,-1.745885972537e-03,-1.629630595756e-03,2.216724899110e-02,1.926127836201e-02,2.058043418728e-02,2.074661320275e-02,1.749445991993e-02,1.893726898898e-02
1.020000000000e+00,-1.519074470462e-03,-1.632754638743e-03,-1.544245737501e-03,2.228142940342e-02,2.038989560852e-02,2.138171292097e-02,2.162592768254e-02,1.888565653437e-02,2.006793681952e-02
1.025000000000e+00,-1.455811043285e-03,-1.521803062173e-03,-1.465331933392e-03,2.215091283965e-02,2.130809655126e-02,2.193600382467e-02,2.224101285605e-02,2.008547929606e-02,2.096661158284e-02
1.030000000000e+00,-1.396125319091e-03,-1.414880360139e-03,-1.392334227977e-03,2.177992262236e-02,2.200121943683e-02,2.223961759267e-02,2.257942166424e-02,2.107432567049e-02,2.162258791357e-02
1.035000000000e+00,-1.339149733305e-03,-1.313795680267e-03,-1.324734670890e-03,2.120423116084e-02,2.245839945418e-02,2.229385150966e-02,2.266898741605e-02,2.183614077000e-02,2.203009145336e-02
1.040000000000e+00,-1.284579695090e-03,-1.220191846681e-03,-1.262053876381e-03,2.043684601158e-02,2.267286221011e-02,2.210484006170e-02,2.251409946239e-02,2.235884072108e-02,2.218833032990e-02
1.045000000000e+00,-1.232205414281e-03,-1.135437683743e-03,-1.203851237501e-03,1.949308404958e-02,2.264212630750e-02,2.168327314294e-02,2.212288217436e-02,2.263464722400e-02,2.210140480385e-02
1.050000000000e+00,-1.181896549735e-03,-1.060544076875e-03,-1.149724128936e-03,1.839031697780e-02,2.236810729457e-02,2.104399472014e-02,2.150700247891e-02,2.266032123401e-02,2.177808114293e-02
1.055000000000e+00,-1.133586789926e-03,-9.961071543705e-04,-1.099306381971e-03,1.714770099822e-02,2.185711787481e-02,2.020549881342e-02,2.068144016446e-02,2.243728640586e-02,2.123144063257e-02
1.060000000000e+00,-1.087523450632e-03,-9.422801878626e-04,-1.052266265471e-03,1.577431302425e-02,2.111976219303e-02,1.918934283175e-02,1.964301318227e-02,2.197163613321e-02,2.047841891012e-02
1.065000000000e+00,-1.043618932248e-03,-8.987741573718e-04,-1.008304159057e-03,1.430666102945e-02,2.017072493674e-02,1.801950054922e-02,1.843191294983e-02,2.127402137698e-02,1.953925433772e-02
1.070000000000e+00,-1.001749324585e-03,-8.648851967305e-04,-9.671500649327e-04,1.277615562578e-02,1.902845920528e-02,1.672167825238e-02,1.708670383654e-02,2.035942024706e-02,1.843686676454e-02
1.075000000000e+00,-9.619302181349e-04,-8.395457959884e-04,-9.285610729819e-04,1.120535191056e-02,1.771478004149e-02,1.532261781650e-02,1.563276603247e-02,1.924679397604e-02,1.719618968811e-02
1.080000000000e+00,-9.241614392884e-04,-8.213954119175e-04,-8.923188644178e-04,9.616373282773e-03,1.625437348195e-02,1.384940972374e-02,1.409605088522e-02,1.795863764381e-02,1.584347947736e-02
1.085000000000e+00,-8.884227524789e-04,-8.088652884887e-04,-8.582273123674e-04,8.030630597871e-03,1.467423362489e-02,1.232883740244e-02,1.250265409615e-02,1.652043751164e-02,1.440562498421e-02
1.090000000000e+00,-8.546707544644e-04,-8.002717375884e-04,-8.261102182318e-04,6.468553675722e-03,1.300304255199e-02,1.078677185925e-02,1.087839572631e-02,1.496005003877e-02,1.290947960257e-02
1.095000000000e+00,-8.231363398912e-04,-7.939119986933e-04,-7.958092096089e-04,4.960750962290e-03,1.127050979490e-02,9.247632549335e-03,9.253159762310e-03,1.330702031528e-02,1.138123574156e-02
1.100000000000e+00,-7.934309379495e-04,-7.881568935152e-04,-7.671818134284e-04,3.522711881061e-03,9.506689493998e-03,7.733926963580e-03,7.656973177958e-03,1.159185990343e-02,9.845858909901e-03
1.105000000000e+00,-7.653516925160e-04,-7.815350416940e-04,-7.400997063427e-04,2.166542288581e-03,7.741294159965e-03,6.265877689934e-03,6.110097459290e-03,9.845305503414e-03,8.326595326624e-03
1.110000000000e+00,-7.387556419405e-04,-7.728041107196e-04,-7.144471379908e-04,9.040593836010e-04,6.003024242428e-03,4.861141905630e-03,4.630545874598e-03,8.097580697323e-03,6.844563352917e-03
1.115000000000e+00,-7.134927952837e-04,-7.610055575134e-04,-6.901195206629e-04,-2.550094612081e-04,4.318932308709e-03,3.534624552433e-03,3.233967053031e-03,6.377683011755e-03,5.418435265451e-03
1.120000000000e+00,-6.894107420363e-04,-7.455004678156e-04,-6.670221759022e-04,-1.303055777633e-03,2.713839631328e-03,2.298382999462e-03,1.933530132503e-03,4.712717740568e-03,4.064212147514e-03
1.125000000000e+00,-6.663593093340e-04,-7.259852875101e-04,-6.450692244473e-04,-2.234597654260e-03,1.209821420665e-03,1.161617937760e-03,7.398428465998e-04,3.127298445247e-03,2.795091123001e-03
1.130000000000e+00,-6.443420509462e-04,-7.024874619800e-04,-6.241826052995e-04,-3.021373321864e-03,-1.742251901152e-04,1.307426721384e-04,-3.140973841783e-04,1.643031751120e-03,1.621420935100e-03
1.135000000000e+00,-6.230320358648e-04,-6.753421915042e-04,-6.042912119870e-04,-3.688217160666e-03,-1.422918909377e-03,-7.904790521363e-04,-1.247592478635e-03,2.781011416888e-04,5.507390896273e-04
1.140000000000e+00,-6.023366151115e-04,-6.451525084429e-04,-5.853301344475e-04,-4.237497854552e-03,-2.524629269006e-03,-1.600737986700e-03,-2.060043923836e-03,-9.530389985100e-04,-4.121184700737e-04
1.145000000000e+00,-5.821845901574e-04,-6.127358016491e-04,-5.672399933226e-04,-4.673143377084e-03,-3.471603596061e-03,-2.300939221601e-03,-2.752921665288e-03,-2.039851738120e-03,-1.264845865256e-03
1.150000000000e+00,-5.625267467951e-04,-5.790604999725e-04,-5.499663544842e-04,-5.000480424136e-03,-4.259984152623e-03,-2.893929347820e-03,-3.329567726291e-03,-2.975785087749e-03,-2.007445756538e-03
1.155000000000e+00,-5.433358981515e-04,-5.451770885069e-04,-5.334592148867e-04,-5.226067852518e-03,-4.889717170699e-03,-3.384203118662e-03,-3.794989287442e-03,-3.758219636459e-03,-2.641970098200e-03
1.160000000000e+00,-5.246248934562e-04,-5.121477552150e-04,-5.176725518079e-04,-5.354401133541e-03,-5.364358922379e-03,-3.777601096220e-03,-4.152080021447e-03,-4.388301502805e-03,-3.172235448357e-03
1.165000000000e+00,-5.064864009462e-04,-4.809788282508e-04,-5.025639262877e-04,-5.385944530385e-03,-5.690787187442e-03,-4.081008707069e-03,-4.398811826407e-03,-4.870669678285e-03,-3.603524599982e-03
1.170000000000e+00,-4.888886809545e-04,-4.525598811071e-04,-4.880941326374e-04,-5.346109720761e-03,-5.878829472226e-03,-4.302065793972e-03,-4.562043830992e-03,-5.213090463379e-03,-3.942285387594e-03
1.175000000000e+00,-4.718881113546e-04,-4.276127633882e-04,-4.742268889611e-04,-5.244536294437e-03,-5.940821791838e-03,-4.448894229374e-03,-4.651179134141e-03,-5.426014638093e-03,-4.195836301848e-03
1.180000000000e+00,-4.555472612363e-04,-4.066531379389e-04,-4.609285643683e-04,-5.090853446829e-03,-5.891113900261e-03,-4.529849535728e-03,-4.675701510130e-03,-5.522075469773e-03,-4.372087095240e-03
1.185000000000e+00,-4.399315526460e-04,-3.899662365706e-04,-4.481679371013e-04,-4.894537263091e-03,-5.745538262632e-03,-4.553300819771e-03,-4.645000291055e-03,-5.515547236911e-03,-4.479280977349e-03
1.190000000000e+00,-4.251059615642e-04,-3.775976509981e-04,-4.359159785307e-04,-4.664777071199e-03,-5.520860913027e-03,-4.527441749828e-03,-4.568208858416e-03,-5.421784840728e-03,-4.525763367920e-03
1.195000000000e+00,-4.112009407866e-04,-3.693590611367e-04,-4.241456606327e-04,-4.409299944986e-03,-5.234232502115e-03,-4.460133846221e-03,-4.452041196014e-03,-5.256665074411e-03,-4.519780576470e-03
1.200000000000e+00,-3.983339301629e-04,-3.648479036850e-04,-4.128317849841e-04,-4.138060779990e-03,-4.902657346660e-03,-4.358782055534e-03,-4.305640710262e-03,-5.036049321331e-03,-4.469310267597e-03
1.205000000000e+00,-3.864206114979e-04,-3.634792439497e-04,-4.019508296300e-04,-3.861038025200e-03,-4.542497228319e-03,-4.230241471592e-03,-4.140578605278e-03,-4.775285905138e-03,-4.381924203425e-03
1.210000000000e+00,-3.754740981444e-04,-3.645274169613e-04,-3.914808106290e-04,-3.584267647742e-03,-4.169024946658e-03,-4.080753172277e-03,-3.962807141625e-03,-4.488768048338e-03,-4.264682570652e-03
1.215000000000e+00,-3.654911364828e-04,-3.671745436408e-04,-3.814011574148e-04,-3.312985295135e-03,-3.796040465747e-03,-3.915906466725e-03,-3.777494530831e-03,-4.189560547064e-03,-4.124058222689e-03
1.220000000000e+00,-3.564517010229e-04,-3.705627643728e-04,-3.716926013203e-04,-3.051619486117e-03,-3.435559894553e-03,-3.740624381684e-03,-3.589034170854e-03,-3.889105023049e-03,-3.965888402875e-03
1.225000000000e+00,-3.483189163341e-04,-3.738468622734e-04,-3.623370748065e-04,-2.803794049295e-03,-3.097584541509e-03,-3.559168944697e-03,-3.401064120782e-03,-3.597009949406e-03,-3.795350961755e-03
1.230000000000e+00,-3.411238282043e-04,-3.762441471041e-04,-3.533176192212e-04,-2.574463973024e-03,-2.789954236431e-03,-3.375162728817e-03,-3.217190288871e-03,-3.320928018117e-03,-3.616961733737e-03
1.235000000000e+00,-3.347456466275e-04,-3.770786626598e-04,-3.446183010267e-04,-2.365663622003e-03,-2.518285817200e-03,-3.191623182764e-03,-3.040014157410e-03,-3.066519620655e-03,-3.434589577373e-03
1.240000000000e+00,-3.290108289984e-04,-3.758172894065e-04,-3.362241365221e-04,-2.176528314363e-03,-2.285994572320e-03,-3.011006449111e-03,-2.870305331568e-03,-2.837497786098e-03,-3.251485580474e-03
1.245000000000e+00,-3.238171157048e-04,-3.720958903333e-04,-3.281210232529e-04,-2.007204790769e-03,-2.094393456896e-03,-2.835257642411e-03,-2.708758349034e-03,-2.635746737154e-03,-3.070323059231e-03
1.250000000000e+00,-3.190565136036e-04,-3.657342595888e-04,-3.202956764814e-04,-1.857348307687e-03,-1.942862129024e-03,-2.665864895849e-03,-2.555710959615e-03,-2.461503515695e-03,-2.893245215380e-03
1.255000000000e+00,-3.146177686571e-04,-3.567393912210e-04,-3.127355708396e-04,-1.726187631084e-03,-1.829075591876e-03,-2.503914862451e-03,-2.411207073531e-03,-2.313590049079e-03,-2.721917628280e-03
1.260000000000e+00,-3.103888771443e-04,-3.452973107282e-04,-3.054288891484e-04,-1.612590900586e-03,-1.749280385572e-03,-2.350147750622e-03,-2.275057745161e-03,-2.189681589799e-03,-2.557583121040e-03
1.265000000000e+00,-3.062527913865e-04,-3.317543409307e-04,-2.983644721255e-04,-1.517195501838e-03,-1.698604909297e-03,-2.205010352736e-03,-2.147997986935e-03,-2.086596690445e-03,-2.401116915705e-03
1.270000000000e+00,-3.020687201612e-04,-3.165893276250e-04,-2.915317757199e-04,-1.436240927340e-03,-1.671389762646e-03,-2.068705910339e-03,-2.028623249006e-03,-2.000593877413e-03,-2.253080397478e-03
1.275000000000e+00,-2.977461489396e-04,-3.003787979352e-04,-2.849208283602e-04,-1.367012369112e-03,-1.661523804157e-03,-1.941239982563e-03,-1.915958308294e-03,-1.927660815725e-03,-2.113772168661e-03
1.280000000000e+00,-2.932116152878e-04,-2.837574382388e-04,-2.785221950549e-04,-1.307695252866e-03,-1.662772107762e-03,-1.822461802732e-03,-1.809499373071e-03,-1.863783104346e-03,-1.983275441695e-03
1.285000000000e+00,-2.884053256479e-04,-2.673763938508e-04,-2.723269408354e-04,-1.256521576084e-03,-1.669082885942e-03,-1.712100850398e-03,-1.708784098244e-03,-1.805181591228e-03,-1.861501120768e-03
1.290000000000e+00,-2.832821063137e-04,-2.518620418061e-04,-2.663266004273e-04,-1.211807253699e-03,-1.674862027699e-03,-1.609798596893e-03,-1.613404896310e-03,-1.748509464519e-03,-1.748226213831e-03
1.295000000000e+00,-2.778121304443e-04,-2.377776866370e-04,-2.605131470335e-04,-1.171985424630e-03,-1.675205680174e-03,-1.515135537038e-03,-1.523018446156e-03,-1.691002876626e-03,-1.643127432754e-03
1.300000000000e+00,-2.719166462875e-04,-2.255904223850e-04,-2.548789655444e-04,-1.135973097302e-03,-1.666083592312e-03,-1.427653762995e-03,-1.438194125046e-03,-1.630581634665e-03,-1.545810041485e-03
1.305000000000e+00,-2.656714428341e-04,-2.156450180359e-04,-2.494168275233e-04,-1.101783671461e-03,-1.644468352684e-03,-1.346875418705e-03,-1.357921879242e-03,-1.565899252641e-03,-1.455832148408e-03
1.310000000000e+00,-2.591145824786e-04,-2.081461581381e-04,-2.441198671861e-04,-1.068496930931e-03,-1.608408162466e-03,-1.272317434046e-03,-1.282017812962e-03,-1.496344266827e-03,-1.372724747596e-03
1.315000000000e+00,-2.522897001285e-04,-2.031498938954e-04,-2.389815590921e-04,-1.035441169031e-03,-1.557043424987e-03,-1.203502970153e-03,-1.210422510801e-03,-1.421997164771e-03,-1.296007886861e-03
1.320000000000e+00,-2.452512573753e-04,-2.005645192531e-04,-2.339956982376e-04,-1.002125354456e-03,-1.490569790108e-03,-1.139970015086e-03,-1.143101848373e-03,-1.343549255654e-03,-1.225203382006e-03
1.325000000000e+00,-2.380629340633e-04,-2.001605105082e-04,-2.291563815514e-04,-9.682295028319e-04,-1.410152546381e-03,-1.081277557107e-03,-1.080036252208e-03,-1.262191398413e-03,-1.159844511471e-03
1.330000000000e+00,-2.307962941121e-04,-2.015886806472e-04,-2.244579898717e-04,-9.335792552479e-04,-1.317799211362e-03,-1.027009739611e-03,-1.021289237942e-03,-1.179481612499e-03,-1.099483122566e-03
1.335000000000e+00,-2.235543398310e-04,-2.044051755201e-04,-2.198951711459e-04,-8.980850267999e-04,-1.216198678714e-03,-9.767783712687e-04,-9.675336806431e-04,-1.097201069321e-03,-1.043694564263e-03
1.340000000000e+00,-2.164313725729e-04,-2.081015641765e-04,-2.154628255617e-04,-8.620865785190e-04,-1.108536388621e-03,-9.302241268387e-04,-9.179002990239e-04,-1.017207948013e-03,-9.920808325817e-04
1.345000000000e+00,-2.095047171789e-04,-2.121380494464e-04,-2.111560916799e-04,-8.258489890710e-04,-9.982956574738e-04,-8.870167314724e-04,-8.722861668756e-04,-9.412981169802e-04,-9.442722768953e-04
1.350000000000e+00,-2.028474993001e-04,-2.159776787994e-04,-2.069703327086e-04,-7.896831608784e-04,-8.890554532887e-04,-8.468543802744e-04,-8.305535758003e-04,-8.710805729235e-04,-8.999281758407e-04
1.355000000000e+00,-1.965270499456e-04,-2.191193835382e-04,-2.029011236672e-04,-7.539277108662e-04,-7.842945176303e-04,-8.094626068083e-04,-7.925296906390e-04,-8.078741563446e-04,-8.587364522791e-04
1.360000000000e+00,-1.906034271805e-04,-2.211279035033e-04,-1.989442401520e-04,-7.189317637099e-04,-6.872110919321e-04,-7.745927769232e-04,-7.580071937901e-04,-7.526304225536e-04,-8.204127563423e-04
1.365000000000e+00,-1.851561712039e-04,-2.216587959562e-04,-1.950956478272e-04,-6.851238240312e-04,-6.005662118878e-04,-7.420203486022e-04,-7.269095415312e-04,-7.058856192904e-04,-7.846991054997e-04
1.370000000000e+00,-1.802806961183e-04,-2.204771369603e-04,-1.913514918301e-04,-6.530489007692e-04,-5.265571344554e-04,-7.115430085732e-04,-6.991379598083e-04,-6.677428323827e-04,-7.513622354609e-04
1.375000000000e+00,-1.759270520433e-04,-2.174689396166e-04,-1.877080868333e-04,-6.227688157549e-04,-4.667256844483e-04,-6.829787721396e-04,-6.738944952272e-04,-6.378834522780e-04,-7.201917859387e-04
1.380000000000e+00,-1.721014287174e-04,-2.126447453160e-04,-1.841619084722e-04,-5.944582916972e-04,-4.219044030794e-04,-6.561641105855e-04,-6.508631201562e-04,-6.156053714267e-04,-6.909984176727e-04
1.385000000000e+00,-1.687983209058e-04,-2.061353987501e-04,-1.807095853039e-04,-5.682332564963e-04,-3.922014485303e-04,-6.309521504833e-04,-6.297266988330e-04,-5.998838717658e-04,-6.636119317875e-04
1.390000000000e+00,-1.660008931506e-04,-1.981804404647e-04,-1.773478905270e-04,-5.441501909254e-04,-3.770232312742e-04,-6.072109744574e-04,-6.101729591055e-04,-5.894499555193e-04,-6.378794428915e-04
1.395000000000e+00,-1.636814889731e-04,-1.891100294176e-04,-1.740737341927e-04,-5.222067775400e-04,-3.751319752922e-04,-5.848220428496e-04,-5.919002725385e-04,-5.828801257667e-04,-6.136636428211e-04
1.400000000000e+00,-1.618372383105e-04,-1.793216836578e-04,-1.708841566082e-04,-5.025230128173e-04,-3.847338060034e-04,-5.636787465842e-04,-5.746848335713e-04,-5.786912341542e-04,-5.908411789379e-04
1.405000000000e+00,-1.604053671701e-04,-1.692533860678e-04,-1.677764215775e-04,-4.849525652034e-04,-4.035915869798e-04,-5.436851924212e-04,-5.581959533637e-04,-5.754340309365e-04,-5.693012584791e-04
1.410000000000e+00,-1.592761143629e-04,-1.593548267472e-04,-1.647476121488e-04,-4.690712017388e-04,-4.291557703102e-04,-5.247546211060e-04,-5.421219517798e-04,-5.717794973071e-04,-5.489438870355e-04
1.415000000000e+00,-1.583848524362e-04,-1.500586109740e-04,-1.617952208887e-04,-4.546647992257e-04,-4.587058862044e-04,-5.068089442816e-04,-5.262944514110e-04,-5.665928040432e-04,-5.296792323305e-04
1.420000000000e+00,-1.576643903007e-04,-1.417532398253e-04,-1.589167472124e-04,-4.415038671121e-04,-4.894950415632e-04,-4.897774055169e-04,-5.105796689432e-04,-5.589908040316e-04,-5.114261221916e-04
1.425000000000e+00,-1.570464170623e-04,-1.347594694773e-04,-1.561097919274e-04,-4.293515990242e-04,-5.188899199669e-04,-4.735958457902e-04,-4.948785580289e-04,-5.483801788120e-04,-4.941111591570e-04
1.430000000000e+00,-1.564629402935e-04,-1.293115001275e-04,-1.533720520045e-04,-4.179717675891e-04,-5.444993447569e-04,-4.582059667866e-04,-4.791264415044e-04,-5.344748129841e-04,-4.776678461296e-04
1.435000000000e+00,-1.558322898504e-04,-1.255440253275e-04,-1.507013156368e-04,-4.071714689928e-04,-5.642852413321e-04,-4.435546822709e-04,-4.632841209488e-04,-5.172923251238e-04,-4.620358136142e-04
1.440000000000e+00,-1.550759651108e-04,-1.234858560305e-04,-1.480954582459e-04,-3.966560481548e-04,-5.766510077873e-04,-4.295935487294e-04,-4.473767868832e-04,-4.971310457563e-04,-4.471601394467e-04
1.445000000000e+00,-1.541463817654e-04,-1.230603513521e-04,-1.455524387103e-04,-3.862325452176e-04,-5.805035864550e-04,-4.162782654778e-04,-4.314626953030e-04,-4.745299309154e-04,-4.329907505535e-04
1.450000000000e+00,-1.530003989865e-04,-1.240925141019e-04,-1.430702951430e-04,-3.757803163510e-04,-5.752870624360e-04,-4.035682351827e-04,-4.156130941332e-04,-4.502149014994e-04,-4.194818967961e-04
1.455000000000e+00,-1.516031071557e-04,-1.263221618632e-04,-1.406471408917e-04,-3.652136370105e-04,-5.609870994459e-04,-3.914261779861e-04,-3.999144805475e-04,-4.250358144501e-04,-4.065916890808e-04
1.460000000000e+00,-1.499283496228e-04,-1.294221937329e-04,-1.382811614088e-04,-3.544821879286e-04,-5.381070545218e-04,-3.798177931665e-04,-3.844648411226e-04,-3.998986540488e-04,-3.942816946075e-04
1.465000000000e+00,-1.479591267846e-04,-1.330207640695e-04,-1.359706112886e-04,-3.435707964458e-04,-5.076181034145e-04,-3.687114615364e-04,-3.693698661936e-04,-3.756977234815e-04,-3.825165814070e-04
1.470000000000e+00,-1.456385008796e-04,-1.367258120446e-04,-1.337138108231e-04,-3.324873691971e-04,-4.708868521785e-04,-3.580779825611e-04,-3.548441879159e-04,-3.532522759267e-04,-3.712638051419e-04
1.475000000000e+00,-1.430161248570e-04,-1.401504232493e-04,-1.315091427336e-04,-3.213366543295e-04,-4.295850853953e-04,-3.478903422861e-04,-3.409605300842e-04,-3.332516610083e-04,-3.604933333294e-04
1.480000000000e+00,-1.401232579016e-04,-1.429373443801e-04,-1.293550497070e-04,-3.102203690979e-04,-3.855869510598e-04,-3.381235087340e-04,-3.277941496141e-04,-3.162121967686e-04,-3.501774027924e-04
1.485000000000e+00,-1.369875160211e-04,-1.447811437545e-04,-1.272500320606e-04,-2.992486959562e-04,-3.408594596093e-04,-3.287542505284e-04,-3.154267063856e-04,-3.024481516969e-04,-3.402903053309e-04
1.490000000000e+00,-1.336433975098e-04,-1.454466576205e-04,-1.251926449055e-04,-2.885406974645e-04,-2.973522672050e-04,-3.197609750392e-04,-3.039259773712e-04,-2.920581347970e-04,-3.308081972268e-04
1.495000000000e+00,-1.301314053488e-04,-1.447825894249e-04,-1.231814954503e-04,-2.782192200071e-04,-2.568925391670e-04,-3.111235841568e-04,-2.933442174881e-04,-2.849270776003e-04,-3.217089300954e-04
1.500000000000e+00,-1.264970981392e-04,-1.427294992963e-04,-1.212152410574e-04,-2.684058001078e-04,-2.210903018676e-04,-3.028233461324e-04,-2.837167984835e-04,-2.807429923708e-04,-3.129719010032e-04
1.505000000000e+00,-1.227915496645e-04,-1.393217801286e-04,-1.192925873972e-04,-2.593731676545e-04,-1.912589036798e-04,-2.948427808387e-04,-2.752584979069e-04,-2.790267021894e-04,-3.045779187598e-04
1.510000000000e+00,-1.190931635335e-04,-1.346835605035e-04,-1.174122860909e-04,-2.510999031046e-04,-1.683542641910e-04,-2.871655561332e-04,-2.677511051782e-04,-2.791718967325e-04,-2.965090836740e-04
1.515000000000e+00,-1.154542209689e-04,-1.290189454215e-04,-1.155731323142e-04,-2.436481405426e-04,-1.529355336646e-04,-2.797763944207e-04,-2.611572594500e-04,-2.804923619669e-04,-2.887486795443e-04
1.520000000000e+00,-1.119251790086e-04,-1.225972579826e-04,-1.137739640167e-04,-2.370564743400e-04,-1.451484869086e-04,-2.726609899958e-04,-2.554236439267e-04,-2.822727652618e-04,-2.812810781880e-04
1.525000000000e+00,-1.085536446796e-04,-1.157343771849e-04,-1.120136589520e-04,-2.313388696852e-04,-1.447318324862e-04,-2.658059319470e-04,-2.504824077377e-04,-2.838193885303e-04,-2.740916510358e-04
1.530000000000e+00,-1.053834045325e-04,-1.087713482302e-04,-1.102911342100e-04,-2.264840877216e-04,-1.510452568603e-04,-2.591986368349e-04,-2.462527465715e-04,-2.845072190715e-04,-2.671666918162e-04
1.535000000000e+00,-1.024640865138e-04,-1.020517692074e-04,-1.086053435765e-04,-2.224833699175e-04,-1.631170684709e-04,-2.528272852434e-04,-2.426609340625e-04,-2.838203401869e-04,-2.604933442372e-04
1.540000000000e+00,-9.987276487983e-05,-9.589936889854e-05,-1.069552764713e-04,-2.193425613833e-04,-1.797081767559e-04,-2.466807656112e-04,-2.396358720426e-04,-2.813830120388e-04,-2.540595379371e-04
1.545000000000e+00,-9.758771783118e-05,-9.059725991952e-05,-1.053399567923e-04,-2.168191496773e-04,-1.993884695937e-04,-2.407486229147e-04,-2.369626772550e-04,-2.769796742533e-04,-2.478539301426e-04
1.550000000000e+00,-9.562074711146e-05,-8.637013654759e-05,-1.037584412432e-04,-2.147960679541e-04,-2.206210293491e-04,-2.350210112170e-04,-2.345308461858e-04,-2.705628464700e-04,-2.418658519386e-04
1.555000000000e+00,-9.397607853756e-05,-8.337059799949e-05,-1.022098177361e-04,-2.131456726844e-04,-2.418494457776e-04,-2.294886502691e-04,-2.322320486215e-04,-2.622488867329e-04,-2.360852592448e-04
1.560000000000e+00,-9.265042013729e-05,-8.167034148097e-05,-1.006932044347e-04,-2.117335198425e-04,-2.615833269685e-04,-2.241427863730e-04,-2.299621925753e-04,-2.523022952738e-04,-2.305026886327e-04
1.565000000000e+00,-9.163311461172e-05,-8.125678074506e-05,-9.920774884139e-05,-2.104222044181e-04,-2.784774670408e-04,-2.189751564991e-04,-2.276233979747e-04,-2.411101306211e-04,-2.251092169012e-04
1.570000000000e+00,-9.092554438772e-05,-8.203523911262e-05,-9.775262637089e-05,-2.090597656894e-04,-2.914005701752e-04,-2.139779547379e-04,-2.251063507842e-04,-2.291487153212e-04,-2.198964234335e-04
1.575000000000e+00,-9.050530915486e-05,-8.383640841845e-05,-9.632703898498e-05,-2.074645073637e-04,-2.994900300001e-04,-2.091438014331e-04,-2.222962925649e-04,-2.169451562161e-04,-2.148563556303e-04
1.580000000000e+00,-9.029892944611e-05,-8.642869140497e-05,-9.493021444117e-05,-2.055374849753e-04,-3.021903589439e-04,-2.044657153460e-04,-2.191613338401e-04,-2.050367883865e-04,-2.099814977286e-04
1.585000000000e+00,-9.026715659177e-05,-8.953430681621e-05,-9.356140557405e-05,-2.031914678215e-04,-2.992734173487e-04,-1.999370879999e-04,-2.156618718088e-04,-1.939312584955e-04,-2.052647421120e-04
1.590000000000e+00,-9.036784278895e-05,-9.284828508296e-05,-9.221988906832e-05,-2.003590286154e-04,-2.908401346112e-04,-1.955516594202e-04,-2.117727390966e-04,-1.840702461895e-04,-2.006993622950e-04
1.595000000000e+00,-9.055686040157e-05,-9.605892995891e-05,-9.090496428310e-05,-1.969939519874e-04,-2.773039792046e-04,-1.913034957028e-04,-2.074832750976e-04,-1.757992228912e-04,-1.962789879837e-04
1.600000000000e+00,-9.078903642880e-05,-9.886842274590e-05,-8.961595266500e-05,-1.930722631400e-04,-2.593577345808e-04,-1.871869688342e-04,-2.027972153114e-04,-1.693451986564e-04,-1.919975826145e-04
1.605000000000e+00,-9.101206571408e-05,-1.010122269151e-04,-8.835219718610e-05,-1.885349700197e-04,-2.379258423294e-04,-1.831967380090e-04,-1.976954658489e-04,-1.648038073374e-04,-1.878494225900e-04
1.610000000000e+00,-9.116703650156e-05,-1.022759797077e-04,-8.711306128008e-05,-1.834380209210e-04,-2.141053586666e-04,-1.793277317498e-04,-1.922367583959e-04,-1.621363340772e-04,-1.838290774949e-04
1.615000000000e+00,-9.121639786414e-05,-1.025089033968e-04,-8.589792782142e-05,-1.778968827637e-04,-1.890991453959e-04,-1.755751313027e-04,-1.865103370930e-04,-1.611766528485e-04,-1.799313917516e-04
1.620000000000e+00,-9.112611024420e-05,-1.016326877398e-04,-8.470619867156e-05,-1.719912972314e-04,-1.641451179505e-04,-1.719343557726e-04,-1.805786828210e-04,-1.616471293052e-04,-1.761514681627e-04
1.625000000000e+00,-9.086700738120e-05,-9.964562045795e-05,-8.353729424318e-05,-1.658147640263e-04,-1.404457607160e-04,-1.684010483099e-04,-1.745111100489e-04,-1.631822694729e-04,-1.724846526367e-04
1.630000000000e+00,-9.041530662660e-05,-9.662137932277e-05,-8.239065257067e-05,-1.594717147989e-04,-1.191015149151e-04,-1.649710627095e-04,-1.683820948673e-04,-1.653578899785e-04,-1.689265194457e-04
1.635000000000e+00,-8.975304631923e-05,-9.270305432429e-05,-8.126572841705e-05,-1.530745336778e-04,-1.010519963603e-04,-1.616404509220e-04,-1.622695554192e-04,-1.677239176329e-04,-1.654728575030e-04
1.640000000000e+00,-8.883456730839e-05,-8.809235521868e-05,-8.016199292778e-05,-1.467750999054e-04,-8.702766853947e-05,-1.584054519552e-04,-1.562844109996e-04,-1.698378128564e-04,-1.621196581307e-04
1.645000000000e+00,-8.767891840357e-05,-8.303542845638e-05,-7.907893329771e-05,-1.407185354790e-04,-7.751489409221e-05,-1.552624815253e-04,-1.505186053056e-04,-1.712968768793e-04,-1.588631036679e-04
1.650000000000e+00,-8.630634890503e-05,-7.780554562524e-05,-7.801605195276e-05,-1.350059012284e-04,-7.273535931100e-05,-1.522081218654e-04,-1.450364397868e-04,-1.717662947400e-04,-1.556995563153e-04
1.655000000000e+00,-8.473035894044e-05,-7.268447838820e-05,-7.697286576266e-05,-1.297322019982e-04,-7.264113716173e-05,-1.492391121941e-04,-1.399016741907e-04,-1.710017432396e-04,-1.526255477146e-04
1.660000000000e+00,-8.296986515064e-05,-6.794346450541e-05,-7.594890578239e-05,-1.249793466491e-04,-7.692497296515e-05,-1.463523403326e-04,-1.351700367962e-04,-1.688645908977e-04,-1.496377697457e-04
1.665000000000e+00,-8.104870627213e-05,-6.382518299916e-05,-7.494371700279e-05,-1.208141842533e-04,-8.504489818726e-05,-1.435448348651e-04,-1.308881301577e-04,-1.653289843871e-04,-1.467330659290e-04
1.670000000000e+00,-7.899508764343e-05,-6.052779359722e-05,-7.395685762472e-05,-1.172867964068e-04,-9.626127665489e-05,-1.408137572818e-04,-1.270924615255e-04,-1.604803666270e-04,-1.439084228657e-04
1.675000000000e+00,-7.683209526939e-05,-5.819241069042e-05,-7.298789836029e-05,-1.145553655906e-04,-1.096842457831e-04,-1.381563946091e-04,-1.239068775943e-04,-1.545060314664e-04,-1.411609622171e-04
1.680000000000e+00,-7.462123482886e-05,-5.689430819078e-05,-7.203642224563e-05,-1.125060018002e-04,-1.243280585723e-04,-1.355701530141e-04,-1.212519850997e-04,-1.476782116447e-04,-1.384879337074e-04
1.685000000000e+00,-7.240132630431e-05,-5.663892475366e-05,-7.110202445985e-05,-1.110999850882e-04,-1.391696402632e-04,-1.330525518081e-04,-1.191079673092e-04,-1.403315224808e-04,-1.358867085685e-04
1.690000000000e+00,-7.020919000535e-05,-5.736248857135e-05,-7.018431167686e-05,-1.102939419711e-04,-1.532075696495e-04,-1.306012173138e-04,-1.174535495390e-04,-1.328362785167e-04,-1.333547728877e-04
1.695000000000e+00,-6.808061512458e-05,-5.893736157367e-05,-6.928290144066e-05,-1.100286946533e-04,-1.655183336613e-04,-1.282138770969e-04,-1.162569611224e-04,-1.255698720902e-04,-1.308897213567e-04
1.700000000000e+00,-6.604962064201e-05,-6.118157077846e-05,-6.839742203659e-05,-1.102309526646e-04,-1.753066470847e-04,-1.258883550449e-04,-1.154767027635e-04,-1.188882955623e-04,-1.284892519025e-04
1.705000000000e+00,-6.415082568127e-05,-6.387199049649e-05,-6.752751236622e-05,-1.108200695970e-04,-1.819472754231e-04,-1.236225667427e-04,-1.150678875516e-04,-1.131000160991e-04,-1.261511606462e-04
1.710000000000e+00,-6.244633356793e-05,-6.675994583710e-05,-6.667282136459e-05,-1.117144977025e-04,-1.850159794958e-04,-1.214145146287e-04,-1.150023064203e-04,-1.084438550756e-04,-1.238733366707e-04
1.715000000000e+00,-6.093123121469e-05,-6.958855728538e-05,-6.583300743809e-05,-1.127374278556e-04,-1.843083949383e-04,-1.192622834291e-04,-1.151427117007e-04,-1.050727379192e-04,-1.216537570921e-04
1.720000000000e+00,-5.962006542504e-05,-7.211018047272e-05,-6.500773838362e-05,-1.137843448582e-04,-1.798457939082e-04,-1.171640363433e-04,-1.154185540312e-04,-1.030440107985e-04,-1.194904829084e-04
1.725000000000e+00,-5.852220989004e-05,-7.410308008734e-05,-6.419669130930e-05,-1.147539006578e-04,-1.718678191490e-04,-1.151180114515e-04,-1.157586903487e-04,-1.023171157409e-04,-1.173816550925e-04
1.730000000000e+00,-5.764178527196e-05,-7.538600190085e-05,-6.339955210730e-05,-1.155502813111e-04,-1.608129813504e-04,-1.131225178477e-04,-1.160928381516e-04,-1.027586691762e-04,-1.153254904311e-04
1.735000000000e+00,-5.697764759108e-05,-7.583009851701e-05,-6.261601494476e-05,-1.160854458543e-04,-1.472885094693e-04,-1.111759319867e-04,-1.163529976025e-04,-1.041543925953e-04,-1.133202775962e-04
1.740000000000e+00,-5.653432104865e-05,-7.536656841210e-05,-6.184578222227e-05,-1.162575326107e-04,-1.320307500486e-04,-1.092766947087e-04,-1.164627973402e-04,-1.062265760055e-04,-1.113643739137e-04
1.745000000000e+00,-5.631211992692e-05,-7.399052438912e-05,-6.108856453234e-05,-1.159474539993e-04,-1.158596778602e-04,-1.074233084321e-04,-1.163275867496e-04,-1.086560637422e-04,-1.094562023167e-04
1.750000000000e+00,-5.625923908831e-05,-7.176021683735e-05,-6.034408017951e-05,-1.151709363393e-04,-9.962938764354e-05,-1.056143340349e-04,-1.159248770177e-04,-1.111068756770e-04,-1.075942480011e-04
1.755000000000e+00,-5.635204287026e-05,-6.879222567721e-05,-5.961205460695e-05,-1.139077761915e-04,-8.417826227272e-05,-1.038483877835e-04,-1.152197166561e-04,-1.132517651734e-04,-1.057770551441e-04
1.760000000000e+00,-5.656410633305e-05,-6.525224938971e-05,-5.889222093551e-05,-1.121536597481e-04,-7.028055421474e-05,-1.021241395865e-04,-1.141866304902e-04,-1.147961414513e-04,-1.040032249613e-04
1.765000000000e+00,-5.686681732064e-05,-6.134312462752e-05,-5.818431885666e-05,-1.099198838020e-04,-5.860351423133e-05,-1.004403096204e-04,-1.128099458158e-04,-1.154996619352e-04,-1.022714121465e-04
1.770000000000e+00,-5.722999702056e-05,-5.729036647911e-05,-5.748809528981e-05,-1.072328533420e-04,-4.967134591616e-05,-9.879566695817e-05,-1.110839913127e-04,-1.151930448376e-04,-1.005803233286e-04
1.775000000000e+00,-5.762130694446e-05,-5.332606780267e-05,-5.680330330201e-05,-1.041021341273e-04,-4.383814817926e-05,-9.718902645938e-05,-1.089830942240e-04,-1.137892080118e-04,-9.892871379663e-05
1.780000000000e+00,-5.799804320826e-05,-4.967304170156e-05,-5.612970277008e-05,-1.006031081838e-04,-4.127164980287e-05,-9.561924762214e-05,-1.065273474174e-04,-1.112883577412e-04,-9.731538620106e-05
1.785000000000e+00,-5.832840421716e-05,-4.652965862022e-05,-5.546705932560e-05,-9.685561566064e-05,-4.194784996160e-05,-9.408523170680e-05,-1.037879617593e-04,-1.077763074048e-04,-9.573918753185e-05
1.790000000000e+00,-5.858574519129e-05,-4.405654800412e-05,-5.481514502067e-05,-9.293970451031e-05,-4.565691851387e-05,-9.258592078509e-05,-1.008046635962e-04,-1.034163685655e-04,-9.419900803445e-05
1.795000000000e+00,-5.874613850996e-05,-4.236602131356e-05,-5.417373740141e-05,-8.893944642974e-05,-5.201949848671e-05,-9.112029518272e-05,-9.762345856521e-05,-9.843561085553e-05,-9.269377852390e-05
1.800000000000e+00,-5.878879630077e-05,-4.151544073018e-05,-5.354261965414e-05,-8.494086164467e-05,-6.051296114852e-05,-8.968737214664e-05,-9.429555565749e-05,-9.310681991260e-05,-9.122246893314e-05
1.805000000000e+00,-5.869644808893e-05,-4.150392634123e-05,-5.292158064167e-05,-8.102984064935e-05,-7.050478267757e-05,-8.828620447242e-05,-9.087623518539e-05,-8.772703621331e-05,-8.978408682849e-05
1.810000000000e+00,-5.843478458897e-05,-4.227357342803e-05,-5.231041452913e-05,-7.732672544458e-05,-8.129194309945e-05,-8.691587876895e-05,-8.743038399489e-05,-8.259486009325e-05,-8.837767556789e-05
1.815000000000e+00,-5.800302901025e-05,-4.371434804524e-05,-5.170892042160e-05,-7.392221520787e-05,-9.214331819832e-05,-8.557551380503e-05,-8.403933055197e-05,-7.798786358231e-05,-8.700231254726e-05
1.820000000000e+00,-5.741199093638e-05,-4.567260985670e-05,-5.111690242130e-05,-7.086451967106e-05,-1.023428316037e-04,-8.426425936666e-05,-8.076168953396e-05,-7.414206253667e-05,-8.565710796410e-05
1.825000000000e+00,-5.666534906315e-05,-4.796252985928e-05,-5.053416968107e-05,-6.820498563436e-05,-1.112308381316e-04,-8.298129517134e-05,-7.765084098951e-05,-7.123478103008e-05,-8.434120364352e-05
1.830000000000e+00,-5.577074215581e-05,-5.037948553037e-05,-4.996053605663e-05,-6.598332876521e-05,-1.182412093426e-04,-8.172582941409e-05,-7.475566728909e-05,-6.937215797974e-05,-8.305377149998e-05
1.835000000000e+00,-5.473952961037e-05,-5.271457560103e-05,-4.939581976960e-05,-6.422691301897e-05,-1.229322380140e-04,-8.049709737991e-05,-7.211960150108e-05,-6.858220622913e-05,-8.179401207042e-05
1.840000000000e+00,-5.358650855041e-05,-5.476925730490e-05,-4.883984347926e-05,-6.295021165436e-05,-1.250096860811e-04,-7.929436054122e-05,-6.977975081187e-05,-6.881389803065e-05,-8.056115353735e-05
1.845000000000e+00,-5.231735982902e-05,-5.636863887643e-05,-4.829243435035e-05,-6.223117964587e-05,-1.243404312952e-04,-7.811690569922e-05,-6.782566633195e-05,-6.994184104993e-05,-7.935445080020e-05
1.850000000000e+00,-5.097350412515e-05,-5.737364374430e-05,-4.775342372841e-05,-6.198100574890e-05,-1.209570584061e-04,-7.696404375495e-05,-6.623562518070e-05,-7.177713950333e-05,-7.817318417920e-05
1.855000000000e+00,-4.958246917663e-05,-5.768946494077e-05,-4.722264682492e-05,-6.214526307932e-05,-1.150518534595e-04,-7.583510853460e-05,-6.500183234710e-05,-7.408206218674e-05,-7.701665817729e-05
1.860000000000e+00,-4.816873972038e-05,-5.727181316593e-05,-4.669994280110e-05,-6.267736578477e-05,-1.069624824425e-04,-7.472945607782e-05,-6.412046042858e-05,-7.658879658650e-05,-7.588420070940e-05
1.865000000000e+00,-4.675700161254e-05,-5.612857441151e-05,-4.618515484742e-05,-6.352187788896e-05,-9.714861537005e-05,-7.364646396009e-05,-6.357946163500e-05,-7.901966344685e-05,-7.477516236849e-05
1.870000000000e+00,-4.537164955332e-05,-5.431855562565e-05,-4.567812987914e-05,-6.461590416680e-05,-8.616256144222e-05,-7.258553024481e-05,-6.335892172594e-05,-8.110825032259e-05,-7.368891532407e-05
1.875000000000e+00,-4.403630240124e-05,-5.194622124176e-05,-4.517871824105e-05,-6.589058054444e-05,-7.461481110077e-05,-7.154607248037e-05,-6.343151334789e-05,-8.261916887234e-05,-7.262485226824e-05
1.880000000000e+00,-4.279429161470e-05,-4.915364308469e-05,-4.468677380104e-05,-6.727137406199e-05,-6.313704799231e-05,-7.052752714128e-05,-6.380320777445e-05,-8.336526288081e-05,-7.158238580936e-05
1.885000000000e+00,-4.165329980470e-05,-4.610965839645e-05,-4.420215403908e-05,-6.864590375512e-05,-5.234430074161e-05,-6.952934909507e-05,-6.436836272391e-05,-8.322090797091e-05,-7.056094789379e-05
1.890000000000e+00,-4.062861222527e-05,-4.299766265948e-05,-4.372471976074e-05,-6.994201076654e-05,-4.279940103355e-05,-6.855101070157e-05,-6.507899966069e-05,-8.213064424275e-05,-6.955998886188e-05
1.895000000000e+00,-3.973252974572e-05,-4.000240357487e-05,-4.325433481916e-05,-7.109179729086e-05,-3.498076521097e-05,-6.759200094938e-05,-6.588503001305e-05,-8.011237938079e-05,-6.857897654317e-05
1.900000000000e+00,-3.897420237728e-05,-3.729699572306e-05,-4.279086621658e-05,-7.203304435940e-05,-2.925605605867e-05,-6.665182501962e-05,-6.673531092081e-05,-7.725504787661e-05,-6.761739578190e-05
1.905000000000e+00,-3.835950262128e-05,-3.503127862241e-05,-4.233418420101e-05,-7.271052661224e-05,-2.586290238379e-05,-6.573000386947e-05,-6.757869627889e-05,-7.371107691271e-05,-6.667474798397e-05
1.910000000000e+00,-3.789634238520e-05,-3.332135876355e-05,-4.188416199569e-05,-7.306385939886e-05,-2.489724282687e-05,-6.482607345137e-05,-6.836064921991e-05,-6.968396398770e-05,-6.575055030104e-05
1.915000000000e+00,-3.760069839024e-05,-3.224263974383e-05,-4.144067553639e-05,-7.300273509972e-05,-2.631106033910e-05,-6.393958396347e-05,-6.900501414092e-05,-6.541255289651e-05,-6.484433484750e-05
1.920000000000e+00,-3.744026867837e-05,-3.182512943615e-05,-4.100360357935e-05,-7.256447047864e-05,-2.991773221143e-05,-6.307009951268e-05,-6.948224147509e-05,-6.115252505519e-05,-6.395564833221e-05
1.925000000000e+00,-3.740469876573e-05,-3.205222443417e-05,-4.057282780406e-05,-7.174450814964e-05,-3.540591717193e-05,-6.221719779202e-05,-6.975831903700e-05,-5.715690221506e-05,-6.308405170651e-05
1.930000000000e+00,-3.748105931629e-05,-3.286318641985e-05,-4.014823255707e-05,-7.054923576630e-05,-4.236069409950e-05,-6.138046939874e-05,-6.980535166409e-05,-5.365737071451e-05,-6.222911945343e-05
1.935000000000e+00,-3.765414210857e-05,-3.415805156903e-05,-3.972970460292e-05,-6.899562162287e-05,-5.028988154612e-05,-6.055951717856e-05,-6.960199596929e-05,-5.084682315080e-05,-6.139043890454e-05
1.940000000000e+00,-3.790677745589e-05,-3.580569350867e-05,-3.931713323705e-05,-6.711071322976e-05,-5.865486736852e-05,-5.975395596878e-05,-6.913380790325e-05,-4.886551812774e-05,-6.056760995776e-05
1.945000000000e+00,-3.822268963309e-05,-3.765367289727e-05,-3.891041039375e-05,-6.491366062487e-05,-6.690331734204e-05,-5.896341235242e-05,-6.837331244186e-05,-4.779109286322e-05,-5.976024480728e-05
1.950000000000e+00,-3.857632665759e-05,-3.953946144932e-05,-3.850943040248e-05,-6.245661269978e-05,-7.450220356328e-05,-5.818752405765e-05,-6.730996311457e-05,-4.763346172866e-05,-5.896796731935e-05
1.955000000000e+00,-3.893914054595e-05,-4.130209802536e-05,-3.811408975127e-05,-5.983532701176e-05,-8.096893853684e-05,-5.742593937981e-05,-6.599397407391e-05,-4.833481193506e-05,-5.819041243189e-05
1.960000000000e+00,-3.929074514917e-05,-4.279342721872e-05,-3.772428720347e-05,-5.711068753900e-05,-8.589894647992e-05,-5.667831698984e-05,-6.444588731117e-05,-4.977463514372e-05,-5.742722594203e-05
1.965000000000e+00,-3.961151757057e-05,-4.388836591232e-05,-3.733992390964e-05,-5.434560457128e-05,-8.898822584399e-05,-5.594432575064e-05,-6.269188505494e-05,-5.177955474186e-05,-5.667806430274e-05
1.970000000000e+00,-3.988295274610e-05,-4.449303135213e-05,-3.696090317535e-05,-5.160359458150e-05,-9.004927376747e-05,-5.522364418446e-05,-6.076315196428e-05,-5.413672315435e-05,-5.594259407061e-05
1.975000000000e+00,-4.008800207016e-05,-4.455072913640e-05,-3.658713023564e-05,-4.894736680406e-05,-8.901995427519e-05,-5.451595995952e-05,-5.869518315003e-05,-5.661023019541e-05,-5.522049137401e-05
1.980000000000e+00,-4.020027964457e-05,-4.404494017145e-05,-3.621851237485e-05,-4.646246263585e-05,-8.596467281847e-05,-5.382096975182e-05,-5.652239620177e-05,-5.895899482528e-05,-5.451144175774e-05
1.985000000000e+00,-4.020509144686e-05,-4.299964613013e-05,-3.585495904141e-05,-4.421972362979e-05,-8.106805452571e-05,-5.313837911241e-05,-5.430477941818e-05,-6.095485415307e-05,-5.381514003391e-05
1.990000000000e+00,-4.010239720207e-05,-4.147664378783e-05,-3.549638162615e-05,-4.224847533002e-05,-7.462169715401e-05,-5.246790199149e-05,-5.209434270136e-05,-6.239948217567e-05,-5.313128978998e-05
1.995000000000e+00,-3.988708375875e-05,-3.956996913382e-05,-3.514269324669e-05,-4.058462829808e-05,-6.700426084270e-05,-5.180926027933e-05,-4.993328450603e-05,-6.313867334592e-05,-5.245960291414e-05
2.000000000000e+00,-3.955686768634e-05,-3.739878750285e-05,-3.479380886951e-05,-3.925555873041e-05,-5.865751007006e-05,-5.116218371169e-05,-4.786205253645e-05,-6.307370830331e-05,-5.179979948668e-05
2.005000000000e+00,-3.911230315354e-05,-3.509812066843e-05,-3.444964542714e-05,-3.827963492802e-05,-5.005846405951e-05,-5.052640977883e-05,-4.591856333866e-05,-6.216791224264e-05,-5.115160767544e-05
2.010000000000e+00,-3.855675762165e-05,-3.280894972022e-05,-3.411012160570e-05,-3.766586632938e-05,-4.169014591195e-05,-4.990168329741e-05,-4.413745969913e-05,-6.044873381785e-05,-5.051476329410e-05
2.015000000000e+00,-3.788273912904e-05,-3.066801103468e-05,-3.377515763854e-05,-3.746485745686e-05,-3.401245214651e-05,-4.928775599723e-05,-4.258349684315e-05,-5.800506947447e-05,-4.988900937615e-05
2.020000000000e+00,-3.711341516203e-05,-2.879829964334e-05,-3.344467542990e-05,-3.762209700161e-05,-2.743499956572e-05,-4.868438646242e-05,-4.126817726633e-05,-5.497998229817e-05,-4.927409610420e-05
2.025000000000e+00,-3.626780110224e-05,-2.730066926228e-05,-3.311859867360e-05,-3.808930425685e-05,-2.229339450816e-05,-4.809134007506e-05,-4.019480183580e-05,-5.155938740897e-05,-4.866978074198e-05
2.030000000000e+00,-3.536077093855e-05,-2.624720084483e-05,-3.279685264936e-05,-3.883104600072e-05,-1.883032770869e-05,-4.750838862773e-05,-3.937187466382e-05,-4.795770327784e-05,-4.807582723557e-05
2.035000000000e+00,-3.440857259595e-05,-2.567700893394e-05,-3.247936402462e-05,-3.980534200341e-05,-1.718279043272e-05,-4.693530994952e-05,-3.880190013304e-05,-4.440169282882e-05,-4.749200582777e-05
2.040000000000e+00,-3.342850524939e-05,-2.559417784290e-05,-3.216606097929e-05,-4.096463585188e-05,-1.737552404246e-05,-4.637188787761e-05,-3.848142333400e-05,-4.111321193621e-05,-4.691809301907e-05
2.045000000000e+00,-3.243858401890e-05,-2.596859167093e-05,-3.185687332556e-05,-4.225683550115e-05,-1.932171843020e-05,-4.581791223040e-05,-3.840114291536e-05,-3.829285573315e-05,-4.635387152964e-05
2.050000000000e+00,-3.146383167435e-05,-2.673891973162e-05,-3.155173231204e-05,-4.362487094764e-05,-2.283012024021e-05,-4.527317845713e-05,-3.858206533968e-05,-3.610512859000e-05,-4.579912993669e-05
2.055000000000e+00,-3.052494221634e-05,-2.781787967844e-05,-3.125057043324e-05,-4.498448608118e-05,-2.761848974004e-05,-4.473748730062e-05,-3.895719943963e-05,-3.466654353584e-05,-4.525366232369e-05
2.060000000000e+00,-2.963822353733e-05,-2.909919436441e-05,-3.095332155489e-05,-4.627864700516e-05,-3.333230582728e-05,-4.421064479945e-05,-3.949371081615e-05,-3.403740616669e-05,-4.471726826697e-05
2.065000000000e+00,-2.881882879229e-05,-3.046567633187e-05,-3.065992103438e-05,-4.745429710329e-05,-3.956751919198e-05,-4.369246229441e-05,-4.015984761315e-05,-3.421785276853e-05,-4.418975282264e-05
2.070000000000e+00,-2.808023813383e-05,-3.179789128102e-05,-3.037030553217e-05,-4.846220942597e-05,-4.589598653765e-05,-4.318275612333e-05,-4.092147710208e-05,-3.514840441647e-05,-4.367092619479e-05
2.075000000000e+00,-2.743400380222e-05,-3.298273687656e-05,-3.008441282822e-05,-4.925797767593e-05,-5.189191114480e-05,-4.268134733690e-05,-4.174278419397e-05,-3.671494069026e-05,-4.316060341437e-05
2.080000000000e+00,-2.689158234238e-05,-3.392129511864e-05,-2.980218194757e-05,-4.979750976627e-05,-5.715789251565e-05,-4.218806175903e-05,-4.258653517945e-05,-3.875768706613e-05,-4.265860434708e-05
2.085000000000e+00,-2.647929238616e-05,-3.453549339541e-05,-2.952355328100e-05,-4.999456395065e-05,-6.134865850171e-05,-4.170273007120e-05,-4.340171013184e-05,-4.108351562979e-05,-4.216475370068e-05
2.090000000000e+00,-2.617955521434e-05,-3.477301136631e-05,-2.924846840312e-05,-4.988063347908e-05,-6.419151802369e-05,-4.122518762190e-05,-4.414980903534e-05,-4.348054961951e-05,-4.167888071972e-05
2.095000000000e+00,-2.599133853260e-05,-3.461012285298e-05,-2.897686989529e-05,-4.944822299204e-05,-6.550181981219e-05,-4.075527430129e-05,-4.479912241404e-05,-4.573394929323e-05,-4.120081888997e-05
2.100000000000e+00,-2.591100184658e-05,-3.405274996459e-05,-2.870870147102e-05,-4.869829350033e-05,-6.519335374786e-05,-4.029283481899e-05,-4.532111929656e-05,-4.764207476289e-05,-4.073040596379e-05
2.105000000000e+00,-2.593239720186e-05,-3.313483844402e-05,-2.844390809664e-05,-4.764015919275e-05,-6.328199440257e-05,-3.983771910175e-05,-4.569093733078e-05,-4.903100613871e-05,-4.026748398422e-05
2.110000000000e+00,-2.604699963929e-05,-3.191512196863e-05,-2.818243581552e-05,-4.629129040196e-05,-5.988348994883e-05,-3.938978256225e-05,-4.588782268335e-05,-4.976724949990e-05,-3.981189900276e-05
2.115000000000e+00,-2.624772520194e-05,-3.047220555286e-05,-2.792423157698e-05,-4.466467629399e-05,-5.520517921958e-05,-3.894888663152e-05,-4.588412393865e-05,-4.976725184323e-05,-3.936350080567e-05
2.120000000000e+00,-2.652280926816e-05,-2.889810004712e-05,-2.766924336132e-05,-4.278706636163e-05,-4.953193253915e-05,-3.851489997059e-05,-4.564869057521e-05,-4.900294205654e-05,-3.892214295390e-05
2.125000000000e+00,-2.684429710583e-05,-2.729126508198e-05,-2.741742030012e-05,-4.074324411834e-05,-4.320776516782e-05,-3.808770020069e-05,-4.520927305785e-05,-4.750333726619e-05,-3.848768282092e-05
2.130000000000e+00,-2.719574937320e-05,-2.574929659889e-05,-2.716871250622e-05,-3.858271402348e-05,-3.661393576734e-05,-3.766717606741e-05,-4.457001544800e-05,-4.535180940734e-05,-3.805998133049e-05
2.135000000000e+00,-2.756028474166e-05,-2.436189899836e-05,-2.692307083680e-05,-3.635844062248e-05,-3.014492989723e-05,-3.725323056536e-05,-4.373990433479e-05,-4.267938116417e-05,-3.763890262745e-05
2.140000000000e+00,-2.792092384496e-05,-2.320468367331e-05,-2.668044737484e-05,-3.412589333843e-05,-2.418389458490e-05,-3.684578624418e-05,-4.273251127306e-05,-3.965461111711e-05,-3.722431450259e-05
2.145000000000e+00,-2.826093258757e-05,-2.233419043349e-05,-2.644079483462e-05,-3.194207113996e-05,-1.907891667823e-05,-3.644479136164e-05,-4.156568412584e-05,-3.647081127760e-05,-3.681608769566e-05
2.150000000000e+00,-2.855882293124e-05,-2.178443026963e-05,-2.620406711140e-05,-2.988177153848e-05,-1.512161194938e-05,-3.605022993131e-05,-4.025163583927e-05,-3.333157277152e-05,-3.641409639679e-05
2.155000000000e+00,-2.879366215291e-05,-2.156520024062e-05,-2.597021869387e-05,-2.802522171543e-05,-1.252926068921e-05,-3.566213424769e-05,-3.882490800313e-05,-3.043570544224e-05,-3.601821756239e-05
2.160000000000e+00,-2.895789925448e-05,-2.166221540729e-05,-2.573920520904e-05,-2.641089761209e-05,-1.143160432770e-05,-3.528060354649e-05,-3.733054490380e-05,-2.796274149224e-05,-3.562833141647e-05
2.165000000000e+00,-2.904166102067e-05,-2.203896228673e-05,-2.551098284151e-05,-2.508550348643e-05,-1.186291610060e-05,-3.490582811646e-05,-3.579946832497e-05,-2.605993730007e-05,-3.524432077884e-05
2.170000000000e+00,-2.903727013321e-05,-2.264018038334e-05,-2.528550887361e-05,-2.409032483439e-05,-1.375998936579e-05,-3.453812341833e-05,-3.426308276017e-05,-2.483193275735e-05,-3.486607156601e-05
2.175000000000e+00,-2.893937487235e-05,-2.339646559615e-05,-2.506274117990e-05,-2.346039579957e-05,-1.696587051952e-05,-3.417797476930e-05,-3.275265954529e-05,-2.433349173624e-05,-3.449347220259e-05
2.180000000000e+00,-2.874504882047e-05,-2.422995909428e-05,-2.484263841986e-05,-2.322370107592e-05,-2.123940248096e-05,-3.382609807891e-05,-3.129872706130e-05,-2.456619500819e-05,-3.412641376379e-05
2.185000000000e+00,-2.844171433041e-05,-2.506016322460e-05,-2.462516015584e-05,-2.345612609046e-05,-2.626955189928e-05,-3.348352047904e-05,-2.994657888259e-05,-2.547883540701e-05,-3.376479004184e-05
2.190000000000e+00,-2.803948022654e-05,-2.581014252627e-05,-2.441026669830e-05,-2.414222852729e-05,-3.169425233232e-05,-3.315168650648e-05,-2.872564344275e-05,-2.697198365379e-05,-3.340849732970e-05
2.195000000000e+00,-2.755245708102e-05,-2.641187722311e-05,-2.419791895465e-05,-2.524202513977e-05,-3.712195603590e-05,-3.283259749308e-05,-2.764998138853e-05,-2.890573110880e-05,-3.305743421078e-05
2.200000000000e+00,-2.698951084763e-05,-2.681102634264e-05,-2.398807855082e-05,-2.673624503688e-05,-4.215525099899e-05,-3.252899363632e-05,-2.673668831416e-05,-3.111050048812e-05,-3.271150163467e-05
2.205000000000e+00,-2.636130599555e-05,-2.697046218960e-05,-2.378070794826e-05,-2.859482042279e-05,-4.641483523672e-05,-3.224458976635e-05,-2.599885649601e-05,-3.339984309734e-05,-3.237060299004e-05
2.210000000000e+00,-2.568006330921e-05,-2.687236934688e-05,-2.357577029352e-05,-3.077673598384e-05,-4.956262340780e-05,-3.198437828949e-05,-2.544537485428e-05,-3.558425276374e-05,-3.203464390010e-05
2.215000000000e+00,-2.495929873271e-05,-2.651893840222e-05,-2.337322927138e-05,-3.322996022046e-05,-5.132273589347e-05,-3.175501627268e-05,-2.508078009532e-05,-3.748508798981e-05,-3.170353202375e-05
2.220000000000e+00,-2.421310228477e-05,-2.593147531766e-05,-2.317304922521e-05,-3.590678639587e-05,-5.149918767605e-05,-3.156531699582e-05,-2.493549970163e-05,-3.894744674978e-05,-3.137717713668e-05
2.225000000000e+00,-2.346422217061e-05,-2.514820672811e-05,-2.297519527280e-05,-3.867732977067e-05,-4.998950096473e-05,-3.142686933817e-05,-2.497562370031e-05,-3.985115446550e-05,-3.105549120922e-05
2.230000000000e+00,-2.272852774070e-05,-2.422087360445e-05,-2.277963316014e-05,-4.144144795185e-05,-4.679354517359e-05,-3.135481226626e-05,-2.518139599750e-05,-4.011905155414e-05,-3.073838821243e-05
2.235000000000e+00,-2.202047506754e-05,-2.321043660408e-05,-2.258632911850e-05,-4.409880195200e-05,-4.201725018902e-05,-3.136879663643e-05,-2.553659732096e-05,-3.972194056288e-05,-3.042578392947e-05
2.240000000000e+00,-2.135364891193e-05,-2.218226356948e-05,-2.239524998353e-05,-4.654320062113e-05,-3.587133789187e-05,-3.149417110273e-05,-2.602185481528e-05,-3.868002730643e-05,-3.011759604085e-05
2.245000000000e+00,-2.074050135392e-05,-2.120111570729e-05,-2.220636330990e-05,-4.866439408097e-05,-2.866516812701e-05,-3.176343250695e-05,-2.661505602826e-05,-3.706059170087e-05,-2.981374420645e-05
2.250000000000e+00,-2.019210626991e-05,-2.032641116082e-05,-2.201963722883e-05,-5.035009652206e-05,-2.079657352159e-05,-3.221798491931e-05,-2.729179440861e-05,-3.497234639849e-05,-2.951414988099e-05
2.255000000000e+00,-1.973529105623e-05,-1.960795382864e-05,-2.183504030924e-05,-5.134291855592e-05,-1.273814633617e-05,-3.291025572654e-05,-2.802906460933e-05,-3.255668230577e-05,-2.921873613472e-05
2.260000000000e+00,-1.936212454486e-05,-1.908257160681e-05,-2.165254167523e-05,-5.163556250221e-05,-5.021372616600e-06,-3.390621974950e-05,-2.878182638094e-05,-2.997675719478e-05,-2.892742774188e-05
2.265000000000e+00,-1.907600856709e-05,-1.877180351888e-05,-2.147211111949e-05,-5.114543728068e-05,1.780548122544e-06,-3.528838197704e-05,-2.952276418232e-05,-2.740502222000e-05,-2.864015126624e-05
2.270000000000e+00,-1.887824092996e-05,-1.868077066014e-05,-2.129371896462e-05,-4.980993126804e-05,7.069882848763e-06,-3.715926749186e-05,-3.022544599222e-05,-2.501027379095e-05,-2.835683488525e-05
2.275000000000e+00,-1.876804325604e-05,-1.879833456078e-05,-2.111733592778e-05,-4.759156782446e-05,1.024042043607e-05,-3.964546376472e-05,-3.086479021786e-05,-2.294517955178e-05,-2.807740821923e-05
2.280000000000e+00,-1.874261335603e-05,-1.909839191122e-05,-2.094293323677e-05,-4.448341288445e-05,1.069145849021e-05,-4.290225253829e-05,-3.141750608431e-05,-2.133510157669e-05,-2.780180242317e-05
2.285000000000e+00,-1.879986631181e-05,-1.954227742517e-05,-2.077048274207e-05,-4.048697382461e-05,7.838786731365e-06,-4.711885394421e-05,-3.185759584773e-05,-2.026914803759e-05,-2.752995027582e-05
2.290000000000e+00,-1.893968927157e-05,-2.008196945245e-05,-2.059995678173e-05,-3.562958991218e-05,1.122100743134e-06,-5.252428630674e-05,-3.214537709927e-05,-1.979399722171e-05,-2.726178601337e-05
2.295000000000e+00,-1.913893447447e-05,-2.066389941263e-05,-2.043132804936e-05,-3.024443097071e-05,-9.991479383465e-06,-5.939382167113e-05,-3.228727850668e-05,-1.991096499118e-05,-2.699724516889e-05
2.300000000000e+00,-1.938691878813e-05,-2.123299163220e-05,-2.026456970878e-05,-2.458864460057e-05,-2.600784478088e-05,-6.805598523446e-05,-3.227475745103e-05,-2.057645212974e-05,-2.673626467108e-05
2.305000000000e+00,-1.967212271016e-05,-2.173675379940e-05,-2.009965550472e-05,-1.899488294304e-05,-4.741008757168e-05,-7.890000450910e-05,-3.210275461935e-05,-2.170579377600e-05,-2.647878294301e-05
2.310000000000e+00,-1.998241832653e-05,-2.212890285090e-05,-1.993655963100e-05,-1.387708228459e-05,-7.466572103925e-05,-9.238356494106e-05,-3.176968160631e-05,-2.318002711247e-05,-2.622473975548e-05
2.315000000000e+00,-2.030529754255e-05,-2.237255251152e-05,-1.977525660187e-05,-9.735868421479e-06,-1.082364012380e-04,-1.090406741180e-04,-3.127737250508e-05,-2.485524653598e-05,-2.597407609298e-05
2.320000000000e+00,-2.062683367218e-05,-2.244248080042e-05,-1.961572136527e-05,-7.357597590473e-06,-1.485888892075e-04,-1.294893724454e-04,-3.062036328114e-05,-2.657366726636e-05,-2.572673428549e-05
2.325000000000e+00,-2.092935362562e-05,-2.232649753884e-05,-1.945792941222e-05,-7.888822311433e-06,-1.962062646845e-04,-1.544389539980e-04,-2.980383744177e-05,-2.817564196590e-05,-2.548265815774e-05
2.330000000000e+00,-2.120154312307e-05,-2.202581698199e-05,-1.930185664845e-05,-1.200971144586e-05,-2.515981188045e-04,-1.846962841955e-04,-2.886202091089e-05,-2.951173310163e-05,-2.524179296467e-05
2.335000000000e+00,-2.143278372344e-05,-2.155442235518e-05,-1.914747926954e-05,-2.071679573947e-05,-3.153085125139e-04,-2.211707245324e-04,-2.781117843481e-05,-3.045392291998e-05,-2.500408538000e-05
2.340000000000e+00,-2.161345198865e-05,-2.093753028846e-05,-1.899477387316e-05,-3.510260980719e-05,-3.879205885238e-04,-2.648770965554e-04,-2.666958514603e-05,-3.090519998582e-05,-2.476948380549e-05
2.345000000000e+00,-2.173503982463e-05,-2.020924752293e-05,-1.884371756871e-05,-5.635039098022e-05,-4.700567472948e-04,-3.169360411594e-04,-2.545728116514e-05,-3.080669945506e-05,-2.453793878727e-05
2.350000000000e+00,-2.179026162328e-05,-1.940980215558e-05,-1.869428785406e-05,-8.572738562915e-05,-5.623738395448e-04,-3.785710663699e-04,-2.419583306696e-05,-3.014210837637e-05,-2.430940335396e-05
2.355000000000e+00,-2.176436013311e-05,-1.858231860980e-05,-1.854646249737e-05,-1.258756929118e-04,-6.655525644688e-04,-4.511015335431e-04,-2.290899436439e-05,-2.893878061223e-05,-2.408383359822e-05
2.360000000000e+00,-2.165351357435e-05,-1.776961930518e-05,-1.840021965388e-05,-1.785802864516e-04,-7.802811185533e-04,-5.359308088965e-04,-2.163078060502e-05,-2.726566954935e-05,-2.386118984883e-05
2.365000000000e+00,-2.146308128319e-05,-1.701116625467e-05,-1.825553798323e-05,-2.443951731675e-04,-9.072330585748e-04,-6.345288114273e-04,-2.038872889921e-05,-2.522814972906e-05,-2.364143834253e-05
2.370000000000e+00,-2.119306620004e-05,-1.634044572248e-05,-1.811239654430e-05,-3.247796198449e-04,-1.047039881914e-03,-7.484082331607e-04,-1.920870763777e-05,-2.296016714155e-05,-2.342455337942e-05
2.375000000000e+00,-2.084499511991e-05,-1.578290799392e-05,-1.797077470299e-05,-4.211615475622e-04,-1.200259016761e-03,-8.790938000144e-04,-1.811697420390e-05,-2.061422169662e-05,-2.321052050485e-05
2.380000000000e+00,-2.042192224716e-05,-1.535467506701e-05,-1.783065228341e-05,-5.349124884131e-04,-1.367338274284e-03,-1.028084081400e-03,-1.714007841133e-05,-1.834998398728e-05,-2.299934137049e-05
2.385000000000e+00,-1.992843024099e-05,-1.506199088359e-05,-1.769200973908e-05,-6.673212727325e-04,-1.548577909032e-03,-1.196805549048e-03,-1.630476420832e-05,-1.632225884466e-05,-2.279104060908e-05
2.390000000000e+00,-1.936279961372e-05,-1.490149745725e-05,-1.755482813441e-05,-8.227589529216e-04,-1.744091750340e-03,-1.386558839225e-03,-1.566910201982e-05,-1.466923349714e-05,-2.258567527686e-05
2.395000000000e+00,-1.874236228628e-05,-1.486125261238e-05,-1.741908918173e-05,-1.000545013718e-03,-1.953768870647e-03,-1.598457486942e-03,-1.525203482339e-05,-1.350179210933e-05,-2.238334815758e-05
2.400000000000e+00,-1.808142765139e-05,-1.492233964695e-05,-1.728477558003e-05,-1.200136303454e-03,-2.177237225935e-03,-1.833359767335e-03,-1.506934073996e-05,-1.289463107639e-05,-2.218422657883e-05
2.405000000000e+00,-1.739225294173e-05,-1.506095943560e-05,-1.715187146448e-05,-1.421851722442e-03,-2.413830807961e-03,-2.091794691701e-03,-1.514539072756e-05,-1.287981931090e-05,-2.198856839891e-05
2.410000000000e+00,-1.668856628039e-05,-1.525076467224e-05,-1.702036280200e-05,-1.665709889524e-03,-2.662561590869e-03,-2.373883658324e-03,-1.550280179890e-05,-1.344321596136e-05,-2.179675743891e-05
2.415000000000e+00,-1.598553065995e-05,-1.546526296154e-05,-1.689023802986e-05,-1.931400634568e-03,-2.922097455904e-03,-2.679259735166e-03,-1.616183262864e-05,-1.452402561404e-05,-2.160935187331e-05
2.420000000000e+00,-1.529969748171e-05,-1.568003954423e-05,-1.676148925849e-05,-2.218257629384e-03,-3.190747035221e-03,-3.006987028087e-03,-1.713970524821e-05,-1.601747912337e-05,-2.142715008815e-05
2.425000000000e+00,-1.466114359610e-05,-1.587465516579e-05,-1.663411396058e-05,-2.528530875748e-03,-3.466452211480e-03,-3.355483041744e-03,-1.851355900847e-05,-1.778054362766e-05,-2.125127931237e-05
2.430000000000e+00,-1.408842538971e-05,-1.603400962682e-05,-1.650811713426e-05,-2.856617916515e-03,-3.746788622673e-03,-3.722447348672e-03,-2.023146840357e-05,-1.964021296742e-05,-2.108331388922e-05
2.435000000000e+00,-1.360155967265e-05,-1.614907475156e-05,-1.638351443537e-05,-3.199779475908e-03,-4.028974410680e-03,-4.104800215400e-03,-2.228020980627e-05,-2.140392392798e-05,-2.092543245000e-05
2.440000000000e+00,-1.322166606037e-05,-1.621697981518e-05,-1.626033686841e-05,-3.555198108631e-03,-4.309887119307e-03,-4.498635058330e-03,-2.464330868679e-05,-2.287146606083e-05,-2.078062565745e-05
2.445000000000e+00,-1.296985562780e-05,-1.624037824556e-05,-1.613863732662e-05,-3.919609823011e-03,-4.586088379735e-03,-4.899188687462e-03,-2.729355627692e-05,-2.384764979755e-05,-2.065296861372e-05
2.450000000000e+00,-1.286682567617e-05,-1.622619025703e-05,-1.601849945509e-05,-4.289311537720e-03,-4.853855870038e-03,-5.300833220050e-03,-3.019187097567e-05,-2.415500480743e-05,-2.054797545411e-05
2.455000000000e+00,-1.293601438682e-05,-1.618385523781e-05,-1.590004996284e-05,-4.660081070232e-03,-5.109221991309e-03,-5.697093285852e-03,-3.328816209222e-05,-2.364590040711e-05,-2.047305823875e-05
2.460000000000e+00,-1.323223686337e-05,-1.612321568892e-05,-1.578347580007e-05,-5.025083069136e-03,-5.348018391987e-03,-6.080691680570e-03,-3.650764889973e-05,-2.221340450401e-05,-2.043811715936e-05
2.465000000000e+00,-1.373638801192e-05,-1.605222721412e-05,-1.566904757057e-05,-5.378867479858e-03,-5.565925591842e-03,-6.443625947179e-03,-3.971682743456e-05,-1.980043143564e-05,-2.045629413434e-05
2.470000000000e+00,-1.445700767217e-05,-1.597475014580e-05,-1.555715103585e-05,-5.715923141237e-03,-5.758526926123e-03,-6.777277482665e-03,-4.280437387146e-05,-1.640687719946e-05,-2.054492804895e-05
2.475000000000e+00,-1.539757992898e-05,-1.588856738730e-05,-1.544832959269e-05,-6.030535607618e-03,-5.921365986641e-03,-7.072553693727e-03,-4.564588049693e-05,-1.209456421431e-05,-2.072675749878e-05
2.480000000000e+00,-1.655573706248e-05,-1.578394887977e-05,-1.534334136657e-05,-6.316846182484e-03,-6.050006971781e-03,-7.320062482221e-03,-4.810579847654e-05,-6.990059564391e-06,-2.103142478817e-05
2.485000000000e+00,-1.792247703486e-05,-1.564276822769e-05,-1.524323508663e-05,-6.568914353183e-03,-6.140097137549e-03,-7.510316968648e-03,-5.003990141951e-05,-1.285448837463e-06,-2.149734243221e-05
2.490000000000e+00,-1.949009134807e-05,-1.543850742081e-05,-1.514945005810e-05,-6.778070688876e-03,-6.187431064348e-03,-7.633966914286e-03,-5.124890354733e-05,4.762412367068e-06,-2.217399148016e-05
2.495000000000e+00,-2.123468287364e-05,-1.513711784721e-05,-1.506394736972e-05,-6.932060498368e-03,-6.188016084550e-03,-7.682051840396e-03,-5.145442925655e-05,1.083390399834e-05,-2.312472999082e-05
2.500000000000e+00,-2.308376575518e-05,-1.469878419880e-05,-1.498938118217e-05,-7.031580646464e-03,-6.138138576467e-03,-7.646269432263e-03,-5.063105408025e-05,1.654926057300e-05,-2.443019797810e-05
2.505000000000e+00,-2.498381056030e-05,-1.408063093037e-05,-1.492932052398e-05,-7.071578452450e-03,-6.034430766142e-03,-7.519251531139e-03,-4.867559671477e-05,2.147132872529e-05,-2.619241036405e-05
2.510000000000e+00,-2.687180675956e-05,-1.324021547489e-05,-1.488853433958e-05,-7.047460194375e-03,-5.873937580553e-03,-7.294838937607e-03,-4.552033106364e-05,2.510789338400e-05,-2.853963298093e-05
2.515000000000e+00,-2.867575787880e-05,-1.213977132312e-05,-1.487335568615e-05,-6.955167065982e-03,-5.654183211260e-03,-6.968345447871e-03,-4.114321947246e-05,2.691313912159e-05,-3.163213877988e-05
2.520000000000e+00,-3.031540295746e-05,-1.075093147714e-05,-1.489214413183e-05,-6.791249077401e-03,-5.373236762170e-03,-6.536801082250e-03,-3.557873253507e-05,2.628791065903e-05,-3.566893851785e-05
2.525000000000e+00,-3.166714520061e-05,-9.059849097818e-06,-1.495586839799e-05,-6.545714697002e-03,-5.029776384753e-03,-5.999164396610e-03,-2.885820685293e-05,2.257853714729e-05,-4.089556914818e-05
2.530000000000e+00,-3.259394546114e-05,-7.072395629943e-06,-1.507883496711e-05,-6.214955399468e-03,-4.623150960574e-03,-5.356494133286e-03,-2.129876482460e-05,1.507423293249e-05,-4.761300554712e-05
2.535000000000e+00,-3.303074415438e-05,-4.819287907586e-06,-1.527959289794e-05,-5.807199209603e-03,-4.153438328208e-03,-4.612071286319e-03,-1.343195253540e-05,3.003188299030e-06,-5.618773739755e-05
2.540000000000e+00,-3.288795250100e-05,-2.360933344254e-06,-1.558204937829e-05,-5.323176979372e-03,-3.621498773723e-03,-3.771463919402e-03,-5.805183016289e-06,-1.447229889805e-05,-6.706301733181e-05
2.545000000000e+00,-3.208533903400e-05,2.082193561763e-07,-1.601683406203e-05,-4.764586032449e-03,-3.029022307700e-03,-2.842528756461e-03,8.863177911109e-07,-3.826119814568e-05,-8.077123483722e-05
2.550000000000e+00,-3.055645927354e-05,2.755934937696e-06,-1.662295382752e-05,-4.134103112092e-03,-2.378568071490e-03,-1.835345615820e-03,5.787981802042e-06,-6.934894167109e-05,-9.794730651385e-05
2.555000000000e+00,-2.825340502755e-05,5.109161184674e-06,-1.744978342103e-05,-3.435389948925e-03,-1.673594118024e-03,-7.620831054400e-04,7.875138521920e-06,-1.088017812862e-04,-1.193428982004e-04
2.560000000000e+00,-2.505222931536e-05,7.051801281385e-06,-1.855943984818e-05,-2.665848398190e-03,-9.184756564706e-04,3.632034579223e-04,5.127577706262e-06,-1.577694436131e-04,-1.458412015568e-04
2.565000000000e+00,-2.103949045295e-05,8.323272909083e-06,-2.002958817657e-05,-1.837328312346e-03,-1.185098991187e-04,1.524838307683e-03,-4.259249019045e-06,-2.174853264342e-04,-1.784718745417e-04
2.570000000000e+00,-1.637183907452e-05,8.617860980063e-06,-2.195672456190e-05,-9.619611913062e-04,7.200942972155e-04,2.705849458587e-03,-2.176014909617e-05,-2.892634186411e-04,-2.184256300037e-04
2.575000000000e+00,-1.120199312671e-05,7.584782912776e-06,-2.445997892543e-05,-4.791926469253e-05,1.590243614936e-03,3.888342247291e-03,-4.936273384043e-05,-3.744913218271e-04,-2.670678234700e-04
2.580000000000e+00,-5.745096134946e-06,4.828917196063e-06,-2.768547218048e-05,8.959416617138e-04,2.484005705144e-03,5.053911338051e-03,-8.923592847038e-05,-4.746187147688e-04,-3.259502455741e-04
2.585000000000e+00,-2.849933715012e-07,-8.794251140087e-08,-3.181124941212e-05,1.860167266246e-03,3.392673828937e-03,6.184078554707e-03,-1.437178832759e-04,-5.911409723896e-04,-3.968201695335e-04
2.590000000000e+00,4.819673481649e-06,-7.645264170966e-06,-3.705279241729e-05,2.834795904548e-03,4.306851409637e-03,7.260742585839e-03,-2.153010543904e-04,-7.255775725487e-04,-4.816255553172e-04
2.595000000000e+00,8.847408138678e-06,-1.836168544603e-05,-4.366909274721e-05,3.806784746122e-03,5.216556356721e-03,8.266625850245e-03,-3.106570959744e-04,-8.794454698953e-04,-5.825151792355e-04
2.600000000000e+00,1.115121796963e-05,-3.279241430918e-05,-5.196923636960e-05,4.762447061424e-03,6.111344929374e-03,9.185703654873e-03,-4.307184229034e-04,-1.054227432817e-03,-7.018323413471e-04
2.605000000000e+00,1.104500178794e-05,-5.152642652849e-05,-6.231941151223e-05,5.691181171319e-03,6.980453728802e-03,1.000360124501e-02,-5.775173217584e-04,-1.251335955594e-03,-8.421007140625e-04
2.610000000000e+00,7.711586931381e-06,-7.518314581143e-05,-7.515020510953e-05,6.582493386392e-03,7.812958326121e-03,1.070794542080e-02,-7.538103821120e-04,-1.472073141401e-03,-1.006000856376e-03
2.615000000000e+00,2.387041364130e-07,-1.044087373466e-04,-9.096400162708e-05,7.426202818872e-03,8.597945982104e-03,1.128865903098e-02,-9.622629122380e-04,-1.717587421471e-03,-1.196335943066e-03
2.620000000000e+00,-1.237858724656e-05,-1.398718322560e-04,-1.103422375444e-04,8.212558843031e-03,9.324699482323e-03,1.173818878373e-02,-1.205397878356e-03,-1.988828029350e-03,-1.415985350967e-03
2.625000000000e+00,-3.123431937458e-05,-1.822584805729e-04,-1.339521953387e-04,8.932356711659e-03,9.982888679919e-03,1.205165933764e-02,-1.485542412838e-03,-2.286498089512e-03,-1.667844918199e-03
2.630000000000e+00,-5.945365240311e-05,-2.322662304887e-04,-1.625529483648e-04,9.559228945603e-03,1.056276564825e-02,1.222694943315e-02,-1.813334986411e-03,-2.611007514283e-03,-1.954752968371e-03
2.635000000000e+00,-9.705292469169e-05,-2.905970553340e-04,-1.969999954808e-04,1.010022852549e-02,1.105535918668e-02,1.226468876605e-02,-2.182387573027e-03,-2.962426635963e-03,-2.279401577504e-03
2.640000000000e+00,-1.453806680591e-04,-3.579490215801e-04,-2.382480532549e-04,1.054963371811e-02,1.145266401734e-02,1.216817725494e-02,-2.593486366483e-03,-3.340441762734e-03,-2.644233057635e-03
2.645000000000e+00,-2.058049683163e-04,-4.350064101768e-04,-2.873513938646e-04,1.090282007311e-02,1.174782005532e-02,1.194323118475e-02,-3.046851536487e-03,-3.744313572063e-03,-3.051322214719e-03
2.650000000000e+00,-2.796942184915e-04,-5.224282382888e-04,-3.454610745775e-04,1.115630902601e-02,1.193527699477e-02,1.159796327421e-02,-3.542081151990e-03,-4.172839346540e-03,-3.502245674445e-03
2.655000000000e+00,-3.683965470476e-04,-6.208350106560e-04,-4.138183421588e-04,1.130780752841e-02,1.201093974251e-02,1.114250593572e-02,-4.078097869720e-03,-4.624319922908e-03,-3.997940333360e-03
2.660000000000e+00,-4.738848565394e-04,-7.307937122243e-04,-4.937434932492e-04,1.135238246819e-02,1.197229044603e-02,1.058868874762e-02,-4.654424377542e-03,-5.096532134270e-03,-4.538553889953e-03
2.665000000000e+00,-6.000493475417e-04,-8.528010659453e-04,-5.866194590329e-04,1.127741134966e-02,1.181848335302e-02,9.949682413654e-03,-5.271864388650e-03,-5.586707443885e-03,-5.123291282381e-03
2.670000000000e+00,-7.451263594439e-04,-9.872651718349e-04,-6.938694441225e-04,1.110304732734e-02,1.155040926086e-02,9.239622169510e-03,-5.919507295087e-03,-6.091517399567e-03,-5.750261794258e-03
2.675000000000e+00,-9.099181907807e-04,-1.134485777614e-03,-8.169280142134e-04,1.083308826707e-02,1.117072696200e-02,8.473223741122e-03,-6.592164431082e-03,-6.607066452709e-03,-6.416332419812e-03
2.680000000000e+00,-1.095017386419e-03,-1.294633480902e-03,-9.572051778718e-04,1.047241133542e-02,1.068385987019e-02,7.665404547405e-03,-7.283778888502e-03,-7.128892635927e-03,-7.116993872022e-03
2.685000000000e+00,-1.300778423521e-03,-1.467728235443e-03,-1.116043172587e-03,1.002690377877e-02,1.009595680062e-02,6.830921953526e-03,-7.987440042308e-03,-7.651976525942e-03,-7.846246201193e-03
2.690000000000e+00,-1.527289939844e-03,-1.653617661091e-03,-1.294665922219e-03,9.503386496182e-03,9.414816742854e-03,5.984039050719e-03,-8.695406304955e-03,-8.170758923401e-03,-8.596511421426e-03
2.695000000000e+00,-1.775826048682e-03,-1.851955686732e-03,-1.494121408076e-03,8.905109873746e-03,8.649778315590e-03,5.138226785415e-03,-9.397834282743e-03,-8.679167612931e-03,-9.358580654501e-03
2.700000000000e+00,-2.046542077162e-03,-2.062182127742e-03,-1.715217556657e-03,8.240530055000e-03,7.811575467067e-03,4.305909345117e-03,-1.008073510322e-02,-9.170653599040e-03,-1.012160314592e-02
2.705000000000e+00,-2.335449361062e-03,-2.283503776053e-03,-1.958452627252e-03,7.528302988377e-03,6.912161876594e-03,3.498257662034e-03,-1.073426592314e-02,-9.638237116816e-03,-1.087312395820e-02
2.710000000000e+00,-2.640866241444e-03,-2.514877660220e-03,-2.223941510635e-03,6.778191541941e-03,5.964507223597e-03,2.725033800023e-03,-1.134748763429e-02,-1.007456375128e-02,-1.159917622851e-02
2.715000000000e+00,-2.960705385897e-03,-2.754997084266e-03,-2.511339798081e-03,6.000127337916e-03,4.982369280192e-03,1.994486948325e-03,-1.190916083709e-02,-1.047197089188e-02,-1.228443255889e-02
2.720000000000e+00,-3.292469307383e-03,-3.002281039622e-03,-2.819767928324e-03,5.204093165993e-03,3.980046361537e-03,1.313299843237e-03,-1.240786790128e-02,-1.082256470176e-02,-1.291241839372e-02
2.725000000000e+00,-3.633249172450e-03,-3.254867502506e-03,-3.147738146967e-03,4.400006570263e-03,2.972115293280e-03,6.865827485218e-04,-1.283214128178e-02,-1.111830762330e-02,-1.346578815864e-02
2.730000000000e+00,-3.979749324508e-03,-3.510611134416e-03,-3.493087396936e-03,3.599250668636e-03,1.973160367148e-03,1.179107004817e-04,-1.315916136374e-02,-1.135111631028e-02,-1.392666254758e-02
2.735000000000e+00,-4.326466513584e-03,-3.767085774577e-03,-3.852919572011e-03,2.814409379175e-03,9.974991127265e-04,-3.906013978303e-04,-1.337562187766e-02,-1.151296970280e-02,-1.427702272439e-02
2.740000000000e+00,-4.668467517906e-03,-4.021592045489e-03,-4.223560776090e-03,2.053557686075e-03,5.891090153401e-05,-8.381920450093e-04,-1.347983526889e-02,-1.159602662932e-02,-1.449915444634e-02
2.745000000000e+00,-5.001006878889e-03,-4.271170348249e-03,-4.600531311543e-03,1.324378471208e-03,-8.296256799103e-04,-1.225321452779e-03,-1.346274160727e-02,-1.159275216515e-02,-1.457613233713e-02
2.750000000000e+00,-5.319083554282e-03,-4.512619335365e-03,-4.978538048605e-03,6.338158170653e-04,-1.656180698883e-03,-1.553521737932e-03,-1.331629878546e-02,-1.149605152707e-02,-1.449233187474e-02
2.755000000000e+00,-5.617485951990e-03,-4.742520016868e-03,-5.351490582703e-03,-1.198173211598e-05,-2.410100450175e-03,-1.825235704052e-03,-1.303362568131e-02,-1.129941005095e-02,-1.423395425605e-02
2.760000000000e+00,-5.890840572323e-03,-4.957265381866e-03,-5.712544149278e-03,-6.077104475007e-04,-3.082209359314e-03,-2.043650544910e-03,-1.260914058332e-02,-1.099703735349e-02,-1.378954729381e-02
2.765000000000e+00,-6.127857689143e-03,-5.153095522538e-03,-6.054171629388e-03,-1.140085670377e-03,-3.664981543482e-03,-2.212532219738e-03,-1.201633555414e-02,-1.058401349575e-02,-1.315050403083e-02
2.770000000000e+00,-6.324227390950e-03,-5.326138033737e-03,-6.368266149632e-03,-1.610388962697e-03,-4.152677870387e-03,-2.336065516103e-03,-1.126701224025e-02,-1.005643454380e-02,-1.231151994731e-02
2.775000000000e+00,-6.476434952435e-03,-5.472453452634e-03,-6.646274769701e-03,-2.020137603208e-03,-4.541445111959e-03,-2.418703979408e-03,-1.037053014206e-02,-9.411554666594e-03,-1.127098958983e-02
2.780000000000e+00,-6.579410511167e-03,-5.588085394275e-03,-6.879362581912e-03,-2.368624555804e-03,-4.829374620403e-03,-2.465032996201e-03,-9.329844974321e-03,-8.647921563895e-03,-1.003132422801e-02
2.785000000000e+00,-6.628387622232e-03,-5.669115020952e-03,-7.058605256476e-03,-2.656000111623e-03,-5.016518883962e-03,-2.479648417074e-03,-8.149809827467e-03,-7.765501896364e-03,-8.599173777544e-03
2.790000000000e+00,-6.618974132902e-03,-5.711719360430e-03,-7.175206704443e-03,-2.883231983311e-03,-5.104865253889e-03,-2.467052235424e-03,-6.837183263987e-03,-6.765793177008e-03,-6.985538709927e-03
2.795000000000e+00,-6.547222669238e-03,-5.712232898820e-03,-7.220737154787e-03,-3.052059442214e-03,-5.098267096926e-03,-2.431566033729e-03,-5.400622665715e-03,-5.651918544951e-03,-5.205760941535e-03
2.800000000000e+00,-6.396625743030e-03,-5.667211867933e-03,-7.187385615063e-03,-3.155358783606e-03,-5.002333740130e-03,-2.377262192334e-03,-3.833067433671e-03,-4.428700938001e-03,-3.279386652205e-03
2.805000000000e+00,-6.175422549824e-03,-5.573500472758e-03,-7.068219476844e-03,-3.206913323908e-03,-4.824281498411e-03,-2.307912244713e-03,-2.170499154452e-03,-3.102713294014e-03,-1.229898481526e-03
2.810000000000e+00,-5.883524599691e-03,-5.428298261313e-03,-6.857443011467e-03,-3.211858464950e-03,-4.572749069176e-03,-2.226951269448e-03,-4.305928753003e-04,-1.682301671328e-03,9.156805868907e-04
2.815000000000e+00,-5.520395533027e-03,-5.229227676168e-03,-6.550645746857e-03,-3.174640567427e-03,-4.257581487006e-03,-2.137456835832e-03,1.369716667352e-03,-1.775785648017e-04,3.127304327319e-03
2.820000000000e+00,-5.086336919785e-03,-4.974400852044e-03,-6.145031281214e-03,-3.099979676455e-03,-3.889587747307e-03,-2.042140761986e-03,3.212324580502e-03,1.399615779104e-03,5.372529097899e-03
2.825000000000e+00,-4.582516632562e-03,-4.662484428900e-03,-5.639617024712e-03,-2.992792796900e-03,-3.480277769554e-03,-1.943351794019e-03,5.078135521479e-03,3.035785782610e-03,7.617231506928e-03
2.830000000000e+00,-4.009794224191e-03,-4.292761189740e-03,-5.035395704236e-03,-2.857721320777e-03,-3.041585101004e-03,-1.843087262214e-03,6.946819048610e-03,4.715887663483e-03,9.826396953662e-03
2.835000000000e+00,-3.361646056499e-03,-3.865187219199e-03,-4.335450235291e-03,-2.697683840785e-03,-2.585582192547e-03,-1.743011801319e-03,8.788053387349e-03,6.423471537050e-03,1.196495474603e-02
2.840000000000e+00,-2.655630223285e-03,-3.380443110071e-03,-3.545014753490e-03,-2.522721755859e-03,-2.124195238239e-03,-1.644481319413e-03,1.058058690608e-02,8.140858012389e-03,1.399863309855e-02
2.845000000000e+00,-1.897386647858e-03,-2.839977805711e-03,-2.671476179615e-03,-2.337491221417e-03,-1.668925822220e-03,-1.548570547679e-03,1.230406719274e-02,9.849347929864e-03,1.589480598355e-02
2.850000000000e+00,-1.093349785910e-03,-2.246043555667e-03,-1.724312621217e-03,-2.146380443193e-03,-1.230586375788e-03,-1.456102688074e-03,1.393874356821e-02,1.152946309492e-02,1.762330362863e-02
2.855000000000e+00,-2.506950403932e-04,-1.601720530807e-03,-7.149671205846e-04,-1.953468031235e-03,-8.190562694803e-04,-1.367679883133e-03,1.546569535588e-02,1.316121499010e-02,1.915715945177e-02
2.860000000000e+00,6.227213067238e-04,-9.109296408932e-04,3.433423469656e-04,-1.762485968606e-03,-4.430647792863e-04,-1.283713447472e-03,1.686705466516e-02,1.472439771466e-02,2.047326837542e-02
2.865000000000e+00,1.518999193553e-03,-1.784322477982e-04,1.435873241659e-03,-1.577293990219e-03,-1.100065729752e-04,-1.204453013422e-03,1.811709886943e-02,1.619890060205e-02,2.155293467223e-02
2.870000000000e+00,2.426874753919e-03,5.901843669268e-04,2.546663358615e-03,-1.402406852547e-03,1.742054870650e-04,-1.130013946881e-03,1.918159205524e-02,1.756503526807e-02,2.238229162091e-02
2.875000000000e+00,3.333385059899e-03,1.388536838658e-03,3.658882110810e-03,-1.239057949860e-03,4.052465186184e-04,-1.060402577424e-03,2.007089112307e-02,1.880387139883e-02,2.295258010043e-02
2.880000000000e+00,4.228697696241e-03,2.209491433369e-03,4.755217995939e-03,-1.088878443656e-03,5.804419698490e-04,-9.955389528913e-04,2.077587448499e-02,1.989757486852e-02,2.326027860308e-02
2.885000000000e+00,5.102954153825e-03,3.045226157943e-03,5.818290358656e-03,-9.530824993618e-04,6.987847982897e-04,-9.352769704708e-04,2.128964850231e-02,2.082974167561e-02,2.330708275101e-02
2.890000000000e+00,5.946379341589e-03,3.887309229692e-03,6.831072322495e-03,-8.324827876120e-04,7.609072057473e-04,-8.794218546318e-04,2.160761891380e-02,2.158572076017e-02,2.309973799470e-02
2.895000000000e+00,6.749391522738e-03,4.726793614570e-03,7.777311050079e-03,-7.275091449602e-04,7.690080595181e-04,-8.277450472380e-04,2.172754438541e-02,2.215291880179e-02,2.264973450049e-02
2.900000000000e+00,7.496914473439e-03,5.554326859516e-03,8.641931343006e-03,-6.396590460867e-04,7.267383764028e-04,-7.799966465819e-04,2.163138775189e-02,2.252108011711e-02,2.197287806473e-02
2.905000000000e+00,8.176014748387e-03,6.360275021933e-03,9.411409030666e-03,-5.686651161652e-04,6.390484290411e-04,-7.359155819138e-04,2.132065624406e-02,2.268253497559e-02,2.108875501863e-02
2.910000000000e+00,8.784915076278e-03,7.134859136087e-03,1.007410160568e-02,-5.119530232322e-04,5.120012685936e-04,-6.952377426137e-04,2.082494669465e-02,2.263241010790e-02,2.002011234115e-02
2.915000000000e+00,9.316916889828e-03,7.868302123372e-03,1.062052510090e-02,-4.685233038559e-04,3.525583061497e-04,-6.577022991595e-04,2.015359885337e-02,2.236879557686e-02,1.879217646223e-02
2.920000000000e+00,9.766215334135e-03,8.550983764199e-03,1.104356820252e-02,-4.372151087911e-04,1.683435460751e-04,-6.230564576776e-04,1.931790718459e-02,2.189286295710e-02,1.743193545362e-02
2.925000000000e+00,1.012796662300e-02,9.173600968679e-03,1.133863696352e-02,-4.167406348382e-04,-3.260633463483e-05,-5.910588838868e-04,1.833096645926e-02,2.120893055890e-02,1.596740946205e-02
2.930000000000e+00,1.039834833844e-02,9.727330255247e-03,1.150372610925e-02,-4.057190075709e-04,-2.420984793195e-04,-5.614820198949e-04,1.720750423476e-02,2.032447231279e-02,1.442693337797e-02
2.935000000000e+00,1.056200026323e-02,1.020398913715e-02,1.153941568884e-02,-4.034949759179e-04,-4.520391443110e-04,-5.341135007957e-04,1.595117225725e-02,1.925006801573e-02,1.283847394571e-02
2.940000000000e+00,1.062295081200e-02,1.059619297810e-02,1.144879459719e-02,-4.076655579390e-04,-6.546800164086e-04,-5.087568576697e-04,1.459283327414e-02,1.799929381587e-02,1.122900094041e-02
2.945000000000e+00,1.058904664297e-02,1.089750378337e-02,1.123731514522e-02,-4.162512288273e-04,-8.428481774310e-04,-4.852316710778e-04,1.316024370009e-02,1.658855299403e-02,9.623928828409e-03
2.950000000000e+00,1.046214213562e-02,1.110256737911e-02,1.091258527049e-02,-4.279323345828e-04,-1.010152832483e-03,-4.633733173915e-04,1.167260951790e-02,1.503684836241e-02,8.046641668649e-03
2.955000000000e+00,1.024517982912e-02,1.120723558771e-02,1.048410705318e-02,-4.414782727030e-04,-1.151162706865e-03,-4.430324302892e-04,1.014921461688e-02,1.336549896884e-02,6.518110098398e-03
2.960000000000e+00,9.942147085975e-03,1.120867017615e-02,9.962971850726e-03,-4.557609884675e-04,-1.261548955580e-03,-4.240741806116e-04,8.609195565134e-03,1.159780505596e-02,5.056605270267e-03
2.965000000000e+00,9.558024286231e-03,1.110542562787e-02,9.361523530390e-03,-4.697663147068e-04,-1.338189627108e-03,-4.063774600185e-04,7.071320081792e-03,9.758666528016e-03,3.677510750947e-03
2.970000000000e+00,9.087755819824e-03,1.089750816961e-02,8.693001924390e-03,-4.822341624499e-04,-1.379232936091e-03,-3.898340394368e-04,5.561378264416e-03,7.874161405508e-03,2.393229811930e-03
2.975000000000e+00,8.550458544336e-03,1.058640891356e-02,7.971178752194e-03,-4.924476946942e-04,-1.384118037794e-03,-3.743477622885e-04,4.097938556270e-03,5.971091863375e-03,1.213182373255e-03
2.980000000000e+00,7.956954105119e-03,1.017510950847e-02,7.209997869058e-03,-4.999562237984e-04,-1.353553322717e-03,-3.598338234085e-04,2.694947557106e-03,4.076506514799e-03,1.438832086412e-04
2.985000000000e+00,7.315721170446e-03,9.668059212145e-03,6.423230854758e-03,-5.043787849684e-04,-1.289453763589e-03,-3.462181772989e-04,1.365799064871e-03,2.217208397772e-03,-8.109090474571e-04
2.990000000000e+00,6.635558002229e-03,9.071122930700e-03,5.624157712639e-03,-5.054466006664e-04,-1.194840156018e-03,-3.334371153868e-04,1.223294755412e-04,4.192588379136e-04,-1.649984002072e-03
2.995000000000e+00,5.925464608318e-03,8.391500420946e-03,4.825280885920e-03,-5.029952913798e-04,-1.073704348163e-03,-3.214370511916e-04,-1.025270494691e-03,-1.292512173100e-03,-2.374425460811e-03
3.000000000000e+00,5.194523027320e-03,7.637617456668e-03,4.038079010079e-03,-4.969563456979e-04,-9.308457271020e-04,-3.101745529838e-04,-2.068529050176e-03,-2.894978225805e-03,-2.987324227787e-03
3.005000000000e+00,4.452029974989e-03,6.818990461052e-03,3.272804905265e-03,-4.866488725326e-04,-7.716851350584e-04,-2.996166651577e-04,-2.976554512543e-03,-4.367160543751e-03,-3.493470440345e-03
3.010000000000e+00,3.710763679903e-03,5.946066686834e-03,2.538330363773e-03,-4.729739793018e-04,-6.020631295661e-04,-2.897415635394e-04,-3.767997019369e-03,-5.690633307973e-03,-3.899037372142e-03
3.015000000000e+00,2.978656732840e-03,5.030042686411e-03,1.842038395027e-03,-4.561376115669e-04,-4.280299816504e-04,-2.805395962136e-04,-4.441580276348e-03,-6.849880295148e-03,-4.211267504016e-03
3.020000000000e+00,2.263027792064e-03,4.082664380404e-03,1.189761840768e-03,-4.363891639403e-04,-2.556349729758e-04,-2.720147680443e-04,-4.997683041433e-03,-7.832593712489e-03,-4.438170243492e-03
3.025000000000e+00,1.570493877725e-03,3.116012488536e-03,5.857657373463e-04,-4.140167598764e-04,-9.072257220960e-05,-2.641867328899e-04,-5.438254547578e-03,-8.629907271300e-03,-4.588239067168e-03
3.030000000000e+00,9.068897607280e-04,2.142277585489e-03,3.276952835209e-05,-3.893436768484e-04,6.125731472763e-05,-2.570933639541e-04,-5.766719630188e-03,-9.236556899529e-03,-4.670194161103e-03
3.035000000000e+00,2.786535425149e-04,1.173529426376e-03,-4.679957458488e-04,-3.626724632022e-04,1.954184569763e-04,-2.507939798174e-04,-5.984142082024e-03,-9.650964034870e-03,-4.692754927998e-03
3.040000000000e+00,-3.043436575550e-04,2.214853891059e-04,-9.167008101352e-04,-3.343449291020e-04,3.075809508128e-04,-2.453733084506e-04,-6.085902894008e-03,-9.875238352176e-03,-4.664445087682e-03
3.045000000000e+00,-8.458933659862e-04,-7.027168718106e-04,-1.314807926479e-03,-3.051560974603e-04,3.943827290858e-04,-2.409462719376e-04,-6.098175062459e-03,-9.915098592128e-03,-4.593431580367e-03
3.050000000000e+00,-1.345023901984e-03,-1.588737403818e-03,-1.664942959644e-03,-2.756253108181e-04,4.533564418057e-04,-2.376636722331e-04,-6.029612986072e-03,-9.779712281003e-03,-4.487397139544e-03
3.055000000000e+00,-1.801769943583e-03,-2.427237508223e-03,-1.970755371888e-03,-2.463326885523e-04,4.829695220345e-04,-2.357188529954e-04,-5.889371151051e-03,-9.481457204743e-03,-4.353445264872e-03
3.060000000000e+00,-2.217145064048e-03,-3.210063855182e-03,-2.236771290239e-03,-2.179291719626e-04,4.826267922225e-04,-2.353553998439e-04,-5.686955235899e-03,-9.035609523926e-03,-4.198035409629e-03
3.065000000000e+00,-2.593104928469e-03,-3.930408569837e-03,-2.468244102073e-03,-1.911471179352e-04,4.526362572784e-04,-2.368759182792e-04,-5.432075632515e-03,-8.459965503354e-03,-4.026945506889e-03
3.070000000000e+00,-2.930151159653e-03,-4.582940941487e-03,-2.671006212436e-03,-1.670978205640e-04,3.941403087183e-04,-2.406518971624e-04,-5.132255776154e-03,-7.774405587376e-03,-3.845258489539e-03
3.075000000000e+00,-3.231950567299e-03,-5.163907058885e-03,-2.851324696762e-03,-1.473426932103e-04,3.090157462028e-04,-2.471346261951e-04,-4.798727206807e-03,-7.000411329229e-03,-3.657369195720e-03
3.080000000000e+00,-3.508294286288e-03,-5.671194180766e-03,-3.015762653342e-03,-1.327428316462e-04,1.997473169560e-04,-2.568670823981e-04,-4.445968452052e-03,-6.160546971460e-03,-3.467007967930e-03
3.085000000000e+00,-3.764642384269e-03,-6.104357483619e-03,-3.171047154639e-03,-1.246410499066e-04,6.928037736540e-05,-2.704966302119e-04,-4.082393735062e-03,-5.277918720191e-03,-3.277277323790e-03
3.090000000000e+00,-4.006785788145e-03,-6.464607546681e-03,-3.323943873559e-03,-1.245311812890e-04,-7.914087455805e-05,-2.887882971325e-04,-3.715796156014e-03,-4.375625388961e-03,-3.090698272362e-03
3.095000000000e+00,-4.240726846022e-03,-6.754757911486e-03,-3.481137763756e-03,-1.340608200006e-04,-2.421426952688e-04,-3.126382933417e-04,-3.353281338550e-03,-3.476214585079e-03,-2.909263141664e-03
3.100000000000e+00,-4.472557126126e-03,-6.979132913562e-03,-3.649118629371e-03,-1.550320265771e-04,-4.163914118662e-04,-3.430873342262e-04,-3.001210200993e-03,-2.601158492927e-03,-2.734492138874e-03
3.105000000000e+00,-4.709675206750e-03,-7.143437104262e-03,-3.834070057124e-03,-1.912613221300e-04,-5.987563317731e-04,-3.813331989999e-04,-2.667644183866e-03,-1.770363031326e-03,-2.567491257978e-03
3.110000000000e+00,-4.959777434572e-03,-7.254588387818e-03,-4.041760029498e-03,-2.454828543938e-04,-7.864590458798e-04,-4.287418265679e-04,-2.358178669405e-03,-1.001723147057e-03,-2.409009559239e-03
3.115000000000e+00,-5.227357012756e-03,-7.320518204443e-03,-4.277431599822e-03,-3.187422554979e-04,-9.772030659840e-04,-4.868561168334e-04,-2.074256259474e-03,-3.107360149323e-04,-2.259494250853e-03
3.120000000000e+00,-5.516688355988e-03,-7.349942848883e-03,-4.545692279344e-03,-4.134513294145e-04,-1.169278365360e-03,-5.574014701922e-04,-1.818078888825e-03,2.898178439309e-04,-2.119142387348e-03
3.125000000000e+00,-5.831277944231e-03,-7.352111017803e-03,-4.850401252593e-03,-5.320639062333e-04,-1.361636591694e-03,-6.422869662024e-04,-1.591074423639e-03,7.901172484848e-04,-1.987948349723e-03
3.130000000000e+00,-6.173770904411e-03,-7.336533384556e-03,-5.194554187469e-03,-6.770416683181e-04,-1.553933831404e-03,-7.436009711439e-04,-1.393936809444e-03,1.183460812239e-03,-1.865746583810e-03
3.135000000000e+00,-6.545864786298e-03,-7.312700743471e-03,-5.580166209279e-03,-8.508169255509e-04,-1.746539225358e-03,-8.635998837861e-04,-1.226671742403e-03,1.466341351810e-03,-1.752249340940e-03
3.140000000000e+00,-6.952549306056e-03,-7.289797653826e-03,-6.008154521086e-03,-1.060915432900e-03,-1.940508983369e-03,-1.004688687434e-03,-1.092741386059e-03,1.638433048257e-03,-1.647079386235e-03
3.145000000000e+00,-7.389466164678e-03,-7.276419019352e-03,-6.478223111989e-03,-1.307156899727e-03,-2.137526901016e-03,-1.169391964332e-03,-9.874633630906e-04,1.702492480332e-03,-1.549797808789e-03
3.150000000000e+00,-7.852079725752e-03,-7.280297033058e-03,-6.988753003268e-03,-1.589495642343e-03,-2.339813622149e-03,-1.360314125006e-03,-9.071377998771e-04,1.664177333505e-03,-1.459927208016e-03
3.155000000000e+00,-8.336385919525e-03,-7.308046019696e-03,-7.536702393255e-03,-1.909331579681e-03,-2.550008288022e-03,-1.580087719321e-03,-8.494091330050e-04,1.531788778223e-03,-1.376970613451e-03
3.160000000000e+00,-8.837238011569e-03,-7.364932325319e-03,-8.117521914940e-03,-2.267666745891e-03,-2.771027110845e-03,-1.831308957935e-03,-8.116945282331e-04,1.315945895601e-03,-1.300426563482e-03
3.165000000000e+00,-9.348385025984e-03,-7.454676074012e-03,-8.725090850776e-03,-2.665048908275e-03,-3.005904426378e-03,-2.116459868447e-03,-7.912499411453e-04,1.029202307583e-03,-1.229800788712e-03
3.170000000000e+00,-9.862521598709e-03,-7.579290853125e-03,-9.351680597204e-03,-3.101515705076e-03,-3.257622321982e-03,-2.437816966645e-03,-7.852346615766e-04,6.856169353674e-04,-1.164614961605e-03
3.175000000000e+00,-1.036762246031e-02,-7.738966584769e-03,-9.987951784141e-03,-3.583349715204e-03,-3.528935358147e-03,-2.797346820847e-03,-7.921764489837e-04,3.002920375353e-04,-1.104412952840e-03
3.180000000000e+00,-1.085259611511e-02,-7.931999796448e-03,-1.062299128135e-02,-4.101961496291e-03,-3.822197032845e-03,-3.196589539377e-03,-8.066895472691e-04,-1.111074500809e-04,-1.048765019019e-03
3.185000000000e+00,-1.130710634034e-02,-8.154774378664e-03,-1.124439473635e-02,-4.653987054485e-03,-4.139194550737e-03,-3.636531891515e-03,-8.260185702732e-04,-5.328388182186e-04,-9.972703025614e-04
3.190000000000e+00,-1.172027870895e-02,-8.401794558576e-03,-1.183839935961e-02,-5.236012173315e-03,-4.480998006334e-03,-4.117472575314e-03,-8.478149089905e-04,-9.495562548958e-04,-9.495579939793e-04
3.195000000000e+00,-1.208099501603e-02,-8.665770510150e-03,-1.239007031194e-02,-5.843836356203e-03,-4.847829575226e-03,-4.638882936428e-03,-8.699570849026e-04,-1.346761274792e-03,-9.052874548902e-04
3.200000000000e+00,-1.237804872865e-02,-8.937755594965e-03,-1.288354236004e-02,-6.472463485985e-03,-5.238957476449e-03,-5.199267291064e-03,-8.905725836483e-04,-1.711215815278e-03,-8.641475653725e-04
3.205000000000e+00,-1.259863532445e-02,-9.207332799113e-03,-1.330231641914e-02,-7.116215394306e-03,-5.652618535838e-03,-5.796027785947e-03,-9.079668341399e-04,-2.031306136384e-03,-8.258555126436e-04
3.210000000000e+00,-1.271401219526e-02,-9.462846557054e-03,-1.362960830585e-02,-7.767305834949e-03,-6.085972088155e-03,-6.425339449606e-03,-9.197761784126e-04,-2.297347346755e-03,-7.901552006263e-04
3.215000000000e+00,-1.272867666619e-02,-9.691674909138e-03,-1.384874454870e-02,-8.414841475737e-03,-6.535086907524e-03,-7.082041682783e-03,-9.258484778232e-04,-2.501820355346e-03,-7.568154259333e-04
3.220000000000e+00,-1.263389710970e-02,-9.880535686345e-03,-1.394359755220e-02,-9.050102331604e-03,-6.994961593724e-03,-7.759552847436e-03,-9.256996417877e-04,-2.639535187177e-03,-7.256279347966e-04
3.225000000000e+00,-1.242202258407e-02,-1.001581949202e-02,-1.389904989975e-02,-9.663816683208e-03,-7.459577828964e-03,-8.449814792732e-03,-9.190934458965e-04,-2.707717058951e-03,-6.964054475507e-04
3.230000000000e+00,-1.208662299903e-02,-1.008394133604e-02,-1.370147524889e-02,-1.024624436296e-02,-7.921984760102e-03,-9.143274060805e-03,-9.060232191185e-04,-2.706013979092e-03,-6.689797146431e-04
3.235000000000e+00,-1.162262099941e-02,-1.007170225873e-02,-1.333922125074e-02,-1.078726731867e-02,-8.374411904939e-03,-9.828906103878e-03,-8.866918291348e-04,-2.636427260885e-03,-6.431996504853e-04
3.240000000000e+00,-1.101884095440e-02,-9.966651839780e-03,-1.280307834167e-02,-1.127276134425e-02,-8.808407093660e-03,-1.049428808306e-02,-8.612030094801e-04,-2.503168638462e-03,-6.189295762298e-04
3.245000000000e+00,-1.026103568514e-02,-9.757442377261e-03,-1.208671722965e-02,-1.168248655709e-02,-9.214995317863e-03,-1.112572469304e-02,-8.298821311809e-04,-2.312450031971e-03,-5.960475894264e-04
3.250000000000e+00,-9.370782369519e-03,-9.434165674981e-03,-1.118707753685e-02,-1.201403042267e-02,-9.584853908296e-03,-1.170842997353e-02,-7.943831623888e-04,-2.072214077362e-03,-5.744440692473e-04
3.255000000000e+00,-8.351521663487e-03,-8.988663724725e-03,-1.010469043980e-02,-1.225741916391e-02,-9.908499141095e-03,-1.222676624902e-02,-7.555375388577e-04,-1.791815331766e-03,-5.540203201045e-04
3.260000000000e+00,-7.208522612253e-03,-8.414805154957e-03,-8.843919306972e-03,-1.240319145033e-02,-1.017647923876e-02,-1.266453922119e-02,-7.142101866250e-04,-1.481663465114e-03,-5.346873514315e-04
3.265000000000e+00,-5.948864035227e-03,-7.708720238029e-03,-7.413104278800e-03,-1.244253808460e-02,-1.037956887943e-02,-1.300534588903e-02,-6.712772227177e-04,-1.152840963074e-03,-5.163647868727e-04
3.270000000000e+00,-4.581401084873e-03,-6.868988135253e-03,-5.824599434278e-03,-1.236744071044e-02,-1.050896040871e-02,-1.323296947985e-02,-6.276048218923e-04,-8.167083289182e-04,-4.989798939232e-04
3.275000000000e+00,-3.109233395935e-03,-5.896771374477e-03,-4.094694566237e-03,-1.215865005130e-02,-1.055644746242e-02,-1.333181304347e-02,-5.841357684356e-04,-4.845101895285e-04,-4.824667248674e-04
3.280000000000e+00,-1.548762212294e-03,-4.795893799831e-03,-2.243417521734e-03,-1.180637184422e-02,-1.051459708246e-02,-1.328736090654e-02,-5.419238899346e-04,-1.669953515520e-04,-4.667653593010e-04
3.285000000000e+00,7.407777463301e-05,-3.572859659150e-03,-2.942174021528e-04,-1.132117763617e-02,-1.037690700694e-02,-1.308665493079e-02,-5.015761642612e-04,1.259367184181e-04,-4.518212374473e-04
3.290000000000e+00,1.743070555654e-03,-2.236812918696e-03,1.726466519549e-03,-1.070132940395e-02,-1.013794540761e-02,-1.271877060479e-02,-4.636277409767e-04,3.855516504394e-04,-4.375845738470e-04
3.295000000000e+00,3.441064587571e-03,-7.994374460412e-04,3.789740724092e-03,-9.946681224730e-03,-9.793471061501e-03,-1.217527654916e-02,-4.285172984031e-04,6.045481582394e-04,-4.240098426217e-04
3.300000000000e+00,5.150157391902e-03,7.251999845619e-04,5.864884389296e-03,-9.058738559707e-03,-9.340532478382e-03,-1.145066014125e-02,-3.965849412886e-04,7.772701283446e-04,-4.110553262186e-04
3.305000000000e+00,6.851887762601e-03,2.320860449877e-03,7.920049556742e-03,-8.040705967777e-03,-8.777545226284e-03,-1.054270176207e-02,-3.680715984077e-04,8.998566077838e-04,-3.986827192991e-04
3.310000000000e+00,8.520440621749e-03,3.969392778972e-03,9.923013367029e-03,-6.882441549806e-03,-8.104347197580e-03,-9.452780709969e-03,-3.435906561409e-04,9.703257535486e-04,-3.868567802747e-04
3.315000000000e+00,1.013202882262e-02,5.651036814401e-03,1.184195863764e-02,-5.601368829381e-03,-7.322232097118e-03,-8.186097146204e-03,-3.229422756553e-04,9.885910997017e-04,-3.755450247991e-04
3.320000000000e+00,1.167067220260e-02,7.344763362989e-03,1.364625742059e-02,-4.216994627981e-03,-6.433961804562e-03,-6.751796531577e-03,-3.057417713776e-04,9.564109280234e-04,-3.647174562651e-04
3.325000000000e+00,1.311892230269e-02,9.028643297866e-03,1.530723157278e-02,-2.741038214114e-03,-5.443758644636e-03,-5.162985838176e-03,-2.918089862694e-04,8.772737641737e-04,-3.543463280365e-04
3.330000000000e+00,1.446027224951e-02,1.068023775107e-02,1.679886484482e-02,-1.186678486511e-03,-4.357278808652e-03,-3.436634295609e-03,-2.809090788073e-04,7.562252655666e-04,-3.444059328073e-04
3.335000000000e+00,1.567934645210e-02,1.227700098584e-02,1.809844253708e-02,4.315601697394e-04,-3.181568269804e-03,-1.593355433628e-03,-2.727622316598e-04,5.996437833099e-04,-3.348724160542e-04
3.340000000000e+00,1.676208258099e-02,1.379668730627e-02,1.918709732966e-02,2.097934636657e-03,-1.925002666112e-03,3.429284493497e-04,-2.670535155481e-04,4.149735170817e-04,-3.257236110534e-04
3.345000000000e+00,1.766819310659e-02,1.521775345827e-02,2.005024335274e-02,3.796421183468e-03,-5.972125556577e-04,2.345433715716e-03,-2.637112996488e-04,2.104256479444e-04,-3.169388924061e-04
3.350000000000e+00,1.840494650061e-02,1.651974825442e-02,2.067788476401e-02,5.499784859080e-03,7.910046996866e-04,4.385064515783e-03,-2.620090843178e-04,-5.341180670748e-06,-3.084990454693e-04
3.355000000000e+00,1.897109584374e-02,1.768368146268e-02,2.106478984621e-02,7.188338162013e-03,2.227785156035e-03,6.431049124263e-03,-2.615288146767e-04,-2.235491358322e-04,-3.003861504633e-04
3.360000000000e+00,1.936174265354e-02,1.869236476080e-02,2.121052671175e-02,8.843326085231e-03,3.700309708471e-03,8.451645160991e-03,-2.619467941779e-04,-4.356260622891e-04,-2.925834803905e-04
3.365000000000e+00,1.957406853110e-02,1.953071813209e-02,2.111936186860e-02,1.044610133505e-02,5.194925822327e-03,1.041489218060e-02,-2.629627729227e-04,-6.335151967033e-04,-2.850754113025e-04
3.370000000000e+00,1.960735275371e-02,2.018603611444e-02,2.080002792133e-02,1.197833533948e-02,6.697279029699e-03,1.228938773838e-02,-2.643046296582e-04,-8.099585744164e-04,-2.778473438625e-04
3.375000000000e+00,1.946297350958e-02,2.064820909865e-02,2.026537132817e-02,1.342222977415e-02,8.192453652457e-03,1.404506160795e-02,-2.657323224413e-04,-9.587442345799e-04,-2.708856365340e-04
3.380000000000e+00,1.911037879322e-02,2.090989608349e-02,1.953189521217e-02,1.473408424600e-02,9.665122491080e-03,1.565392243218e-02,-2.669714083401e-04,-1.074908664196e-03,-2.641775511894e-04
3.385000000000e+00,1.859390163120e-02,2.096664621119e-02,1.861921556605e-02,1.591755848223e-02,1.109970515249e-02,1.709075176946e-02,-2.678748724090e-04,-1.154887838805e-03,-2.577112115385e-04
3.390000000000e+00,1.792272344377e-02,2.081696761919e-02,1.754945166572e-02,1.695950502492e-02,1.248053480437e-02,1.833372223242e-02,-2.683482959368e-04,-1.196612140254e-03,-2.514755754732e-04
3.395000000000e+00,1.710760040816e-02,2.046234316733e-02,1.634657303910e-02,1.784844727057e-02,1.379203301086e-02,1.936491913537e-02,-2.683291027531e-04,-1.199542662626e-03,-2.454604241937e-04
3.400000000000e+00,1.616070753507e-02,1.990719364194e-02,1.503572590147e-02,1.857470797104e-02,1.501889214837e-02,2.017074865381e-02,-2.677832599604e-04,-1.164648677223e-03,-2.396563719976e-04
3.405000000000e+00,1.509547391138e-02,1.915879010896e-02,1.364256158717e-02,1.913052366850e-02,1.614626473744e-02,2.074221978828e-02,-2.667016135602e-04,-1.094328223331e-03,-2.340549009482e-04
3.410000000000e+00,1.392326115208e-02,1.822711792421e-02,1.219258824273e-02,1.950336102270e-02,1.715995862561e-02,2.107509221443e-02,-2.650775519840e-04,-9.922760080594e-04,-2.286484262306e-04
3.415000000000e+00,1.265347918392e-02,1.712469578677e-02,1.071056500419e-02,1.966588371397e-02,1.804663660577e-02,2.116988716642e-02,-2.628869436013e-04,-8.633047500972e-04,-2.234304008899e-04
3.420000000000e+00,1.131998996704e-02,1.586635401752e-02,9.219955204289e-03,1.964884451695e-02,1.879401867340e-02,2.103176361162e-02,-2.602585200976e-04,-7.131277640230e-04,-2.183954710643e-04
3.425000000000e+00,9.939212092807e-03,1.446897674133e-02,7.742452006291e-03,1.945519338857e-02,1.939108450021e-02,2.067026689578e-02,-2.572288389434e-04,-5.481121022319e-04,-2.135396948429e-04
3.430000000000e+00,8.527433407271e-03,1.295121329259e-02,6.297586407021e-03,1.908995580189e-02,1.982827332509e-02,2.009896154756e-02,-2.538271463208e-04,-3.750124742101e-04,-2.088608414398e-04
3.435000000000e+00,7.100625207235e-03,1.133316448047e-02,4.902423967665e-03,1.856015400134e-02,2.009767787516e-02,1.933496383437e-02,-2.500719818218e-04,-2.006968684463e-04,-2.043587925935e-04
3.440000000000e+00,5.674262939454e-03,9.636049661070e-03,3.571353091090e-03,1.787471332741e-02,2.019322847235e-02,1.839839280305e-02,-2.459682431166e-04,-3.187492107746e-05,-2.000360732421e-04
3.445000000000e+00,4.265679431846e-03,7.881860666787e-03,2.315964321234e-03,1.703474817680e-02,2.011086301964e-02,1.731176080285e-02,-2.414736903559e-04,1.251601100887e-04,-1.958985435551e-04
3.450000000000e+00,2.894992619167e-03,6.093008762590e-03,1.145017116874e-03,1.605070849193e-02,1.984867827423e-02,1.609932580226e-02,-2.365141475734e-04,2.647656780848e-04,-1.919562912337e-04
3.455000000000e+00,1.571673707218e-03,4.291970677856e-03,6.448795007276e-05,1.495660450312e-02,1.940705753749e-02,1.478642815753e-02,-2.310736335519e-04,3.821515326341e-04,-1.882247718351e-04
3.460000000000e+00,3.060720516412e-04,2.500939587422e-03,-9.223085249382e-04,1.376839504091e-02,1.878876978345e-02,1.339883390175e-02,-2.250758345926e-04,4.735408958739e-04,-1.847262538258e-04
3.465000000000e+00,-8.928247267743e-04,7.414867763220e-04,-1.814535055373e-03,1.250275868269e-02,1.799903542567e-02,1.196210517246e-02,-2.184368122180e-04,5.362854381844e-04,-1.814916336779e-04
3.470000000000e+00,-2.017433093673e-03,-9.657607668038e-04,-2.613594980695e-03,1.117688710760e-02,1.704555403182e-02,1.050101619323e-02,-2.110705424144e-04,5.689300208594e-04,-1.785626964118e-04
3.475000000000e+00,-3.061602148995e-03,-2.601421815665e-03,-3.322854400935e-03,9.808276768227e-03,1.593848987414e-02,9.039030412379e-03,-2.028952613947e-04,5.712254307233e-04,-1.759949087708e-04
3.480000000000e+00,-4.010586547225e-03,-4.147636952171e-03,-3.947334731796e-03,8.414399099613e-03,1.469041182151e-02,7.597851147494e-03,-1.937369879510e-04,5.440893913269e-04,-1.738608431060e-04
3.485000000000e+00,-4.862503097104e-03,-5.588315187986e-03,-4.493386682575e-03,7.019369409199e-03,1.331618490317e-02,6.197054561011e-03,-1.835767264116e-04,4.895182492727e-04,-1.722543386443e-04
3.490000000000e+00,-5.624892169279e-03,-6.909347652296e-03,-4.968355990659e-03,5.641600303826e-03,1.183281198899e-02,4.853810173536e-03,-1.725410569018e-04,4.104537784198e-04,-1.712955147658e-04
3.495000000000e+00,-6.298414084034e-03,-8.098785394474e-03,-5.380250299236e-03,4.296465005011e-03,1.025922522398e-02,3.582690573944e-03,-1.607406313185e-04,3.106113080084e-04,-1.711367582363e-04
3.500000000000e+00,-6.884813927212e-03,-9.146978961104e-03,-5.737415452731e-03,2.998289413128e-03,8.616028165800e-03,2.395568662907e-03,-1.483667538695e-04,1.942768807989e-04,-1.719698089443e-04
3.505000000000e+00,-7.386813645247e-03,-1.004667790906e-02,-6.048228289262e-03,1.760215270159e-03,6.925191141084e-03,1.301597796591e-03,-1.357047970216e-04,6.608240105452e-05,-1.740340636681e-04
3.510000000000e+00,-7.807997542919e-03,-1.079308905727e-02,-6.320811808890e-03,5.940751847916e-04,5.209703762033e-03,3.072676766267e-04,-1.231477861543e-04,-6.923149432698e-05,-1.776262064444e-04
3.515000000000e+00,-8.142264825565e-03,-1.138389288097e-02,-6.562777450245e-03,-4.755601921771e-04,3.493190096654e-03,-5.834731696136e-04,-1.114685489563e-04,-2.070547269942e-04,-1.831112569199e-04
3.520000000000e+00,-8.403551693067e-03,-1.181921799210e-02,-6.780998156009e-03,-1.446074258004e-03,1.799493483382e-03,-1.369038917344e-03,-1.015975586191e-04,-3.431390729361e-04,-1.909350984665e-04
3.525000000000e+00,-8.601650661803e-03,-1.210157429959e-02,-6.981414979059e-03,-2.316669747390e-03,1.522393107771e-04,-2.049983456619e-03,-9.448419299974e-05,-4.738117978534e-04,-2.016385016604e-04
3.530000000000e+00,-8.742143849271e-03,-1.223574602716e-02,-7.168879193443e-03,-3.083436566100e-03,-1.425614738213e-03,-2.628744697033e-03,-9.130438263930e-05,-5.961627758707e-04,-2.158725988189e-04
3.535000000000e+00,-8.830559357185e-03,-1.222864632898e-02,-7.347031224515e-03,-3.744070998776e-03,-2.912230464321e-03,-3.109367807310e-03,-9.342494939847e-05,-7.081974286725e-04,-2.344156917720e-04
3.540000000000e+00,-8.872259426071e-03,-1.208913588989e-02,-7.518217179844e-03,-4.297836436701e-03,-4.287331811177e-03,-3.497218427186e-03,-1.024095773136e-04,-8.089493077956e-04,-2.581911804712e-04
3.545000000000e+00,-8.872334495730e-03,-1.182780843437e-02,-7.683443320726e-03,-4.745511595277e-03,-5.532626856011e-03,-3.798695921702e-03,-1.200233188444e-04,-8.985478900595e-04,-2.882862811718e-04
3.550000000000e+00,-8.829629291932e-03,-1.145674668393e-02,-7.842368434446e-03,-5.070953823631e-03,-6.632197593165e-03,-4.020955506089e-03,-1.508862084156e-04,-9.782390157249e-04,-3.259710665285e-04
3.555000000000e+00,-8.755205065148e-03,-1.098925284335e-02,-7.993333712330e-03,-5.297188603137e-03,-7.572846318271e-03,-4.171646640208e-03,-1.960618397111e-04,-1.050357406811e-03,-3.727172090110e-04
3.560000000000e+00,-8.652764572593e-03,-1.043955825813e-02,-8.133429366914e-03,-5.431971698610e-03,-8.344388188805e-03,-4.258673557860e-03,-2.578924379290e-04,-1.118252640127e-03,-4.302156381175e-04
3.565000000000e+00,-8.524691472795e-03,-9.822517340994e-03,-8.258596800729e-03,-5.481987445640e-03,-8.939880587793e-03,-4.289982237371e-03,-3.390890571092e-04,-1.186171814130e-03,-5.003921330650e-04
3.570000000000e+00,-8.372725231887e-03,-9.153291426802e-03,-8.363764648033e-03,-5.454652882230e-03,-9.355781504495e-03,-4.273376608612e-03,-4.424996041730e-04,-1.259103928000e-03,-5.854196806032e-04
3.575000000000e+00,-8.197966774668e-03,-8.447028485191e-03,-8.443016433412e-03,-5.357980460000e-03,-9.592030785652e-03,-4.216365385897e-03,-5.710841360268e-04,-1.342592363821e-03,-6.877262417869e-04
3.580000000000e+00,-8.000465636025e-03,-7.718545072923e-03,-8.489786919353e-03,-5.199503996291e-03,-9.652050306679e-03,-4.126039658746e-03,-7.284943924152e-04,-1.442523165028e-03,-8.099963929177e-04
3.585000000000e+00,-7.775974915429e-03,-6.982017013805e-03,-8.497083457919e-03,-4.982118227839e-03,-9.542661218621e-03,-4.008980294961e-03,-9.241609018592e-04,-1.564897502860e-03,-9.551651457482e-04
3.590000000000e+00,-7.527598805664e-03,-6.250685521891e-03,-8.457727845955e-03,-4.726119805621e-03,-9.273918946735e-03,-3.871193334169e-03,-1.155769290483e-03,-1.715597346145e-03,-1.126402134716e-03
3.595000000000e+00,-7.253894714075e-03,-5.536585375816e-03,-8.364613342698e-03,-4.440142947738e-03,-8.858868936845e-03,-3.718070881479e-03,-1.426208504591e-03,-1.900153306594e-03,-1.327084300999e-03
3.600000000000e+00,-6.953172375322e-03,-4.850301632481e-03,-8.210970684057e-03,-4.132502574788e-03,-8.313228602705e-03,-3.554374543412e-03,-1.738175717424e-03,-2.123523410435e-03,-1.560755211877e-03
3.605000000000e+00,-6.623582937283e-03,-4.200761031446e-03,-7.990636171590e-03,-3.811100778809e-03,-7.655003185586e-03,-3.384238169263e-03,-2.094117532380e-03,-2.389890880875e-03,-1.831069246718e-03
3.610000000000e+00,-6.263209923136e-03,-3.595063732385e-03,-7.698314287440e-03,-3.483341257165e-03,-6.904045309675e-03,-3.211186553646e-03,-2.496169421930e-03,-2.702488016140e-03,-2.141719084779e-03
3.615000000000e+00,-5.868190371811e-03,-3.038360356663e-03,-7.329826846184e-03,-3.156520038122e-03,-6.081569824589e-03,-3.038166796248e-03,-2.948882878590e-03,-3.063452035606e-03,-2.496345259658e-03
3.620000000000e+00,-5.433071164332e-03,-2.533778425834e-03,-6.882340490673e-03,-2.839223249891e-03,-5.209636952509e-03,-2.867589173581e-03,-3.458319106255e-03,-3.473717259007e-03,-2.898427002781e-03
3.625000000000e+00,-4.961693641952e-03,-2.082401282965e-03,-6.354564417490e-03,-2.535999330952e-03,-4.310617845024e-03,-2.701374627154e-03,-4.017354646157e-03,-3.932946424902e-03,-3.351154191706e-03
3.630000000000e+00,-4.453426065960e-03,-1.683301376264e-03,-5.746910616932e-03,-2.250772157288e-03,-3.406657234382e-03,-2.541006288981e-03,-4.625393033794e-03,-4.439502236399e-03,-3.857280958715e-03
3.635000000000e+00,-3.908176938244e-03,-1.333628442074e-03,-5.061609651013e-03,-1.986716387564e-03,-2.519148009857e-03,-2.387582823351e-03,-5.281069234191e-03,-4.990458591840e-03,-4.418962393012e-03
3.640000000000e+00,-3.326451139691e-03,-1.028751720400e-03,-4.302776071060e-03,-1.746273869278e-03,-1.668232241299e-03,-2.241871740481e-03,-5.982195427199e-03,-5.581649355410e-03,-5.037576766498e-03
3.645000000000e+00,-2.709398863276e-03,-7.624537897297e-04,-3.476418965982e-03,-1.531177060542e-03,-8.723423472833e-04,-2.104361205832e-03,-6.725710557129e-03,-6.207751083158e-03,-5.713536781720e-03
3.650000000000e+00,-2.056079814916e-03,-5.271720780519e-04,-2.590394827262e-03,-1.344989997469e-03,-1.477948865661e-04,-1.975309237157e-03,-7.510544927000e-03,-6.862394944776e-03,-6.446094513568e-03
3.655000000000e+00,-1.369985301936e-03,-3.142826085059e-04,-1.654301812198e-03,-1.188423533879e-03,4.915521540399e-04,-1.854789500787e-03,-8.329735652561e-03,-7.538302087968e-03,-7.233145841246e-03
3.660000000000e+00,-6.589131351774e-04,-1.144190089244e-04,-6.793165665412e-04,-1.057850641421e-03,1.034569736313e-03,-1.742733224986e-03,-9.171988700394e-03,-8.227436043801e-03,-8.071041310205e-03
3.665000000000e+00,7.240641047830e-05,8.218141660404e-05,3.220231131394e-04,-9.522421964154e-04,1.473049104254e-03,-1.638966989714e-03,-1.002927892965e-02,-8.921165503880e-03,-8.954411337185e-03
3.670000000000e+00,8.186027172754e-04,2.853140221644e-04,1.336084375762e-03,-8.702437682280e-04,1.801809908762e-03,-1.543246374356e-03,-1.089260031159e-02,-9.610430704216e-03,-9.876014526383e-03
3.675000000000e+00,1.573716059299e-03,5.044358722863e-04,2.348446802783e-03,-8.102425319278e-04,2.018723387404e-03,-1.455285598371e-03,-1.175200052168e-02,-1.028590709203e-02,-1.082661841019e-02
3.680000000000e+00,2.331256222670e-03,7.482985133478e-04,3.344242147568e-03,-7.704339699195e-04,2.124651477850e-03,-1.374783426866e-03,-1.259662521814e-02,-1.093816050828e-02,-1.179492220720e-02
3.685000000000e+00,3.082267787310e-03,1.024595857777e-03,4.308515761392e-03,-7.509336404079e-04,2.123305266165e-03,-1.301445683882e-03,-1.340886224218e-02,-1.155778898131e-02,-1.276753102435e-02
3.690000000000e+00,3.816984550974e-03,1.339638452731e-03,5.226598078038e-03,-7.480862170649e-04,2.021028417056e-03,-1.235004779080e-03,-1.417297606161e-02,-1.213554743066e-02,-1.372899037312e-02
3.695000000000e+00,4.528167116143e-03,1.698065137225e-03,6.084473948018e-03,-7.587019077112e-04,1.826513452612e-03,-1.175236655698e-03,-1.487756609867e-02,-1.266245272800e-02,-1.466188877281e-02
3.700000000000e+00,5.208155291211e-03,2.102602302938e-03,6.869137497199e-03,-7.810980596017e-04,1.550460569732e-03,-1.121975572647e-03,-1.550877832658e-02,-1.312986792061e-02,-1.554703466160e-02
3.705000000000e+00,5.849406754480e-03,2.553879840732e-03,7.568920603136e-03,-8.137791001839e-04,1.205190156202e-03,-1.075127083961e-03,-1.605261730861e-02,-1.352956582095e-02,-1.636371172899e-02
3.710000000000e+00,6.444599465038e-03,3.050311406376e-03,8.173783970075e-03,-8.554654514035e-04,8.042213247250e-04,-1.034679542902e-03,-1.649510617803e-02,-1.385377340076e-02,-1.709001425224e-02
3.715000000000e+00,6.986733425850e-03,3.588044863473e-03,8.675561158529e-03,-9.051176658660e-04,3.618295262667e-04,-1.000714372791e-03,-1.682245392344e-02,-1.409519962038e-02,-1.770326102826e-02
3.720000000000e+00,7.457705964485e-03,4.160986630261e-03,9.068147676028e-03,-9.630901687153e-04,-1.074034878359e-04,-9.734152826306e-04,-1.699633565807e-02,-1.424705038109e-02,-1.818048322378e-02
3.725000000000e+00,7.858241188591e-03,4.760901503324e-03,9.347629326247e-03,-1.027996105864e-03,-5.890340452500e-04,-9.530765074196e-04,-1.701808090356e-02,-1.430303493919e-02,-1.849897796281e-02
3.730000000000e+00,8.186085639767e-03,5.377587019005e-03,9.512346319612e-03,-1.099589162135e-03,-1.069182589273e-03,-9.401100615580e-04,-1.688189357493e-02,-1.425736871056e-02,-1.863691592675e-02
3.735000000000e+00,8.437528249728e-03,5.999118996226e-03,9.562892072229e-03,-1.178121681797e-03,-1.534929510297e-03,-9.350519008215e-04,-1.657837568009e-02,-1.410477754946e-02,-1.857398780848e-02
3.740000000000e+00,8.609745479914e-03,6.612162430794e-03,9.502048051039e-03,-1.264051813618e-03,-1.974670124706e-03,-9.385667949067e-04,-1.609965844278e-02,-1.384050847697e-02,-1.829207131370e-02
3.745000000000e+00,8.700843101852e-03,7.202339625479e-03,9.334658351173e-03,-1.358016374807e-03,-2.378419578785e-03,-9.514516205458e-04,-1.543957552801e-02,-1.346035139062e-02,-1.777589772467e-02
3.750000000000e+00,8.709890309401e-03,7.754645219557e-03,9.067449810050e-03,-1.460800878840e-03,-2.738060268201e-03,-9.746367038790e-04,-1.459382954025e-02,-1.296067561907e-02,-1.701369501560e-02
3.755000000000e+00,8.620479782946e-03,8.253896016708e-03,8.708805281638e-03,-1.575629469090e-03,-3.047526110223e-03,-1.009184775092e-03,-1.352166066867e-02,-1.233848418141e-02,-1.599778329657e-02
3.760000000000e+00,8.451732401953e-03,8.685201965549e-03,8.268499143314e-03,-1.701650623920e-03,-3.302920047654e-03,-1.056287046262e-03,-1.226403202116e-02,-1.159148742352e-02,-1.472509809038e-02
3.765000000000e+00,8.206681030521e-03,9.034443549199e-03,7.757405134467e-03,-1.839801745459e-03,-3.502563185416e-03,-1.117255887815e-03,-1.082582361199e-02,-1.071819642856e-02,-1.319761771297e-02
3.770000000000e+00,7.889252278902e-03,9.288740328499e-03,7.187187197473e-03,-1.990942696951e-03,-3.646975867833e-03,-1.193513570563e-03,-9.214389764918e-03,-9.718035058161e-03,-1.142267288434e-02
3.775000000000e+00,7.504212495531e-03,9.436895156855e-03,6.569984101977e-03,-2.155822204664e-03,-3.738793054620e-03,-1.286576563862e-03,-7.439561203841e-03,-8.591468166930e-03,-9.413119642439e-03
3.780000000000e+00,7.057107406675e-03,9.469799171294e-03,5.918098302258e-03,-2.335046304600e-03,-3.782617995392e-03,-1.398034932162e-03,-5.513626637465e-03,-7.340141972235e-03,-7.187360599462e-03
3.785000000000e+00,6.552439214841e-03,9.380783473405e-03,5.243698742474e-03,-2.529613034689e-03,-3.784819972551e-03,-1.529526453344e-03,-3.447032899208e-03,-5.967031413484e-03,-4.769204451496e-03
3.790000000000e+00,5.993336332153e-03,9.165904988009e-03,4.558546238035e-03,-2.741674032693e-03,-3.753283176061e-03,-1.682705201451e-03,-1.248345745225e-03,-4.476588117035e-03,-2.187559260522e-03
3.795000000000e+00,5.397028257961e-03,8.824155846405e-03,3.873748692712e-03,-2.968465215675e-03,-3.697115022890e-03,-1.859204494462e-03,1.038103454049e-03,-2.874881778589e-03,5.240388507784e-04
3.800000000000e+00,4.771576801692e-03,8.357587996816e-03,3.199551842071e-03,-3.209479332801e-03,-3.626323112220e-03,-2.060594294462e-03,3.389307282494e-03,-1.169727171690e-03,3.328053580912e-03
3.805000000000e+00,4.125195410886e-03,7.771347379877e-03,2.545169527727e-03,-3.463957649191e-03,-3.551470674928e-03,-2.288333358136e-03,5.780807522548e-03,6.292112446666e-04,6.183718567021e-03
3.810000000000e+00,3.466150361529e-03,7.073614924190e-03,1.918655783980e-03,-3.730895584930e-03,-3.483320717141e-03,-2.543716671991e-03,8.186951345297e-03,2.510345048209e-03,9.047929399944e-03
3.815000000000e+00,2.802662897366e-03,6.275454663551e-03,1.326819337482e-03,-4.009051575780e-03,-3.432479116161e-03,-2.827818961451e-03,1.058116147415e-02,4.460125402796e-03,1.187623183146e-02
3.820000000000e+00,2.143868339133e-03,5.390572300540e-03,7.751795552929e-04,-4.297516114137e-03,-3.409046804751e-03,-3.141435317094e-03,1.293046434866e-02,6.463051052605e-03,1.462387600872e-02
3.825000000000e+00,1.500918053729e-03,4.434990624318e-03,2.679614860929e-04,-4.594333137209e-03,-3.422290615255e-03,-3.485020222322e-03,1.519341357966e-02,8.501726319172e-03,1.724690325597e-02
3.830000000000e+00,8.801919603606e-04,3.426650946416e-03,-1.918735336825e-04,-4.896246548749e-03,-3.480341747178e-03,-3.858626490475e-03,1.734880776435e-02,1.055697316498e-02,1.970322993501e-02
3.835000000000e+00,2.880812998085e-04,2.384952280112e-03,-6.025661612202e-04,-5.201166750394e-03,-3.589929857746e-03,-4.261845812275e-03,1.937095572585e-02,1.260799971935e-02,2.195369237562e-02
3.840000000000e+00,-2.696432717348e-04,1.330242181091e-03,-9.634713249516e-04,-5.506934964350e-03,-3.756159634392e-03,-4.693752754222e-03,2.123550681537e-02,1.463262584536e-02,2.396301783196e-02
3.845000000000e+00,-7.878806977166e-04,2.832748006060e-04,-1.274949993760e-03,-5.811352861784e-03,-3.982335519581e-03,-5.152854123158e-03,2.291975447897e-02,1.660756425577e-02,2.570068886624e-02
3.850000000000e+00,-1.262242223637e-03,-7.353470239551e-04,-1.538246064055e-03,-6.112211709785e-03,-4.269838743990e-03,-5.637045620394e-03,2.440292913993e-02,1.850875376590e-02,2.714167238332e-02
3.855000000000e+00,-1.683321784009e-03,-1.705728266529e-03,-1.755353888433e-03,-6.406337520650e-03,-4.618059406145e-03,-6.143577643157e-03,2.563932164513e-02,2.031173922430e-02,2.826698956978e-02
3.860000000000e+00,-2.048663886950e-03,-2.609219383109e-03,-1.928881661679e-03,-6.690954470958e-03,-5.024384769664e-03,-6.669031939928e-03,2.661317201171e-02,2.199209078639e-02,2.906410900319e-02
3.865000000000e+00,-2.361540248263e-03,-3.428918277303e-03,-2.061915403709e-03,-6.964680469145e-03,-5.484243349782e-03,-7.209310591669e-03,2.733541859626e-02,2.352585357345e-02,2.952715190954e-02
3.870000000000e+00,-2.621469690042e-03,-4.150120896167e-03,-2.157887678163e-03,-7.225677572806e-03,-5.991202874194e-03,-7.759638487526e-03,2.779927677866e-02,2.489001721063e-02,2.965690564446e-02
3.875000000000e+00,-2.828705287800e-03,-4.760706414423e-03,-2.220454501403e-03,-7.472225747709e-03,-6.537118682968e-03,-8.314580102399e-03,2.800121723356e-02,2.606299373540e-02,2.946064862610e-02
3.880000000000e+00,-2.984201153641e-03,-5.251445182408e-03,-2.253383167422e-03,-7.702722342653e-03,-7.112327786116e-03,-8.868070972788e-03,2.794100255325e-02,2.702509149067e-02,2.895179683170e-02
3.885000000000e+00,-3.089574186484e-03,-5.616220158070e-03,-2.260452976779e-03,-7.915677999965e-03,-7.705882560964e-03,-9.413463827746e-03,2.762169658010e-02,2.775897228893e-02,2.814938827977e-02
3.890000000000e+00,-3.140503705536e-03,-5.852155437111e-03,-2.245370147734e-03,-8.106573519344e-03,-8.305817015690e-03,-9.943588894492e-03,2.701397664403e-02,2.825007912735e-02,2.707742737727e-02
3.895000000000e+00,-3.145535587046e-03,-5.959648587665e-03,-2.211697532257e-03,-8.275522121137e-03,-8.899437709618e-03,-1.045082748705e-02,2.615657349267e-02,2.848702216591e-02,2.576411539729e-02
3.900000000000e+00,-3.111017044768e-03,-5.942306659188e-03,-2.162799176515e-03,-8.422383539789e-03,-9.473630763018e-03,-1.092719761839e-02,2.507910485027e-02,2.846191153464e-02,2.424099650754e-02
3.905000000000e+00,-3.040926821877e-03,-5.806788970873e-03,-2.101799268653e-03,-8.545914285765e-03,-1.001517611112e-02,-1.136445007506e-02,2.379948152416e-02,2.817062666661e-02,2.254205059947e-02
3.910000000000e+00,-2.939487064902e-03,-5.562562749729e-03,-2.031554617183e-03,-8.644819910322e-03,-1.051105996241e-02,-1.175417318265e-02,2.233783052085e-02,2.761301348473e-02,2.070276464231e-02
3.915000000000e+00,-2.811098447214e-03,-5.221580546426e-03,-1.954639503498e-03,-8.717722505859e-03,-1.094877665463e-02,-1.208790438323e-02,2.071621926848e-02,2.679300251426e-02,1.875921344705e-02
3.920000000000e+00,-2.660275858701e-03,-4.797890874939e-03,-1.873341546038e-03,-8.763128142069e-03,-1.131661159929e-02,-1.235724673830e-02,1.895836442819e-02,2.571864302112e-02,1.674717868165e-02
3.925000000000e+00,-2.489474347376e-03,-4.307195437533e-03,-1.789667094148e-03,-8.773335304952e-03,-1.160389755284e-02,-1.255398856145e-02,1.707575271404e-02,2.440205059008e-02,1.470133188762e-02
3.930000000000e+00,-2.307277758131e-03,-3.766368044101e-03,-1.705354629387e-03,-8.750826004615e-03,-1.180123761865e-02,-1.267022456592e-02,1.511985649265e-02,2.285926767005e-02,1.265450330585e-02
3.935000000000e+00,-2.118263425471e-03,-3.192951233127e-03,-1.621894679458e-03,-8.693861083471e-03,-1.190068938634e-02,-1.269847716298e-02,1.311903136547e-02,2.111003904290e-02,1.063705375597e-02
3.940000000000e+00,-1.926484040151e-03,-2.604647114404e-03,-1.540554827671e-03,-8.599901880209e-03,-1.189590602899e-02,-1.263181683103e-02,1.109927592091e-02,1.917750633827e-02,8.676361876299e-03
3.945000000000e+00,-1.735753103480e-03,-2.018818810936e-03,-1.462408514017e-03,-8.466174558518e-03,-1.178223164943e-02,-1.246398076079e-02,9.085903384578e-03,1.708782783704e-02,6.796433966672e-03
3.950000000000e+00,-1.549617680880e-03,-1.452018212692e-03,-1.388366462390e-03,-8.289682202724e-03,-1.155674973091e-02,-1.218948923564e-02,7.103245648296e-03,1.486973171576e-02,5.017638713345e-03
3.955000000000e+00,-1.371552342029e-03,-9.195544996524e-04,-1.319209720063e-03,-8.066273256259e-03,-1.121828513276e-02,-1.180375939190e-02,5.175887464556e-03,1.255401255313e-02,3.356564425828e-03
3.960000000000e+00,-1.207145570238e-03,-4.351161866108e-04,-1.255623444374e-03,-7.783014775004e-03,-1.076736165252e-02,-1.130321608187e-02,3.344189155432e-03,1.017298228740e-02,1.825992260461e-03
3.965000000000e+00,-1.057206521842e-03,-1.045733471846e-05,-1.198230706459e-03,-7.445065009969e-03,-1.020611865541e-02,-1.068539950698e-02,1.615353520832e-03,7.759887884058e-03,4.349753849734e-04
3.970000000000e+00,-9.237389975105e-04,3.448439071712e-04,-1.147625699208e-03,-7.048954808367e-03,-9.538191629539e-03,-9.949069089442e-03,4.521787701086e-06,5.348308651047e-03,-8.109887556260e-04
3.975000000000e+00,-8.084657518509e-04,6.235489653120e-04,-1.104405831416e-03,-6.591360884857e-03,-8.768562656572e-03,-9.094302704327e-03,-1.475549451467e-03,2.971546545430e-03,-1.909707925973e-03
3.980000000000e+00,-7.128496625814e-04,8.208420567452e-04,-1.069202252923e-03,-6.069194595722e-03,-7.903387724665e-03,-8.122589907553e-03,-2.814546859158e-03,6.620227629581e-04,-2.861982415833e-03
3.985000000000e+00,-6.381173138944e-04,9.343331621591e-04,-1.042708383099e-03,-5.479694371449e-03,-6.949808480990e-03,-7.036917196024e-03,-4.004636074273e-03,-1.549306405701e-03,-3.671246717494e-03
3.990000000000e+00,-5.865841151577e-04,9.639838344907e-04,-1.025706013002e-03,-4.816467294772e-03,-5.915756240286e-03,-5.841842671966e-03,-5.031604693417e-03,-3.633502056989e-03,-4.343181857643e-03
3.995000000000e+00,-5.614623204849e-04,9.119613745986e-04,-1.019088522801e-03,-4.070789528631e-03,-4.809756271911e-03,-4.543556809693e-03,-5.878226778750e-03,-5.564152160191e-03,-4.885313825571e-03
4.000000000000e+00,-5.562482622286e-04,7.824294247950e-04,-1.023880698189e-03,-3.264249176353e-03,-3.640739907534e-03,-3.149925399390e-03,-6.593688458767e-03,-7.317827738199e-03,-5.306612182833e-03
