t,p_dibem_0_4_0_0_,p_exact_0_4_0_0_,error_0_4_0_0_,p_dibem_0_7_0_0_,p_exact_0_7_0_0_,error_0_7_0_0_,p_dibem_0_5_0_5_,p_exact_0_5_0_5_,error_0_5_0_5_
0.000000000000e+00,0.000000000000e+00,0.000000000000e+00,0.000000000000e+00,0.000000000000e+00,0.000000000000e+00,0.000000000000e+00,0.000000000000e+00,0.000000000000e+00,0.000000000000e+00
5.000000000000e-03,2.047464322628e-14,3.652929133378e-13,-3.448182701116e-13,9.385390753186e-18,3.653054315095e-13,-3.652960461187e-13,-1.649634655491e-17,3.653058108633e-13,-3.653223072099e-13
1.000000000000e-02,1.110780743550e-13,1.714356850737e-12,-1.603278776382e-12,5.021759049984e-17,1.714415599946e-12,-1.714365382356e-12,-9.088354296001e-17,1.714417380288e-12,-1.714508263831e-12
1.500000000000e-02,3.206621324708e-13,4.567629025634e-12,-4.246966893163e-12,1.401537002703e-16,4.567785554171e-12,-4.567645400470e-12,-2.709705305963e-16,4.567790297590e-12,-4.568061268121e-12
2.000000000000e-02,6.943549186641e-13,9.701698694699e-12,-9.007343776035e-12,2.922828445325e-16,9.702031165397e-12,-9.701738882553e-12,-6.077932943708e-16,9.702041240440e-12,-9.702649033734e-12
2.500000000000e-02,1.291958854624e-12,1.826474765573e-11,-1.697278880110e-11,5.084338736905e-16,1.826537358249e-11,-1.826486514862e-11,-1.189854530550e-15,1.826539255003e-11,-1.826658240456e-11
3.000000000000e-02,2.195571797373e-12,3.193879176435e-11,-2.974321996698e-11,7.989205134015e-16,3.193988631109e-11,-3.193908739058e-11,-2.135114066496e-15,3.193991947877e-11,-3.194205459284e-11
3.500000000000e-02,3.520252594699e-12,5.323346466674e-11,-4.971321207205e-11,1.174053238350e-15,5.323528902007e-11,-5.323411496683e-11,-3.606271934990e-15,5.323534430160e-11,-5.323895057353e-11
4.000000000000e-02,5.428431486382e-12,8.563740002237e-11,-8.020896853599e-11,1.641536807894e-15,8.564033496413e-11,-8.563869342733e-11,-5.860991710343e-15,8.564042389641e-11,-8.564628488812e-11
4.500000000000e-02,8.148820651285e-12,1.342110502597e-10,-1.260622296085e-10,2.146528069281e-15,1.342156500795e-10,-1.342135035514e-10,-9.297872874574e-15,1.342157894541e-10,-1.342250873270e-10
5.000000000000e-02,1.200099886736e-11,2.061261816965e-10,-1.941251828291e-10,2.839649767164e-15,2.061332466411e-10,-2.061304069914e-10,-1.429777205113e-14,2.061334606976e-10,-2.061477584697e-10
5.500000000000e-02,1.742570032600e-11,3.113485446915e-10,-2.939228443655e-10,3.643811608831e-15,3.113592169083e-10,-3.113555730967e-10,-2.168875760307e-14,3.113595402353e-10,-3.113812289929e-10
6.000000000000e-02,2.502291731863e-11,4.636744525742e-10,-4.386515352556e-10,4.525868410025e-15,4.636903477709e-10,-4.636858219025e-10,-3.235949919968e-14,4.636908292846e-10,-4.637231887838e-10
6.500000000000e-02,3.559817607973e-11,6.821562757716e-10,-6.465580996919e-10,5.547060732148e-15,6.821796641029e-10,-6.821741170421e-10,-4.763108979008e-14,6.821803725028e-10,-6.822280035926e-10
7.000000000000e-02,5.021647884484e-11,9.927623831304e-10,-9.425459042856e-10,6.317518053663e-15,9.927964276900e-10,-9.927901101719e-10,-6.965522020746e-14,9.927974586468e-10,-9.928671138670e-10
7.500000000000e-02,7.026715455225e-11,1.430281490400e-09,-1.360014335847e-09,6.902318488744e-15,1.430330552369e-09,-1.430323650051e-09,-1.006862417434e-13,1.430332037676e-09,-1.430432723918e-09
8.000000000000e-02,9.753590562738e-11,2.041036814385e-09,-1.943500908758e-09,7.799600860078e-15,2.041106853781e-09,-2.041099054181e-09,-1.432822744868e-13,2.041108973342e-09,-2.041252255616e-09
8.500000000000e-02,1.342815302704e-10,2.886453013205e-09,-2.752171482935e-09,7.061425401751e-15,2.886552116748e-09,-2.886545055322e-09,-2.033506825159e-13,2.886555114248e-09,-2.886758464930e-09
9.000000000000e-02,1.833245943194e-10,4.046926925087e-09,-3.863602330768e-09,5.199120391985e-15,4.047065975682e-09,-4.047060776562e-09,-2.850794639799e-13,4.047070178302e-09,-4.047355257766e-09
9.500000000000e-02,2.481268481515e-10,5.625959822597e-09,-5.377832974445e-09,1.524647728853e-15,5.626153326914e-09,-5.626151802266e-09,-3.955995909507e-13,5.626159169308e-09,-5.626554768899e-09
1.000000000000e-01,3.328686655884e-10,7.755821102200e-09,-7.422952436612e-09,-6.801362020423e-15,7.756088242202e-09,-7.756095043564e-09,-5.459192379417e-13,7.756096296395e-09,-7.756642215633e-09
1.050000000000e-01,4.425114186629e-10,1.060460614160e-08,-1.016209472294e-08,-2.076678495562e-14,1.060497212131e-08,-1.060499288810e-08,-7.467481196150e-13,1.060498313390e-08,-1.060572988202e-08
1.100000000000e-01,5.828276178834e-10,1.438304387096e-08,-1.380021625308e-08,-4.566034461249e-14,1.438354159169e-08,-1.438358725203e-08,-1.015522785018e-12,1.438355652806e-08,-1.438457205084e-08
1.150000000000e-01,7.603960776528e-10,1.935090019376e-08,-1.859050411611e-08,-8.624085860104e-14,1.935157231614e-08,-1.935165855700e-08,-1.367467860244e-12,1.935159241149e-08,-1.935295987935e-08
1.200000000000e-01,9.825325936934e-10,2.582565701707e-08,-2.484312442338e-08,-1.418248162651e-13,2.582655861189e-08,-2.582670043671e-08,-1.821854728523e-12,2.582658543109e-08,-2.582840728582e-08
1.250000000000e-01,1.257123003204e-09,3.419260691784e-08,-3.293548391463e-08,-2.302864897861e-13,3.419380896560e-08,-3.419403925209e-08,-2.416005911523e-12,3.419384447363e-08,-3.419626047954e-08
1.300000000000e-01,1.592409961168e-09,4.491232652679e-08,-4.331991656562e-08,-3.527109071664e-13,4.491392053267e-08,-4.491427324358e-08,-3.175645796428e-12,4.491396717281e-08,-4.491714281861e-08
1.350000000000e-01,1.996575519246e-09,5.852544607417e-08,-5.652887055492e-08,-5.323264656291e-13,5.852755030219e-08,-5.852808262865e-08,-4.135902937557e-12,5.852761107925e-08,-5.853174698219e-08
1.400000000000e-01,2.477264800245e-09,7.566002555623e-08,-7.318276075598e-08,-7.924323214159e-13,7.566279395634e-08,-7.566358638866e-08,-5.353383262285e-12,7.566287252717e-08,-7.566822591043e-08
1.450000000000e-01,3.040941230200e-09,9.703894530432e-08,-9.399800407412e-08,-1.149244641282e-12,9.704258074257e-08,-9.704372998721e-08,-6.875462143618e-12,9.704268151501e-08,-9.704955697715e-08
1.500000000000e-01,3.692061326158e-09,1.234792796991e-07,-1.197872183730e-07,-1.600844754688e-12,1.234840538342e-07,-1.234856546790e-07,-8.737629870625e-12,1.234841820643e-07,-1.234929196942e-07
1.550000000000e-01,4.432015649998e-09,1.558847083267e-07,-1.514526926767e-07,-2.282630615200e-12,1.558909920995e-07,-1.558932747301e-07,-1.108631639293e-11,1.558911539820e-07,-1.559022402984e-07
1.600000000000e-01,5.258306673007e-09,1.952406965705e-07,-1.899823898975e-07,-3.132328308196e-12,1.952490080847e-07,-1.952521404130e-07,-1.391012468472e-11,1.952492108380e-07,-1.952631209627e-07
1.650000000000e-01,6.163148268631e-09,2.426068564708e-07,-2.364437082022e-07,-4.244304202552e-12,2.426179367033e-07,-2.426221810075e-07,-1.730292948404e-11,2.426181886462e-07,-2.426354915757e-07
1.700000000000e-01,7.132414832186e-09,2.990936936876e-07,-2.919612788554e-07,-5.659669777153e-12,2.991086259633e-07,-2.991142856331e-07,-2.137513894894e-11,2.991089365678e-07,-2.991303117067e-07
1.750000000000e-01,8.144470865736e-09,3.658250409832e-07,-3.576805701174e-07,-7.524201257723e-12,3.658454392335e-07,-3.658529634348e-07,-2.619737279965e-11,3.658458191399e-07,-3.658720165127e-07
1.800000000000e-01,9.169680984421e-09,4.439262542380e-07,-4.347565732536e-07,-9.670048520897e-12,4.439545599454e-07,-4.439642299939e-07,-3.176020486812e-11,4.439550209629e-07,-4.439867811677e-07
1.850000000000e-01,1.016892296333e-08,5.344557502425e-07,-5.242868272791e-07,-1.258510298280e-11,5.344956956094e-07,-5.345082807124e-07,-3.840903887196e-11,5.344962506480e-07,-5.345346596869e-07
1.900000000000e-01,1.109467851007e-08,6.383853475787e-07,-6.272906690686e-07,-1.621032841875e-11,6.384426760171e-07,-6.384588863455e-07,-4.610592563752e-11,6.384433389979e-07,-6.384894449235e-07
1.950000000000e-01,1.189128374118e-08,7.565198319301e-07,-7.446285481890e-07,-2.032349694013e-11,7.566034075029e-07,-7.566237309998e-07,-5.471411147064e-11,7.566041931854e-07,-7.566589072969e-07
2.000000000000e-01,1.249540767887e-08,8.894497090104e-07,-8.769543013315e-07,-2.554542253110e-11,8.895732137453e-07,-8.895987591679e-07,-6.464558169918e-11,8.895741375078e-07,-8.896387830895e-07
2.050000000000e-01,1.284018513814e-08,1.037499038036e-06,-1.024658852898e-06,-3.150217417445e-11,1.037683547648e-06,-1.037715049822e-06,-7.568118444119e-11,1.037684625214e-06,-1.037760306399e-06
2.100000000000e-01,1.285687633747e-08,1.200657054448e-06,-1.187800178111e-06,-3.862304887307e-11,1.200934915039e-06,-1.200973538088e-06,-8.797357812209e-11,1.200936162131e-06,-1.201024135709e-06
2.150000000000e-01,1.248085485437e-08,1.378513352149e-06,-1.366032497295e-06,-4.693142027725e-11,1.378933968394e-06,-1.378980899815e-06,-1.016834650106e-10,1.378935400327e-06,-1.379037083792e-06
2.200000000000e-01,1.165677372576e-08,1.570217023353e-06,-1.558560249627e-06,-5.630772112827e-11,1.570855434191e-06,-1.570911741912e-06,-1.164265989965e-10,1.570857065422e-06,-1.570973492021e-06
2.250000000000e-01,1.034510887849e-08,1.774442280849e-06,-1.764097171971e-06,-6.670763734451e-11,1.775411768307e-06,-1.775478475944e-06,-1.322431219874e-10,1.775413611956e-06,-1.775545855078e-06
2.300000000000e-01,8.529345975815e-09,1.989352123888e-06,-1.980822777912e-06,-7.843089569113e-11,1.990822609003e-06,-1.990901039898e-06,-1.492235752187e-10,1.990824676344e-06,-1.990973899919e-06
2.350000000000e-01,6.223574674065e-09,2.212580789333e-06,-2.206357214659e-06,-9.144522729646e-11,2.214805464855e-06,-2.214896910082e-06,-1.672461434149e-10,2.214807764787e-06,-2.214975010930e-06
2.400000000000e-01,3.479378365210e-09,2.441252571283e-06,-2.437773192918e-06,-1.054598527462e-10,2.444606200924e-06,-2.444711660776e-06,-1.860034597576e-10,2.444608739488e-06,-2.444794742948e-06
2.450000000000e-01,3.894088324445e-10,2.671989939726e-06,-2.671600530893e-06,-1.208415302498e-10,2.677023497266e-06,-2.677144338797e-06,-2.058917983168e-10,2.677026277183e-06,-2.677232168981e-06
2.500000000000e-01,-2.909385754289e-09,2.900958062808e-06,-2.903867448562e-06,-1.367756941566e-10,2.908476199203e-06,-2.908612974898e-06,-2.259209290495e-10,2.908479219468e-06,-2.908705140397e-06
2.550000000000e-01,-6.242826332722e-09,3.123911514526e-06,-3.130154340859e-06,-1.532694582336e-10,3.135081548953e-06,-3.135234818411e-06,-2.461882121857e-10,3.135084804534e-06,-3.135330992746e-06
2.600000000000e-01,-9.412256140321e-09,3.336256367534e-06,-3.345668623675e-06,-1.704761455148e-10,3.352760647784e-06,-3.352931123930e-06,-2.667216062837e-10,3.352764129409e-06,-3.353030851016e-06
2.650000000000e-01,-1.222102531316e-08,3.533101538269e-06,-3.545322563582e-06,-1.879526182149e-10,3.557349039286e-06,-3.557536991904e-06,-2.872605145745e-10,3.557352733368e-06,-3.557639993882e-06
2.700000000000e-01,-1.452101144748e-08,3.709308508046e-06,-3.723829519493e-06,-2.050585758275e-10,3.744726714010e-06,-3.744931772586e-06,-3.072596145758e-10,3.744730602671e-06,-3.745037862286e-06
2.750000000000e-01,-1.628598943133e-08,3.859529694152e-06,-3.875815683583e-06,-2.218727700111e-10,3.910964548921e-06,-3.911186421691e-06,-3.267800786990e-10,3.910968610211e-06,-3.911295390290e-06
2.800000000000e-01,-1.772052463082e-08,3.978195547516e-06,-3.995916072147e-06,-2.381590394298e-10,4.052456108700e-06,-4.052694267739e-06,-3.457993691782e-10,4.052460316927e-06,-4.052806116296e-06
2.850000000000e-01,-1.941944673907e-08,4.059439842229e-06,-4.078859288968e-06,-2.533142988914e-10,4.166035421128e-06,-4.166288735426e-06,-3.637866235683e-10,4.166039747302e-06,-4.166403533925e-06
2.900000000000e-01,-2.259614574618e-08,4.096970731762e-06,-4.119566877508e-06,-2.672719821134e-10,4.249102071839e-06,-4.249369343821e-06,-3.807842377508e-10,4.249106484277e-06,-4.249487268514e-06
2.950000000000e-01,-2.939796920580e-08,4.083849875437e-06,-4.113247844643e-06,-2.794967203136e-10,4.299733425063e-06,-4.300012921784e-06,-3.966301612149e-10,4.299737890081e-06,-4.300134520243e-06
3.000000000000e-01,-4.334296437494e-08,4.012121126511e-06,-4.055464090886e-06,-2.910123612850e-10,4.316747817129e-06,-4.317038829490e-06,-4.121606877124e-10,4.316752299818e-06,-4.317164460506e-06
3.050000000000e-01,-6.990154710124e-08,3.872280961577e-06,-3.942182508678e-06,-2.996992942609e-10,4.299737919321e-06,-4.300037618615e-06,-4.257777198406e-10,4.299742384355e-06,-4.300168162075e-06
3.100000000000e-01,-1.172861787113e-07,3.652583349740e-06,-3.769869528451e-06,-3.078584236667e-10,4.249099085367e-06,-4.249406943791e-06,-4.393298027056e-10,4.249103497823e-06,-4.249542827626e-06
3.150000000000e-01,-1.974727612015e-07,3.338112167628e-06,-3.535584928829e-06,-3.133336645866e-10,4.166025494088e-06,-4.166338827752e-06,-4.511433460581e-10,4.166029820281e-06,-4.166480963627e-06
3.200000000000e-01,-3.275480990743e-07,2.909548235305e-06,-3.237096334380e-06,-3.191505102308e-10,4.052450135759e-06,-4.052769286269e-06,-4.638966095817e-10,4.052454344018e-06,-4.052918240628e-06
3.250000000000e-01,-5.314206913759e-07,2.341607554059e-06,-2.873028245435e-06,-3.232497471444e-10,3.910961514215e-06,-3.911284763962e-06,-4.757789754970e-10,3.910965575554e-06,-3.911441354529e-06
3.300000000000e-01,-8.420130144321e-07,1.601107538347e-06,-2.443120552779e-06,-3.261475842948e-10,3.744717754598e-06,-3.745043902183e-06,-4.869347288268e-10,3.744721643309e-06,-3.745208578038e-06
3.350000000000e-01,-1.304002180238e-06,6.445623996601e-07,-1.948564579898e-06,-3.295343151651e-10,3.557335481600e-06,-3.557665015915e-06,-4.992953248438e-10,3.557339175734e-06,-3.557838471058e-06
3.400000000000e-01,-1.977220795578e-06,-5.847867180137e-07,-1.392434077564e-06,-3.332632951917e-10,3.352748701908e-06,-3.353081965204e-06,-5.120926221555e-10,3.352752183599e-06,-3.353264276221e-06
3.450000000000e-01,-2.940831810745e-06,-2.160570983276e-06,-7.802608274688e-07,-3.374872642821e-10,3.135069727020e-06,-3.135407214284e-06,-5.261528039683e-10,3.135072982675e-06,-3.135599135479e-06
3.500000000000e-01,-4.298386637214e-06,-4.177615498315e-06,-1.207711388990e-07,-3.435212517002e-10,2.908461266863e-06,-2.908804788115e-06,-5.416995279738e-10,2.908464287207e-06,-2.909005986735e-06
3.550000000000e-01,-6.183878278716e-06,-6.757111376380e-06,5.732330976635e-07,-3.511414083562e-10,2.677006901576e-06,-2.677358042984e-06,-5.589869759068e-10,2.677009681576e-06,-2.677568668552e-06
3.600000000000e-01,-8.768907449757e-06,-1.005275550936e-05,1.283848059605e-06,-3.617494746149e-10,2.444588282120e-06,-2.444950031595e-06,-5.791511314953e-10,2.444590820778e-06,-2.445169971910e-06
3.650000000000e-01,-1.227104337096e-05,-1.425795959121e-05,1.986916220247e-06,-3.745282555034e-10,2.214786291925e-06,-2.215160820181e-06,-6.015160370188e-10,2.214788591958e-06,-2.215390107995e-06
3.700000000000e-01,-1.696347042085e-05,-1.961424227628e-05,2.650771855426e-06,-3.904608091624e-10,1.990801703731e-06,-1.991192164540e-06,-6.267436398214e-10,1.990803771176e-06,-1.991430514816e-06
3.750000000000e-01,-2.318594770077e-05,-2.642091699156e-05,3.234969290785e-06,-4.101823673870e-10,1.775391444153e-06,-1.775801626520e-06,-6.558009779015e-10,1.775393287926e-06,-1.776049088904e-06
3.800000000000e-01,-3.135709209906e-05,-3.504615951983e-05,3.689067420764e-06,-4.337183107609e-10,1.570831542411e-06,-1.571265260722e-06,-6.887503043003e-10,1.570833173791e-06,-1.571521924095e-06
3.850000000000e-01,-4.198792632111e-05,-4.593950521981e-05,3.951578898691e-06,-4.606096831662e-10,1.378905889105e-06,-1.379366498788e-06,-7.254315220054e-10,1.378907321227e-06,-1.379632752749e-06
3.900000000000e-01,-5.569656938070e-05,-5.964578643575e-05,3.949217055049e-06,-4.913132235966e-10,1.200908036602e-06,-1.201399349826e-06,-7.669261038003e-10,1.200909283975e-06,-1.201676210079e-06
3.950000000000e-01,-7.322385942174e-05,-7.682046282116e-05,3.596603399421e-06,-5.260702065697e-10,1.037658186741e-06,-1.038184256947e-06,-8.135056608040e-10,1.037659264746e-06,-1.038472770407e-06
4.000000000000e-01,-9.544960945560e-05,-9.824622143990e-05,2.796611984303e-06,-5.642960912772e-10,8.895433481137e-07,-8.901076442050e-07,-8.650788776069e-10,8.895442726114e-07,-8.904093514890e-07
4.050000000000e-01,-1.234090859515e-04,-1.248506243374e-04,1.441538385807e-06,-6.058604080891e-10,7.565690509779e-07,-7.571749113860e-07,-9.224933124090e-10,7.565698379400e-07,-7.574923312524e-07
4.100000000000e-01,-1.583091772106e-04,-1.577244605114e-04,-5.847166991410e-07,-6.511893512367e-10,6.384098213125e-07,-6.390610106637e-07,-9.870525851671e-10,6.384104865822e-07,-6.393975391673e-07
4.150000000000e-01,-2.015435941480e-04,-1.981403273067e-04,-3.403266841275e-06,-6.995652627488e-10,5.344624288587e-07,-5.351619941215e-07,-1.059290447996e-09,5.344629880199e-07,-5.355222784679e-07
4.200000000000e-01,-2.547063223463e-04,-2.475708347517e-04,-7.135487594540e-06,-7.506504220254e-10,4.439187099037e-07,-4.446693603257e-07,-1.139825121352e-09,4.439191783681e-07,-4.450590034894e-07
4.250000000000e-01,-3.196024044878e-04,-3.077055891266e-04,-1.189681536115e-05,-8.061449445601e-10,3.658091174264e-07,-3.666152623710e-07,-1.232133675802e-09,3.658095107263e-07,-3.670416444021e-07
4.300000000000e-01,-3.982550085574e-04,-3.804660304232e-04,-1.778897813414e-05,-8.640393863874e-10,2.990697604704e-07,-2.999337998567e-07,-1.336537492714e-09,2.990700950284e-07,-3.004066325211e-07
4.350000000000e-01,-4.929076589671e-04,-4.680168879345e-04,-2.489077103263e-05,-9.269438785825e-10,2.425795915847e-07,-2.435065354633e-07,-1.457483522415e-09,2.425798860655e-07,-2.440373695879e-07
4.400000000000e-01,-6.060203722054e-04,-5.727729490766e-04,-3.324742312885e-05,-9.956848337766e-10,1.952070647951e-07,-1.962027496289e-07,-1.598342443963e-09,1.952073424836e-07,-1.968056849275e-07
4.450000000000e-01,-7.402584386368e-04,-6.973995867140e-04,-4.285885192278e-05,-1.072697907679e-09,1.558458495630e-07,-1.569185474707e-07,-1.764471370011e-09,1.558461423817e-07,-1.576106137517e-07
4.500000000000e-01,-8.984725422537e-04,-8.448053513921e-04,-5.366719086162e-05,-1.160516530439e-09,1.234388463272e-07,-1.245993628576e-07,-1.961966784352e-09,1.234392014332e-07,-1.254011682175e-07
4.550000000000e-01,-1.083668968886e-03,-1.018124847043e-03,-6.554412184281e-05,-1.265741918951e-09,9.699681464453e-08,-9.826255656348e-08,-2.199224355572e-09,9.699730521395e-08,-9.919652956952e-08
4.600000000000e-01,-1.298968728632e-03,-1.220690060154e-03,-7.827866847723e-05,-1.396033407326e-09,7.561378398964e-08,-7.700981739697e-08,-2.486490087201e-09,7.561452663503e-08,-7.810101672223e-08
4.650000000000e-01,-1.547554599629e-03,-1.455988305125e-03,-9.156629450359e-05,-1.561924806105e-09,5.847528843083e-08,-6.003721323694e-08,-2.835544613355e-09,5.847647108206e-08,-6.131201569542e-08
4.700000000000e-01,-1.832605313916e-03,-1.727605056671e-03,-1.050002572446e-04,-1.776915335910e-09,4.485960675763e-08,-4.663652209354e-08,-3.258929338261e-09,4.486153289379e-08,-4.812046223205e-08
4.750000000000e-01,-2.157216426420e-03,-2.039150179419e-03,-1.180662470019e-04,-2.060634337316e-09,3.413596989478e-08,-3.619660423210e-08,-3.772633188603e-09,3.413912812242e-08,-3.791176131103e-08
4.800000000000e-01,-2.524307775065e-03,-2.394166427909e-03,-1.301413471565e-04,-2.437240495247e-09,2.576289290319e-08,-2.820013339843e-08,-4.392743339298e-09,2.576806552391e-08,-3.016080886321e-08
4.850000000000e-01,-2.936517913669e-03,-2.796019444666e-03,-1.404984690027e-04,-2.934416668929e-09,1.927952214741e-08,-2.221393881634e-08,-5.133814801212e-09,1.928795300330e-08,-2.442176780451e-08
4.900000000000e-01,-3.396086420748e-03,-3.247769269503e-03,-1.483171512448e-04,-3.586763854730e-09,1.429996588974e-08,-1.788672974447e-08,-6.008945568953e-09,1.431361774163e-08,-2.032256331059e-08
4.950000000000e-01,-3.904725559616e-03,-3.752023926178e-03,-1.527016334383e-04,-4.432152728233e-09,1.050339105925e-08,-1.493554378748e-08,-7.025784210369e-09,1.052533687369e-08,-1.755112108406e-08
5.000000000000e-01,-4.463483411289e-03,-4.310776704175e-03,-1.527067071149e-04,-5.508820083316e-09,7.625947259359e-09,-1.313476734267e-08,-8.181083304510e-09,7.660960122028e-09,-1.584204342654e-08
5.050000000000e-01,-5.072601252265e-03,-4.925229633350e-03,-1.473716189146e-04,-6.856444390557e-09,5.451998081981e-09,-1.230844247254e-08,-9.458325929033e-09,5.507433282302e-09,-1.496575921133e-08
5.100000000000e-01,-5.731368590636e-03,-5.595606758527e-03,-1.357618321093e-04,-8.501444278718e-09,3.805168728486e-09,-1.230661300720e-08,-1.081471801883e-08,3.892271904713e-09,-1.470698992354e-08
5.150000000000e-01,-6.437979950154e-03,-6.320961972293e-03,-1.170179778609e-04,-1.045628915120e-08,2.539829298928e-09,-1.299611845012e-08,-1.217414785956e-08,2.675660894386e-09,-1.484980875395e-08
5.200000000000e-01,-7.189398031081e-03,-7.098987298339e-03,-9.041073274211e-05,-1.270226649876e-08,1.532872270910e-09,-1.423513876967e-08,-1.341369508810e-08,1.743116377387e-09,-1.515681146549e-08
5.250000000000e-01,-7.981228412568e-03,-7.925828581171e-03,-5.539983139655e-05,-1.516930807176e-08,6.751947848281e-10,-1.584450285659e-08,-1.434151880493e-08,9.982273448795e-10,-1.533974614981e-08
5.300000000000e-01,-8.807611350004e-03,-8.795916510664e-03,-1.169483934015e-05,-1.772124804872e-08,-1.374640660171e-10,-1.758378398271e-08,-1.468312579262e-08,3.552717580071e-10,-1.503839755063e-08
5.350000000000e-01,-9.661136431013e-03,-9.701821712150e-03,4.068528113782e-05,-2.011945651614e-08,-1.014709813662e-09,-1.910474670248e-08,-1.405110263006e-08,-2.684768421696e-10,-1.378262578789e-08
5.400000000000e-01,-1.053278596779e-02,-1.063414315621e-02,1.013571884225e-04,-2.199369677096e-08,-2.083516848976e-09,-1.991017992198e-08,-1.191891327663e-08,-9.613040590282e-10,-1.095760921760e-08
5.450000000000e-01,-1.141191282283e-02,-1.158143932217e-02,1.695264993406e-04,-2.279737319179e-08,-3.503261633293e-09,-1.929411155849e-08,-7.583979611961e-09,-1.827294219587e-09,-5.756685392375e-09
5.500000000000e-01,-1.228625803971e-02,-1.253021135788e-02,2.439533181748e-04,-2.176546978849e-08,-5.485143006171e-09,-1.628032678232e-08,-1.368207429277e-10,-2.999178929410e-09,2.862358186482e-09
5.550000000000e-01,-1.314201301975e-02,-1.346494685411e-02,3.229338343572e-04,-1.786033634584e-08,-8.317755993917e-09,-9.542580351923e-09,1.158288252048e-08,-4.654966903263e-09,1.623784942375e-08
5.600000000000e-01,-1.396393016934e-02,-1.436823172472e-02,4.043015553849e-04,-9.725580930144e-09,-1.240122693017e-08,2.675646000026e-09,2.901928824106e-08,-7.039984952768e-09,3.605927319382e-08
5.650000000000e-01,-1.473548482623e-02,-1.522093604230e-02,4.854512160656e-04,4.361710327602e-09,-1.829306957758e-08,2.265477990518e-08,5.393342376269e-08,-1.049649385200e-08,6.442991761469e-08
5.700000000000e-01,-1.543908996901e-02,-1.600247755926e-02,5.633875902531e-04,2.652507598935e-08,-2.676977159318e-08,5.329484758253e-08,8.842848799932e-08,-1.550363201428e-08,1.039321200136e-07
5.750000000000e-01,-1.605636368086e-02,-1.669116407659e-02,6.348003957349e-04,5.930205627988e-08,-3.890926162235e-08,9.821131790223e-08,1.349546802565e-07,-2.273124040996e-08,1.576859206664e-07
5.800000000000e-01,-1.656844763741e-02,-1.726461284161e-02,6.961652041978e-04,1.056237285254e-07,-5.620093990820e-08,1.618246684336e-07,1.962914064734e-07,-3.311222352473e-08,2.294036299981e-07
5.850000000000e-01,-1.695637306203e-02,-1.770024186136e-02,7.438687993309e-04,1.687436250524e-07,-8.069175435545e-08,2.494353794079e-07,2.754904695492e-07,-4.793942832442e-08,3.234298978736e-07
5.900000000000e-01,-1.720146869873e-02,-1.797582455723e-02,7.743558585008e-04,2.520898879634e-07,-1.151788943101e-07,3.672687822736e-07,3.757634019652e-07,-6.899458018235e-08,4.447579821476e-07
5.950000000000e-01,-1.728580342971e-02,-1.807009570259e-02,7.842922728792e-04,3.590230090644e-07,-1.634624068643e-07,5.224854159287e-07,5.003030166824e-07,-9.871884947267e-08,5.990218661551e-07
6.000000000000e-01,-1.719265434515e-02,-1.796339321936e-02,7.707388742137e-04,4.924581102479e-07,-2.306744943682e-07,7.231326046161e-07,6.520015070660e-07,-1.404372378394e-07,7.924387449055e-07
6.050000000000e-01,-1.690698935264e-02,-1.763831734338e-02,7.313279907354e-04,6.543116997491e-07,-3.237059816304e-07,9.780176813795e-07,8.330488253918e-07,-1.986519024209e-07,1.031700727813e-06
6.100000000000e-01,-1.641595191585e-02,-1.708038610639e-02,6.644341905450e-04,8.447403175228e-07,-4.517546179878e-07,1.296494935511e-06,1.044377088495e-06,-2.794228704181e-07,1.323799958913e-06
6.150000000000e-01,-1.570933433942e-02,-1.627866419493e-02,5.693298555126e-04,1.061100862045e-06,-6.270253385327e-07,1.688126200578e-06,1.284902704626e-06,-3.908589425486e-07,1.675761647175e-06
6.200000000000e-01,-1.478002514225e-02,-1.522634116719e-02,4.463160249372e-04,1.296587675704e-06,-8.656190963763e-07,2.162206772081e-06,1.550538105004e-06,-5.437468738064e-07,2.094284978810e-06
6.250000000000e-01,-1.362441566775e-02,-1.392123486854e-02,2.968192007929e-04,1.538474380219e-06,-1.188653015940e-06,2.727127396159e-06,1.832905805475e-06,-7.523522194304e-07,2.585258024905e-06
6.300000000000e-01,-1.224275111309e-02,-1.236619679435e-02,1.234456812594e-04,1.765896839354e-06,-1.623661071163e-06,3.389557910518e-06,2.117716928034e-06,-1.035430957718e-06,3.153147885752e-06
6.350000000000e-01,-1.063941172936e-02,-1.056939814529e-02,-7.001358406918e-05,1.947107142883e-06,-2.206333015890e-06,4.153440158773e-06,2.382753236093e-06,-1.417498502971e-06,3.800251739065e-06
6.400000000000e-01,-8.823111043707e-03,-8.544478373933e-03,-2.786326697738e-04,2.036110653260e-06,-2.982658413067e-06,5.018769066327e-06,2.595373017512e-06,-1.930411125113e-06,4.525784142624e-06
6.450000000000e-01,-6.806999535730e-03,-6.310542067552e-03,-4.964574681772e-04,1.968638389906e-06,-4.011549037715e-06,5.980187427621e-06,2.709506758221e-06,-2.615321656535e-06,5.324828414756e-06
6.500000000000e-01,-4.608664353710e-03,-3.891994944584e-03,-7.166694091263e-04,1.657378432905e-06,-5.368018668545e-06,7.025397101450e-06,2.662063445093e-06,-3.525078048411e-06,6.187141493504e-06
6.550000000000e-01,-2.250018244710e-03,-1.318215381752e-03,-9.318028629586e-04,9.863976306151e-07,-7.147007406797e-06,8.133405037412e-06,2.368678709038e-06,-4.727142367973e-06,7.095821077011e-06
6.600000000000e-01,2.429261896168e-04,1.376936008836e-03,-1.134009819219e-03,-1.952480439025e-07,-9.467943761211e-06,9.272695717308e-06,1.718785558940e-06,-6.307116126795e-06,8.025901685735e-06
6.650000000000e-01,2.840397408498e-03,4.155759928698e-03,-1.315362520200e-03,-2.080780045889e-06,-1.248013564654e-05,1.039935560065e-05,5.699268212040e-07,-8.372960406331e-06,8.942887227535e-06
6.700000000000e-01,5.509318066401e-03,6.977500006375e-03,-1.468181939974e-03,-4.913797178295e-06,-1.636907608952e-05,1.145527891123e-05,-1.258688800517e-06,-1.105999968082e-05,9.801310880308e-06
6.750000000000e-01,8.213863731638e-03,9.799241541706e-03,-1.585377810067e-03,-8.997181904711e-06,-2.136374530341e-05,1.236656339869e-05,-3.993404880280e-06,-1.453680045748e-05,1.054339557720e-05
6.800000000000e-01,1.091611695183e-02,1.257690124809e-02,-1.660784296256e-03,-1.470273011103e-05,-2.774497838031e-05,1.304224826927e-05,-7.914089135066e-06,-1.901201250183e-05,1.109792336677e-05
6.850000000000e-01,1.357680296389e-02,1.526627759891e-02,-1.689474635013e-03,-2.248137615712e-05,-3.585493810965e-05,1.337356195253e-05,-1.336280714895e-05,-2.474224346119e-05,1.137943631224e-05
6.900000000000e-01,1.615609016673e-02,1.782412827397e-02,-1.668038107237e-03,-3.287382324157e-05,-4.610769561054e-05,1.323387236897e-05,-2.075310616992e-05,-3.204101503832e-05,1.128790886839e-05
6.950000000000e-01,1.861443569801e-02,2.020923942106e-02,-1.594803723043e-03,-4.652134376439e-05,-5.900088192179e-05,1.247953815740e-05,-3.057977345249e-05,-4.128882451224e-05,1.070905105974e-05
7.000000000000e-01,2.091345421972e-02,2.238345111487e-02,-1.469996895149e-03,-6.417643663117e-05,-7.512832886761e-05,1.095189223645e-05,-4.342888862994e-05,-5.294430772383e-05,9.515419093881e-06
7.050000000000e-01,2.301678641305e-02,2.431260459172e-02,-1.295818178668e-03,-8.671297423789e-05,-9.519349815928e-05,8.480523921382e-06,-5.998792673045e-05,-6.755640604534e-05,7.568479314895e-06
7.100000000000e-01,2.489094280829e-02,2.596737940526e-02,-1.076436596966e-03,-1.151353837835e-04,-1.200234809701e-04,4.888097186639e-06,-8.105560184168e-05,-8.577743613266e-05,4.721834290975e-06
7.150000000000e-01,2.650609846283e-02,2.732399267042e-02,-8.178942075885e-04,-1.505863608510e-04,-1.505831653367e-04,-3.195514302522e-09,-1.075510977919e-04,-1.083768072763e-04,8.257094844143e-07
7.200000000000e-01,2.783681472474e-02,2.836473764909e-02,-5.279229243480e-04,-1.943525405788e-04,-1.879891285853e-04,-6.363411993502e-06,-1.405222478845e-04,-1.362551038052e-04,-4.267144079289e-06
7.250000000000e-01,2.886266587116e-02,2.907834503457e-02,-2.156791634018e-04,-2.478674786295e-04,-2.335226330432e-04,-1.434484558629e-05,-1.811521577142e-04,-1.704580950956e-04,-1.069406261856e-05
7.300000000000e-01,2.956875069834e-02,2.946015700768e-02,1.085936906551e-04,-3.127112990363e-04,-2.886409733671e-04,-2.407032566924e-05,-2.307637400657e-04,-2.121901188774e-04,-1.857362118832e-05
7.350000000000e-01,2.994607227943e-02,2.951211119397e-02,4.339610854616e-04,-3.906062544912e-04,-3.549862926582e-04,-3.561996183304e-05,-2.908215078386e-04,-2.628261601361e-04,-2.799534770247e-05
7.400000000000e-01,2.999177274181e-02,2.924253872587e-02,7.492340159447e-04,-4.834075231396e-04,-4.343908448572e-04,-4.901667828243e-05,-3.629300050469e-04,-3.239218089644e-04,-3.900819608248e-05
7.450000000000e-01,2.970921421792e-02,2.866578738397e-02,1.043426833957e-03,-5.930885132200e-04,-5.288775344908e-04,-6.421097872922e-05,-4.488281677346e-04,-3.972201247038e-04,-5.160804303081e-05
7.500000000000e-01,2.910790175146e-02,2.780168694213e-02,1.306214809329e-03,-7.217199991923e-04,-6.406544513065e-04,-8.106554788580e-05,-5.503789024035e-04,-4.846542963322e-04,-6.572460607126e-05
7.550000000000e-01,2.820324877970e-02,2.667487911209e-02,1.528369667610e-03,-8.714425179426e-04,-7.721020486783e-04,-9.934046926433e-05,-6.695532153209e-04,-5.883448814242e-04,-8.120833389662e-05
7.600000000000e-01,2.701619081473e-02,2.531403867227e-02,1.702152142468e-03,-1.044431491163e-03,-9.257515739619e-04,-1.186799172015e-04,-8.084081977995e-04,-7.105903102045e-04,-9.781788759503e-05
7.650000000000e-01,2.557265770412e-02,2.375101532125e-02,1.821642382865e-03,-1.242854735592e-03,-1.104253358065e-03,-1.386013775274e-04,-9.690582920979e-04,-8.538492665249e-04,-1.152090255729e-04
7.700000000000e-01,2.390291942907e-02,2.201992742119e-02,1.882992007873e-03,-1.468822167493e-03,-1.310333654307e-03,-1.584885131854e-04,-1.153639325927e-03,-1.020713547154e-03,-1.329257787731e-04
7.750000000000e-01,2.204082445264e-02,2.015623907464e-02,1.884585377998e-03,-1.724327722863e-03,-1.546738893379e-03,-1.775888294834e-04,-1.364264951675e-03,-1.213870066420e-03,-1.503948852551e-04
7.800000000000e-01,2.002295310016e-02,1.819585097270e-02,1.827102127460e-03,-2.011183761090e-03,-1.816166474675e-03,-1.950172864149e-04,-1.602975284794e-03,-1.436050799349e-03,-1.669244854451e-04
7.850000000000e-01,1.788771116482e-02,1.617423327237e-02,1.713477892449e-03,-2.330948496578e-03,-2.121181554870e-03,-2.097669417083e-04,-1.871677750342e-03,-1.689969655692e-03,-1.817080946497e-04
7.900000000000e-01,1.567439078750e-02,1.412562555908e-02,1.548765228420e-03,-2.684847317861e-03,-2.464119755772e-03,-2.207275620890e-04,-2.172080394000e-03,-1.978245588421e-03,-1.938348055795e-04
7.950000000000e-01,1.342222661717e-02,1.208232492972e-02,1.339901687443e-03,-3.073689146729e-03,-2.846976290920e-03,-2.267128558091e-04,-2.505618179310e-03,-2.303311666248e-03,-2.023065130619e-04
8.000000000000e-01,1.116947519397e-02,1.007407863512e-02,1.095396558858e-03,-3.497779376560e-03,-3.271282673295e-03,-2.264967032648e-04,-2.873373121215e-03,-2.667310356599e-03,-2.060627646158e-04
8.050000000000e-01,8.952544537248e-03,8.127592789052e-03,8.249517481963e-04,-3.956831214307e-03,-3.737972905656e-03,-2.188583086504e-04,-3.275989420546e-03,-3.071975873139e-03,-2.040135474073e-04
8.100000000000e-01,6.805198955798e-03,6.266163618846e-03,5.390353369526e-04,-4.449877621739e-03,-4.247241875367e-03,-2.026357463723e-04,-3.713585129679e-03,-3.518505156799e-03,-1.950799728801e-04
8.150000000000e-01,4.757861318415e-03,4.509432828946e-03,2.484284894683e-04,-4.975186345883e-03,-4.798399543242e-03,-1.767868026410e-04,-4.185662238901e-03,-4.007419858559e-03,-1.782423803422e-04
8.200000000000e-01,2.837031487279e-03,2.873264085037e-03,-3.623259775728e-05,-5.530180787258e-03,-5.389725385997e-03,-1.404554012609e-04,-4.691017401491e-03,-4.538422541726e-03,-1.525948597654e-04
8.250000000000e-01,1.064835426256e-03,1.369733599773e-03,-3.048981735177e-04,-6.111369694850e-03,-6.018328331266e-03,-9.304136358318e-05,-5.227655877919e-03,-5.110251136375e-03,-1.174047415445e-04
8.300000000000e-01,-5.412851189953e-04,7.224362662915e-06,-5.485094816582e-04,-6.714288830326e-03,-6.680018229047e-03,-3.427060127950e-05,-5.792711567339e-03,-5.720536591139e-03,-7.217497620014e-05
8.350000000000e-01,-1.968737378904e-03,-1.209389076219e-03,-7.593483026844e-04,-7.333457803359e-03,-7.369195425332e-03,3.573762197303e-05,-6.382376233145e-03,-6.365669365290e-03,-1.670686785469e-05
8.400000000000e-01,-3.209796781989e-03,-2.278480283028e-03,-9.313164989606e-04,-7.962355290364e-03,-8.078765471467e-03,1.164101811033e-04,-6.991841240090e-03,-7.040681131100e-03,4.883989100990e-05
8.450000000000e-01,-4.261485571264e-03,-3.201351175807e-03,-1.060134395457e-03,-8.593415709765e-03,-8.800086114576e-03,2.066704048108e-04,-7.615255197229e-03,-7.739148500455e-03,1.238933032253e-04
8.500000000000e-01,-5.125320370378e-03,-3.981869277119e-03,-1.143451093259e-03,-9.218050205101e-03,-9.522953582943e-03,3.049033778420e-04,-8.245700922050e-03,-8.453125864748e-03,2.074249426975e-04
8.550000000000e-01,-5.806942447180e-03,-4.626078114705e-03,-1.180864332475e-03,-9.826694441797e-03,-1.023563470714e-02,4.089402653440e-04,-8.875195039356e-03,-9.173114432427e-03,2.979193930716e-04
8.600000000000e-01,-6.315647970786e-03,-5.141795975592e-03,-1.173851995194e-03,-1.040888523716e-02,-1.092495057039e-02,5.160653332285e-04,-9.494713283798e-03,-9.888074215855e-03,3.933609320564e-04
8.650000000000e-01,-6.663838402911e-03,-5.538216803362e-03,-1.125621599549e-03,-1.095336745882e-02,-1.157641614747e-02,6.230486886539e-04,-1.009424422444e-02,-1.058548502533e-02,4.912408008916e-04
8.700000000000e-01,-6.866413200647e-03,-5.825525250677e-03,-1.040887949970e-03,-1.144823194091e-02,-1.217443879088e-02,7.262068499668e-04,-1.066287364713e-02,-1.125146146892e-02,5.885878217942e-04
8.750000000000e-01,-6.940128077199e-03,-6.014535880599e-03,-9.255921966001e-04,-1.188108431302e-02,-1.270257647899e-02,8.214921659727e-04,-1.118890116428e-02,-1.187092552593e-02,6.820243616442e-04
8.800000000000e-01,-6.902942355001e-03,-6.116364360406e-03,-7.865779945952e-04,-1.223924380574e-02,-1.314385448805e-02,9.046106823098e-04,-1.165998990983e-02,-1.242783846175e-02,7.678485519260e-04
8.850000000000e-01,-6.773378181411e-03,-6.142136319680e-03,-6.312418617313e-04,-1.250997005389e-02,-1.348113666004e-02,9.711666061464e-04,-1.206334922047e-02,-1.290549172302e-02,8.421425025479e-04
8.900000000000e-01,-6.569912934300e-03,-6.102737454185e-03,-4.671754801149e-04,-1.268071499660e-02,-1.369754481828e-02,1.016829821680e-03,-1.238594929138e-02,-1.328685406895e-02,9.009047775673e-04
8.950000000000e-01,-6.310423806363e-03,-6.008606526263e-03,-3.018172801002e-04,-1.273939588668e-02,-1.377691724032e-02,1.037521353641e-03,-1.261476566134e-02,-1.355496963916e-02,9.402039778206e-04
9.000000000000e-01,-6.011700665075e-03,-5.869571193372e-03,-1.421294717029e-04,-1.267468446755e-02,-1.370429454686e-02,1.029610079303e-03,-1.273705028860e-02,-1.369339901911e-02,9.563487305086e-04
9.050000000000e-01,-5.689039829898e-03,-5.694725130869e-03,5.685300971328e-06,-1.247630639121e-02,-1.346641904148e-02,9.901126502703e-04,-1.274062479943e-02,-1.368669276335e-02,9.460679639167e-04
9.100000000000e-01,-5.355927672273e-03,-5.492343734596e-03,1.364160623230e-04,-1.213534414668e-02,-1.305223158918e-02,9.168874424952e-04,-1.261419040023e-02,-1.352088441731e-02,9.066940170796e-04
9.150000000000e-01,-5.023818939602e-03,-5.269834799559e-03,2.460158599574e-04,-1.164453598006e-02,-1.245334868063e-02,8.088127005744e-04,-1.234764780631e-02,-1.318398797452e-02,8.363401682149e-04
9.200000000000e-01,-4.702010769914e-03,-5.033719957663e-03,3.317091877493e-04,-1.099856276791e-02,-1.166450150262e-02,6.659387347132e-04,-1.193241961335e-02,-1.266648304103e-02,7.340634276818e-04
9.250000000000e-01,-4.397609552600e-03,-4.789642301232e-03,3.920327486315e-04,-1.019431442892e-02,-1.068391871854e-02,4.896042896136e-04,-1.136176669190e-02,-1.196176987740e-02,6.000031854996e-04
9.300000000000e-01,-4.115584272018e-03,-4.542395499453e-03,4.268112274346e-04,-9.231127303033e-03,-9.513635338097e-03,2.825080350646e-04,-1.063108952970e-02,-1.106657606919e-02,4.354865394954e-04
9.350000000000e-01,-3.858896912850e-03,-4.295969797094e-03,4.370728842447e-04,-8.110984040773e-03,-8.159711550934e-03,4.872751016107e-05,-9.738205046346e-03,-9.981296917477e-03,2.430918711312e-04
9.400000000000e-01,-3.628698021590e-03,-4.053610524277e-03,4.249125026872e-04,-6.838667929073e-03,-6.632347698333e-03,-2.063202307399e-04,-8.683589266977e-03,-8.710252780180e-03,2.666351320350e-05
9.450000000000e-01,-3.424573635601e-03,-3.817885104637e-03,3.933114690363e-04,-5.421864229043e-03,-4.945884610169e-03,-4.759796188749e-04,-7.470576386610e-03,-7.261848541928e-03,-2.087278446821e-04
9.500000000000e-01,-3.244828626576e-03,-3.590754997201e-03,3.459263706249e-04,-3.871202023470e-03,-3.118682257560e-03,-7.525197659105e-04,-6.105505240009e-03,-5.648623124205e-03,-4.568821158048e-04
9.550000000000e-01,-3.086791034001e-03,-3.373649509413e-03,2.868584754116e-04,-2.200231275168e-03,-1.172873929574e-03,-1.027357345594e-03,-4.597804987360e-03,-3.887180391421e-03,-7.106245959393e-04
9.600000000000e-01,-2.947122209240e-03,-3.167538942015e-03,2.204167327744e-04,-4.253312494462e-04,8.660022393884e-04,-1.291333488835e-03,-2.960012989353e-03,-1.997996841148e-03,-9.620161482045e-04
9.650000000000e-01,-2.822118473050e-03,-2.973005026741e-03,1.508865536908e-04,1.434451879571e-03,2.969487809674e-03,-1.535035930103e-03,-1.207719292838e-03,-5.105907778542e-06,-1.202613385059e-03
9.700000000000e-01,-2.707991447568e-03,-2.790307132038e-03,8.231568447061e-05,3.357638576611e-03,5.106793308002e-03,-1.749154731391e-03,6.405660897759e-04,2.064336548375e-03,-1.423770458599e-03
9.750000000000e-01,-2.601116208792e-03,-2.619443136194e-03,1.832692740229e-05,5.320618975561e-03,7.245476488394e-03,-1.924857512834e-03,2.563624871028e-03,4.180596283093e-03,-1.616971412065e-03
9.800000000000e-01,-2.498238675750e-03,-2.460204290152e-03,-3.803438559716e-05,7.298021707597e-03,9.352189864907e-03,-2.054168157310e-03,4.537820736423e-03,6.312000361379e-03,-1.774179624956e-03
9.850000000000e-01,-2.396636296248e-03,-2.312223720010e-03,-8.441257623861e-05,9.263142692299e-03,1.139347457745e-02,-2.130331885154e-03,6.537465283053e-03,8.425654484078e-03,-1.888189201025e-03
9.900000000000e-01,-2.294228710112e-03,-2.175018506439e-03,-1.192102036725e-04,1.118842609630e-02,1.333657527995e-02,-2.148149183651e-03,8.535254378848e-03,1.048821638265e-02,-1.952962003799e-03
9.950000000000e-01,-2.189637758486e-03,-2.048025506602e-03,-1.416122518840e-04,1.304598772952e-02,1.515024937784e-02,-2.104261648326e-03,1.050276721236e-02,1.246670097218e-02,-1.963933759824e-03
1.000000000000e+00,-2.082198749914e-03,-1.930631254695e-03,-1.515674952193e-04,1.480816941526e-02,1.680554367790e-02,-1.997374262633e-03,1.241101790615e-02,1.432929116504e-02,-1.918273258892e-03
1.005000000000e+00,-1.971927109420e-03,-1.822196394951e-03,-1.497307144682e-04,1.644811145555e-02,1.827651237916e-02,-1.828400923603e-03,1.423104744571e-02,1.604612752255e-02,-1.815080076837e-03
1.010000000000e+00,-1.859446503819e-03,-1.722075178188e-03,-1.373713256313e-04,1.794032911924e-02,1.954085229642e-02,-1.600523177184e-03,1.593454171476e-02,1.759005030683e-02,-1.655508592070e-03
1.015000000000e+00,-1.745885972537e-03,-1.629630595756e-03,-1.162553767813e-04,1.926127836201e-02,2.058043418728e-02,-1.319155825272e-03,1.749445991993e-02,1.893726898898e-02,-1.442809069053e-03
1.020000000000e+00,-1.632754638743e-03,-1.544245737501e-03,-8.850890124189e-05,2.038989560852e-02,2.138171292097e-02,-9.918173124448e-04,1.888565653437e-02,2.006793681952e-02,-1.182280285156e-03
1.025000000000e+00,-1.521803062173e-03,-1.465331933392e-03,-5.647112878059e-05,2.130809655126e-02,2.193600382467e-02,-6.279072734063e-04,2.008547929606e-02,2.096661158284e-02,-8.811322867810e-04
1.030000000000e+00,-1.414880360139e-03,-1.392334227977e-03,-2.254613216243e-05,2.200121943683e-02,2.223961759267e-02,-2.383981558380e-04,2.107432567049e-02,2.162258791357e-02,-5.482622430761e-04
1.035000000000e+00,-1.313795680267e-03,-1.324734670890e-03,1.093899062333e-05,2.245839945418e-02,2.229385150966e-02,1.645479445199e-04,2.183614077000e-02,2.203009145336e-02,-1.939506833584e-04
1.040000000000e+00,-1.220191846681e-03,-1.262053876381e-03,4.186202969997e-05,2.267286221011e-02,2.210484006170e-02,5.680221484120e-04,2.235884072108e-02,2.218833032990e-02,1.705103911841e-04
1.045000000000e+00,-1.135437683743e-03,-1.203851237501e-03,6.841355375740e-05,2.264212630750e-02,2.168327314294e-02,9.588531645610e-04,2.263464722400e-02,2.210140480385e-02,5.332424201545e-04
1.050000000000e+00,-1.060544076875e-03,-1.149724128936e-03,8.918005206123e-05,2.236810729457e-02,2.104399472014e-02,1.324112574431e-03,2.266032123401e-02,2.177808114293e-02,8.822400910815e-04
1.055000000000e+00,-9.961071543705e-04,-1.099306381971e-03,1.031992276005e-04,2.185711787481e-02,2.020549881342e-02,1.651619061393e-03,2.243728640586e-02,2.123144063257e-02,1.205845773283e-03
1.060000000000e+00,-9.422801878626e-04,-1.052266265471e-03,1.099860776089e-04,2.111976219303e-02,1.918934283175e-02,1.930419361279e-03,2.197163613321e-02,2.047841891012e-02,1.493217223091e-03
1.065000000000e+00,-8.987741573718e-04,-1.008304159057e-03,1.095300016854e-04,2.017072493674e-02,1.801950054922e-02,2.151224387515e-03,2.127402137698e-02,1.953925433772e-02,1.734767039257e-03
1.070000000000e+00,-8.648851967305e-04,-9.671500649327e-04,1.022648682021e-04,1.902845920528e-02,1.672167825238e-02,2.306780952903e-03,2.035942024706e-02,1.843686676454e-02,1.922553482523e-03
1.075000000000e+00,-8.395457959884e-04,-9.285610729819e-04,8.901527699350e-05,1.771478004149e-02,1.532261781650e-02,2.392162224991e-03,1.924679397604e-02,1.719618968811e-02,2.050604287933e-03
1.080000000000e+00,-8.213954119175e-04,-8.923188644178e-04,7.092345250027e-05,1.625437348195e-02,1.384940972374e-02,2.404963758207e-03,1.795863764381e-02,1.584347947736e-02,2.115158166442e-03
1.085000000000e+00,-8.088652884887e-04,-8.582273123674e-04,4.936202387872e-05,1.467423362489e-02,1.232883740244e-02,2.345396222447e-03,1.652043751164e-02,1.440562498421e-02,2.114812527427e-03
1.090000000000e+00,-8.002717375884e-04,-8.261102182318e-04,2.583848064332e-05,1.300304255199e-02,1.078677185925e-02,2.216270692745e-03,1.496005003877e-02,1.290947960257e-02,2.050570436196e-03
1.095000000000e+00,-7.939119986933e-04,-7.958092096089e-04,1.897210915628e-06,1.127050979490e-02,9.247632549335e-03,2.022877245568e-03,1.330702031528e-02,1.138123574156e-02,1.925784573715e-03
1.100000000000e+00,-7.881568935152e-04,-7.671818134284e-04,-2.097508008681e-05,9.506689493998e-03,7.733926963580e-03,1.772762530418e-03,1.159185990343e-02,9.845858909901e-03,1.746000993524e-03
1.105000000000e+00,-7.815350416940e-04,-7.400997063427e-04,-4.143533535133e-05,7.741294159965e-03,6.265877689934e-03,1.475416470031e-03,9.845305503414e-03,8.326595326624e-03,1.518710176789e-03
1.110000000000e+00,-7.728041107196e-04,-7.144471379908e-04,-5.835697272881e-05,6.003024242428e-03,4.861141905630e-03,1.141882336798e-03,8.097580697323e-03,6.844563352917e-03,1.253017344406e-03
1.115000000000e+00,-7.610055575134e-04,-6.901195206629e-04,-7.088603685054e-05,4.318932308709e-03,3.534624552433e-03,7.843077562755e-04,6.377683011755e-03,5.418435265451e-03,9.592477463036e-04
1.120000000000e+00,-7.455004678156e-04,-6.670221759022e-04,-7.847829191343e-05,2.713839631328e-03,2.298382999462e-03,4.154566318659e-04,4.712717740568e-03,4.064212147514e-03,6.485055930541e-04
1.125000000000e+00,-7.259852875101e-04,-6.450692244473e-04,-8.091606306284e-05,1.209821420665e-03,1.161617937760e-03,4.820348290538e-05,3.127298445247e-03,2.795091123001e-03,3.322073222459e-04
1.130000000000e+00,-7.024874619800e-04,-6.241826052995e-04,-7.830485668046e-05,-1.742251901152e-04,1.307426721384e-04,-3.049678622536e-04,1.643031751120e-03,1.621420935100e-03,2.161081602004e-05
1.135000000000e+00,-6.753421915042e-04,-6.042912119870e-04,-7.105097951722e-05,-1.422918909377e-03,-7.904790521363e-04,-6.324398572403e-04,2.781011416888e-04,5.507390896273e-04,-2.726379479385e-04
1.140000000000e+00,-6.451525084429e-04,-5.853301344475e-04,-5.982237399538e-05,-2.524629269006e-03,-1.600737986700e-03,-9.238912823057e-04,-9.530389985100e-04,-4.121184700737e-04,-5.409205284363e-04
1.145000000000e+00,-6.127358016491e-04,-5.672399933226e-04,-4.549580832646e-05,-3.471603596061e-03,-2.300939221601e-03,-1.170664374460e-03,-2.039851738120e-03,-1.264845865256e-03,-7.750058728647e-04
1.150000000000e+00,-5.790604999725e-04,-5.499663544842e-04,-2.909414548826e-05,-4.259984152623e-03,-2.893929347820e-03,-1.366054804803e-03,-2.975785087749e-03,-2.007445756538e-03,-9.683393312109e-04
1.155000000000e+00,-5.451770885069e-04,-5.334592148867e-04,-1.171787362023e-05,-4.889717170699e-03,-3.384203118662e-03,-1.505514052038e-03,-3.758219636459e-03,-2.641970098200e-03,-1.116249538259e-03
1.160000000000e+00,-5.121477552150e-04,-5.176725518079e-04,5.524796592967e-06,-5.364358922379e-03,-3.777601096220e-03,-1.586757826159e-03,-4.388301502805e-03,-3.172235448357e-03,-1.216066054448e-03
1.165000000000e+00,-4.809788282508e-04,-5.025639262877e-04,2.158509803690e-05,-5.690787187442e-03,-4.081008707069e-03,-1.609778480374e-03,-4.870669678285e-03,-3.603524599982e-03,-1.267145078303e-03
1.170000000000e+00,-4.525598811071e-04,-4.880941326374e-04,3.553425153038e-05,-5.878829472226e-03,-4.302065793972e-03,-1.576763678254e-03,-5.213090463379e-03,-3.942285387594e-03,-1.270805075786e-03
1.175000000000e+00,-4.276127633882e-04,-4.742268889611e-04,4.661412557290e-05,-5.940821791838e-03,-4.448894229374e-03,-1.491927562463e-03,-5.426014638093e-03,-4.195836301848e-03,-1.230178336245e-03
1.180000000000e+00,-4.066531379389e-04,-4.609285643683e-04,5.427542642944e-05,-5.891113900261e-03,-4.529849535728e-03,-1.361264364533e-03,-5.522075469773e-03,-4.372087095240e-03,-1.149988374532e-03
1.185000000000e+00,-3.899662365706e-04,-4.481679371013e-04,5.820170053068e-05,-5.745538262632e-03,-4.553300819771e-03,-1.192237442861e-03,-5.515547236911e-03,-4.479280977349e-03,-1.036266259562e-03
1.190000000000e+00,-3.775976509981e-04,-4.359159785307e-04,5.831832753263e-05,-5.520860913027e-03,-4.527441749828e-03,-9.934191631996e-04,-5.421784840728e-03,-4.525763367920e-03,-8.960214728076e-04
1.195000000000e+00,-3.693590611367e-04,-4.241456606327e-04,5.478659949591e-05,-5.234232502115e-03,-4.460133846221e-03,-7.740986558942e-04,-5.256665074411e-03,-4.519780576470e-03,-7.368844979412e-04
1.200000000000e+00,-3.648479036850e-04,-4.128317849841e-04,4.798388129909e-05,-4.902657346660e-03,-4.358782055534e-03,-5.438752911254e-04,-5.036049321331e-03,-4.469310267597e-03,-5.667390537346e-04
1.205000000000e+00,-3.634792439497e-04,-4.019508296300e-04,3.847158568021e-05,-4.542497228319e-03,-4.230241471592e-03,-3.122557567277e-04,-4.775285905138e-03,-4.381924203425e-03,-3.933617017127e-04
1.210000000000e+00,-3.645274169613e-04,-3.914808106290e-04,2.695339366764e-05,-4.169024946658e-03,-4.080753172277e-03,-8.827177438111e-05,-4.488768048338e-03,-4.264682570652e-03,-2.240854776858e-04
1.215000000000e+00,-3.671745436408e-04,-3.814011574148e-04,1.422661377402e-05,-3.796040465747e-03,-3.915906466725e-03,1.198660009784e-04,-4.189560547064e-03,-4.124058222689e-03,-6.550232437520e-05
1.220000000000e+00,-3.705627643728e-04,-3.716926013203e-04,1.129836947467e-06,-3.435559894553e-03,-3.740624381684e-03,3.050644871312e-04,-3.889105023049e-03,-3.965888402875e-03,7.678337982597e-05
1.225000000000e+00,-3.738468622734e-04,-3.623370748065e-04,-1.150978746695e-05,-3.097584541509e-03,-3.559168944697e-03,4.615844031881e-04,-3.597009949406e-03,-3.795350961755e-03,1.983410123494e-04
1.230000000000e+00,-3.762441471041e-04,-3.533176192212e-04,-2.292652788284e-05,-2.789954236431e-03,-3.375162728817e-03,5.852084923865e-04,-3.320928018117e-03,-3.616961733737e-03,2.960337156201e-04
1.235000000000e+00,-3.770786626598e-04,-3.446183010267e-04,-3.246036163314e-05,-2.518285817200e-03,-3.191623182764e-03,6.733373655638e-04,-3.066519620655e-03,-3.434589577373e-03,3.680699567177e-04
1.240000000000e+00,-3.758172894065e-04,-3.362241365221e-04,-3.959315288441e-05,-2.285994572320e-03,-3.011006449111e-03,7.250118767914e-04,-2.837497786098e-03,-3.251485580474e-03,4.139877943756e-04
1.245000000000e+00,-3.720958903333e-04,-3.281210232529e-04,-4.397486708036e-05,-2.094393456896e-03,-2.835257642411e-03,7.408641855144e-04,-2.635746737154e-03,-3.070323059231e-03,4.345763220773e-04
1.250000000000e+00,-3.657342595888e-04,-3.202956764814e-04,-4.543858310739e-05,-1.942862129024e-03,-2.665864895849e-03,7.230027668250e-04,-2.461503515695e-03,-2.893245215380e-03,4.317416996852e-04
1.255000000000e+00,-3.567393912210e-04,-3.127355708396e-04,-4.400382038136e-05,-1.829075591876e-03,-2.503914862451e-03,6.748392705751e-04,-2.313590049079e-03,-2.721917628280e-03,4.083275792010e-04
1.260000000000e+00,-3.452973107282e-04,-3.054288891484e-04,-3.986842157979e-05,-1.749280385572e-03,-2.350147750622e-03,6.008673650496e-04,-2.189681589799e-03,-2.557583121040e-03,3.679015312411e-04
1.265000000000e+00,-3.317543409307e-04,-2.983644721255e-04,-3.338986880524e-05,-1.698604909297e-03,-2.205010352736e-03,5.064054434382e-04,-2.086596690445e-03,-2.401116915705e-03,3.145202252599e-04
1.270000000000e+00,-3.165893276250e-04,-2.915317757199e-04,-2.505755190507e-05,-1.671389762646e-03,-2.068705910339e-03,3.973161476931e-04,-2.000593877413e-03,-2.253080397478e-03,2.524865200652e-04
1.275000000000e+00,-3.003787979352e-04,-2.849208283602e-04,-1.545796957498e-05,-1.661523804157e-03,-1.941239982563e-03,2.797161784052e-04,-1.927660815725e-03,-2.113772168661e-03,1.861113529362e-04
1.280000000000e+00,-2.837574382388e-04,-2.785221950549e-04,-5.235243183927e-06,-1.662772107762e-03,-1.822461802732e-03,1.596896949705e-04,-1.863783104346e-03,-1.983275441695e-03,1.194923373484e-04
1.285000000000e+00,-2.673763938508e-04,-2.723269408354e-04,4.950546984641e-06,-1.669082885942e-03,-1.712100850398e-03,4.301796445659e-05,-1.805181591228e-03,-1.861501120768e-03,5.631952954006e-05
1.290000000000e+00,-2.518620418061e-04,-2.663266004273e-04,1.446455862118e-05,-1.674862027699e-03,-1.609798596893e-03,-6.506343080558e-05,-1.748509464519e-03,-1.748226213831e-03,-2.832506875849e-07
1.295000000000e+00,-2.377776866370e-04,-2.605131470335e-04,2.273546039646e-05,-1.675205680174e-03,-1.515135537038e-03,-1.600701431360e-04,-1.691002876626e-03,-1.643127432754e-03,-4.787544387161e-05
1.300000000000e+00,-2.255904223850e-04,-2.548789655444e-04,2.928854315941e-05,-1.666083592312e-03,-1.427653762995e-03,-2.384298293176e-04,-1.630581634665e-03,-1.545810041485e-03,-8.477159317975e-05
1.305000000000e+00,-2.156450180359e-04,-2.494168275233e-04,3.377180948739e-05,-1.644468352684e-03,-1.346875418705e-03,-2.975929339789e-04,-1.565899252641e-03,-1.455832148408e-03,-1.100671042324e-04
1.310000000000e+00,-2.081461581381e-04,-2.441198671861e-04,3.597370904797e-05,-1.608408162466e-03,-1.272317434046e-03,-3.360907284195e-04,-1.496344266827e-03,-1.372724747596e-03,-1.236195192306e-04
1.315000000000e+00,-2.031498938954e-04,-2.389815590921e-04,3.583166519661e-05,-1.557043424987e-03,-1.203502970153e-03,-3.535404548349e-04,-1.421997164771e-03,-1.296007886861e-03,-1.259892779101e-04
1.320000000000e+00,-2.005645192531e-04,-2.339956982376e-04,3.343117898446e-05,-1.490569790108e-03,-1.139970015086e-03,-3.505997750220e-04,-1.343549255654e-03,-1.225203382006e-03,-1.183458736480e-04
1.325000000000e+00,-2.001605105082e-04,-2.291563815514e-04,2.899587104320e-05,-1.410152546381e-03,-1.081277557107e-03,-3.288749892742e-04,-1.262191398413e-03,-1.159844511471e-03,-1.023468869418e-04
1.330000000000e+00,-2.015886806472e-04,-2.244579898717e-04,2.286930922451e-05,-1.317799211362e-03,-1.027009739611e-03,-2.907894717517e-04,-1.179481612499e-03,-1.099483122566e-03,-7.999848993296e-05
1.335000000000e+00,-2.044051755201e-04,-2.198951711459e-04,1.548999562580e-05,-1.216198678714e-03,-9.767783712687e-04,-2.394203074453e-04,-1.097201069321e-03,-1.043694564263e-03,-5.350650505759e-05
1.340000000000e+00,-2.081015641765e-04,-2.154628255617e-04,7.361261385182e-06,-1.108536388621e-03,-9.302241268387e-04,-1.783122617824e-04,-1.017207948013e-03,-9.920808325817e-04,-2.512711543101e-05
1.345000000000e+00,-2.121380494464e-04,-2.111560916799e-04,-9.819577665367e-07,-9.982956574738e-04,-8.870167314724e-04,-1.112789260015e-04,-9.412981169802e-04,-9.442722768953e-04,2.974159915122e-06
1.350000000000e+00,-2.159776787994e-04,-2.069703327086e-04,-9.007346090814e-06,-8.890554532887e-04,-8.468543802744e-04,-4.220107301427e-05,-8.710805729235e-04,-8.999281758407e-04,2.884760291718e-05
1.355000000000e+00,-2.191193835382e-04,-2.029011236672e-04,-1.621825987107e-05,-7.842945176303e-04,-8.094626068083e-04,2.516808917799e-05,-8.078741563446e-04,-8.587364522791e-04,5.086229593445e-05
1.360000000000e+00,-2.211279035033e-04,-1.989442401520e-04,-2.218366335129e-05,-6.872110919321e-04,-7.745927769232e-04,8.738168499112e-05,-7.526304225536e-04,-8.204127563423e-04,6.778233378873e-05
1.365000000000e+00,-2.216587959562e-04,-1.950956478272e-04,-2.656314812901e-05,-6.005662118878e-04,-7.420203486022e-04,1.414541367144e-04,-7.058856192904e-04,-7.846991054997e-04,7.881348620924e-05
1.370000000000e+00,-2.204771369603e-04,-1.913514918301e-04,-2.912564513016e-05,-5.265571344554e-04,-7.115430085732e-04,1.849858741178e-04,-6.677428323827e-04,-7.513622354609e-04,8.361940307819e-05
1.375000000000e+00,-2.174689396166e-04,-1.877080868333e-04,-2.976085278329e-05,-4.667256844483e-04,-6.829787721396e-04,2.162530876913e-04,-6.378834522780e-04,-7.201917859387e-04,8.230833366072e-05
1.380000000000e+00,-2.126447453160e-04,-1.841619084722e-04,-2.848283684381e-05,-4.219044030794e-04,-6.561641105855e-04,2.342597075061e-04,-6.156053714267e-04,-6.909984176727e-04,7.539304624595e-05
1.385000000000e+00,-2.061353987501e-04,-1.807095853039e-04,-2.542581344616e-05,-3.922014485303e-04,-6.309521504833e-04,2.387507019530e-04,-5.998838717658e-04,-6.636119317875e-04,6.372806002168e-05
1.390000000000e+00,-1.981804404647e-04,-1.773478905270e-04,-2.083254993767e-05,-3.770232312742e-04,-6.072109744574e-04,2.301877431832e-04,-5.894499555193e-04,-6.378794428915e-04,4.842948737221e-05
1.395000000000e+00,-1.891100294176e-04,-1.740737341927e-04,-1.503629522488e-05,-3.751319752922e-04,-5.848220428496e-04,2.096900675574e-04,-5.828801257667e-04,-6.136636428211e-04,3.078351705439e-05
1.400000000000e+00,-1.793216836578e-04,-1.708841566082e-04,-8.437527049553e-06,-3.847338060034e-04,-5.636787465842e-04,1.789449405808e-04,-5.786912341542e-04,-5.908411789379e-04,1.214994478372e-05
1.405000000000e+00,-1.692533860678e-04,-1.677764215775e-04,-1.476964490305e-06,-4.035915869798e-04,-5.436851924212e-04,1.400936054415e-04,-5.754340309365e-04,-5.693012584791e-04,-6.132772457423e-06
1.410000000000e+00,-1.593548267472e-04,-1.647476121488e-04,5.392785401516e-06,-4.291557703102e-04,-5.247546211060e-04,9.559885079574e-05,-5.717794973071e-04,-5.489438870355e-04,-2.283561027163e-05
1.415000000000e+00,-1.500586109740e-04,-1.617952208887e-04,1.173660991466e-05,-4.587058862044e-04,-5.068089442816e-04,4.810305807722e-05,-5.665928040432e-04,-5.296792323305e-04,-3.691357171273e-05
1.420000000000e+00,-1.417532398253e-04,-1.589167472124e-04,1.716350738711e-05,-4.894950415632e-04,-4.897774055169e-04,2.823639537448e-07,-5.589908040316e-04,-5.114261221916e-04,-4.756468183999e-05
1.425000000000e+00,-1.347594694773e-04,-1.561097919274e-04,2.135032245007e-05,-5.188899199669e-04,-4.735958457902e-04,-4.529407417670e-05,-5.483801788120e-04,-4.941111591570e-04,-5.426901965503e-05
1.430000000000e+00,-1.293115001275e-04,-1.533720520045e-04,2.406055187703e-05,-5.444993447569e-04,-4.582059667866e-04,-8.629337797022e-05,-5.344748129841e-04,-4.776678461296e-04,-5.680696685453e-05
1.435000000000e+00,-1.255440253275e-04,-1.507013156368e-04,2.515729030933e-05,-5.642852413321e-04,-4.435546822709e-04,-1.207305590611e-04,-5.172923251238e-04,-4.620358136142e-04,-5.525651150962e-05
1.440000000000e+00,-1.234858560305e-04,-1.480954582459e-04,2.460960221538e-05,-5.766510077873e-04,-4.295935487294e-04,-1.470574590580e-04,-4.971310457563e-04,-4.471601394467e-04,-4.997090630967e-05
1.445000000000e+00,-1.230603513521e-04,-1.455524387103e-04,2.249208735821e-05,-5.805035864550e-04,-4.162782654778e-04,-1.642253209771e-04,-4.745299309154e-04,-4.329907505535e-04,-4.153918036188e-05
1.450000000000e+00,-1.240925141019e-04,-1.430702951430e-04,1.897778104105e-05,-5.752870624360e-04,-4.035682351827e-04,-1.717188272533e-04,-4.502149014994e-04,-4.194818967961e-04,-3.073300470325e-05
1.455000000000e+00,-1.263221618632e-04,-1.406471408917e-04,1.432497902848e-05,-5.609870994459e-04,-3.914261779861e-04,-1.695609214598e-04,-4.250358144501e-04,-4.065916890808e-04,-1.844412536930e-05
1.460000000000e+00,-1.294221937329e-04,-1.382811614088e-04,8.858967675903e-06,-5.381070545218e-04,-3.798177931665e-04,-1.582892613553e-04,-3.998986540488e-04,-3.942816946075e-04,-5.616959441349e-06
1.465000000000e+00,-1.330207640695e-04,-1.359706112886e-04,2.949847219012e-06,-5.076181034145e-04,-3.687114615364e-04,-1.389066418780e-04,-3.756977234815e-04,-3.825165814070e-04,6.818857925436e-06
1.470000000000e+00,-1.367258120446e-04,-1.337138108231e-04,-3.012001221503e-06,-4.708868521785e-04,-3.580779825611e-04,-1.128088696174e-04,-3.532522759267e-04,-3.712638051419e-04,1.801152921528e-05
1.475000000000e+00,-1.401504232493e-04,-1.315091427336e-04,-8.641280515690e-06,-4.295850853953e-04,-3.478903422861e-04,-8.169474310930e-05,-3.332516610083e-04,-3.604933333294e-04,2.724167232117e-05
1.480000000000e+00,-1.429373443801e-04,-1.293550497070e-04,-1.358229467305e-05,-3.855869510598e-04,-3.381235087340e-04,-4.746344232580e-05,-3.162121967686e-04,-3.501774027924e-04,3.396520602373e-05
1.485000000000e+00,-1.447811437545e-04,-1.272500320606e-04,-1.753111169389e-05,-3.408594596093e-04,-3.287542505284e-04,-1.210520908083e-05,-3.024481516969e-04,-3.402903053309e-04,3.784215363398e-05
1.490000000000e+00,-1.454466576205e-04,-1.251926449055e-04,-2.025401271506e-05,-2.973522672050e-04,-3.197609750392e-04,2.240870783417e-05,-2.920581347970e-04,-3.308081972268e-04,3.875006242979e-05
1.495000000000e+00,-1.447825894249e-04,-1.231814954503e-04,-2.160109397467e-05,-2.568925391670e-04,-3.111235841568e-04,5.423104498983e-05,-2.849270776003e-04,-3.217089300954e-04,3.678185249509e-05
1.500000000000e+00,-1.427294992963e-04,-1.212152410574e-04,-2.151425823895e-05,-2.210903018676e-04,-3.028233461324e-04,8.173304426486e-05,-2.807429923708e-04,-3.129719010032e-04,3.222890863242e-05
1.505000000000e+00,-1.393217801286e-04,-1.192925873972e-04,-2.002919273137e-05,-1.912589036798e-04,-2.948427808387e-04,1.035838771589e-04,-2.790267021894e-04,-3.045779187598e-04,2.555121657039e-05
1.510000000000e+00,-1.346835605035e-04,-1.174122860909e-04,-1.727127441259e-05,-1.683542641910e-04,-2.871655561332e-04,1.188112919421e-04,-2.791718967325e-04,-2.965090836740e-04,1.733718694144e-05
1.515000000000e+00,-1.290189454215e-04,-1.155731323142e-04,-1.344581310725e-05,-1.529355336646e-04,-2.797763944207e-04,1.268408607561e-04,-2.804923619669e-04,-2.887486795443e-04,8.256317577365e-06
1.520000000000e+00,-1.225972579826e-04,-1.137739640167e-04,-8.823293965902e-06,-1.451484869086e-04,-2.726609899958e-04,1.275125030872e-04,-2.822727652618e-04,-2.812810781880e-04,-9.916870738244e-07
1.525000000000e+00,-1.157343771849e-04,-1.120136589520e-04,-3.720718232897e-06,-1.447318324862e-04,-2.658059319470e-04,1.210740994608e-04,-2.838193885303e-04,-2.740916510358e-04,-9.727737494454e-06
1.530000000000e+00,-1.087713482302e-04,-1.102911342100e-04,1.519785979752e-06,-1.510452568603e-04,-2.591986368349e-04,1.081533799747e-04,-2.845072190715e-04,-2.671666918162e-04,-1.734052725533e-05
1.535000000000e+00,-1.020517692074e-04,-1.086053435765e-04,6.553574369079e-06,-1.631170684709e-04,-2.528272852434e-04,8.971021677253e-05,-2.838203401869e-04,-2.604933442372e-04,-2.332699594970e-05
1.540000000000e+00,-9.589936889854e-05,-1.069552764713e-04,1.105590757277e-05,-1.797081767559e-04,-2.466807656112e-04,6.697258885526e-05,-2.813830120388e-04,-2.540595379371e-04,-2.732347410165e-05
1.545000000000e+00,-9.059725991952e-05,-1.053399567923e-04,1.474269687275e-05,-1.993884695937e-04,-2.407486229147e-04,4.136015332098e-05,-2.769796742533e-04,-2.478539301426e-04,-2.912574411063e-05
1.550000000000e+00,-8.637013654759e-05,-1.037584412432e-04,1.738830469560e-05,-2.206210293491e-04,-2.350210112170e-04,1.439998186794e-05,-2.705628464700e-04,-2.418658519386e-04,-2.869699453145e-05
1.555000000000e+00,-8.337059799949e-05,-1.022098177361e-04,1.883921973660e-05,-2.418494457776e-04,-2.294886502691e-04,-1.236079550848e-05,-2.622488867329e-04,-2.360852592448e-04,-2.616362748805e-05
1.560000000000e+00,-8.167034148097e-05,-1.006932044347e-04,1.902286295371e-05,-2.615833269685e-04,-2.241427863730e-04,-3.744054059555e-05,-2.523022952738e-04,-2.305026886327e-04,-2.179960664108e-05
1.565000000000e+00,-8.125678074506e-05,-9.920774884139e-05,1.795096809633e-05,-2.784774670408e-04,-2.189751564991e-04,-5.950231054172e-05,-2.411101306211e-04,-2.251092169012e-04,-1.600091371988e-05
1.570000000000e+00,-8.203523911262e-05,-9.775262637089e-05,1.571738725827e-05,-2.914005701752e-04,-2.139779547379e-04,-7.742261543723e-05,-2.291487153212e-04,-2.198964234335e-04,-9.252291887680e-06
1.575000000000e+00,-8.383640841845e-05,-9.632703898498e-05,1.249063056654e-05,-2.994900300001e-04,-2.091438014331e-04,-9.034622856694e-05,-2.169451562161e-04,-2.148563556303e-04,-2.088800585787e-06
1.580000000000e+00,-8.642869140497e-05,-9.493021444117e-05,8.501523036198e-06,-3.021903589439e-04,-2.044657153460e-04,-9.772464359786e-05,-2.050367883865e-04,-2.099814977286e-04,4.944709342079e-06
1.585000000000e+00,-8.953430681621e-05,-9.356140557405e-05,4.027098757840e-06,-2.992734173487e-04,-1.999370879999e-04,-9.933632934874e-05,-1.939312584955e-04,-2.052647421120e-04,1.133348361649e-05
1.590000000000e+00,-9.284828508296e-05,-9.221988906832e-05,-6.283960146401e-07,-2.908401346112e-04,-1.955516594202e-04,-9.528847519098e-05,-1.840702461895e-04,-2.006993622950e-04,1.662911610550e-05
1.595000000000e+00,-9.605892995891e-05,-9.090496428310e-05,-5.153965675813e-06,-2.773039792046e-04,-1.913034957028e-04,-8.600048350174e-05,-1.757992228912e-04,-1.962789879837e-04,2.047976509243e-05
1.600000000000e+00,-9.886842274590e-05,-8.961595266500e-05,-9.252470080900e-06,-2.593577345808e-04,-1.871869688342e-04,-7.217076574668e-05,-1.693451986564e-04,-1.919975826145e-04,2.265238395812e-05
1.605000000000e+00,-1.010122269151e-04,-8.835219718610e-05,-1.266002972900e-05,-2.379258423294e-04,-1.831967380090e-04,-5.472910432035e-05,-1.648038073374e-04,-1.878494225900e-04,2.304561525261e-05
1.610000000000e+00,-1.022759797077e-04,-8.711306128008e-05,-1.516291842765e-05,-2.141053586666e-04,-1.793277317498e-04,-3.477762691677e-05,-1.621363340772e-04,-1.838290774949e-04,2.169274341775e-05
1.615000000000e+00,-1.025089033968e-04,-8.589792782142e-05,-1.661097557542e-05,-1.890991453959e-04,-1.755751313027e-04,-1.352401409323e-05,-1.611766528485e-04,-1.799313917516e-04,1.875473890314e-05
1.620000000000e+00,-1.016326877398e-04,-8.470619867156e-05,-1.692648906822e-05,-1.641451179505e-04,-1.719343557726e-04,7.789237822122e-06,-1.616471293052e-04,-1.761514681627e-04,1.450433885751e-05
1.625000000000e+00,-9.964562045795e-05,-8.353729424318e-05,-1.610832621477e-05,-1.404457607160e-04,-1.684010483099e-04,2.795528759387e-05,-1.631822694729e-04,-1.724846526367e-04,9.302383163827e-06
1.630000000000e+00,-9.662137932277e-05,-8.239065257067e-05,-1.423072675210e-05,-1.191015149151e-04,-1.649710627095e-04,4.586954779439e-05,-1.653578899785e-04,-1.689265194457e-04,3.568629467226e-06
1.635000000000e+00,-9.270305432429e-05,-8.126572841705e-05,-1.143732590724e-05,-1.010519963603e-04,-1.616404509220e-04,6.058845456170e-05,-1.677239176329e-04,-1.654728575030e-04,-2.251060129847e-06
1.640000000000e+00,-8.809235521868e-05,-8.016199292778e-05,-7.930362290899e-06,-8.702766853947e-05,-1.584054519552e-04,7.137778341571e-05,-1.698378128564e-04,-1.621196581307e-04,-7.718154725748e-06
1.645000000000e+00,-8.303542845638e-05,-7.907893329771e-05,-3.956495158670e-06,-7.751489409221e-05,-1.552624815253e-04,7.774758743309e-05,-1.712968768793e-04,-1.588631036679e-04,-1.243377321142e-05
1.650000000000e+00,-7.780554562524e-05,-7.801605195276e-05,2.105063275203e-07,-7.273535931100e-05,-1.522081218654e-04,7.947276255438e-05,-1.717662947400e-04,-1.556995563153e-04,-1.606673842468e-05
1.655000000000e+00,-7.268447838820e-05,-7.697286576266e-05,4.288387374454e-06,-7.264113716173e-05,-1.492391121941e-04,7.659797503236e-05,-1.710017432396e-04,-1.526255477146e-04,-1.837619552496e-05
1.660000000000e+00,-6.794346450541e-05,-7.594890578239e-05,8.005441276981e-06,-7.692497296515e-05,-1.463523403326e-04,6.942736736741e-05,-1.688645908977e-04,-1.496377697457e-04,-1.922682115197e-05
1.665000000000e+00,-6.382518299916e-05,-7.494371700279e-05,1.111853400363e-05,-8.504489818726e-05,-1.435448348651e-04,5.849993667782e-05,-1.653289843871e-04,-1.467330659290e-04,-1.859591845805e-05
1.670000000000e+00,-6.052779359722e-05,-7.395685762472e-05,1.342906402750e-05,-9.626127665489e-05,-1.408137572818e-04,4.455248062691e-05,-1.604803666270e-04,-1.439084228657e-04,-1.657194376131e-05
1.675000000000e+00,-5.819241069042e-05,-7.298789836029e-05,1.479548766987e-05,-1.096842457831e-04,-1.381563946091e-04,2.847214882602e-05,-1.545060314664e-04,-1.411609622171e-04,-1.334506924929e-05
1.680000000000e+00,-5.689430819078e-05,-7.203642224563e-05,1.514211405484e-05,-1.243280585723e-04,-1.355701530141e-04,1.124209444186e-05,-1.476782116447e-04,-1.384879337074e-04,-9.190277937241e-06
1.685000000000e+00,-5.663892475366e-05,-7.110202445985e-05,1.446309970619e-05,-1.391696402632e-04,-1.330525518081e-04,-6.117088455092e-06,-1.403315224808e-04,-1.358867085685e-04,-4.444813912276e-06
1.690000000000e+00,-5.736248857135e-05,-7.018431167686e-05,1.282182310551e-05,-1.532075696495e-04,-1.306012173138e-04,-2.260635233568e-05,-1.328362785167e-04,-1.333547728877e-04,5.184943710404e-07
1.695000000000e+00,-5.893736157367e-05,-6.928290144066e-05,1.034553986699e-05,-1.655183336613e-04,-1.282138770969e-04,-3.730445656450e-05,-1.255698720902e-04,-1.308897213567e-04,5.319849266526e-06
1.700000000000e+00,-6.118157077846e-05,-6.839742203659e-05,7.215851258135e-06,-1.753066470847e-04,-1.258883550449e-04,-4.941829203979e-05,-1.188882955623e-04,-1.284892519025e-04,9.600956340210e-06
1.705000000000e+00,-6.387199049649e-05,-6.752751236622e-05,3.655521869725e-06,-1.819472754231e-04,-1.236225667427e-04,-5.832470868037e-05,-1.131000160991e-04,-1.261511606462e-04,1.305114454706e-05
1.710000000000e+00,-6.675994583710e-05,-6.667282136459e-05,-8.712447251248e-08,-1.850159794958e-04,-1.214145146287e-04,-6.360146486711e-05,-1.084438550756e-04,-1.238733366707e-04,1.542948159502e-05
1.715000000000e+00,-6.958855728538e-05,-6.583300743809e-05,-3.755549847287e-06,-1.843083949383e-04,-1.192622834291e-04,-6.504611150920e-05,-1.050727379192e-04,-1.216537570921e-04,1.658101917286e-05
1.720000000000e+00,-7.211018047272e-05,-6.500773838362e-05,-7.102442089102e-06,-1.798457939082e-04,-1.171640363433e-04,-6.268175756483e-05,-1.030440107985e-04,-1.194904829084e-04,1.644647210999e-05
1.725000000000e+00,-7.410308008734e-05,-6.419669130930e-05,-9.906388778048e-06,-1.718678191490e-04,-1.151180114515e-04,-5.674980769749e-05,-1.023171157409e-04,-1.173816550925e-04,1.506453935161e-05
1.730000000000e+00,-7.538600190085e-05,-6.339955210730e-05,-1.198644979355e-05,-1.608129813504e-04,-1.131225178477e-04,-4.769046350270e-05,-1.027586691762e-04,-1.153254904311e-04,1.256682125487e-05
1.735000000000e+00,-7.583009851701e-05,-6.261601494476e-05,-1.321408357225e-05,-1.472885094693e-04,-1.111759319867e-04,-3.611257748254e-05,-1.041543925953e-04,-1.133202775962e-04,9.165885000911e-06
1.740000000000e+00,-7.536656841210e-05,-6.184578222227e-05,-1.352078618983e-05,-1.320307500486e-04,-1.092766947087e-04,-2.275405533996e-05,-1.062265760055e-04,-1.113643739137e-04,5.137797908151e-06
1.745000000000e+00,-7.399052438912e-05,-6.108856453234e-05,-1.290195985678e-05,-1.158596778602e-04,-1.074233084321e-04,-8.436369428140e-06,-1.086560637422e-04,-1.094562023167e-04,8.001385744837e-07
1.750000000000e+00,-7.176021683735e-05,-6.034408017951e-05,-1.141613665784e-05,-9.962938764354e-05,-1.056143340349e-04,5.984946391315e-06,-1.111068756770e-04,-1.075942480011e-04,-3.512627675897e-06
1.755000000000e+00,-6.879222567721e-05,-5.961205460695e-05,-9.180171070259e-06,-8.417826227272e-05,-1.038483877835e-04,1.967012551082e-05,-1.132517651734e-04,-1.057770551441e-04,-7.474710029248e-06
1.760000000000e+00,-6.525224938971e-05,-5.889222093551e-05,-6.360028454195e-06,-7.028055421474e-05,-1.021241395865e-04,3.184358537179e-05,-1.147961414513e-04,-1.040032249613e-04,-1.079291649004e-05
1.765000000000e+00,-6.134312462752e-05,-5.818431885666e-05,-3.158805770860e-06,-5.860351423133e-05,-1.004403096204e-04,4.183679538903e-05,-1.154996619352e-04,-1.022714121465e-04,-1.322824978876e-05
1.770000000000e+00,-5.729036647911e-05,-5.748809528981e-05,1.977288106930e-07,-4.967134591616e-05,-9.879566695817e-05,4.912432104201e-05,-1.151930448376e-04,-1.005803233286e-04,-1.461272150901e-05
1.775000000000e+00,-5.332606780267e-05,-5.680330330201e-05,3.477235499337e-06,-4.383814817926e-05,-9.718902645938e-05,5.335087828012e-05,-1.137892080118e-04,-9.892871379663e-05,-1.486049421519e-05
1.780000000000e+00,-4.967304170156e-05,-5.612970277008e-05,6.456661068514e-06,-4.127164980287e-05,-9.561924762214e-05,5.434759781926e-05,-1.112883577412e-04,-9.731538620106e-05,-1.397297154015e-05
1.785000000000e+00,-4.652965862022e-05,-5.546705932560e-05,8.937400705384e-06,-4.194784996160e-05,-9.408523170680e-05,5.213738174521e-05,-1.077763074048e-04,-9.573918753185e-05,-1.203711987299e-05
1.790000000000e+00,-4.405654800412e-05,-5.481514502067e-05,1.075859701656e-05,-4.565691851387e-05,-9.258592078509e-05,4.692900227122e-05,-1.034163685655e-04,-9.419900803445e-05,-9.217360531000e-06
1.795000000000e+00,-4.236602131356e-05,-5.417373740141e-05,1.180771608785e-05,-5.201949848671e-05,-9.112029518272e-05,3.910079669602e-05,-9.843561085553e-05,-9.269377852390e-05,-5.741832331629e-06
1.800000000000e+00,-4.151544073018e-05,-5.354261965414e-05,1.202717892396e-05,-6.051296114852e-05,-8.968737214664e-05,2.917441099812e-05,-9.310681991260e-05,-9.122246893314e-05,-1.884350979462e-06
1.805000000000e+00,-4.150392634123e-05,-5.292158064167e-05,1.141765430045e-05,-7.050478267757e-05,-8.828620447242e-05,1.778142179485e-05,-8.772703621331e-05,-8.978408682849e-05,2.057050615184e-06
1.810000000000e+00,-4.227357342803e-05,-5.231041452913e-05,1.003684110110e-05,-8.129194309945e-05,-8.691587876895e-05,5.623935669498e-06,-8.259486009325e-05,-8.837767556789e-05,5.782815474635e-06
1.815000000000e+00,-4.371434804524e-05,-5.170892042160e-05,7.994572376363e-06,-9.214331819832e-05,-8.557551380503e-05,-6.567804393290e-06,-7.798786358231e-05,-8.700231254726e-05,9.014448964950e-06
1.820000000000e+00,-4.567260985670e-05,-5.111690242130e-05,5.444292564605e-06,-1.023428316037e-04,-8.426425936666e-05,-1.807857223708e-05,-7.414206253667e-05,-8.565710796410e-05,1.151504542744e-05
1.825000000000e+00,-4.796252985928e-05,-5.053416968107e-05,2.571639821783e-06,-1.112308381316e-04,-8.298129517134e-05,-2.824954296024e-05,-7.123478103008e-05,-8.434120364352e-05,1.310642261343e-05
1.830000000000e+00,-5.037948553037e-05,-4.996053605663e-05,-4.189494737314e-07,-1.182412093426e-04,-8.172582941409e-05,-3.651537992847e-05,-6.937215797974e-05,-8.305377149998e-05,1.368161352024e-05
1.835000000000e+00,-5.271457560103e-05,-4.939581976960e-05,-3.318755831430e-06,-1.229322380140e-04,-8.049709737991e-05,-4.243514063413e-05,-6.858220622913e-05,-8.179401207042e-05,1.321180584129e-05
1.840000000000e+00,-5.476925730490e-05,-4.883984347926e-05,-5.929413825645e-06,-1.250096860811e-04,-7.929436054122e-05,-4.571532553990e-05,-6.881389803065e-05,-8.056115353735e-05,1.174725550670e-05
1.845000000000e+00,-5.636863887643e-05,-4.829243435035e-05,-8.076204526076e-06,-1.243404312952e-04,-7.811690569922e-05,-4.622352559602e-05,-6.994184104993e-05,-7.935445080020e-05,9.412609750266e-06
1.850000000000e+00,-5.737364374430e-05,-4.775342372841e-05,-9.620220015891e-06,-1.209570584061e-04,-7.696404375495e-05,-4.399301465113e-05,-7.177713950333e-05,-7.817318417920e-05,6.396044675870e-06
1.855000000000e+00,-5.768946494077e-05,-4.722264682492e-05,-1.046681811585e-05,-1.150518534595e-04,-7.583510853460e-05,-3.921674492486e-05,-7.408206218674e-05,-7.701665817729e-05,2.934595990553e-06
1.860000000000e+00,-5.727181316593e-05,-4.669994280110e-05,-1.057187036483e-05,-1.069624824425e-04,-7.472945607782e-05,-3.223302636469e-05,-7.658879658650e-05,-7.588420070940e-05,-7.045958770951e-07
1.865000000000e+00,-5.612857441151e-05,-4.618515484742e-05,-9.943419564091e-06,-9.714861537005e-05,-7.364646396009e-05,-2.350215140996e-05,-7.901966344685e-05,-7.477516236849e-05,-4.244501078360e-06
1.870000000000e+00,-5.431855562565e-05,-4.567812987914e-05,-8.640425746511e-06,-8.616256144222e-05,-7.258553024481e-05,-1.357703119741e-05,-8.110825032259e-05,-7.368891532407e-05,-7.419334998525e-06
1.875000000000e+00,-5.194622124176e-05,-4.517871824105e-05,-6.767503000700e-06,-7.461481110077e-05,-7.154607248037e-05,-3.068738620403e-06,-8.261916887234e-05,-7.262485226824e-05,-9.994316604092e-06
1.880000000000e+00,-4.915364308469e-05,-4.468677380104e-05,-4.466869283652e-06,-6.313704799231e-05,-7.052752714128e-05,7.390479148970e-06,-8.336526288081e-05,-7.158238580936e-05,-1.178287707145e-05
1.885000000000e+00,-4.610965839645e-05,-4.420215403908e-05,-1.907504357370e-06,-5.234430074161e-05,-6.952934909507e-05,1.718504835346e-05,-8.322090797091e-05,-7.056094789379e-05,-1.265996007712e-05
1.890000000000e+00,-4.299766265948e-05,-4.372471976074e-05,7.270571012590e-07,-4.279940103355e-05,-6.855101070157e-05,2.575160966803e-05,-8.213064424275e-05,-6.955998886188e-05,-1.257065538087e-05
1.895000000000e+00,-4.000240357487e-05,-4.325433481916e-05,3.251931244287e-06,-3.498076521097e-05,-6.759200094938e-05,3.261123573841e-05,-8.011237938079e-05,-6.857897654317e-05,-1.153340283762e-05
1.900000000000e+00,-3.729699572306e-05,-4.279086621658e-05,5.493870493526e-06,-2.925605605867e-05,-6.665182501962e-05,3.739576896095e-05,-7.725504787661e-05,-6.761739578190e-05,-9.637652094716e-06
1.905000000000e+00,-3.503127862241e-05,-4.233418420101e-05,7.302905578597e-06,-2.586290238379e-05,-6.573000386947e-05,3.986710148568e-05,-7.371107691271e-05,-6.667474798397e-05,-7.036328928736e-06
1.910000000000e+00,-3.332135876355e-05,-4.188416199569e-05,8.562803232136e-06,-2.489724282687e-05,-6.482607345137e-05,3.992883062450e-05,-6.968396398770e-05,-6.575055030104e-05,-3.933413686658e-06
1.915000000000e+00,-3.224263974383e-05,-4.144067553639e-05,9.198035792563e-06,-2.631106033910e-05,-6.393958396347e-05,3.762852362437e-05,-6.541255289651e-05,-6.484433484750e-05,-5.682180490169e-07
1.920000000000e+00,-3.182512943615e-05,-4.100360357935e-05,9.178474143199e-06,-2.991773221143e-05,-6.307009951268e-05,3.315236730125e-05,-6.115252505519e-05,-6.395564833221e-05,2.803123277019e-06
1.925000000000e+00,-3.205222443417e-05,-4.057282780406e-05,8.520603369894e-06,-3.540591717193e-05,-6.221719779202e-05,2.681128062009e-05,-5.715690221506e-05,-6.308405170651e-05,5.927149491450e-06
1.930000000000e+00,-3.286318641985e-05,-4.014823255707e-05,7.285046137216e-06,-4.236069409950e-05,-6.138046939874e-05,1.901977529924e-05,-5.365737071451e-05,-6.222911945343e-05,8.571748738919e-06
1.935000000000e+00,-3.415805156903e-05,-3.972970460292e-05,5.571653033882e-06,-5.028988154612e-05,-6.055951717856e-05,1.026963563244e-05,-5.084682315080e-05,-6.139043890454e-05,1.054361575374e-05
1.940000000000e+00,-3.580569350867e-05,-3.931713323705e-05,3.511439728385e-06,-5.865486736852e-05,-5.975395596878e-05,1.099088600258e-06,-4.886551812774e-05,-6.056760995776e-05,1.170209183002e-05
1.945000000000e+00,-3.765367289727e-05,-3.891041039375e-05,1.256737496481e-06,-6.690331734204e-05,-5.896341235242e-05,-7.939904989616e-06,-4.779109286322e-05,-5.976024480728e-05,1.196915194406e-05
1.950000000000e+00,-3.953946144932e-05,-3.850943040248e-05,-1.030031046840e-06,-7.450220356328e-05,-5.818752405765e-05,-1.631467950563e-05,-4.763346172866e-05,-5.896796731935e-05,1.133450559070e-05
1.955000000000e+00,-4.130209802536e-05,-3.811408975127e-05,-3.188008274086e-06,-8.096893853684e-05,-5.742593937981e-05,-2.354299915703e-05,-4.833481193506e-05,-5.819041243189e-05,9.855600496824e-06
1.960000000000e+00,-4.279342721872e-05,-3.772428720347e-05,-5.069140015247e-06,-8.589894647992e-05,-5.667831698984e-05,-2.922062949008e-05,-4.977463514372e-05,-5.742722594203e-05,7.652590798306e-06
1.965000000000e+00,-4.388836591232e-05,-3.733992390964e-05,-6.548442002681e-06,-8.898822584399e-05,-5.594432575064e-05,-3.304390009335e-05,-5.177955474186e-05,-5.667806430274e-05,4.898509560885e-06
1.970000000000e+00,-4.449303135213e-05,-3.696090317535e-05,-7.532128176778e-06,-9.004927376747e-05,-5.522364418446e-05,-3.482562958300e-05,-5.413672315435e-05,-5.594259407061e-05,1.805870916258e-06
1.975000000000e+00,-4.455072913640e-05,-3.658713023564e-05,-7.963598900766e-06,-8.901995427519e-05,-5.451595995952e-05,-3.450399431567e-05,-5.661023019541e-05,-5.522049137401e-05,-1.389738821403e-06
1.980000000000e+00,-4.404494017145e-05,-3.621851237485e-05,-7.826427796604e-06,-8.596467281847e-05,-5.382096975182e-05,-3.214370306665e-05,-5.895899482528e-05,-5.451144175774e-05,-4.447553067544e-06
1.985000000000e+00,-4.299964613013e-05,-3.585495904141e-05,-7.144687088723e-06,-8.106805452571e-05,-5.313837911241e-05,-2.792967541330e-05,-6.095485415307e-05,-5.381514003391e-05,-7.139714119165e-06
1.990000000000e+00,-4.147664378783e-05,-3.549638162615e-05,-5.980262161681e-06,-7.462169715401e-05,-5.246790199149e-05,-2.215379516253e-05,-6.239948217567e-05,-5.313128978998e-05,-9.268192385691e-06
1.995000000000e+00,-3.956996913382e-05,-3.514269324669e-05,-4.427275887131e-06,-6.700426084270e-05,-5.180926027933e-05,-1.519500056336e-05,-6.313867334592e-05,-5.245960291414e-05,-1.067907043179e-05
2.000000000000e+00,-3.739878750285e-05,-3.479380886951e-05,-2.604978633342e-06,-5.865751007006e-05,-5.116218371169e-05,-7.495326358369e-06,-6.307370830331e-05,-5.179979948668e-05,-1.127390881663e-05
2.005000000000e+00,-3.509812066843e-05,-3.444964542714e-05,-6.484752412927e-07,-5.005846405951e-05,-5.052640977883e-05,4.679457193162e-07,-6.216791224264e-05,-5.115160767544e-05,-1.101630456721e-05
2.010000000000e+00,-3.280894972022e-05,-3.411012160570e-05,1.301171885476e-06,-4.169014591195e-05,-4.990168329741e-05,8.211537385465e-06,-6.044873381785e-05,-5.051476329410e-05,-9.933970523753e-06
2.015000000000e+00,-3.066801103468e-05,-3.377515763854e-05,3.107146603858e-06,-3.401245214651e-05,-4.928775599723e-05,1.527530385073e-05,-5.800506947447e-05,-4.988900937615e-05,-8.116060098322e-06
2.020000000000e+00,-2.879829964334e-05,-3.344467542990e-05,4.646375786560e-06,-2.743499956572e-05,-4.868438646242e-05,2.124938689670e-05,-5.497998229817e-05,-4.927409610420e-05,-5.705886193969e-06
2.025000000000e+00,-2.730066926228e-05,-3.311859867360e-05,5.817929411322e-06,-2.229339450816e-05,-4.809134007506e-05,2.579794556690e-05,-5.155938740897e-05,-4.866978074198e-05,-2.889606666990e-06
2.030000000000e+00,-2.624720084483e-05,-3.279685264936e-05,6.549651804533e-06,-1.883032770869e-05,-4.750838862773e-05,2.867806091904e-05,-4.795770327784e-05,-4.807582723557e-05,1.181239577308e-07
2.035000000000e+00,-2.567700893394e-05,-3.247936402462e-05,6.802355090677e-06,-1.718279043272e-05,-4.693530994952e-05,2.975251951680e-05,-4.440169282882e-05,-4.749200582777e-05,3.090312998947e-06
2.040000000000e+00,-2.559417784290e-05,-3.216606097929e-05,6.571883136391e-06,-1.737552404246e-05,-4.637188787761e-05,2.899636383515e-05,-4.111321193621e-05,-4.691809301907e-05,5.804881082861e-06
2.045000000000e+00,-2.596859167093e-05,-3.185687332556e-05,5.888281654622e-06,-1.932171843020e-05,-4.581791223040e-05,2.649619380020e-05,-3.829285573315e-05,-4.635387152964e-05,8.061015796491e-06
2.050000000000e+00,-2.673891973162e-05,-3.155173231204e-05,4.812812580413e-06,-2.283012024021e-05,-4.527317845713e-05,2.244305821692e-05,-3.610512859000e-05,-4.579912993669e-05,9.694001346689e-06
2.055000000000e+00,-2.781787967844e-05,-3.125057043324e-05,3.432690754804e-06,-2.761848974004e-05,-4.473748730062e-05,1.711899756058e-05,-3.466654353584e-05,-4.525366232369e-05,1.058711878784e-05
2.060000000000e+00,-2.909919436441e-05,-3.095332155489e-05,1.854127190488e-06,-3.333230582728e-05,-4.421064479945e-05,1.087833897218e-05,-3.403740616669e-05,-4.471726826697e-05,1.067986210028e-05
2.065000000000e+00,-3.046567633187e-05,-3.065992103438e-05,1.942447025102e-07,-3.956751919198e-05,-4.369246229441e-05,4.124943102432e-06,-3.421785276853e-05,-4.418975282264e-05,9.971900054113e-06
2.070000000000e+00,-3.179789128102e-05,-3.037030553217e-05,-1.427585748845e-06,-4.589598653765e-05,-4.318275612333e-05,-2.713230414320e-06,-3.514840441647e-05,-4.367092619479e-05,8.522521778317e-06
2.075000000000e+00,-3.298273687656e-05,-3.008441282822e-05,-2.898324048339e-06,-5.189191114480e-05,-4.268134733690e-05,-9.210563807902e-06,-3.671494069026e-05,-4.316060341437e-05,6.445662724113e-06
2.080000000000e+00,-3.392129511864e-05,-2.980218194757e-05,-4.119113171068e-06,-5.715789251565e-05,-4.218806175903e-05,-1.496983075662e-05,-3.875768706613e-05,-4.265860434708e-05,3.900917280957e-06
2.085000000000e+00,-3.453549339541e-05,-2.952355328100e-05,-5.011940114414e-06,-6.134865850171e-05,-4.170273007120e-05,-1.964592843051e-05,-4.108351562979e-05,-4.216475370068e-05,1.081238070890e-06
2.090000000000e+00,-3.477301136631e-05,-2.924846840312e-05,-5.524542963198e-06,-6.419151802369e-05,-4.122518762190e-05,-2.296633040179e-05,-4.348054961951e-05,-4.167888071972e-05,-1.801668899786e-06
2.095000000000e+00,-3.461012285298e-05,-2.897686989529e-05,-5.633252957692e-06,-6.550181981219e-05,-4.075527430129e-05,-2.474654551089e-05,-4.573394929323e-05,-4.120081888997e-05,-4.533130403263e-06
2.100000000000e+00,-3.405274996459e-05,-2.870870147102e-05,-5.344048493576e-06,-6.519335374786e-05,-4.029283481899e-05,-2.490051892888e-05,-4.764207476289e-05,-4.073040596379e-05,-6.911668799100e-06
2.105000000000e+00,-3.313483844402e-05,-2.844390809664e-05,-4.690930347387e-06,-6.328199440257e-05,-3.983771910175e-05,-2.344427530082e-05,-4.903100613871e-05,-4.026748398422e-05,-8.763522154494e-06
2.110000000000e+00,-3.191512196863e-05,-2.818243581552e-05,-3.732686153110e-06,-5.988348994883e-05,-3.938978256225e-05,-2.049370738658e-05,-4.976724949990e-05,-3.981189900276e-05,-9.955350497143e-06
2.115000000000e+00,-3.047220555286e-05,-2.792423157698e-05,-2.547973975879e-06,-5.520517921958e-05,-3.894888663152e-05,-1.625629258806e-05,-4.976725184323e-05,-3.936350080567e-05,-1.040375103755e-05
2.120000000000e+00,-2.889810004712e-05,-2.766924336132e-05,-1.228856685806e-06,-4.953193253915e-05,-3.851489997059e-05,-1.101703256857e-05,-4.900294205654e-05,-3.892214295390e-05,-1.008079910264e-05
2.125000000000e+00,-2.729126508198e-05,-2.741742030012e-05,1.261552181455e-07,-4.320776516782e-05,-3.808770020069e-05,-5.120064967121e-06,-4.750333726619e-05,-3.848768282092e-05,-9.015654445271e-06
2.130000000000e+00,-2.574929659889e-05,-2.716871250622e-05,1.419415907329e-06,-3.661393576734e-05,-3.766717606741e-05,1.053240300068e-06,-4.535180940734e-05,-3.805998133049e-05,-7.291828076858e-06
2.135000000000e+00,-2.436189899836e-05,-2.692307083680e-05,2.561171838440e-06,-3.014492989723e-05,-3.725323056536e-05,7.108300668126e-06,-4.267938116417e-05,-3.763890262745e-05,-5.040478536724e-06
2.140000000000e+00,-2.320468367331e-05,-2.668044737484e-05,3.475763701530e-06,-2.418389458490e-05,-3.684578624418e-05,1.266189165927e-05,-3.965461111711e-05,-3.722431450259e-05,-2.430296614517e-06
2.145000000000e+00,-2.233419043349e-05,-2.644079483462e-05,4.106604401123e-06,-1.907891667823e-05,-3.644479136164e-05,1.736587468341e-05,-3.647081127760e-05,-3.681608769566e-05,3.452764180568e-07
2.150000000000e+00,-2.178443026963e-05,-2.620406711140e-05,4.419636841772e-06,-1.512161194938e-05,-3.605022993131e-05,2.092861798192e-05,-3.333157277152e-05,-3.641409639679e-05,3.082523625271e-06
2.155000000000e+00,-2.156520024062e-05,-2.597021869387e-05,4.405018453246e-06,-1.252926068921e-05,-3.566213424769e-05,2.313287355848e-05,-3.043570544224e-05,-3.601821756239e-05,5.582512120151e-06
2.160000000000e+00,-2.166221540729e-05,-2.573920520904e-05,4.076989801747e-06,-1.143160432770e-05,-3.528060354649e-05,2.384899921879e-05,-2.796274149224e-05,-3.562833141647e-05,7.665589924221e-06
2.165000000000e+00,-2.203896228673e-05,-2.551098284151e-05,3.472020554775e-06,-1.186291610060e-05,-3.490582811646e-05,2.304291201586e-05,-2.605993730007e-05,-3.524432077884e-05,9.184383478779e-06
2.170000000000e+00,-2.264018038334e-05,-2.528550887361e-05,2.645328490270e-06,-1.375998936579e-05,-3.453812341833e-05,2.077813405253e-05,-2.483193275735e-05,-3.486607156601e-05,1.003413880866e-05
2.175000000000e+00,-2.339646559615e-05,-2.506274117990e-05,1.666275583753e-06,-1.696587051952e-05,-3.417797476930e-05,1.721210424978e-05,-2.433349173624e-05,-3.449347220259e-05,1.015998046635e-05
2.180000000000e+00,-2.422995909428e-05,-2.484263841986e-05,6.126793255752e-07,-2.123940248096e-05,-3.382609807891e-05,1.258669559795e-05,-2.456619500819e-05,-3.412641376379e-05,9.560218755599e-06
2.185000000000e+00,-2.506016322460e-05,-2.462516015584e-05,-4.350030687597e-07,-2.626955189928e-05,-3.348352047904e-05,7.213968579763e-06,-2.547883540701e-05,-3.376479004184e-05,8.285954634832e-06
2.190000000000e+00,-2.581014252627e-05,-2.441026669830e-05,-1.399875827977e-06,-3.169425233232e-05,-3.315168650648e-05,1.457434174162e-06,-2.697198365379e-05,-3.340849732970e-05,6.436513675911e-06
2.195000000000e+00,-2.641187722311e-05,-2.419791895465e-05,-2.213958268462e-06,-3.712195603590e-05,-3.283259749308e-05,-4.289358542814e-06,-2.890573110880e-05,-3.305743421078e-05,4.151703101975e-06
2.200000000000e+00,-2.681102634264e-05,-2.398807855082e-05,-2.822947791826e-06,-4.215525099899e-05,-3.252899363632e-05,-9.626257362667e-06,-3.111050048812e-05,-3.271150163467e-05,1.601001146551e-06
2.205000000000e+00,-2.697046218960e-05,-2.378070794826e-05,-3.189754241336e-06,-4.641483523672e-05,-3.224458976635e-05,-1.417024547037e-05,-3.339984309734e-05,-3.237060299004e-05,-1.029240107297e-06
2.210000000000e+00,-2.687236934688e-05,-2.357577029352e-05,-3.296599053360e-06,-4.956262340780e-05,-3.198437828949e-05,-1.757824511832e-05,-3.558425276374e-05,-3.203464390010e-05,-3.549608863642e-06
2.215000000000e+00,-2.651893840222e-05,-2.337322927138e-05,-3.145709130833e-06,-5.132273589347e-05,-3.175501627268e-05,-1.956771962079e-05,-3.748508798981e-05,-3.170353202375e-05,-5.781555966065e-06
2.220000000000e+00,-2.593147531766e-05,-2.317304922521e-05,-2.758426092458e-06,-5.149918767605e-05,-3.156531699582e-05,-1.993387068022e-05,-3.894744674978e-05,-3.137717713668e-05,-7.570269613102e-06
2.225000000000e+00,-2.514820672811e-05,-2.297519527280e-05,-2.173011455309e-06,-4.998950096473e-05,-3.142686933817e-05,-1.856263162657e-05,-3.985115446550e-05,-3.105549120922e-05,-8.795663256286e-06
2.230000000000e+00,-2.422087360445e-05,-2.277963316014e-05,-1.441240444312e-06,-4.679354517359e-05,-3.135481226626e-05,-1.543873290732e-05,-4.011905155414e-05,-3.073838821243e-05,-9.380663341708e-06
2.235000000000e+00,-2.321043660408e-05,-2.258632911850e-05,-6.241074855794e-07,-4.201725018902e-05,-3.136879663643e-05,-1.064845355259e-05,-3.972194056288e-05,-3.042578392947e-05,-9.296156633404e-06
2.240000000000e+00,-2.218226356948e-05,-2.239524998353e-05,2.129864140490e-07,-3.587133789187e-05,-3.149417110273e-05,-4.377166789147e-06,-3.868002730643e-05,-3.011759604085e-05,-8.562431265581e-06
2.245000000000e+00,-2.120111570729e-05,-2.220636330990e-05,1.005247602611e-06,-2.866516812701e-05,-3.176343250695e-05,3.098264379948e-06,-3.706059170087e-05,-2.981374420645e-05,-7.246847494427e-06
2.250000000000e+00,-2.032641116082e-05,-2.201963722883e-05,1.693226068013e-06,-2.079657352159e-05,-3.221798491931e-05,1.142141139772e-05,-3.497234639849e-05,-2.951414988099e-05,-5.458196517500e-06
2.255000000000e+00,-1.960795382864e-05,-2.183504030924e-05,2.227086480600e-06,-1.273814633617e-05,-3.291025572654e-05,2.017210939037e-05,-3.255668230577e-05,-2.921873613472e-05,-3.337946171046e-06
2.260000000000e+00,-1.908257160681e-05,-2.165254167523e-05,2.569970068424e-06,-5.021372616600e-06,-3.390621974950e-05,2.888484713290e-05,-2.997675719478e-05,-2.892742774188e-05,-1.049329452897e-06
2.265000000000e+00,-1.877180351888e-05,-2.147211111949e-05,2.700307600613e-06,1.780548122544e-06,-3.528838197704e-05,3.706893009958e-05,-2.740502222000e-05,-2.864015126624e-05,1.235129046245e-06
2.270000000000e+00,-1.868077066014e-05,-2.129371896462e-05,2.612948304484e-06,7.069882848763e-06,-3.715926749186e-05,4.422915034063e-05,-2.501027379095e-05,-2.835683488525e-05,3.346561094304e-06
2.275000000000e+00,-1.879833456078e-05,-2.111733592778e-05,2.319001366995e-06,1.024042043607e-05,-3.964546376472e-05,4.988588420079e-05,-2.294517955178e-05,-2.807740821923e-05,5.132228667444e-06
2.280000000000e+00,-1.909839191122e-05,-2.094293323677e-05,1.844541325544e-06,1.069145849021e-05,-4.290225253829e-05,5.359371102850e-05,-2.133510157669e-05,-2.780180242317e-05,6.466700846488e-06
2.285000000000e+00,-1.954227742517e-05,-2.077048274207e-05,1.228205316898e-06,7.838786731365e-06,-4.711885394421e-05,5.495764067557e-05,-2.026914803759e-05,-2.752995027582e-05,7.260802238223e-06
2.290000000000e+00,-2.008196945245e-05,-2.059995678173e-05,5.179873292851e-07,1.122100743134e-06,-5.252428630674e-05,5.364638704988e-05,-1.979399722171e-05,-2.726178601337e-05,7.467788791664e-06
2.295000000000e+00,-2.066389941263e-05,-2.043132804936e-05,-2.325713632770e-07,-9.991479383465e-06,-5.939382167113e-05,4.940234228767e-05,-1.991096499118e-05,-2.699724516889e-05,7.086280177713e-06
2.300000000000e+00,-2.123299163220e-05,-2.026456970878e-05,-9.684219234207e-07,-2.600784478088e-05,-6.805598523446e-05,4.204814045358e-05,-2.057645212974e-05,-2.673626467108e-05,6.159812541342e-06
2.305000000000e+00,-2.173675379940e-05,-2.009965550472e-05,-1.637098294671e-06,-4.741008757168e-05,-7.890000450910e-05,3.148991693742e-05,-2.170579377600e-05,-2.647878294301e-05,4.772989167012e-06
2.310000000000e+00,-2.212890285090e-05,-1.993655963100e-05,-2.192343219902e-06,-7.466572103925e-05,-9.238356494106e-05,1.771784390182e-05,-2.318002711247e-05,-2.622473975548e-05,3.044712643007e-06
2.315000000000e+00,-2.237255251152e-05,-1.977525660187e-05,-2.597295909648e-06,-1.082364012380e-04,-1.090406741180e-04,8.042728799349e-07,-2.485524653598e-05,-2.597407609298e-05,1.118829557007e-06
2.320000000000e+00,-2.244248080042e-05,-1.961572136527e-05,-2.826759435152e-06,-1.485888892075e-04,-1.294893724454e-04,-1.909951676205e-05,-2.657366726636e-05,-2.572673428549e-05,-8.469329808708e-07
2.325000000000e+00,-2.232649753884e-05,-1.945792941222e-05,-2.868568126627e-06,-1.962062646845e-04,-1.544389539980e-04,-4.176731068657e-05,-2.817564196590e-05,-2.548265815774e-05,-2.692983808158e-06
2.330000000000e+00,-2.202581698199e-05,-1.930185664845e-05,-2.723960333537e-06,-2.515981188045e-04,-1.846962841955e-04,-6.690183460899e-05,-2.951173310163e-05,-2.524179296467e-05,-4.269940136957e-06
2.335000000000e+00,-2.155442235518e-05,-1.914747926954e-05,-2.406943085644e-06,-3.153085125139e-04,-2.211707245324e-04,-9.413778798144e-05,-3.045392291998e-05,-2.500408538000e-05,-5.449837539973e-06
2.340000000000e+00,-2.093753028846e-05,-1.899477387316e-05,-1.942756415294e-06,-3.879205885238e-04,-2.648770965554e-04,-1.230434919684e-04,-3.090519998582e-05,-2.476948380549e-05,-6.135716180330e-06
2.345000000000e+00,-2.020924752293e-05,-1.884371756871e-05,-1.365529954222e-06,-4.700567472948e-04,-3.169360411594e-04,-1.531207061355e-04,-3.080669945506e-05,-2.453793878727e-05,-6.268760667791e-06
2.350000000000e+00,-1.940980215558e-05,-1.869428785406e-05,-7.155143015221e-07,-5.623738395448e-04,-3.785710663699e-04,-1.838027731750e-04,-3.014210837637e-05,-2.430940335396e-05,-5.832705022415e-06
2.355000000000e+00,-1.858231860980e-05,-1.854646249737e-05,-3.585611243516e-08,-6.655525644688e-04,-4.511015335431e-04,-2.144510309257e-04,-2.893878061223e-05,-2.408383359822e-05,-4.854947014004e-06
2.360000000000e+00,-1.776961930518e-05,-1.840021965388e-05,6.306003487029e-07,-7.802811185533e-04,-5.359308088965e-04,-2.443503096568e-04,-2.726566954935e-05,-2.386118984883e-05,-3.404479700515e-06
2.365000000000e+00,-1.701116625467e-05,-1.825553798323e-05,1.244371728556e-06,-9.072330585748e-04,-6.345288114273e-04,-2.727042471474e-04,-2.522814972906e-05,-2.364143834253e-05,-1.586711386522e-06
2.370000000000e+00,-1.634044572248e-05,-1.811239654430e-05,1.771950821828e-06,-1.047039881914e-03,-7.484082331607e-04,-2.986316487535e-04,-2.296016714155e-05,-2.342455337942e-05,4.643862378621e-07
2.375000000000e+00,-1.578290799392e-05,-1.797077470299e-05,2.187866709064e-06,-1.200259016761e-03,-8.790938000144e-04,-3.211652167467e-04,-2.061422169662e-05,-2.321052050485e-05,2.596298808231e-06
2.380000000000e+00,-1.535467506701e-05,-1.783065228341e-05,2.475977216409e-06,-1.367338274284e-03,-1.028084081400e-03,-3.392541928846e-04,-1.834998398728e-05,-2.299934137049e-05,4.649357383210e-06
2.385000000000e+00,-1.506199088359e-05,-1.769200973908e-05,2.630018855486e-06,-1.548577909032e-03,-1.196805549048e-03,-3.517723599834e-04,-1.632225884466e-05,-2.279104060908e-05,6.468781764417e-06
2.390000000000e+00,-1.490149745725e-05,-1.755482813441e-05,2.653330677154e-06,-1.744091750340e-03,-1.386558839225e-03,-3.575329111146e-04,-1.466923349714e-05,-2.258567527686e-05,7.916441779723e-06
2.395000000000e+00,-1.486125261238e-05,-1.741908918173e-05,2.557836569354e-06,-1.953768870647e-03,-1.598457486942e-03,-3.553113837054e-04,-1.350179210933e-05,-2.238334815758e-05,8.881556048248e-06
2.400000000000e+00,-1.492233964695e-05,-1.728477558003e-05,2.362435933076e-06,-2.177237225935e-03,-1.833359767335e-03,-3.438774586001e-04,-1.289463107639e-05,-2.218422657883e-05,9.289595502440e-06
2.405000000000e+00,-1.506095943560e-05,-1.715187146448e-05,2.090912028879e-06,-2.413830807961e-03,-2.091794691701e-03,-3.220361162600e-04,-1.287981931090e-05,-2.198856839891e-05,9.108749088006e-06
2.410000000000e+00,-1.525076467224e-05,-1.702036280200e-05,1.769598129762e-06,-2.662561590869e-03,-2.373883658324e-03,-2.886779325450e-04,-1.344321596136e-05,-2.179675743891e-05,8.353541477548e-06
2.415000000000e+00,-1.546526296154e-05,-1.689023802986e-05,1.424975068325e-06,-2.922097455904e-03,-2.679259735166e-03,-2.428377207379e-04,-1.452402561404e-05,-2.160935187331e-05,7.085326259269e-06
2.420000000000e+00,-1.568003954423e-05,-1.676148925849e-05,1.081449714262e-06,-3.190747035221e-03,-3.006987028087e-03,-1.837600071348e-04,-1.601747912337e-05,-2.142715008815e-05,5.409670964783e-06
2.425000000000e+00,-1.587465516579e-05,-1.663411396058e-05,7.594587947901e-07,-3.466452211480e-03,-3.355483041744e-03,-1.109691697365e-04,-1.778054362766e-05,-2.125127931237e-05,3.470735684711e-06
2.430000000000e+00,-1.603400962682e-05,-1.650811713426e-05,4.741075074459e-07,-3.746788622673e-03,-3.722447348672e-03,-2.434127400117e-05,-1.964021296742e-05,-2.108331388922e-05,1.443100921804e-06
2.435000000000e+00,-1.614907475156e-05,-1.638351443537e-05,2.344396838075e-07,-4.028974410680e-03,-4.104800215400e-03,7.582580471962e-05,-2.140392392798e-05,-2.092543245000e-05,-4.784914779775e-07
2.440000000000e+00,-1.621697981518e-05,-1.626033686841e-05,4.335705323666e-08,-4.309887119307e-03,-4.498635058330e-03,1.887479390226e-04,-2.287146606083e-05,-2.078062565745e-05,-2.090840403374e-06
2.445000000000e+00,-1.624037824556e-05,-1.613863732662e-05,-1.017409189395e-07,-4.586088379735e-03,-4.899188687462e-03,3.131003077265e-04,-2.384764979755e-05,-2.065296861372e-05,-3.194681183836e-06
2.450000000000e+00,-1.622619025703e-05,-1.601849945509e-05,-2.076908019416e-07,-4.853855870038e-03,-5.300833220050e-03,4.469773500117e-04,-2.415500480743e-05,-2.054797545411e-05,-3.607029353313e-06
2.455000000000e+00,-1.618385523781e-05,-1.590004996284e-05,-2.838052749691e-07,-5.109221991309e-03,-5.697093285852e-03,5.878712945436e-04,-2.364590040711e-05,-2.047305823875e-05,-3.172842168356e-06
2.460000000000e+00,-1.612321568892e-05,-1.578347580007e-05,-3.397398888476e-07,-5.348018391987e-03,-6.080691680570e-03,7.326732885829e-04,-2.221340450401e-05,-2.043811715936e-05,-1.775287344650e-06
2.465000000000e+00,-1.605222721412e-05,-1.566904757057e-05,-3.831796435484e-07,-5.565925591842e-03,-6.443625947179e-03,8.777003553369e-04,-1.980043143564e-05,-2.045629413434e-05,6.558626987008e-07
2.470000000000e+00,-1.597475014580e-05,-1.555715103585e-05,-4.175991099500e-07,-5.758526926123e-03,-6.777277482665e-03,1.018750556542e-03,-1.640687719946e-05,-2.054492804895e-05,4.138050849491e-06
2.475000000000e+00,-1.588856738730e-05,-1.544832959269e-05,-4.402377946124e-07,-5.921365986641e-03,-7.072553693727e-03,1.151187707086e-03,-1.209456421431e-05,-2.072675749878e-05,8.632193284475e-06
2.480000000000e+00,-1.578394887977e-05,-1.534334136657e-05,-4.406075132013e-07,-6.050006971781e-03,-7.320062482221e-03,1.270055510439e-03,-6.990059564391e-06,-2.103142478817e-05,1.404136522378e-05
2.485000000000e+00,-1.564276822769e-05,-1.524323508663e-05,-3.995331410639e-07,-6.140097137549e-03,-7.510316968648e-03,1.370219831099e-03,-1.285448837463e-06,-2.149734243221e-05,2.021189359475e-05
2.490000000000e+00,-1.543850742081e-05,-1.514945005810e-05,-2.890573627064e-07,-6.187431064348e-03,-7.633966914286e-03,1.446535849938e-03,4.762412367068e-06,-2.217399148016e-05,2.693640384722e-05
2.495000000000e+00,-1.513711784721e-05,-1.506394736972e-05,-7.317047748984e-08,-6.188016084550e-03,-7.682051840396e-03,1.494035755846e-03,1.083390399834e-05,-2.312472999082e-05,3.395863398917e-05
2.500000000000e+00,-1.469878419880e-05,-1.498938118217e-05,2.905969833626e-07,-6.138138576467e-03,-7.646269432263e-03,1.508130855797e-03,1.654926057300e-05,-2.443019797810e-05,4.097945855110e-05
2.505000000000e+00,-1.408063093037e-05,-1.492932052398e-05,8.486895936106e-07,-6.034430766142e-03,-7.519251531139e-03,1.484820764996e-03,2.147132872529e-05,-2.619241036405e-05,4.766373908934e-05
2.510000000000e+00,-1.324021547489e-05,-1.488853433958e-05,1.648318864692e-06,-5.873937580553e-03,-7.294838937607e-03,1.420901357054e-03,2.510789338400e-05,-2.853963298093e-05,5.364752636493e-05
2.515000000000e+00,-1.213977132312e-05,-1.487335568615e-05,2.733584363026e-06,-5.654183211260e-03,-6.968345447871e-03,1.314162236611e-03,2.691313912159e-05,-3.163213877988e-05,5.854527790147e-05
2.520000000000e+00,-1.075093147714e-05,-1.489214413183e-05,4.141212654692e-06,-5.373236762170e-03,-6.536801082250e-03,1.163564320080e-03,2.628791065903e-05,-3.566893851785e-05,6.195684917688e-05
2.525000000000e+00,-9.059849097818e-06,-1.495586839799e-05,5.896019300173e-06,-5.029776384753e-03,-5.999164396610e-03,9.693880118576e-04,2.257853714729e-05,-4.089556914818e-05,6.347410629547e-05
2.530000000000e+00,-7.072395629943e-06,-1.507883496711e-05,8.006439337164e-06,-4.623150960574e-03,-5.356494133286e-03,7.333431727125e-04,1.507423293249e-05,-4.761300554712e-05,6.268723847961e-05
2.535000000000e+00,-4.819287907586e-06,-1.527959289794e-05,1.046030499035e-05,-4.153438328208e-03,-4.612071286319e-03,4.586329581104e-04,3.003188299030e-06,-5.618773739755e-05,5.919092569658e-05
2.540000000000e+00,-2.360933344254e-06,-1.558204937829e-05,1.322111603403e-05,-3.621498773723e-03,-3.771463919402e-03,1.499651456792e-04,-1.447229889805e-05,-6.706301733181e-05,5.259071843376e-05
2.545000000000e+00,2.082193561763e-07,-1.601683406203e-05,1.622505341820e-05,-3.029022307700e-03,-2.842528756461e-03,-1.864935512384e-04,-3.826119814568e-05,-8.077123483722e-05,4.251003669154e-05
2.550000000000e+00,2.755934937696e-06,-1.662295382752e-05,1.937888876521e-05,-2.378568071490e-03,-1.835345615820e-03,-5.432224556694e-04,-6.934894167109e-05,-9.794730651385e-05,2.859836484276e-05
2.555000000000e+00,5.109161184674e-06,-1.744978342103e-05,2.255894460571e-05,-1.673594118024e-03,-7.620831054400e-04,-9.115110125842e-04,-1.088017812862e-04,-1.193428982004e-04,1.054111691414e-05
2.560000000000e+00,7.051801281385e-06,-1.855943984818e-05,2.561124112957e-05,-9.184756564706e-04,3.632034579223e-04,-1.281679114393e-03,-1.577694436131e-04,-1.458412015568e-04,-1.192824205630e-05
2.565000000000e+00,8.323272909083e-06,-2.002958817657e-05,2.835286108565e-05,-1.185098991187e-04,1.524838307683e-03,-1.643348206802e-03,-2.174853264342e-04,-1.784718745417e-04,-3.901345189250e-05
2.570000000000e+00,8.617860980063e-06,-2.195672456190e-05,3.057458554196e-05,7.200942972155e-04,2.705849458587e-03,-1.985755161372e-03,-2.892634186411e-04,-2.184256300037e-04,-7.083778863743e-05
2.575000000000e+00,7.584782912776e-06,-2.445997892543e-05,3.204476183821e-05,1.590243614936e-03,3.888342247291e-03,-2.298098632355e-03,-3.744913218271e-04,-2.670678234700e-04,-1.074234983571e-04
2.580000000000e+00,4.828917196063e-06,-2.768547218048e-05,3.251438937654e-05,2.484005705144e-03,5.053911338051e-03,-2.569905632908e-03,-4.746187147688e-04,-3.259502455741e-04,-1.486684691948e-04
2.585000000000e+00,-8.794251140087e-08,-3.181124941212e-05,3.172330690072e-05,3.392673828937e-03,6.184078554707e-03,-2.791404725770e-03,-5.911409723896e-04,-3.968201695335e-04,-1.943208028561e-04
2.590000000000e+00,-7.645264170966e-06,-3.705279241729e-05,2.940752824633e-05,4.306851409637e-03,7.260742585839e-03,-2.953891176202e-03,-7.255775725487e-04,-4.816255553172e-04,-2.439520172315e-04
2.595000000000e+00,-1.836168544603e-05,-4.366909274721e-05,2.530740730118e-05,5.216556356721e-03,8.266625850245e-03,-3.050069493525e-03,-8.794454698953e-04,-5.825151792355e-04,-2.969302906598e-04
2.600000000000e+00,-3.279241430918e-05,-5.196923636960e-05,1.917682206042e-05,6.111344929374e-03,9.185703654873e-03,-3.074358725498e-03,-1.054227432817e-03,-7.018323413471e-04,-3.523950914700e-04
2.605000000000e+00,-5.152642652849e-05,-6.231941151223e-05,1.079298498374e-05,6.980453728802e-03,1.000360124501e-02,-3.023147516208e-03,-1.251335955594e-03,-8.421007140625e-04,-4.092352415316e-04
2.610000000000e+00,-7.518314581143e-05,-7.515020510953e-05,-3.294070189770e-08,7.812958326121e-03,1.070794542080e-02,-2.894987094678e-03,-1.472073141401e-03,-1.006000856376e-03,-4.660722850258e-04
2.615000000000e+00,-1.044087373466e-04,-9.096400162708e-05,-1.344473571953e-05,8.597945982104e-03,1.128865903098e-02,-2.690713048876e-03,-1.717587421471e-03,-1.196335943066e-03,-5.212514784052e-04
2.620000000000e+00,-1.398718322560e-04,-1.103422375444e-04,-2.952959471164e-05,9.324699482323e-03,1.173818878373e-02,-2.413489301407e-03,-1.988828029350e-03,-1.415985350967e-03,-5.728426783829e-04
2.625000000000e+00,-1.822584805729e-04,-1.339521953387e-04,-4.830628523417e-05,9.982888679919e-03,1.205165933764e-02,-2.068770657726e-03,-2.286498089512e-03,-1.667844918199e-03,-6.186531713135e-04
2.630000000000e+00,-2.322662304887e-04,-1.625529483648e-04,-6.971328212390e-05,1.056276564825e-02,1.222694943315e-02,-1.664183784898e-03,-2.611007514283e-03,-1.954752968371e-03,-6.562545459124e-04
2.635000000000e+00,-2.905970553340e-04,-1.969999954808e-04,-9.359705985322e-05,1.105535918668e-02,1.226468876605e-02,-1.209329579372e-03,-2.962426635963e-03,-2.279401577504e-03,-6.830250584587e-04
2.640000000000e+00,-3.579490215801e-04,-2.382480532549e-04,-1.197009683253e-04,1.145266401734e-02,1.216817725494e-02,-7.155132375944e-04,-3.340441762734e-03,-2.644233057635e-03,-6.962087050989e-04
2.645000000000e+00,-4.350064101768e-04,-2.873513938646e-04,-1.476550163122e-04,1.174782005532e-02,1.194323118475e-02,-1.954111294247e-04,-3.744313572063e-03,-3.051322214719e-03,-6.929913573444e-04
2.650000000000e+00,-5.224282382888e-04,-3.454610745775e-04,-1.769671637113e-04,1.193527699477e-02,1.159796327421e-02,3.373137205557e-04,-4.172839346540e-03,-3.502245674445e-03,-6.705936720954e-04
2.655000000000e+00,-6.208350106560e-04,-4.138183421588e-04,-2.070166684972e-04,1.201093974251e-02,1.114250593572e-02,8.684338067890e-04,-4.624319922908e-03,-3.997940333360e-03,-6.263795895484e-04
2.660000000000e+00,-7.307937122243e-04,-4.937434932492e-04,-2.370502189751e-04,1.197229044603e-02,1.058868874762e-02,1.383601698412e-03,-5.096532134270e-03,-4.538553889953e-03,-5.579782443170e-04
2.665000000000e+00,-8.528010659453e-04,-5.866194590329e-04,-2.661816069123e-04,1.181848335302e-02,9.949682413654e-03,1.868800939365e-03,-5.586707443885e-03,-5.123291282381e-03,-4.634161615039e-04
2.670000000000e+00,-9.872651718349e-04,-6.938694441225e-04,-2.933957277124e-04,1.155040926086e-02,9.239622169510e-03,2.310787091348e-03,-6.091517399567e-03,-5.750261794258e-03,-3.412556053083e-04
2.675000000000e+00,-1.134485777614e-03,-8.169280142134e-04,-3.175577634006e-04,1.117072696200e-02,8.473223741122e-03,2.697503220878e-03,-6.607066452709e-03,-6.416332419812e-03,-1.907340328969e-04
2.680000000000e+00,-1.294633480902e-03,-9.572051778718e-04,-3.374283030306e-04,1.068385987019e-02,7.665404547405e-03,3.018455322783e-03,-7.128892635927e-03,-7.116993872022e-03,-1.189876390517e-05
2.685000000000e+00,-1.467728235443e-03,-1.116043172587e-03,-3.516850628563e-04,1.009595680062e-02,6.830921953526e-03,3.265034847092e-03,-7.651976525942e-03,-7.846246201193e-03,1.942696752517e-04
2.690000000000e+00,-1.653617661091e-03,-1.294665922219e-03,-3.589517388722e-04,9.414816742854e-03,5.984039050719e-03,3.430777692135e-03,-8.170758923401e-03,-8.596511421426e-03,4.257524980247e-04
2.695000000000e+00,-1.851955686732e-03,-1.494121408076e-03,-3.578342786559e-04,8.649778315590e-03,5.138226785415e-03,3.511551530175e-03,-8.679167612931e-03,-9.358580654501e-03,6.794130415707e-04
2.700000000000e+00,-2.062182127742e-03,-1.715217556657e-03,-3.469645710854e-04,7.811575467067e-03,4.305909345117e-03,3.505666121950e-03,-9.170653599040e-03,-1.012160314592e-02,9.509495468789e-04
2.705000000000e+00,-2.283503776053e-03,-1.958452627252e-03,-3.250511488010e-04,6.912161876594e-03,3.498257662034e-03,3.413904214560e-03,-9.638237116816e-03,-1.087312395820e-02,1.234886841388e-03
2.710000000000e+00,-2.514877660220e-03,-2.223941510635e-03,-2.909361495844e-04,5.964507223597e-03,2.725033800023e-03,3.239473423574e-03,-1.007456375128e-02,-1.159917622851e-02,1.524612477227e-03
2.715000000000e+00,-2.754997084266e-03,-2.511339798081e-03,-2.436572861846e-04,4.982369280192e-03,1.994486948325e-03,2.987882331867e-03,-1.047197089188e-02,-1.228443255889e-02,1.812461667007e-03
2.720000000000e+00,-3.002281039622e-03,-2.819767928324e-03,-1.825131112975e-04,3.980046361537e-03,1.313299843237e-03,2.666746518300e-03,-1.082256470176e-02,-1.291241839372e-02,2.089853691963e-03
2.725000000000e+00,-3.254867502506e-03,-3.147738146967e-03,-1.071293555393e-04,2.972115293280e-03,6.865827485218e-04,2.285532544759e-03,-1.111830762330e-02,-1.346578815864e-02,2.347480535341e-03
2.730000000000e+00,-3.510611134416e-03,-3.493087396936e-03,-1.752373748015e-05,1.973160367148e-03,1.179107004817e-04,1.855249666666e-03,-1.135111631028e-02,-1.392666254758e-02,2.575546237304e-03
2.735000000000e+00,-3.767085774577e-03,-3.852919572011e-03,8.583379743354e-05,9.974991127265e-04,-3.906013978303e-04,1.388100510557e-03,-1.151296970280e-02,-1.427702272439e-02,2.764053021585e-03
2.740000000000e+00,-4.021592045489e-03,-4.223560776090e-03,2.019687306018e-04,5.891090153401e-05,-8.381920450093e-04,8.971029465433e-04,-1.159602662932e-02,-1.449915444634e-02,2.903127817014e-03
2.745000000000e+00,-4.271170348249e-03,-4.600531311543e-03,3.293609632933e-04,-8.296256799103e-04,-1.225321452779e-03,3.956957728687e-04,-1.159275216515e-02,-1.457613233713e-02,2.983380171978e-03
2.750000000000e+00,-4.512619335365e-03,-4.978538048605e-03,4.659187132392e-04,-1.656180698883e-03,-1.553521737932e-03,-1.026589609510e-04,-1.149605152707e-02,-1.449233187474e-02,2.996280347671e-03
2.755000000000e+00,-4.742520016868e-03,-5.351490582703e-03,6.089705658352e-04,-2.410100450175e-03,-1.825235704052e-03,-5.848647461228e-04,-1.129941005095e-02,-1.423395425605e-02,2.934544205105e-03
2.760000000000e+00,-4.957265381866e-03,-5.712544149278e-03,7.552787674120e-04,-3.082209359314e-03,-2.043650544910e-03,-1.038558814404e-03,-1.099703735349e-02,-1.378954729381e-02,2.792509940324e-03
2.765000000000e+00,-5.153095522538e-03,-6.054171629388e-03,9.010761068497e-04,-3.664981543482e-03,-2.212532219738e-03,-1.452449323744e-03,-1.058401349575e-02,-1.315050403083e-02,2.566490535086e-03
2.770000000000e+00,-5.326138033737e-03,-6.368266149632e-03,1.042128115895e-03,-4.152677870387e-03,-2.336065516103e-03,-1.816612354283e-03,-1.005643454380e-02,-1.231151994731e-02,2.255085403507e-03
2.775000000000e+00,-5.472453452634e-03,-6.646274769701e-03,1.173821317066e-03,-4.541445111959e-03,-2.418703979408e-03,-2.122741132551e-03,-9.411554666594e-03,-1.127098958983e-02,1.859434923236e-03
2.780000000000e+00,-5.588085394275e-03,-6.879362581912e-03,1.291277187637e-03,-4.829374620403e-03,-2.465032996201e-03,-2.364341624201e-03,-8.647921563895e-03,-1.003132422801e-02,1.383402664113e-03
2.785000000000e+00,-5.669115020952e-03,-7.058605256476e-03,1.389490235524e-03,-5.016518883962e-03,-2.479648417074e-03,-2.536870466888e-03,-7.765501896364e-03,-8.599173777544e-03,8.336718811801e-04
2.790000000000e+00,-5.711719360430e-03,-7.175206704443e-03,1.463487344013e-03,-5.104865253889e-03,-2.467052235424e-03,-2.637813018465e-03,-6.765793177008e-03,-6.985538709927e-03,2.197455329185e-04
2.795000000000e+00,-5.712232898820e-03,-7.220737154787e-03,1.508504255966e-03,-5.098267096926e-03,-2.431566033729e-03,-2.666701063197e-03,-5.651918544951e-03,-5.205760941535e-03,-4.461576034160e-04
2.800000000000e+00,-5.667211867933e-03,-7.187385615063e-03,1.520173747130e-03,-5.002333740130e-03,-2.377262192334e-03,-2.625071547796e-03,-4.428700938001e-03,-3.279386652205e-03,-1.149314285796e-03
2.805000000000e+00,-5.573500472758e-03,-7.068219476844e-03,1.494719004086e-03,-4.824281498411e-03,-2.307912244713e-03,-2.516369253698e-03,-3.102713294014e-03,-1.229898481526e-03,-1.872814812488e-03
2.810000000000e+00,-5.428298261313e-03,-6.857443011467e-03,1.429144750153e-03,-4.572749069176e-03,-2.226951269448e-03,-2.345797799728e-03,-1.682301671328e-03,9.156805868907e-04,-2.597982258219e-03
2.815000000000e+00,-5.229227676168e-03,-6.550645746857e-03,1.321418070689e-03,-4.257581487006e-03,-2.137456835832e-03,-2.120124651173e-03,-1.775785648017e-04,3.127304327319e-03,-3.304882892120e-03
2.820000000000e+00,-4.974400852044e-03,-6.145031281214e-03,1.170630429170e-03,-3.889587747307e-03,-2.042140761986e-03,-1.847446985321e-03,1.399615779104e-03,5.372529097899e-03,-3.972913318795e-03
2.825000000000e+00,-4.662484428900e-03,-5.639617024712e-03,9.771325958119e-04,-3.480277769554e-03,-1.943351794019e-03,-1.536925975535e-03,3.035785782610e-03,7.617231506928e-03,-4.581445724318e-03
2.830000000000e+00,-4.292761189740e-03,-5.035395704236e-03,7.426345144966e-04,-3.041585101004e-03,-1.843087262214e-03,-1.198497838790e-03,4.715887663483e-03,9.826396953662e-03,-5.110509290179e-03
2.835000000000e+00,-3.865187219199e-03,-4.335450235291e-03,4.702630160920e-04,-2.585582192547e-03,-1.743011801319e-03,-8.425703912281e-04,6.423471537050e-03,1.196495474603e-02,-5.541483208979e-03
2.840000000000e+00,-3.380443110071e-03,-3.545014753490e-03,1.645716434192e-04,-2.124195238239e-03,-1.644481319413e-03,-4.797139188266e-04,8.140858012389e-03,1.399863309855e-02,-5.857775086160e-03
2.845000000000e+00,-2.839977805711e-03,-2.671476179615e-03,-1.685016260962e-04,-1.668925822220e-03,-1.548570547679e-03,-1.203552745408e-04,9.849347929864e-03,1.589480598355e-02,-6.045458053688e-03
2.850000000000e+00,-2.246043555667e-03,-1.724312621217e-03,-5.217309344501e-04,-1.230586375788e-03,-1.456102688074e-03,2.255163122860e-04,1.152946309492e-02,1.762330362863e-02,-6.093840533710e-03
2.855000000000e+00,-1.601720530807e-03,-7.149671205846e-04,-8.867534102224e-04,-8.190562694803e-04,-1.367679883133e-03,5.486236136529e-04,1.316121499010e-02,1.915715945177e-02,-5.995944461675e-03
2.860000000000e+00,-9.109296408932e-04,3.433423469656e-04,-1.254271987859e-03,-4.430647792863e-04,-1.283713447472e-03,8.406486681857e-04,1.472439771466e-02,2.047326837542e-02,-5.748870660753e-03
2.865000000000e+00,-1.784322477982e-04,1.435873241659e-03,-1.614305489457e-03,-1.100065729752e-04,-1.204453013422e-03,1.094446440447e-03,1.619890060205e-02,2.155293467223e-02,-5.354034070181e-03
2.870000000000e+00,5.901843669268e-04,2.546663358615e-03,-1.956478991688e-03,1.742054870650e-04,-1.130013946881e-03,1.304219433946e-03,1.756503526807e-02,2.238229162091e-02,-4.817256352844e-03
2.875000000000e+00,1.388536838658e-03,3.658882110810e-03,-2.270345272152e-03,4.052465186184e-04,-1.060402577424e-03,1.465649096043e-03,1.880387139883e-02,2.295258010043e-02,-4.148708701603e-03
2.880000000000e+00,2.209491433369e-03,4.755217995939e-03,-2.545726562570e-03,5.804419698490e-04,-9.955389528913e-04,1.575980922740e-03,1.989757486852e-02,2.326027860308e-02,-3.362703734560e-03
2.885000000000e+00,3.045226157943e-03,5.818290358656e-03,-2.773064200713e-03,6.987847982897e-04,-9.352769704708e-04,1.634061768761e-03,2.082974167561e-02,2.330708275101e-02,-2.477341075403e-03
2.890000000000e+00,3.887309229692e-03,6.831072322495e-03,-2.943763092803e-03,7.609072057473e-04,-8.794218546318e-04,1.640329060379e-03,2.158572076017e-02,2.309973799470e-02,-1.514017234533e-03
2.895000000000e+00,4.726793614570e-03,7.777311050079e-03,-3.050517435509e-03,7.690080595181e-04,-8.277450472380e-04,1.596753106756e-03,2.215291880179e-02,2.264973450049e-02,-4.968156987004e-04
2.900000000000e+00,5.554326859516e-03,8.641931343006e-03,-3.087604483490e-03,7.267383764028e-04,-7.799966465819e-04,1.506735022985e-03,2.252108011711e-02,2.197287806473e-02,5.482020523747e-04
2.905000000000e+00,6.360275021933e-03,9.411409030666e-03,-3.051134008733e-03,6.390484290411e-04,-7.359155819138e-04,1.374964010955e-03,2.268253497559e-02,2.108875501863e-02,1.593779956956e-03
2.910000000000e+00,7.134859136087e-03,1.007410160568e-02,-2.939242469594e-03,5.120012685936e-04,-6.952377426137e-04,1.207239011207e-03,2.263241010790e-02,2.002011234115e-02,2.612297766747e-03
2.915000000000e+00,7.868302123372e-03,1.062052510090e-02,-2.752222977532e-03,3.525583061497e-04,-6.577022991595e-04,1.010260605309e-03,2.236879557686e-02,1.879217646223e-02,3.576619114635e-03
2.920000000000e+00,8.550983764199e-03,1.104356820252e-02,-2.492584438320e-03,1.683435460751e-04,-6.230564576776e-04,7.914000037527e-04,2.189286295710e-02,1.743193545362e-02,4.460927503481e-03
2.925000000000e+00,9.173600968679e-03,1.133863696352e-02,-2.165035994840e-03,-3.260633463483e-05,-5.910588838868e-04,5.584525492520e-04,2.120893055890e-02,1.596740946205e-02,5.241521096850e-03
2.930000000000e+00,9.727330255247e-03,1.150372610925e-02,-1.776395854005e-03,-2.420984793195e-04,-5.614820198949e-04,3.193835405754e-04,2.032447231279e-02,1.442693337797e-02,5.897538934813e-03
2.935000000000e+00,1.020398913715e-02,1.153941568884e-02,-1.335426551689e-03,-4.520391443110e-04,-5.341135007957e-04,8.207435648472e-05,1.925006801573e-02,1.283847394571e-02,6.411594070023e-03
2.940000000000e+00,1.059619297810e-02,1.144879459719e-02,-8.526016190956e-04,-6.546800164086e-04,-5.087568576697e-04,-1.459231587389e-04,1.799929381587e-02,1.122900094041e-02,6.770292875459e-03
2.945000000000e+00,1.089750378337e-02,1.123731514522e-02,-3.398113618444e-04,-8.428481774310e-04,-4.852316710778e-04,-3.576165063532e-04,1.658855299403e-02,9.623928828409e-03,6.964624165621e-03
2.950000000000e+00,1.110256737911e-02,1.091258527049e-02,1.899821086194e-04,-1.010152832483e-03,-4.633733173915e-04,-5.467795150910e-04,1.503684836241e-02,8.046641668649e-03,6.990206693761e-03
2.955000000000e+00,1.120723558771e-02,1.048410705318e-02,7.231285345309e-04,-1.151162706865e-03,-4.430324302892e-04,-7.081302765760e-04,1.336549896884e-02,6.518110098398e-03,6.847388870437e-03
2.960000000000e+00,1.120867017615e-02,9.962971850726e-03,1.245698325420e-03,-1.261548955580e-03,-4.240741806116e-04,-8.374747749683e-04,1.159780505596e-02,5.056605270267e-03,6.541199785693e-03
2.965000000000e+00,1.110542562787e-02,9.361523530390e-03,1.743902097483e-03,-1.338189627108e-03,-4.063774600185e-04,-9.318121670897e-04,9.758666528016e-03,3.677510750947e-03,6.081155777068e-03
2.970000000000e+00,1.089750816961e-02,8.693001924390e-03,2.204506245224e-03,-1.379232936091e-03,-3.898340394368e-04,-9.893988966546e-04,7.874161405508e-03,2.393229811930e-03,5.480931593577e-03
2.975000000000e+00,1.058640891356e-02,7.971178752194e-03,2.615230161363e-03,-1.384118037794e-03,-3.743477622885e-04,-1.009770275506e-03,5.971091863375e-03,1.213182373255e-03,4.757909490120e-03
2.980000000000e+00,1.017510950847e-02,7.209997869058e-03,2.965111639408e-03,-1.353553322717e-03,-3.598338234085e-04,-9.937194993086e-04,4.076506514799e-03,1.438832086412e-04,3.932623306158e-03
2.985000000000e+00,9.668059212145e-03,6.423230854758e-03,3.244828357387e-03,-1.289453763589e-03,-3.462181772989e-04,-9.432355862901e-04,2.217208397772e-03,-8.109090474571e-04,3.028117445229e-03
2.990000000000e+00,9.071122930700e-03,5.624157712639e-03,3.446965218060e-03,-1.194840156018e-03,-3.334371153868e-04,-8.614030406310e-04,4.192588379136e-04,-1.649984002072e-03,2.069242839985e-03
2.995000000000e+00,8.391500420946e-03,4.825280885920e-03,3.566219535026e-03,-1.073704348163e-03,-3.214370511916e-04,-7.522672969712e-04,-1.292512173100e-03,-2.374425460811e-03,1.081913287711e-03
3.000000000000e+00,7.637617456668e-03,4.038079010079e-03,3.599538446589e-03,-9.308457271020e-04,-3.101745529838e-04,-6.206711741182e-04,-2.894978225805e-03,-2.987324227787e-03,9.234600198205e-05
3.005000000000e+00,6.818990461052e-03,3.272804905265e-03,3.546185555787e-03,-7.716851350584e-04,-2.996166651577e-04,-4.720684699006e-04,-4.367160543751e-03,-3.493470440345e-03,-8.736901034063e-04
3.010000000000e+00,5.946066686834e-03,2.538330363773e-03,3.407736323060e-03,-6.020631295661e-04,-2.897415635394e-04,-3.123215660267e-04,-5.690633307973e-03,-3.899037372142e-03,-1.791595935831e-03
3.015000000000e+00,5.030042686411e-03,1.842038395027e-03,3.188004291385e-03,-4.280299816504e-04,-2.805395962136e-04,-1.474903854368e-04,-6.849880295148e-03,-4.211267504016e-03,-2.638612791132e-03
3.020000000000e+00,4.082664380404e-03,1.189761840768e-03,2.892902539636e-03,-2.556349729758e-04,-2.720147680443e-04,1.637979506849e-05,-7.832593712489e-03,-4.438170243492e-03,-3.394423468997e-03
3.025000000000e+00,3.116012488536e-03,5.857657373463e-04,2.530246751190e-03,-9.072257220960e-05,-2.641867328899e-04,1.734641606803e-04,-8.629907271300e-03,-4.588239067168e-03,-4.041668204132e-03
3.030000000000e+00,2.142277585489e-03,3.276952835209e-05,2.109508057137e-03,6.125731472763e-05,-2.570933639541e-04,3.183506786817e-04,-9.236556899529e-03,-4.670194161103e-03,-4.566362738426e-03
3.035000000000e+00,1.173529426376e-03,-4.679957458488e-04,1.641525172224e-03,1.954184569763e-04,-2.507939798174e-04,4.462124367937e-04,-9.650964034870e-03,-4.692754927998e-03,-4.958209106872e-03
3.040000000000e+00,2.214853891059e-04,-9.167008101352e-04,1.138186199241e-03,3.075809508128e-04,-2.453733084506e-04,5.529542592635e-04,-9.875238352176e-03,-4.664445087682e-03,-5.210793264494e-03
3.045000000000e+00,-7.027168718106e-04,-1.314807926479e-03,6.120910546687e-04,3.943827290858e-04,-2.409462719376e-04,6.353290010234e-04,-9.915098592128e-03,-4.593431580367e-03,-5.321667011760e-03
3.050000000000e+00,-1.588737403818e-03,-1.664942959644e-03,7.620555582557e-05,4.533564418057e-04,-2.376636722331e-04,6.910201140388e-04,-9.779712281003e-03,-4.487397139544e-03,-5.292315141459e-03
3.055000000000e+00,-2.427237508223e-03,-1.970755371888e-03,-4.564821363355e-04,4.829695220345e-04,-2.357188529954e-04,7.186883750299e-04,-9.481457204743e-03,-4.353445264872e-03,-5.128011939871e-03
3.060000000000e+00,-3.210063855182e-03,-2.236771290239e-03,-9.732925649436e-04,4.826267922225e-04,-2.353553998439e-04,7.179821920664e-04,-9.035609523926e-03,-4.198035409629e-03,-4.837574114297e-03
3.065000000000e+00,-3.930408569837e-03,-2.468244102073e-03,-1.462164467765e-03,4.526362572784e-04,-2.368759182792e-04,6.895121755576e-04,-8.459965503354e-03,-4.026945506889e-03,-4.433019996465e-03
3.070000000000e+00,-4.582940941487e-03,-2.671006212436e-03,-1.911934729050e-03,3.941403087183e-04,-2.406518971624e-04,6.347922058807e-04,-7.774405587376e-03,-3.845258489539e-03,-3.929147097838e-03
3.075000000000e+00,-5.163907058885e-03,-2.851324696762e-03,-2.312582362124e-03,3.090157462028e-04,-2.471346261951e-04,5.561503723979e-04,-7.000411329229e-03,-3.657369195720e-03,-3.343042133509e-03
3.080000000000e+00,-5.671194180766e-03,-3.015762653342e-03,-2.655431527424e-03,1.997473169560e-04,-2.568670823981e-04,4.566143993541e-04,-6.160546971460e-03,-3.467007967930e-03,-2.693539003529e-03
3.085000000000e+00,-6.104357483619e-03,-3.171047154639e-03,-2.933310328980e-03,6.928037736540e-05,-2.704966302119e-04,3.397770075773e-04,-5.277918720191e-03,-3.277277323790e-03,-2.000641396401e-03
3.090000000000e+00,-6.464607546681e-03,-3.323943873559e-03,-3.140663673122e-03,-7.914087455805e-05,-2.887882971325e-04,2.096474225745e-04,-4.375625388961e-03,-3.090698272362e-03,-1.284927116600e-03
3.095000000000e+00,-6.754757911486e-03,-3.481137763756e-03,-3.273620147730e-03,-2.421426952688e-04,-3.126382933417e-04,7.049559807289e-05,-3.476214585079e-03,-2.909263141664e-03,-5.669514434147e-04
3.100000000000e+00,-6.979132913562e-03,-3.649118629371e-03,-3.330014284190e-03,-4.163914118662e-04,-3.430873342262e-04,-7.330407764000e-05,-2.601158492927e-03,-2.734492138874e-03,1.333336459465e-04
3.105000000000e+00,-7.143437104262e-03,-3.834070057124e-03,-3.309367047138e-03,-5.987563317731e-04,-3.813331989999e-04,-2.174231327732e-04,-1.770363031326e-03,-2.567491257978e-03,7.971282266529e-04
3.110000000000e+00,-7.254588387818e-03,-4.041760029498e-03,-3.212828358320e-03,-7.864590458798e-04,-4.287418265679e-04,-3.577172193118e-04,-1.001723147057e-03,-2.409009559239e-03,1.407286412181e-03
3.115000000000e+00,-7.320518204443e-03,-4.277431599822e-03,-3.043086604622e-03,-9.772030659840e-04,-4.868561168334e-04,-4.903469491506e-04,-3.107360149323e-04,-2.259494250853e-03,1.948758235920e-03
3.120000000000e+00,-7.349942848883e-03,-4.545692279344e-03,-2.804250569538e-03,-1.169278365360e-03,-5.574014701922e-04,-6.118768951679e-04,2.898178439309e-04,-2.119142387348e-03,2.408960231279e-03
3.125000000000e+00,-7.352111017803e-03,-4.850401252593e-03,-2.501709765209e-03,-1.361636591694e-03,-6.422869662024e-04,-7.193496254911e-04,7.901172484848e-04,-1.987948349723e-03,2.778065598208e-03
3.130000000000e+00,-7.336533384556e-03,-5.194554187469e-03,-2.141979197086e-03,-1.553933831404e-03,-7.436009711439e-04,-8.103328602596e-04,1.183460812239e-03,-1.865746583810e-03,3.049207396050e-03
3.135000000000e+00,-7.312700743471e-03,-5.580166209279e-03,-1.732534534192e-03,-1.746539225358e-03,-8.635998837861e-04,-8.829393415716e-04,1.466341351810e-03,-1.752249340940e-03,3.218590692750e-03
3.140000000000e+00,-7.289797653826e-03,-6.008154521086e-03,-1.281643132740e-03,-1.940508983369e-03,-1.004688687434e-03,-9.358202959344e-04,1.638433048257e-03,-1.647079386235e-03,3.285512434492e-03
3.145000000000e+00,-7.276419019352e-03,-6.478223111989e-03,-7.981959073632e-04,-2.137526901016e-03,-1.169391964332e-03,-9.681349366841e-04,1.702492480332e-03,-1.549797808789e-03,3.252290289121e-03
3.150000000000e+00,-7.280297033058e-03,-6.988753003268e-03,-2.915440297903e-04,-2.339813622149e-03,-1.360314125006e-03,-9.794994971433e-04,1.664177333505e-03,-1.459927208016e-03,3.124104541521e-03
3.155000000000e+00,-7.308046019696e-03,-7.536702393255e-03,2.286563735595e-04,-2.550008288022e-03,-1.580087719321e-03,-9.699205687007e-04,1.531788778223e-03,-1.376970613451e-03,2.908759391674e-03
3.160000000000e+00,-7.364932325319e-03,-8.117521914940e-03,7.525895896211e-04,-2.771027110845e-03,-1.831308957935e-03,-9.397181529097e-04,1.315945895601e-03,-1.300426563482e-03,2.616372459083e-03
3.165000000000e+00,-7.454676074012e-03,-8.725090850776e-03,1.270414776765e-03,-3.005904426378e-03,-2.116459868447e-03,-8.894445579320e-04,1.029202307583e-03,-1.229800788712e-03,2.259003096294e-03
3.170000000000e+00,-7.579290853125e-03,-9.351680597204e-03,1.772389744079e-03,-3.257622321982e-03,-2.437816966645e-03,-8.198053553371e-04,6.856169353674e-04,-1.164614961605e-03,1.850231896972e-03
3.175000000000e+00,-7.738966584769e-03,-9.987951784141e-03,2.248985199372e-03,-3.528935358147e-03,-2.797346820847e-03,-7.315885373000e-04,3.002920375353e-04,-1.104412952840e-03,1.404704990376e-03
3.180000000000e+00,-7.931999796448e-03,-1.062299128135e-02,2.690991484899e-03,-3.822197032845e-03,-3.196589539377e-03,-6.256074934682e-04,-1.111074500809e-04,-1.048765019019e-03,9.376575689379e-04
3.185000000000e+00,-8.154774378664e-03,-1.124439473635e-02,3.089620357683e-03,-4.139194550737e-03,-3.636531891515e-03,-5.026626592215e-04,-5.328388182186e-04,-9.972703025614e-04,4.644314843427e-04
3.190000000000e+00,-8.401794558576e-03,-1.183839935961e-02,3.436604801039e-03,-4.480998006334e-03,-4.117472575314e-03,-3.635254310196e-04,-9.495562548958e-04,-9.495579939793e-04,1.739083490605e-09
3.195000000000e+00,-8.665770510150e-03,-1.239007031194e-02,3.724299801795e-03,-4.847829575226e-03,-4.638882936428e-03,-2.089466387980e-04,-1.346761274792e-03,-9.052874548902e-04,-4.414738199017e-04
3.200000000000e+00,-8.937755594965e-03,-1.288354236004e-02,3.945786765072e-03,-5.238957476449e-03,-5.199267291064e-03,-3.969018538503e-05,-1.711215815278e-03,-8.641475653725e-04,-8.470682499053e-04
3.205000000000e+00,-9.207332799113e-03,-1.330231641914e-02,4.094983620031e-03,-5.652618535838e-03,-5.796027785947e-03,1.434092501087e-04,-2.031306136384e-03,-8.258555126436e-04,-1.205450623740e-03
3.210000000000e+00,-9.462846557054e-03,-1.362960830585e-02,4.166761748793e-03,-6.085972088155e-03,-6.425339449606e-03,3.393673614510e-04,-2.297347346755e-03,-7.901552006263e-04,-1.507192146129e-03
3.215000000000e+00,-9.691674909138e-03,-1.384874454870e-02,4.157069639565e-03,-6.535086907524e-03,-7.082041682783e-03,5.469547752591e-04,-2.501820355346e-03,-7.568154259333e-04,-1.745004929413e-03
3.220000000000e+00,-9.880535686345e-03,-1.394359755220e-02,4.063061865859e-03,-6.994961593724e-03,-7.759552847436e-03,7.645912537121e-04,-2.639535187177e-03,-7.256279347966e-04,-1.913907252380e-03
3.225000000000e+00,-1.001581949202e-02,-1.389904989975e-02,3.883230407728e-03,-7.459577828964e-03,-8.449814792732e-03,9.902369637679e-04,-2.707717058951e-03,-6.964054475507e-04,-2.011311611401e-03
3.230000000000e+00,-1.008394133604e-02,-1.370147524889e-02,3.617533912850e-03,-7.921984760102e-03,-9.143274060805e-03,1.221289300703e-03,-2.706013979092e-03,-6.689797146431e-04,-2.037034264449e-03
3.235000000000e+00,-1.007170225873e-02,-1.333922125074e-02,3.267518992010e-03,-8.374411904939e-03,-9.828906103878e-03,1.454494198940e-03,-2.636427260885e-03,-6.431996504853e-04,-1.993227610399e-03
3.240000000000e+00,-9.966651839780e-03,-1.280307834167e-02,2.836426501892e-03,-8.808407093660e-03,-1.049428808306e-02,1.685880989399e-03,-2.503168638462e-03,-6.189295762298e-04,-1.884239062232e-03
3.245000000000e+00,-9.757442377261e-03,-1.208671722965e-02,2.329274852384e-03,-9.214995317863e-03,-1.112572469304e-02,1.910729375173e-03,-2.312450031971e-03,-5.960475894264e-04,-1.716402442544e-03
3.250000000000e+00,-9.434165674981e-03,-1.118707753685e-02,1.752911861871e-03,-9.584853908296e-03,-1.170842997353e-02,2.123576065238e-03,-2.072214077362e-03,-5.744440692473e-04,-1.497770008115e-03
3.255000000000e+00,-8.988663724725e-03,-1.010469043980e-02,1.116026715074e-03,-9.908499141095e-03,-1.222676624902e-02,2.318267107929e-03,-1.791815331766e-03,-5.540203201045e-04,-1.237795011661e-03
3.260000000000e+00,-8.414805154957e-03,-8.843919306972e-03,4.291141520148e-04,-1.017647923876e-02,-1.266453922119e-02,2.488059982430e-03,-1.481663465114e-03,-5.346873514315e-04,-9.469761136823e-04
3.265000000000e+00,-7.708720238029e-03,-7.413104278800e-03,-2.956159592293e-04,-1.037956887943e-02,-1.300534588903e-02,2.625777009602e-03,-1.152840963074e-03,-5.163647868727e-04,-6.364761762010e-04
3.270000000000e+00,-6.868988135253e-03,-5.824599434278e-03,-1.044388700976e-03,-1.050896040871e-02,-1.323296947985e-02,2.724009071135e-03,-8.167083289182e-04,-4.989798939232e-04,-3.177284349950e-04
3.275000000000e+00,-5.896771374477e-03,-4.094694566237e-03,-1.802076808239e-03,-1.055644746242e-02,-1.333181304347e-02,2.775365581041e-03,-4.845101895285e-04,-4.824667248674e-04,-2.043464661106e-06
3.280000000000e+00,-4.795893799831e-03,-2.243417521734e-03,-2.552476278097e-03,-1.051459708246e-02,-1.328736090654e-02,2.772763824081e-03,-1.669953515520e-04,-4.667653593010e-04,2.997700077490e-04
3.285000000000e+00,-3.572859659150e-03,-2.942174021528e-04,-3.278642256998e-03,-1.037690700694e-02,-1.308665493079e-02,2.709747923856e-03,1.259367184181e-04,-4.518212374473e-04,5.777579558655e-04
3.290000000000e+00,-2.236812918696e-03,1.726466519549e-03,-3.963279438246e-03,-1.013794540761e-02,-1.271877060479e-02,2.580825197177e-03,3.855516504394e-04,-4.375845738470e-04,8.231362242864e-04
3.295000000000e+00,-7.994374460412e-04,3.789740724092e-03,-4.589178170134e-03,-9.793471061501e-03,-1.217527654916e-02,2.381805487659e-03,6.045481582394e-04,-4.240098426217e-04,1.028558000861e-03
3.300000000000e+00,7.251999845619e-04,5.864884389296e-03,-5.139684404734e-03,-9.340532478382e-03,-1.145066014125e-02,2.110127662870e-03,7.772701283446e-04,-4.110553262186e-04,1.188325454563e-03
3.305000000000e+00,2.320860449877e-03,7.920049556742e-03,-5.599189106865e-03,-8.777545226284e-03,-1.054270176207e-02,1.765156535785e-03,8.998566077838e-04,-3.986827192991e-04,1.298539327083e-03
3.310000000000e+00,3.969392778972e-03,9.923013367029e-03,-5.953620588057e-03,-8.104347197580e-03,-9.452780709969e-03,1.348433512388e-03,9.703257535486e-04,-3.868567802747e-04,1.357182533823e-03
3.315000000000e+00,5.651036814401e-03,1.184195863764e-02,-6.190921823241e-03,-7.322232097118e-03,-8.186097146204e-03,8.638650490865e-04,9.885910997017e-04,-3.755450247991e-04,1.364136124501e-03
3.320000000000e+00,7.344763362989e-03,1.364625742059e-02,-6.301494057597e-03,-6.433961804562e-03,-6.751796531577e-03,3.178347270149e-04,9.564109280234e-04,-3.647174562651e-04,1.321128384288e-03
3.325000000000e+00,9.028643297866e-03,1.530723157278e-02,-6.278588274916e-03,-5.443758644636e-03,-5.162985838176e-03,-2.807728064601e-04,8.772737641737e-04,-3.543463280365e-04,1.231620092210e-03
3.330000000000e+00,1.068023775107e-02,1.679886484482e-02,-6.118627093753e-03,-4.357278808652e-03,-3.436634295609e-03,-9.206445130424e-04,7.562252655666e-04,-3.444059328073e-04,1.100631198374e-03
3.335000000000e+00,1.227700098584e-02,1.809844253708e-02,-5.821441551239e-03,-3.181568269804e-03,-1.593355433628e-03,-1.588212836177e-03,5.996437833099e-04,-3.348724160542e-04,9.345161993641e-04
3.340000000000e+00,1.379668730627e-02,1.918709732966e-02,-5.390410023384e-03,-1.925002666112e-03,3.429284493497e-04,-2.267931115462e-03,4.149735170817e-04,-3.257236110534e-04,7.406971281351e-04
3.345000000000e+00,1.521775345827e-02,2.005024335274e-02,-4.832489894466e-03,-5.972125556577e-04,2.345433715716e-03,-2.942646271373e-03,2.104256479444e-04,-3.169388924061e-04,5.273645403505e-04
3.350000000000e+00,1.651974825442e-02,2.067788476401e-02,-4.158136509587e-03,7.910046996866e-04,4.385064515783e-03,-3.594059816096e-03,-5.341180670748e-06,-3.084990454693e-04,3.031578647985e-04
3.355000000000e+00,1.768368146268e-02,2.106478984621e-02,-3.381108383528e-03,2.227785156035e-03,6.431049124263e-03,-4.203263968229e-03,-2.235491358322e-04,-3.003861504633e-04,7.683701463109e-05
3.360000000000e+00,1.869236476080e-02,2.121052671175e-02,-2.518161950950e-03,3.700309708471e-03,8.451645160991e-03,-4.751335452520e-03,-4.356260622891e-04,-2.925834803905e-04,-1.430425818986e-04
3.365000000000e+00,1.953071813209e-02,2.111936186860e-02,-1.588643736514e-03,5.194925822327e-03,1.041489218060e-02,-5.219966358269e-03,-6.335151967033e-04,-2.850754113025e-04,-3.484397854009e-04
3.370000000000e+00,2.018603611444e-02,2.080002792133e-02,-6.139918068912e-04,6.697279029699e-03,1.228938773838e-02,-5.592108708679e-03,-8.099585744164e-04,-2.778473438625e-04,-5.321112305540e-04
3.375000000000e+00,2.064820909865e-02,2.026537132817e-02,3.828377704814e-04,8.192453652457e-03,1.404506160795e-02,-5.852607955492e-03,-9.587442345799e-04,-2.708856365340e-04,-6.878585980459e-04
3.380000000000e+00,2.090989608349e-02,1.953189521217e-02,1.378000871323e-03,9.665122491080e-03,1.565392243218e-02,-5.988799941096e-03,-1.074908664196e-03,-2.641775511894e-04,-8.107311130064e-04
3.385000000000e+00,2.096664621119e-02,1.861921556605e-02,2.347430645138e-03,1.109970515249e-02,1.709075176946e-02,-5.991046616975e-03,-1.154887838805e-03,-2.577112115385e-04,-8.971766272663e-04
3.390000000000e+00,2.081696761919e-02,1.754945166572e-02,3.267515953472e-03,1.248053480437e-02,1.833372223242e-02,-5.853187428045e-03,-1.196612140254e-03,-2.514755754732e-04,-9.451365647805e-04
3.395000000000e+00,2.046234316733e-02,1.634657303910e-02,4.115770128233e-03,1.379203301086e-02,1.936491913537e-02,-5.572886124509e-03,-1.199542662626e-03,-2.454604241937e-04,-9.540822384328e-04
3.400000000000e+00,1.990719364194e-02,1.503572590147e-02,4.871467740470e-03,1.501889214837e-02,2.017074865381e-02,-5.151856505440e-03,-1.164648677223e-03,-2.396563719976e-04,-9.249923052257e-04
3.405000000000e+00,1.915879010896e-02,1.364256158717e-02,5.516228521794e-03,1.614626473744e-02,2.074221978828e-02,-4.595955050836e-03,-1.094328223331e-03,-2.340549009482e-04,-8.602733223824e-04
3.410000000000e+00,1.822711792421e-02,1.219258824273e-02,6.034529681480e-03,1.715995862561e-02,2.107509221443e-02,-3.915133588820e-03,-9.922760080594e-04,-2.286484262306e-04,-7.636275818288e-04
3.415000000000e+00,1.712469578677e-02,1.071056500419e-02,6.414130782575e-03,1.804663660577e-02,2.116988716642e-02,-3.123250560650e-03,-8.633047500972e-04,-2.234304008899e-04,-6.398743492073e-04
3.420000000000e+00,1.586635401752e-02,9.219955204289e-03,6.646398813234e-03,1.879401867340e-02,2.103176361162e-02,-2.237744938215e-03,-7.131277640230e-04,-2.183954710643e-04,-4.947322929587e-04
3.425000000000e+00,1.446897674133e-02,7.742452006291e-03,6.726524735036e-03,1.939108450021e-02,2.067026689578e-02,-1.279182395569e-03,-5.481121022319e-04,-2.135396948429e-04,-3.345724073890e-04
3.430000000000e+00,1.295121329259e-02,6.297586407021e-03,6.653626885565e-03,1.982827332509e-02,2.009896154756e-02,-2.706882224687e-04,-3.750124742101e-04,-2.088608414398e-04,-1.661516327704e-04
3.435000000000e+00,1.133316448047e-02,4.902423967665e-03,6.430740512808e-03,2.009767787516e-02,1.933496383437e-02,7.627140407969e-04,-2.006968684463e-04,-2.043587925935e-04,3.661924147199e-06
3.440000000000e+00,9.636049661070e-03,3.571353091090e-03,6.064696569980e-03,2.019322847235e-02,1.839839280305e-02,1.794835669306e-03,-3.187492107746e-05,-2.000360732421e-04,1.681611521647e-04
3.445000000000e+00,7.881860666787e-03,2.315964321234e-03,5.565896345552e-03,2.011086301964e-02,1.731176080285e-02,2.799102216791e-03,1.251601100887e-04,-1.958985435551e-04,3.210586536438e-04
3.450000000000e+00,6.093008762590e-03,1.145017116874e-03,4.947991645716e-03,1.984867827423e-02,1.609932580226e-02,3.749352471970e-03,2.647656780848e-04,-1.919562912337e-04,4.567219693185e-04
3.455000000000e+00,4.291970677856e-03,6.448795007276e-05,4.227482727783e-03,1.940705753749e-02,1.478642815753e-02,4.620629379961e-03,3.821515326341e-04,-1.882247718351e-04,5.703763044692e-04
3.460000000000e+00,2.500939587422e-03,-9.223085249382e-04,3.423248112361e-03,1.878876978345e-02,1.339883390175e-02,5.389935881705e-03,4.735408958739e-04,-1.847262538258e-04,6.582671496997e-04
3.465000000000e+00,7.414867763220e-04,-1.814535055373e-03,2.556021831695e-03,1.799903542567e-02,1.196210517246e-02,6.036930253207e-03,5.362854381844e-04,-1.814916336779e-04,7.177770718623e-04
3.470000000000e+00,-9.657607668038e-04,-2.613594980695e-03,1.647834213892e-03,1.704555403182e-02,1.050101619323e-02,6.544537838589e-03,5.689300208594e-04,-1.785626964118e-04,7.474927172711e-04
3.475000000000e+00,-2.601421815665e-03,-3.322854400935e-03,7.214325852701e-04,1.593848987414e-02,9.039030412379e-03,6.899459461758e-03,5.712254307233e-04,-1.759949087708e-04,7.472203394941e-04
3.480000000000e+00,-4.147636952171e-03,-3.947334731796e-03,-2.003022203750e-04,1.469041182151e-02,7.597851147494e-03,7.092560674019e-03,5.440893913269e-04,-1.738608431060e-04,7.179502344328e-04
3.485000000000e+00,-5.588315187986e-03,-4.493386682575e-03,-1.094928505412e-03,1.331618490317e-02,6.197054561011e-03,7.119130342163e-03,4.895182492727e-04,-1.722543386443e-04,6.617725879169e-04
3.490000000000e+00,-6.909347652296e-03,-4.968355990659e-03,-1.940991661637e-03,1.183281198899e-02,4.853810173536e-03,6.979001815454e-03,4.104537784198e-04,-1.712955147658e-04,5.817492931856e-04
3.495000000000e+00,-8.098785394474e-03,-5.380250299236e-03,-2.718535095238e-03,1.025922522398e-02,3.582690573944e-03,6.676534650035e-03,3.106113080084e-04,-1.711367582363e-04,4.817480662448e-04
3.500000000000e+00,-9.146978961104e-03,-5.737415452731e-03,-3.409563508373e-03,8.616028165800e-03,2.395568662907e-03,6.220459502892e-03,1.942768807989e-04,-1.719698089443e-04,3.662466897433e-04
3.505000000000e+00,-1.004667790906e-02,-6.048228289262e-03,-3.998449619803e-03,6.925191141084e-03,1.301597796591e-03,5.623593344493e-03,6.608240105452e-05,-1.740340636681e-04,2.401164647227e-04
3.510000000000e+00,-1.079308905727e-02,-6.320811808890e-03,-4.472277248378e-03,5.209703762033e-03,3.072676766267e-04,4.902436085406e-03,-6.923149432698e-05,-1.776262064444e-04,1.083947121174e-04
3.515000000000e+00,-1.138389288097e-02,-6.562777450245e-03,-4.821115430729e-03,3.493190096654e-03,-5.834731696136e-04,4.076663266268e-03,-2.070547269942e-04,-1.831112569199e-04,-2.394347007425e-05
3.520000000000e+00,-1.181921799210e-02,-6.780998156009e-03,-5.038219836092e-03,1.799493483382e-03,-1.369038917344e-03,3.168532400726e-03,-3.431390729361e-04,-1.909350984665e-04,-1.522039744696e-04
3.525000000000e+00,-1.210157429959e-02,-6.981414979059e-03,-5.120159320532e-03,1.522393107771e-04,-2.049983456619e-03,2.202222767396e-03,-4.738117978534e-04,-2.016385016604e-04,-2.721732961930e-04
3.530000000000e+00,-1.223574602716e-02,-7.168879193443e-03,-5.066866833713e-03,-1.425614738213e-03,-2.628744697033e-03,1.203129958820e-03,-5.961627758707e-04,-2.158725988189e-04,-3.802901770518e-04
3.535000000000e+00,-1.222864632898e-02,-7.347031224515e-03,-4.881615104460e-03,-2.912230464321e-03,-3.109367807310e-03,1.971373429893e-04,-7.081974286725e-04,-2.344156917720e-04,-4.737817369006e-04
3.540000000000e+00,-1.208913588989e-02,-7.518217179844e-03,-4.570918710045e-03,-4.287331811177e-03,-3.497218427186e-03,-7.901133839914e-04,-8.089493077956e-04,-2.581911804712e-04,-5.507581273243e-04
3.545000000000e+00,-1.182780843437e-02,-7.683443320726e-03,-4.144365113645e-03,-5.532626856011e-03,-3.798695921702e-03,-1.733930934308e-03,-8.985478900595e-04,-2.882862811718e-04,-6.102616088877e-04
3.550000000000e+00,-1.145674668393e-02,-7.842368434446e-03,-3.614378249479e-03,-6.632197593165e-03,-4.020955506089e-03,-2.611242087077e-03,-9.782390157249e-04,-3.259710665285e-04,-6.522679491964e-04
3.555000000000e+00,-1.098925284335e-02,-7.993333712330e-03,-2.995919131018e-03,-7.572846318271e-03,-4.171646640208e-03,-3.401199678063e-03,-1.050357406811e-03,-3.727172090110e-04,-6.776401978005e-04
3.560000000000e+00,-1.043955825813e-02,-8.133429366914e-03,-2.306128891212e-03,-8.344388188805e-03,-4.258673557860e-03,-4.085714630945e-03,-1.118252640127e-03,-4.302156381175e-04,-6.880370020092e-04
3.565000000000e+00,-9.822517340994e-03,-8.258596800729e-03,-1.563920540265e-03,-8.939880587793e-03,-4.289982237371e-03,-4.649898350421e-03,-1.186171814130e-03,-5.003921330650e-04,-6.857796810651e-04
3.570000000000e+00,-9.153291426802e-03,-8.363764648033e-03,-7.895267787688e-04,-9.355781504495e-03,-4.273376608612e-03,-5.082404895883e-03,-1.259103928000e-03,-5.854196806032e-04,-6.736842473963e-04
3.575000000000e+00,-8.447028485191e-03,-8.443016433412e-03,-4.012051779280e-06,-9.592030785652e-03,-4.216365385897e-03,-5.375665399755e-03,-1.342592363821e-03,-6.877262417869e-04,-6.548661220345e-04
3.580000000000e+00,-7.718545072923e-03,-8.489786919353e-03,7.712418464295e-04,-9.652050306679e-03,-4.126039658746e-03,-5.526010647933e-03,-1.442523165028e-03,-8.099963929177e-04,-6.325267721100e-04
3.585000000000e+00,-6.982017013805e-03,-8.497083457919e-03,1.515066444115e-03,-9.542661218621e-03,-4.008980294961e-03,-5.533680923660e-03,-1.564897502860e-03,-9.551651457482e-04,-6.097323571116e-04
3.590000000000e+00,-6.250685521891e-03,-8.457727845955e-03,2.207042324063e-03,-9.273918946735e-03,-3.871193334169e-03,-5.402725612565e-03,-1.715597346145e-03,-1.126402134716e-03,-5.891952114289e-04
3.595000000000e+00,-5.536585375816e-03,-8.364613342698e-03,2.828027966882e-03,-8.858868936845e-03,-3.718070881479e-03,-5.140798055366e-03,-1.900153306594e-03,-1.327084300999e-03,-5.730690055951e-04
3.600000000000e+00,-4.850301632481e-03,-8.210970684057e-03,3.360669051576e-03,-8.313228602705e-03,-3.554374543412e-03,-4.758854059293e-03,-2.123523410435e-03,-1.560755211877e-03,-5.627681985578e-04
3.605000000000e+00,-4.200761031446e-03,-7.990636171590e-03,3.789875140144e-03,-7.655003185586e-03,-3.384238169263e-03,-4.270765016323e-03,-2.389890880875e-03,-1.831069246718e-03,-5.588216341566e-04
3.610000000000e+00,-3.595063732385e-03,-7.698314287440e-03,4.103250555055e-03,-6.904045309675e-03,-3.211186553646e-03,-3.692858756029e-03,-2.702488016140e-03,-2.141719084779e-03,-5.607689313609e-04
3.615000000000e+00,-3.038360356663e-03,-7.329826846184e-03,4.291466489520e-03,-6.081569824589e-03,-3.038166796248e-03,-3.043403028340e-03,-3.063452035606e-03,-2.496345259658e-03,-5.671067759477e-04
3.620000000000e+00,-2.533778425834e-03,-6.882340490673e-03,4.348562064839e-03,-5.209636952509e-03,-2.867589173581e-03,-2.342047778928e-03,-3.473717259007e-03,-2.898427002781e-03,-5.752902562262e-04
3.625000000000e+00,-2.082401282965e-03,-6.354564417490e-03,4.272163134526e-03,-4.310617845024e-03,-2.701374627154e-03,-1.609243217870e-03,-3.932946424902e-03,-3.351154191706e-03,-5.817922331966e-04
3.630000000000e+00,-1.683301376264e-03,-5.746910616932e-03,4.063609240668e-03,-3.406657234382e-03,-2.541006288981e-03,-8.656509454005e-04,-4.439502236399e-03,-3.857280958715e-03,-5.822212776838e-04
3.635000000000e+00,-1.333628442074e-03,-5.061609651013e-03,3.727981208939e-03,-2.519148009857e-03,-2.387582823351e-03,-1.315651865061e-04,-4.990458591840e-03,-4.418962393012e-03,-5.714961988276e-04
3.640000000000e+00,-1.028751720400e-03,-4.302776071060e-03,3.274024350660e-03,-1.668232241299e-03,-2.241871740481e-03,5.736394991825e-04,-5.581649355410e-03,-5.037576766498e-03,-5.440725889118e-04
3.645000000000e+00,-7.624537897297e-04,-3.476418965982e-03,2.713965176252e-03,-8.723423472833e-04,-2.104361205832e-03,1.232018858548e-03,-6.207751083158e-03,-5.713536781720e-03,-4.942143014388e-04
3.650000000000e+00,-5.271720780519e-04,-2.590394827262e-03,2.063222749210e-03,-1.477948865661e-04,-1.975309237157e-03,1.827514350591e-03,-6.862394944776e-03,-6.446094513568e-03,-4.163004312080e-04
3.655000000000e+00,-3.142826085059e-04,-1.654301812198e-03,1.340019203692e-03,4.915521540399e-04,-1.854789500787e-03,2.346341654827e-03,-7.538302087968e-03,-7.233145841246e-03,-3.051562467225e-04
3.660000000000e+00,-1.144190089244e-04,-6.793165665412e-04,5.648975576169e-04,1.034569736313e-03,-1.742733224986e-03,2.777302961299e-03,-8.227436043801e-03,-8.071041310205e-03,-1.563947335960e-04
3.665000000000e+00,8.218141660404e-05,3.220231131394e-04,-2.398416965354e-04,1.473049104254e-03,-1.638966989714e-03,3.112016093968e-03,-8.921165503880e-03,-8.954411337185e-03,3.324583330578e-05
3.670000000000e+00,2.853140221644e-04,1.336084375762e-03,-1.050770353598e-03,1.801809908762e-03,-1.543246374356e-03,3.345056283117e-03,-9.610430704216e-03,-9.876014526383e-03,2.655838221665e-04
3.675000000000e+00,5.044358722863e-04,2.348446802783e-03,-1.844010930496e-03,2.018723387404e-03,-1.455285598371e-03,3.474008985775e-03,-1.028590709203e-02,-1.082661841019e-02,5.407113181673e-04
3.680000000000e+00,7.482985133478e-04,3.344242147568e-03,-2.595943634220e-03,2.124651477850e-03,-1.374783426866e-03,3.499434904717e-03,-1.093816050828e-02,-1.179492220720e-02,8.567616989235e-04
3.685000000000e+00,1.024595857777e-03,4.308515761392e-03,-3.283919903614e-03,2.123305266165e-03,-1.301445683882e-03,3.424750950047e-03,-1.155778898131e-02,-1.276753102435e-02,1.209742043040e-03
3.690000000000e+00,1.339638452731e-03,5.226598078038e-03,-3.886959625307e-03,2.021028417056e-03,-1.235004779080e-03,3.256033196137e-03,-1.213554743066e-02,-1.372899037312e-02,1.593442942461e-03
3.695000000000e+00,1.698065137225e-03,6.084473948018e-03,-4.386408810793e-03,1.826513452612e-03,-1.175236655698e-03,3.001750108310e-03,-1.266245272800e-02,-1.466188877281e-02,1.999436044812e-03
3.700000000000e+00,2.102602302938e-03,6.869137497199e-03,-4.766535194261e-03,1.550460569732e-03,-1.121975572647e-03,2.672436142379e-03,-1.312986792061e-02,-1.554703466160e-02,2.417166740997e-03
3.705000000000e+00,2.553879840732e-03,7.568920603136e-03,-5.015040762404e-03,1.205190156202e-03,-1.075127083961e-03,2.280317240163e-03,-1.352956582095e-02,-1.636371172899e-02,2.834145908037e-03
3.710000000000e+00,3.050311406376e-03,8.173783970075e-03,-5.123472563699e-03,8.042213247250e-04,-1.034679542902e-03,1.838900867627e-03,-1.385377340076e-02,-1.709001425224e-02,3.236240851482e-03
3.715000000000e+00,3.588044863473e-03,8.675561158529e-03,-5.087516295056e-03,3.618295262667e-04,-1.000714372791e-03,1.362543899058e-03,-1.409519962038e-02,-1.770326102826e-02,3.608061407881e-03
3.720000000000e+00,4.160986630261e-03,9.068147676028e-03,-4.907161045767e-03,-1.074034878359e-04,-9.734152826306e-04,8.660117947947e-04,-1.424705038109e-02,-1.818048322378e-02,3.933432842688e-03
3.725000000000e+00,4.760901503324e-03,9.347629326247e-03,-4.586727822923e-03,-5.890340452500e-04,-9.530765074196e-04,3.640424621696e-04,-1.430303493919e-02,-1.849897796281e-02,4.195943023625e-03
3.730000000000e+00,5.377587019005e-03,9.512346319612e-03,-4.134759300607e-03,-1.069182589273e-03,-9.401100615580e-04,-1.290725277145e-04,-1.425736871056e-02,-1.863691592675e-02,4.379547216183e-03
3.735000000000e+00,5.999118996226e-03,9.562892072229e-03,-3.563773076002e-03,-1.534929510297e-03,-9.350519008215e-04,-5.998776094758e-04,-1.410477754946e-02,-1.857398780848e-02,4.469210259019e-03
3.740000000000e+00,6.612162430794e-03,9.502048051039e-03,-2.889885620245e-03,-1.974670124706e-03,-9.385667949067e-04,-1.036103329800e-03,-1.384050847697e-02,-1.829207131370e-02,4.451562836732e-03
3.745000000000e+00,7.202339625479e-03,9.334658351173e-03,-2.132318725694e-03,-2.378419578785e-03,-9.514516205458e-04,-1.426967958240e-03,-1.346035139062e-02,-1.777589772467e-02,4.315546334049e-03
3.750000000000e+00,7.754645219557e-03,9.067449810050e-03,-1.312804590493e-03,-2.738060268201e-03,-9.746367038790e-04,-1.763423564322e-03,-1.296067561907e-02,-1.701369501560e-02,4.053019396530e-03
3.755000000000e+00,8.253896016708e-03,8.708805281638e-03,-4.549092649294e-04,-3.047526110223e-03,-1.009184775092e-03,-2.038341335131e-03,-1.233848418141e-02,-1.599778329657e-02,3.659299115154e-03
3.760000000000e+00,8.685201965549e-03,8.268499143314e-03,4.167028222347e-04,-3.302920047654e-03,-1.056287046262e-03,-2.246633001392e-03,-1.159148742352e-02,-1.472509809038e-02,3.133610666868e-03
3.765000000000e+00,9.034443549199e-03,7.757405134467e-03,1.277038414732e-03,-3.502563185416e-03,-1.117255887815e-03,-2.385307297601e-03,-1.071819642856e-02,-1.319761771297e-02,2.479421284411e-03
3.770000000000e+00,9.288740328499e-03,7.187187197473e-03,2.101553131025e-03,-3.646975867833e-03,-1.193513570563e-03,-2.453462297270e-03,-9.718035058161e-03,-1.142267288434e-02,1.704637826176e-03
3.775000000000e+00,9.436895156855e-03,6.569984101977e-03,2.866911054878e-03,-3.738793054620e-03,-1.286576563862e-03,-2.452216490758e-03,-8.591468166930e-03,-9.413119642439e-03,8.216514755093e-04
3.780000000000e+00,9.469799171294e-03,5.918098302258e-03,3.551700869036e-03,-3.782617995392e-03,-1.398034932162e-03,-2.384583063229e-03,-7.340141972235e-03,-7.187360599462e-03,-1.527813727733e-04
3.785000000000e+00,9.380783473405e-03,5.243698742474e-03,4.137084730932e-03,-3.784819972551e-03,-1.529526453344e-03,-2.255293519208e-03,-5.967031413484e-03,-4.769204451496e-03,-1.197826961988e-03
3.790000000000e+00,9.165904988009e-03,4.558546238035e-03,4.607358749973e-03,-3.753283176061e-03,-1.682705201451e-03,-2.070577974610e-03,-4.476588117035e-03,-2.187559260522e-03,-2.289028856513e-03
3.795000000000e+00,8.824155846405e-03,3.873748692712e-03,4.950407153692e-03,-3.697115022890e-03,-1.859204494462e-03,-1.837910528428e-03,-2.874881778589e-03,5.240388507784e-04,-3.398920629367e-03
3.800000000000e+00,8.357587996816e-03,3.199551842071e-03,5.158036154746e-03,-3.626323112220e-03,-2.060594294462e-03,-1.565728817759e-03,-1.169727171690e-03,3.328053580912e-03,-4.497780752602e-03
3.805000000000e+00,7.771347379877e-03,2.545169527727e-03,5.226177852151e-03,-3.551470674928e-03,-2.288333358136e-03,-1.263137316792e-03,6.292112446666e-04,6.183718567021e-03,-5.554507322354e-03
3.810000000000e+00,7.073614924190e-03,1.918655783980e-03,5.154959140210e-03,-3.483320717141e-03,-2.543716671991e-03,-9.396040451494e-04,2.510345048209e-03,9.047929399944e-03,-6.537584351735e-03
3.815000000000e+00,6.275454663551e-03,1.326819337482e-03,4.948635326069e-03,-3.432479116161e-03,-2.827818961451e-03,-6.046601547095e-04,4.460125402796e-03,1.187623183146e-02,-7.416106428667e-03
3.820000000000e+00,5.390572300540e-03,7.751795552929e-04,4.615392745247e-03,-3.409046804751e-03,-3.141435317094e-03,-2.676114876562e-04,6.463051052605e-03,1.462387600872e-02,-8.160824956113e-03
3.825000000000e+00,4.434990624318e-03,2.679614860929e-04,4.167029138225e-03,-3.422290615255e-03,-3.485020222322e-03,6.272960706623e-05,8.501726319172e-03,1.724690325597e-02,-8.745176936796e-03
3.830000000000e+00,3.426650946416e-03,-1.918735336825e-04,3.618524480099e-03,-3.480341747178e-03,-3.858626490475e-03,3.782847432968e-04,1.055697316498e-02,1.970322993501e-02,-9.146256770031e-03
3.835000000000e+00,2.384952280112e-03,-6.025661612202e-04,2.987518441332e-03,-3.589929857746e-03,-4.261845812275e-03,6.719159545295e-04,1.260799971935e-02,2.195369237562e-02,-9.345692656272e-03
3.840000000000e+00,1.330242181091e-03,-9.634713249516e-04,2.293713506043e-03,-3.756159634392e-03,-4.693752754222e-03,9.375931198301e-04,1.463262584536e-02,2.396301783196e-02,-9.330391986593e-03
3.845000000000e+00,2.832748006060e-04,-1.274949993760e-03,1.558224794366e-03,-3.982335519581e-03,-5.152854123158e-03,1.170518603577e-03,1.660756425577e-02,2.570068886624e-02,-9.093124610476e-03
3.850000000000e+00,-7.353470239551e-04,-1.538246064055e-03,8.028990401000e-04,-4.269838743990e-03,-5.637045620394e-03,1.367206876405e-03,1.850875376590e-02,2.714167238332e-02,-8.632918617419e-03
3.855000000000e+00,-1.705728266529e-03,-1.755353888433e-03,4.962562190423e-05,-4.618059406145e-03,-6.143577643157e-03,1.525518237012e-03,2.031173922430e-02,2.826698956978e-02,-7.955250345482e-03
3.860000000000e+00,-2.609219383109e-03,-1.928881661679e-03,-6.803377214303e-04,-5.024384769664e-03,-6.669031939928e-03,1.644647170264e-03,2.199209078639e-02,2.906410900319e-02,-7.072018216801e-03
3.865000000000e+00,-3.428918277303e-03,-2.061915403709e-03,-1.367002873593e-03,-5.484243349782e-03,-7.209310591669e-03,1.725067241887e-03,2.352585357345e-02,2.952715190954e-02,-6.001298336087e-03
3.870000000000e+00,-4.150120896167e-03,-2.157887678163e-03,-1.992233218004e-03,-5.991202874194e-03,-7.759638487526e-03,1.768435613331e-03,2.489001721063e-02,2.965690564446e-02,-4.766888433835e-03
3.875000000000e+00,-4.760706414423e-03,-2.220454501403e-03,-2.540251913019e-03,-6.537118682968e-03,-8.314580102399e-03,1.777461419431e-03,2.606299373540e-02,2.946064862610e-02,-3.397654890701e-03
3.880000000000e+00,-5.251445182408e-03,-2.253383167422e-03,-2.998062014986e-03,-7.112327786116e-03,-8.868070972788e-03,1.755743186672e-03,2.702509149067e-02,2.895179683170e-02,-1.926705341030e-03
3.885000000000e+00,-5.616220158070e-03,-2.260452976779e-03,-3.355767181290e-03,-7.705882560964e-03,-9.413463827746e-03,1.707581266783e-03,2.775897228893e-02,2.814938827977e-02,-3.904159908422e-04
3.890000000000e+00,-5.852155437111e-03,-2.245370147734e-03,-3.606785289377e-03,-8.305817015690e-03,-9.943588894492e-03,1.637771878802e-03,2.825007912735e-02,2.707742737727e-02,1.172651750083e-03
3.895000000000e+00,-5.959648587665e-03,-2.211697532257e-03,-3.747951055409e-03,-8.899437709618e-03,-1.045082748705e-02,1.551389777427e-03,2.848702216591e-02,2.576411539729e-02,2.722906768617e-03
3.900000000000e+00,-5.942306659188e-03,-2.162799176515e-03,-3.779507482672e-03,-9.473630763018e-03,-1.092719761839e-02,1.453566855374e-03,2.846191153464e-02,2.424099650754e-02,4.220915027105e-03
3.905000000000e+00,-5.806788970873e-03,-2.101799268653e-03,-3.704989702220e-03,-1.001517611112e-02,-1.136445007506e-02,1.349273963933e-03,2.817062666661e-02,2.254205059947e-02,5.628576067141e-03
3.910000000000e+00,-5.562562749729e-03,-2.031554617183e-03,-3.531008132546e-03,-1.051105996241e-02,-1.175417318265e-02,1.243113220238e-03,2.761301348473e-02,2.070276464231e-02,6.910248842420e-03
3.915000000000e+00,-5.221580546426e-03,-1.954639503498e-03,-3.266941042928e-03,-1.094877665463e-02,-1.208790438323e-02,1.139127728599e-03,2.679300251426e-02,1.875921344705e-02,8.033789067208e-03
3.920000000000e+00,-4.797890874939e-03,-1.873341546038e-03,-2.924549328901e-03,-1.131661159929e-02,-1.235724673830e-02,1.040635139017e-03,2.571864302112e-02,1.674717868165e-02,8.971464339474e-03
3.925000000000e+00,-4.307195437533e-03,-1.789667094148e-03,-2.517528343385e-03,-1.160389755284e-02,-1.255398856145e-02,9.500910086052e-04,2.440205059008e-02,1.470133188762e-02,9.700718702461e-03
3.930000000000e+00,-3.766368044101e-03,-1.705354629387e-03,-2.061013414715e-03,-1.180123761865e-02,-1.267022456592e-02,8.689869472745e-04,2.285926767005e-02,1.265450330585e-02,1.020476436420e-02
3.935000000000e+00,-3.192951233127e-03,-1.621894679458e-03,-1.571056553668e-03,-1.190068938634e-02,-1.269847716298e-02,7.977877766457e-04,2.111003904290e-02,1.063705375597e-02,1.047298528694e-02
3.940000000000e+00,-2.604647114404e-03,-1.540554827671e-03,-1.064092286733e-03,-1.189590602899e-02,-1.263181683103e-02,7.359108020437e-04,1.917750633827e-02,8.676361876299e-03,1.050114446197e-02
3.945000000000e+00,-2.018818810936e-03,-1.462408514017e-03,-5.564102969199e-04,-1.178223164943e-02,-1.246398076079e-02,6.817491113544e-04,1.708782783704e-02,6.796433966672e-03,1.029139387037e-02
3.950000000000e+00,-1.452018212692e-03,-1.388366462390e-03,-6.365175030236e-05,-1.155674973091e-02,-1.218948923564e-02,6.327395047250e-04,1.486973171576e-02,5.017638713345e-03,9.852093002415e-03
3.955000000000e+00,-9.195544996524e-04,-1.319209720063e-03,3.996552204105e-04,-1.121828513276e-02,-1.180375939190e-02,5.854742591398e-04,1.255401255313e-02,3.356564425828e-03,9.197448127301e-03
3.960000000000e+00,-4.351161866108e-04,-1.255623444374e-03,8.205072577633e-04,-1.076736165252e-02,-1.130321608187e-02,5.358544293408e-04,1.017298228740e-02,1.825992260461e-03,8.346990026943e-03
3.965000000000e+00,-1.045733471846e-05,-1.198230706459e-03,1.187773371741e-03,-1.020611865541e-02,-1.068539950698e-02,4.792808515681e-04,7.759887884058e-03,4.349753849734e-04,7.324912499085e-03
3.970000000000e+00,3.448439071712e-04,-1.147625699208e-03,1.492469606379e-03,-9.538191629539e-03,-9.949069089442e-03,4.108774599032e-04,5.348308651047e-03,-8.109887556260e-04,6.159297406673e-03
3.975000000000e+00,6.235489653120e-04,-1.104405831416e-03,1.727954796728e-03,-8.768562656572e-03,-9.094302704327e-03,3.257400477560e-04,2.971546545430e-03,-1.909707925973e-03,4.881254471403e-03
3.980000000000e+00,8.208420567452e-04,-1.069202252923e-03,1.890044309668e-03,-7.903387724665e-03,-8.122589907553e-03,2.192021828872e-04,6.620227629581e-04,-2.861982415833e-03,3.524005178791e-03
3.985000000000e+00,9.343331621591e-04,-1.042708383099e-03,1.977041545258e-03,-6.949808480990e-03,-7.036917196024e-03,8.710871503378e-05,-1.549306405701e-03,-3.671246717494e-03,2.121940311794e-03
3.990000000000e+00,9.639838344907e-04,-1.025706013002e-03,1.989689847493e-03,-5.915756240286e-03,-5.841842671966e-03,-7.391356832006e-05,-3.633502056989e-03,-4.343181857643e-03,7.096798006539e-04
3.995000000000e+00,9.119613745986e-04,-1.019088522801e-03,1.931049897400e-03,-4.809756271911e-03,-4.543556809693e-03,-2.661994622179e-04,-5.564152160191e-03,-4.885313825571e-03,-6.788383346204e-04
4.000000000000e+00,7.824294247950e-04,-1.023880698189e-03,1.806310122984e-03,-3.640739907534e-03,-3.149925399390e-03,-4.908145081436e-04,-7.317827738199e-03,-5.306612182833e-03,-2.011215555366e-03
