t,axis,s,p_dibem,p_exact,error
4.500000000000e-01,x,-2.000000000000e+00,-9.422877653927e-11,3.191589524705e-07,-3.192531812470e-07
4.500000000000e-01,x,-1.986666666667e+00,1.607787230313e-10,3.157123258635e-07,-3.155515471405e-07
4.500000000000e-01,x,-1.973333333333e+00,1.952954864403e-11,3.076223685434e-07,-3.076028389948e-07
4.500000000000e-01,x,-1.960000000000e+00,-1.719798665909e-10,2.951075825289e-07,-2.952795623955e-07
4.500000000000e-01,x,-1.946666666667e+00,-2.465905949149e-10,2.785175054636e-07,-2.787640960585e-07
4.500000000000e-01,x,-1.933333333333e+00,-1.959279274154e-10,2.583326067875e-07,-2.585285347149e-07
4.500000000000e-01,x,-1.920000000000e+00,-6.438373968450e-11,2.351619912150e-07,-2.352263749547e-07
4.500000000000e-01,x,-1.906666666667e+00,7.514598714265e-11,2.097365743616e-07,-2.096614283745e-07
4.500000000000e-01,x,-1.893333333333e+00,1.504388006552e-10,1.828959652639e-07,-1.827455264633e-07
4.500000000000e-01,x,-1.880000000000e+00,1.514557416058e-10,1.555680696930e-07,-1.554166139514e-07
4.500000000000e-01,x,-1.866666666667e+00,1.003590650987e-10,1.287412261178e-07,-1.286408670527e-07
4.500000000000e-01,x,-1.853333333333e+00,2.580214941483e-11,1.034293748892e-07,-1.034035727397e-07
4.500000000000e-01,x,-1.840000000000e+00,-4.230818905598e-11,8.063130863105e-08,-8.067361682011e-08
4.500000000000e-01,x,-1.826666666667e+00,-8.244803224925e-11,6.128550844483e-08,-6.136795647708e-08
4.500000000000e-01,x,-1.813333333333e+00,-9.189783834231e-11,4.622253207799e-08,-4.631442991633e-08
4.500000000000e-01,x,-1.800000000000e+00,-7.765275008147e-11,3.611746566098e-08,-3.619511841106e-08
4.500000000000e-01,x,-1.786666666667e+00,-5.167197561309e-11,3.144559174244e-08,-3.149726371806e-08
4.500000000000e-01,x,-1.773333333333e+00,-2.947734723752e-11,3.244506645329e-08,-3.247454380052e-08
4.500000000000e-01,x,-1.760000000000e+00,-1.879928976202e-11,3.909084534873e-08,-3.910964463849e-08
4.500000000000e-01,x,-1.746666666667e+00,-1.619067128372e-11,5.108409641854e-08,-5.110028708982e-08
4.500000000000e-01,x,-1.733333333333e+00,-1.645247697288e-11,6.786065532906e-08,-6.787710780603e-08
4.500000000000e-01,x,-1.720000000000e+00,-1.653688723730e-11,8.862057952687e-08,-8.863711641411e-08
4.500000000000e-01,x,-1.706666666667e+00,-1.605497663998e-11,1.123785825142e-07,-1.123946374908e-07
4.500000000000e-01,x,-1.693333333333e+00,-1.272421099323e-11,1.380323243026e-07,-1.380450485136e-07
4.500000000000e-01,x,-1.680000000000e+00,-3.411437271830e-12,1.644426357399e-07,-1.644460471772e-07
4.500000000000e-01,x,-1.666666666667e+00,9.690978877562e-12,1.905173103398e-07,-1.905076193609e-07
4.500000000000e-01,x,-1.653333333333e+00,2.117047708109e-11,2.152886690030e-07,-2.152674985259e-07
4.500000000000e-01,x,-1.640000000000e+00,2.345256877634e-11,2.379751151757e-07,-2.379516626069e-07
4.500000000000e-01,x,-1.626666666667e+00,2.007671218636e-11,2.580185451078e-07,-2.579984683956e-07
4.500000000000e-01,x,-1.613333333333e+00,1.653372821674e-11,2.750926394921e-07,-2.750761057639e-07
4.500000000000e-01,x,-1.600000000000e+00,1.356007886562e-11,2.890813050855e-07,-2.890677450066e-07
4.500000000000e-01,x,-1.586666666667e+00,6.547577362485e-12,3.000311717886e-07,-3.000246242113e-07
4.500000000000e-01,x,-1.573333333333e+00,-9.576487749300e-12,3.080862707876e-07,-3.080958472753e-07
4.500000000000e-01,x,-1.560000000000e+00,-2.376172095356e-11,3.134160371129e-07,-3.134397988339e-07
4.500000000000e-01,x,-1.546666666667e+00,-2.866487351987e-11,3.161490024556e-07,-3.161776673292e-07
4.500000000000e-01,x,-1.533333333333e+00,-2.562378468430e-11,3.163236841697e-07,-3.163493079544e-07
4.500000000000e-01,x,-1.520000000000e+00,-2.534367707103e-11,3.138653304085e-07,-3.138906740856e-07
4.500000000000e-01,x,-1.506666666667e+00,-3.304192246206e-11,3.085928073530e-07,-3.086258492754e-07
4.500000000000e-01,x,-1.493333333333e+00,-3.618430131837e-11,3.002547581136e-07,-3.002909424150e-07
4.500000000000e-01,x,-1.480000000000e+00,-3.194701743007e-11,2.885891192359e-07,-2.886210662533e-07
4.500000000000e-01,x,-1.466666666667e+00,-3.090456672016e-11,2.733960226830e-07,-2.734269272497e-07
4.500000000000e-01,x,-1.453333333333e+00,-5.542485684494e-11,2.546117384552e-07,-2.546671633120e-07
4.500000000000e-01,x,-1.440000000000e+00,-9.730647624931e-11,2.323710106050e-07,-2.324683170813e-07
4.500000000000e-01,x,-1.426666666667e+00,-1.238763585324e-10,2.070469333310e-07,-2.071708096895e-07
4.500000000000e-01,x,-1.413333333333e+00,-1.215378465824e-10,1.792610542410e-07,-1.793825920876e-07
4.500000000000e-01,x,-1.400000000000e+00,-1.022775987015e-10,1.498610440287e-07,-1.499633216274e-07
4.500000000000e-01,x,-1.386666666667e+00,-9.636218300436e-11,1.198682308039e-07,-1.199645929869e-07
4.500000000000e-01,x,-1.373333333333e+00,-9.097211920460e-11,9.040173994547e-08,-9.049271206467e-08
4.500000000000e-01,x,-1.360000000000e+00,-6.937662702108e-11,6.258921301417e-08,-6.265858964119e-08
4.500000000000e-01,x,-1.346666666667e+00,-5.163506243129e-11,3.747564553745e-08,-3.752728059989e-08
4.500000000000e-01,x,-1.333333333333e+00,-9.299663981840e-11,1.594163470405e-08,-1.603463134387e-08
4.500000000000e-01,x,-1.320000000000e+00,-2.390116040735e-10,-1.359580279565e-09,1.120568675492e-09
4.500000000000e-01,x,-1.306666666667e+00,-3.927864241290e-10,-1.404005335285e-08,1.364726692872e-08
4.500000000000e-01,x,-1.293333333333e+00,-4.657604180851e-10,-2.198762312159e-08,2.152186270350e-08
4.500000000000e-01,x,-1.280000000000e+00,-4.398309985873e-10,-2.535038116840e-08,2.491055016981e-08
4.500000000000e-01,x,-1.266666666667e+00,-3.783433000036e-10,-2.449982348117e-08,2.412148018116e-08
4.500000000000e-01,x,-1.253333333333e+00,-3.308560251786e-10,-1.997968723529e-08,1.964883121011e-08
4.500000000000e-01,x,-1.240000000000e+00,-2.393626079820e-10,-1.244854128783e-08,1.220917867985e-08
4.500000000000e-01,x,-1.226666666667e+00,-1.343323888976e-10,-2.624002474558e-09,2.489670085661e-09
4.500000000000e-01,x,-1.213333333333e+00,-1.642249335300e-10,8.764852020744e-09,-8.929076954274e-09
4.500000000000e-01,x,-1.200000000000e+00,-5.738990334333e-10,2.101242145188e-08,-2.158632048531e-08
4.500000000000e-01,x,-1.186666666667e+00,-1.269984060647e-09,3.345696606683e-08,-3.472695012747e-08
4.500000000000e-01,x,-1.173333333333e+00,-1.830651259976e-09,4.548713625259e-08,-4.731778751257e-08
4.500000000000e-01,x,-1.160000000000e+00,-2.035058547217e-09,5.653762211822e-08,-5.857268066544e-08
4.500000000000e-01,x,-1.146666666667e+00,-1.950376800497e-09,6.607855978533e-08,-6.802893658583e-08
4.500000000000e-01,x,-1.133333333333e+00,-1.896731511361e-09,7.360416701934e-08,-7.550089853070e-08
4.500000000000e-01,x,-1.120000000000e+00,-1.781586262478e-09,7.862599188942e-08,-8.040757815190e-08
4.500000000000e-01,x,-1.106666666667e+00,-1.507401920285e-09,8.067515481629e-08,-8.218255673657e-08
4.500000000000e-01,x,-1.093333333333e+00,-1.469946535926e-09,7.931617868014e-08,-8.078612521606e-08
4.500000000000e-01,x,-1.080000000000e+00,-2.579146026892e-09,7.417266907225e-08,-7.675181509914e-08
4.500000000000e-01,x,-1.066666666667e+00,-5.603007569268e-09,6.496256131486e-08,-7.056556888413e-08
4.500000000000e-01,x,-1.053333333333e+00,-8.878741492018e-09,5.153827688850e-08,-6.041701838052e-08
4.500000000000e-01,x,-1.040000000000e+00,-1.083412905789e-08,3.392531035948e-08,-4.475943941737e-08
4.500000000000e-01,x,-1.026666666667e+00,-1.127494609108e-08,1.235178273469e-08,-2.362672882577e-08
4.500000000000e-01,x,-1.013333333333e+00,-1.174985294920e-08,-1.273860039483e-08,9.887474456387e-10
4.500000000000e-01,x,-1.000000000000e+00,-1.321585976690e-08,-4.069734157806e-08,2.748148181116e-08
4.500000000000e-01,x,-9.866666666667e-01,-1.322916405635e-08,-7.071310089793e-08,5.748393684158e-08
4.500000000000e-01,x,-9.733333333333e-01,-1.277752910472e-08,-1.018956121633e-07,8.911808305854e-08
4.500000000000e-01,x,-9.600000000000e-01,-1.867823044365e-08,-1.334236742113e-07,1.147454437676e-07
4.500000000000e-01,x,-9.466666666667e-01,-4.498069127434e-08,-1.648068087175e-07,1.198261174431e-07
4.500000000000e-01,x,-9.333333333333e-01,-1.010667118081e-07,-1.963672507622e-07,9.530053895414e-08
4.500000000000e-01,x,-9.200000000000e-01,-1.941656199140e-07,-2.301554578416e-07,3.598983792757e-08
4.500000000000e-01,x,-9.066666666667e-01,-3.555219705606e-07,-2.716946681053e-07,-8.382730245524e-08
4.500000000000e-01,x,-8.933333333333e-01,-6.524478939742e-07,-3.332386927663e-07,-3.192092012079e-07
4.500000000000e-01,x,-8.800000000000e-01,-1.199298742624e-06,-4.396508019809e-07,-7.596479406427e-07
4.500000000000e-01,x,-8.666666666667e-01,-2.145429741207e-06,-6.385883935959e-07,-1.506841347611e-06
4.500000000000e-01,x,-8.533333333333e-01,-3.715469145368e-06,-1.017406656055e-06,-2.698062489313e-06
4.500000000000e-01,x,-8.400000000000e-01,-6.269062815030e-06,-1.730048763211e-06,-4.539014051818e-06
4.500000000000e-01,x,-8.266666666667e-01,-1.034879656022e-05,-3.038122587570e-06,-7.310673972649e-06
4.500000000000e-01,x,-8.133333333333e-01,-1.674452154807e-05,-5.371312555211e-06,-1.137320899285e-05
4.500000000000e-01,x,-8.000000000000e-01,-2.659213713304e-05,-9.413164690863e-06,-1.717897244218e-05
4.500000000000e-01,x,-7.866666666667e-01,-4.143643022456e-05,-1.621899981144e-05,-2.521743041312e-05
4.500000000000e-01,x,-7.733333333333e-01,-6.332722715091e-05,-2.737303930302e-05,-3.595418784789e-05
4.500000000000e-01,x,-7.600000000000e-01,-9.494798035220e-05,-4.519135749436e-05,-4.975662285784e-05
4.500000000000e-01,x,-7.466666666667e-01,-1.399585230131e-04,-7.297530642160e-05,-6.698321659151e-05
4.500000000000e-01,x,-7.333333333333e-01,-2.034530112968e-04,-1.153155976480e-04,-8.813741364882e-05
4.500000000000e-01,x,-7.200000000000e-01,-2.915971503571e-04,-1.784391122729e-04,-1.131580380842e-04
4.500000000000e-01,x,-7.066666666667e-01,-4.116314242150e-04,-2.705777280539e-04,-1.410536961611e-04
4.500000000000e-01,x,-6.933333333333e-01,-5.719748689674e-04,-4.023205753475e-04,-1.696542936199e-04
4.500000000000e-01,x,-6.800000000000e-01,-7.831075357610e-04,-5.868888131624e-04,-1.962187225986e-04
4.500000000000e-01,x,-6.666666666667e-01,-1.057755782706e-03,-8.402473868854e-04,-2.175083958211e-04
4.500000000000e-01,x,-6.533333333333e-01,-1.409440552398e-03,-1.180945113550e-03,-2.284954388476e-04
4.500000000000e-01,x,-6.400000000000e-01,-1.851911646496e-03,-1.629558284661e-03,-2.223533618357e-04
4.500000000000e-01,x,-6.266666666667e-01,-2.398542116225e-03,-2.207610453196e-03,-1.909316630289e-04
4.500000000000e-01,x,-6.133333333333e-01,-3.061600679582e-03,-2.935859304950e-03,-1.257413746315e-04
4.500000000000e-01,x,-6.000000000000e-01,-3.851181074813e-03,-3.831886881350e-03,-1.929419346260e-05
4.500000000000e-01,x,-5.866666666667e-01,-4.773766676733e-03,-4.907005933491e-03,1.332392567579e-04
4.500000000000e-01,x,-5.733333333333e-01,-5.830521005532e-03,-6.162602596205e-03,3.320815906736e-04
4.500000000000e-01,x,-5.600000000000e-01,-7.014251068045e-03,-7.586167515657e-03,5.719164476121e-04
4.500000000000e-01,x,-5.466666666667e-01,-8.301591313897e-03,-9.147410281887e-03,8.458189679896e-04
4.500000000000e-01,x,-5.333333333333e-01,-9.656260983224e-03,-1.079498422647e-02,1.138723243248e-03
4.500000000000e-01,x,-5.200000000000e-01,-1.103080607741e-02,-1.245444313801e-02,1.423637060600e-03
4.500000000000e-01,x,-5.066666666667e-01,-1.236563319023e-02,-1.402807867574e-02,1.662445485505e-03
4.500000000000e-01,x,-4.933333333333e-01,-1.358481342743e-02,-1.539722073332e-02,1.812407305890e-03
4.500000000000e-01,x,-4.800000000000e-01,-1.458942647675e-02,-1.642740579229e-02,1.837979315534e-03
4.500000000000e-01,x,-4.666666666667e-01,-1.526907674070e-02,-1.697652942228e-02,1.707452681579e-03
4.500000000000e-01,x,-4.533333333333e-01,-1.550819228748e-02,-1.690571819168e-02,1.397525904200e-03
4.500000000000e-01,x,-4.400000000000e-01,-1.519153405006e-02,-1.609222508731e-02,9.006910372437e-04
4.500000000000e-01,x,-4.266666666667e-01,-1.422002665302e-02,-1.444323192887e-02,2.232052758486e-04
4.500000000000e-01,x,-4.133333333333e-01,-1.252249786150e-02,-1.190910430278e-02,-6.133935587270e-04
4.500000000000e-01,x,-4.000000000000e-01,-1.004817653255e-02,-8.494460713948e-03,-1.553715818598e-03
4.500000000000e-01,x,-3.866666666667e-01,-6.773378435141e-03,-4.265444731509e-03,-2.507933703632e-03
4.500000000000e-01,x,-3.733333333333e-01,-2.712445533927e-03,6.481445972471e-04,-3.360590131174e-03
4.500000000000e-01,x,-3.600000000000e-01,2.040353338928e-03,6.056712436143e-03,-4.016359097215e-03
4.500000000000e-01,x,-3.466666666667e-01,7.314529839032e-03,1.172089115055e-02,-4.406361311522e-03
4.500000000000e-01,x,-3.333333333333e-01,1.289531264079e-02,1.736713362443e-02,-4.471820983635e-03
4.500000000000e-01,x,-3.200000000000e-01,1.852948439243e-02,2.270753868064e-02,-4.178054288207e-03
4.500000000000e-01,x,-3.066666666667e-01,2.393570443830e-02,2.746196333751e-02,-3.526258899210e-03
4.500000000000e-01,x,-2.933333333333e-01,2.883724036720e-02,3.138010915535e-02,-2.542868788148e-03
4.500000000000e-01,x,-2.800000000000e-01,3.295745386639e-02,3.426120800825e-02,-1.303754141867e-03
4.500000000000e-01,x,-2.666666666667e-01,3.602374437074e-02,3.596919351317e-02,5.455085756849e-05
4.500000000000e-01,x,-2.533333333333e-01,3.778820405962e-02,3.644179230714e-02,1.346411752477e-03
4.500000000000e-01,x,-2.400000000000e-01,3.808565092971e-02,3.569272158218e-02,2.392929347538e-03
4.500000000000e-01,x,-2.266666666667e-01,3.693974385156e-02,3.380702092791e-02,3.132722923653e-03
4.500000000000e-01,x,-2.133333333333e-01,3.446756609766e-02,3.093035164899e-02,3.537214448676e-03
4.500000000000e-01,x,-2.000000000000e-01,3.085086702144e-02,2.725375067219e-02,3.597116349251e-03
4.500000000000e-01,x,-1.866666666667e-01,2.633385354573e-02,2.299574485429e-02,3.338108691441e-03
4.500000000000e-01,x,-1.733333333333e-01,2.118870015467e-02,1.838387377795e-02,2.804826376716e-03
4.500000000000e-01,x,-1.600000000000e-01,1.568482840488e-02,1.363754010897e-02,2.047288295901e-03
4.500000000000e-01,x,-1.466666666667e-01,1.012825718689e-02,8.953752191678e-03,1.174504995214e-03
4.500000000000e-01,x,-1.333333333333e-01,4.847869994651e-03,4.496818085165e-03,3.510519094857e-04
4.500000000000e-01,x,-1.200000000000e-01,1.651663392323e-04,3.924805434511e-04,-2.273142042188e-04
4.500000000000e-01,x,-1.066666666667e-01,-3.770717010002e-03,-3.273567660606e-03,-4.971493493956e-04
4.500000000000e-01,x,-9.333333333333e-02,-6.981764046663e-03,-6.453310646633e-03,-5.284534000304e-04
4.500000000000e-01,x,-8.000000000000e-02,-9.520949878846e-03,-9.131029184427e-03,-3.899206944188e-04
4.500000000000e-01,x,-6.666666666667e-02,-1.146399121965e-02,-1.131593752039e-02,-1.480536992672e-04
4.500000000000e-01,x,-5.333333333333e-02,-1.290348660715e-02,-1.303388461326e-02,1.303980061037e-04
4.500000000000e-01,x,-4.000000000000e-02,-1.390293234488e-02,-1.431906476306e-02,4.161324181735e-04
4.500000000000e-01,x,-2.666666666667e-02,-1.452057252512e-02,-1.520649567654e-02,6.859231514180e-04
4.500000000000e-01,x,-1.333333333333e-02,-1.482955976755e-02,-1.572579979639e-02,8.962400288402e-04
4.500000000000e-01,x,0.000000000000e+00,-1.491283969801e-02,-1.589661508863e-02,9.837753906174e-04
4.500000000000e-01,x,1.333333333333e-02,-1.482955759301e-02,-1.572579979639e-02,8.962422033740e-04
4.500000000000e-01,x,2.666666666667e-02,-1.452056836919e-02,-1.520649567654e-02,6.859273073506e-04
4.500000000000e-01,x,4.000000000000e-02,-1.390292659190e-02,-1.431906476306e-02,4.161381711594e-04
4.500000000000e-01,x,5.333333333333e-02,-1.290347982666e-02,-1.303388461326e-02,1.304047865956e-04
4.500000000000e-01,x,6.666666666667e-02,-1.146398415299e-02,-1.131593752039e-02,-1.480466326023e-04
4.500000000000e-01,x,8.000000000000e-02,-9.520943308660e-03,-9.131029184427e-03,-3.899141242323e-04
4.500000000000e-01,x,9.333333333333e-02,-6.981758553752e-03,-6.453310646633e-03,-5.284479071194e-04
4.500000000000e-01,x,1.066666666667e-01,-3.770712936034e-03,-3.273567660606e-03,-4.971452754282e-04
4.500000000000e-01,x,1.200000000000e-01,1.651688907554e-04,3.924805434511e-04,-2.273116526957e-04
4.500000000000e-01,x,1.333333333333e-01,4.847871145191e-03,4.496818085165e-03,3.510530600264e-04
4.500000000000e-01,x,1.466666666667e-01,1.012825717443e-02,8.953752191678e-03,1.174504982755e-03
4.500000000000e-01,x,1.600000000000e-01,1.568482748213e-02,1.363754010897e-02,2.047287373156e-03
4.500000000000e-01,x,1.733333333333e-01,2.118869861507e-02,1.838387377795e-02,2.804824837117e-03
4.500000000000e-01,x,1.866666666667e-01,2.633385179274e-02,2.299574485429e-02,3.338106938449e-03
4.500000000000e-01,x,2.000000000000e-01,3.085086563114e-02,2.725375067219e-02,3.597114958951e-03
4.500000000000e-01,x,2.133333333333e-01,3.446756550773e-02,3.093035164899e-02,3.537213858743e-03
4.500000000000e-01,x,2.266666666667e-01,3.693974421701e-02,3.380702092791e-02,3.132723289107e-03
4.500000000000e-01,x,2.400000000000e-01,3.808565216582e-02,3.569272158218e-02,2.392930583647e-03
4.500000000000e-01,x,2.533333333333e-01,3.778820581473e-02,3.644179230714e-02,1.346413507594e-03
4.500000000000e-01,x,2.666666666667e-01,3.602374605811e-02,3.596919351317e-02,5.455254493492e-05
4.500000000000e-01,x,2.800000000000e-01,3.295745510891e-02,3.426120800825e-02,-1.303752899344e-03
4.500000000000e-01,x,2.933333333333e-01,2.883724103436e-02,3.138010915535e-02,-2.542868120984e-03
4.500000000000e-01,x,3.066666666667e-01,2.393570454231e-02,2.746196333751e-02,-3.526258795202e-03
4.500000000000e-01,x,3.200000000000e-01,1.852948401337e-02,2.270753868064e-02,-4.178054667270e-03
4.500000000000e-01,x,3.333333333333e-01,1.289531187953e-02,1.736713362443e-02,-4.471821744897e-03
4.500000000000e-01,x,3.466666666667e-01,7.314528796818e-03,1.172089115055e-02,-4.406362353735e-03
4.500000000000e-01,x,3.600000000000e-01,2.040352114299e-03,6.056712436143e-03,-4.016360321844e-03
4.500000000000e-01,x,3.733333333333e-01,-2.712446820032e-03,6.481445972471e-04,-3.360591417279e-03
4.500000000000e-01,x,3.866666666667e-01,-6.773379589537e-03,-4.265444731509e-03,-2.507934858029e-03
4.500000000000e-01,x,4.000000000000e-01,-1.004817737499e-02,-8.494460713948e-03,-1.553716661040e-03
4.500000000000e-01,x,4.133333333333e-01,-1.252249834073e-02,-1.190910430278e-02,-6.133940379488e-04
4.500000000000e-01,x,4.266666666667e-01,-1.422002679680e-02,-1.444323192887e-02,2.232051320740e-04
4.500000000000e-01,x,4.400000000000e-01,-1.519153392778e-02,-1.609222508731e-02,9.006911595290e-04
4.500000000000e-01,x,4.533333333333e-01,-1.550819199122e-02,-1.690571819168e-02,1.397526200456e-03
4.500000000000e-01,x,4.666666666667e-01,-1.526907635291e-02,-1.697652942228e-02,1.707453069369e-03
4.500000000000e-01,x,4.800000000000e-01,-1.458942605468e-02,-1.642740579229e-02,1.837979737601e-03
4.500000000000e-01,x,4.933333333333e-01,-1.358481300790e-02,-1.539722073332e-02,1.812407725415e-03
4.500000000000e-01,x,5.066666666667e-01,-1.236563279347e-02,-1.402807867574e-02,1.662445882271e-03
4.500000000000e-01,x,5.200000000000e-01,-1.103080571021e-02,-1.245444313801e-02,1.423637427802e-03
4.500000000000e-01,x,5.333333333333e-01,-9.656260646404e-03,-1.079498422647e-02,1.138723580068e-03
4.500000000000e-01,x,5.466666666667e-01,-8.301591006004e-03,-9.147410281887e-03,8.458192758824e-04
4.500000000000e-01,x,5.600000000000e-01,-7.014250788771e-03,-7.586167515657e-03,5.719167268853e-04
4.500000000000e-01,x,5.733333333333e-01,-5.830520761827e-03,-6.162602596205e-03,3.320818343778e-04
4.500000000000e-01,x,5.866666666667e-01,-4.773766481615e-03,-4.907005933491e-03,1.332394518759e-04
4.500000000000e-01,x,6.000000000000e-01,-3.851180931156e-03,-3.831886881350e-03,-1.929404980568e-05
4.500000000000e-01,x,6.133333333333e-01,-3.061600583108e-03,-2.935859304950e-03,-1.257412781582e-04
4.500000000000e-01,x,6.266666666667e-01,-2.398542059028e-03,-2.207610453196e-03,-1.909316058323e-04
4.500000000000e-01,x,6.400000000000e-01,-1.851911617139e-03,-1.629558284661e-03,-2.223533324781e-04
4.500000000000e-01,x,6.533333333333e-01,-1.409440539461e-03,-1.180945113550e-03,-2.284954259109e-04
4.500000000000e-01,x,6.666666666667e-01,-1.057755779666e-03,-8.402473868854e-04,-2.175083927806e-04
4.500000000000e-01,x,6.800000000000e-01,-7.831075387830e-04,-5.868888131624e-04,-1.962187256207e-04
4.500000000000e-01,x,6.933333333333e-01,-5.719748753884e-04,-4.023205753475e-04,-1.696543000408e-04
4.500000000000e-01,x,7.066666666667e-01,-4.116314327759e-04,-2.705777280539e-04,-1.410537047220e-04
4.500000000000e-01,x,7.200000000000e-01,-2.915971597015e-04,-1.784391122729e-04,-1.131580474286e-04
4.500000000000e-01,x,7.333333333333e-01,-2.034530195431e-04,-1.153155976480e-04,-8.813742189509e-05
4.500000000000e-01,x,7.466666666667e-01,-1.399585289271e-04,-7.297530642160e-05,-6.698322250550e-05
4.500000000000e-01,x,7.600000000000e-01,-9.494798369400e-05,-4.519135749436e-05,-4.975662619964e-05
4.500000000000e-01,x,7.733333333333e-01,-6.332722857469e-05,-2.737303930302e-05,-3.595418927167e-05
4.500000000000e-01,x,7.866666666667e-01,-4.143643084675e-05,-1.621899981144e-05,-2.521743103531e-05
4.500000000000e-01,x,8.000000000000e-01,-2.659213815202e-05,-9.413164690863e-06,-1.717897346116e-05
4.500000000000e-01,x,8.133333333333e-01,-1.674452369217e-05,-5.371312555211e-06,-1.137321113696e-05
4.500000000000e-01,x,8.266666666667e-01,-1.034879974447e-05,-3.038122587570e-06,-7.310677156896e-06
4.500000000000e-01,x,8.400000000000e-01,-6.269066466899e-06,-1.730048763211e-06,-4.539017703687e-06
4.500000000000e-01,x,8.533333333333e-01,-3.715472641643e-06,-1.017406656055e-06,-2.698065985589e-06
4.500000000000e-01,x,8.666666666667e-01,-2.145432490521e-06,-6.385883935959e-07,-1.506844096925e-06
4.500000000000e-01,x,8.800000000000e-01,-1.199300513789e-06,-4.396508019809e-07,-7.596497118084e-07
4.500000000000e-01,x,8.933333333333e-01,-6.524485799787e-07,-3.332386927663e-07,-3.192098872125e-07
4.500000000000e-01,x,9.066666666667e-01,-3.555217615464e-07,-2.716946681053e-07,-8.382709344107e-08
4.500000000000e-01,x,9.200000000000e-01,-1.941646546369e-07,-2.301554578416e-07,3.599080320474e-08
4.500000000000e-01,x,9.333333333333e-01,-1.010652799000e-07,-1.963672507622e-07,9.530197086224e-08
4.500000000000e-01,x,9.466666666667e-01,-4.497903879781e-08,-1.648068087175e-07,1.198277699197e-07
4.500000000000e-01,x,9.600000000000e-01,-1.867678744756e-08,-1.334236742113e-07,1.147468867637e-07
4.500000000000e-01,x,9.733333333333e-01,-1.277664434734e-08,-1.018956121633e-07,8.911896781592e-08
4.500000000000e-01,x,9.866666666667e-01,-1.322890216150e-08,-7.071310089793e-08,5.748419873643e-08
4.500000000000e-01,x,1.000000000000e+00,-1.321618360859e-08,-4.069734157806e-08,2.748115796948e-08
4.500000000000e-01,x,1.013333333333e+00,-1.175064408251e-08,-1.273860039483e-08,9.879563123216e-10
4.500000000000e-01,x,1.026666666667e+00,-1.127573584258e-08,1.235178273469e-08,-2.362751857728e-08
4.500000000000e-01,x,1.040000000000e+00,-1.083467912437e-08,3.392531035948e-08,-4.475998948384e-08
4.500000000000e-01,x,1.053333333333e+00,-8.878868702942e-09,5.153827688850e-08,-6.041714559144e-08
4.500000000000e-01,x,1.066666666667e+00,-5.602697908683e-09,6.496256131486e-08,-7.056525922355e-08
4.500000000000e-01,x,1.080000000000e+00,-2.578667537873e-09,7.417266907225e-08,-7.675133661013e-08
4.500000000000e-01,x,1.093333333333e+00,-1.469461542688e-09,7.931617868014e-08,-8.078564022283e-08
4.500000000000e-01,x,1.106666666667e+00,-1.507095193376e-09,8.067515481629e-08,-8.218225000966e-08
4.500000000000e-01,x,1.120000000000e+00,-1.781644823248e-09,7.862599188942e-08,-8.040763671267e-08
4.500000000000e-01,x,1.133333333333e+00,-1.897035251122e-09,7.360416701934e-08,-7.550120227046e-08
4.500000000000e-01,x,1.146666666667e+00,-1.951162911391e-09,6.607855978533e-08,-6.802972269672e-08
4.500000000000e-01,x,1.160000000000e+00,-2.036042696127e-09,5.653762211822e-08,-5.857366481435e-08
4.500000000000e-01,x,1.173333333333e+00,-1.831789096757e-09,4.548713625259e-08,-4.731892534935e-08
4.500000000000e-01,x,1.186666666667e+00,-1.271149160998e-09,3.345696606683e-08,-3.472811522782e-08
4.500000000000e-01,x,1.200000000000e+00,-5.750260887420e-10,2.101242145188e-08,-2.158744754062e-08
4.500000000000e-01,x,1.213333333333e+00,-1.650900452056e-10,8.764852020744e-09,-8.929942065950e-09
4.500000000000e-01,x,1.226666666667e+00,-1.349069074942e-10,-2.624002474558e-09,2.489095567064e-09
4.500000000000e-01,x,1.240000000000e+00,-2.396793264139e-10,-1.244854128783e-08,1.220886196142e-08
4.500000000000e-01,x,1.253333333333e+00,-3.307995425115e-10,-1.997968723529e-08,1.964888769278e-08
4.500000000000e-01,x,1.266666666667e+00,-3.778472312569e-10,-2.449982348117e-08,2.412197624991e-08
4.500000000000e-01,x,1.280000000000e+00,-4.391894461363e-10,-2.535038116840e-08,2.491119172227e-08
4.500000000000e-01,x,1.293333333333e+00,-4.650178886187e-10,-2.198762312159e-08,2.152260523297e-08
4.500000000000e-01,x,1.306666666667e+00,-3.920815570997e-10,-1.404005335285e-08,1.364797179575e-08
4.500000000000e-01,x,1.320000000000e+00,-2.385638238543e-10,-1.359580279565e-09,1.121016455711e-09
4.500000000000e-01,x,1.333333333333e+00,-9.287508253946e-11,1.594163470405e-08,-1.603450978659e-08
4.500000000000e-01,x,1.346666666667e+00,-5.195760047926e-11,3.747564553745e-08,-3.752760313793e-08
4.500000000000e-01,x,1.360000000000e+00,-7.037513818604e-11,6.258921301417e-08,-6.265958815236e-08
4.500000000000e-01,x,1.373333333333e+00,-9.250795945323e-11,9.040173994547e-08,-9.049424790492e-08
4.500000000000e-01,x,1.386666666667e+00,-9.841506344456e-11,1.198682308039e-07,-1.199666458673e-07
4.500000000000e-01,x,1.400000000000e+00,-1.044641981238e-10,1.498610440287e-07,-1.499655082268e-07
4.500000000000e-01,x,1.413333333333e+00,-1.233258859726e-10,1.792610542410e-07,-1.793843801270e-07
4.500000000000e-01,x,1.426666666667e+00,-1.250027157113e-10,2.070469333310e-07,-2.071719360467e-07
4.500000000000e-01,x,1.440000000000e+00,-9.781642457224e-11,2.323710106050e-07,-2.324688270296e-07
4.500000000000e-01,x,1.453333333333e+00,-5.533192268271e-11,2.546117384552e-07,-2.546670703779e-07
4.500000000000e-01,x,1.466666666667e+00,-3.032700343453e-11,2.733960226830e-07,-2.734263496865e-07
4.500000000000e-01,x,1.480000000000e+00,-3.088707726130e-11,2.885891192359e-07,-2.886200063131e-07
4.500000000000e-01,x,1.493333333333e+00,-3.523078909602e-11,3.002547581136e-07,-3.002899889027e-07
4.500000000000e-01,x,1.506666666667e+00,-3.207832494176e-11,3.085928073530e-07,-3.086248856779e-07
4.500000000000e-01,x,1.520000000000e+00,-2.449613677098e-11,3.138653304085e-07,-3.138898265453e-07
4.500000000000e-01,x,1.533333333333e+00,-2.494398546786e-11,3.163236841697e-07,-3.163486281552e-07
4.500000000000e-01,x,1.546666666667e+00,-2.811015296666e-11,3.161490024556e-07,-3.161771126086e-07
4.500000000000e-01,x,1.560000000000e+00,-2.353456841538e-11,3.134160371129e-07,-3.134395716814e-07
4.500000000000e-01,x,1.573333333333e+00,-9.369434996118e-12,3.080862707876e-07,-3.080956402226e-07
4.500000000000e-01,x,1.586666666667e+00,6.244200508023e-12,3.000311717886e-07,-3.000249275881e-07
4.500000000000e-01,x,1.600000000000e+00,1.281068852732e-11,2.890813050855e-07,-2.890684943969e-07
4.500000000000e-01,x,1.613333333333e+00,1.549462322372e-11,2.750926394921e-07,-2.750771448689e-07
4.500000000000e-01,x,1.626666666667e+00,1.839324435661e-11,2.580185451078e-07,-2.580001518634e-07
4.500000000000e-01,x,1.640000000000e+00,2.169436616769e-11,2.379751151757e-07,-2.379534208095e-07
4.500000000000e-01,x,1.653333333333e+00,1.946421542236e-11,2.152886690030e-07,-2.152692047876e-07
4.500000000000e-01,x,1.666666666667e+00,8.252695290756e-12,1.905173103398e-07,-1.905090576445e-07
4.500000000000e-01,x,1.680000000000e+00,-4.486952589970e-12,1.644426357399e-07,-1.644471226925e-07
4.500000000000e-01,x,1.693333333333e+00,-1.305449416606e-11,1.380323243026e-07,-1.380453787967e-07
4.500000000000e-01,x,1.706666666667e+00,-1.616143469529e-11,1.123785825142e-07,-1.123947439488e-07
4.500000000000e-01,x,1.720000000000e+00,-1.628927868149e-11,8.862057952687e-08,-8.863686880555e-08
4.500000000000e-01,x,1.733333333333e+00,-1.612547953390e-11,6.786065532906e-08,-6.787678080859e-08
4.500000000000e-01,x,1.746666666667e+00,-1.600496695476e-11,5.108409641854e-08,-5.110010138549e-08
4.500000000000e-01,x,1.760000000000e+00,-1.901446417677e-11,3.909084534873e-08,-3.910985981290e-08
4.500000000000e-01,x,1.773333333333e+00,-2.970589077796e-11,3.244506645329e-08,-3.247477234406e-08
4.500000000000e-01,x,1.786666666667e+00,-5.220289875328e-11,3.144559174244e-08,-3.149779464120e-08
4.500000000000e-01,x,1.800000000000e+00,-7.851966031050e-11,3.611746566098e-08,-3.619598532129e-08
4.500000000000e-01,x,1.813333333333e+00,-9.309629375163e-11,4.622253207799e-08,-4.631562837174e-08
4.500000000000e-01,x,1.826666666667e+00,-8.405172250977e-11,6.128550844483e-08,-6.136956016734e-08
4.500000000000e-01,x,1.840000000000e+00,-4.380131921431e-11,8.063130863105e-08,-8.067510995027e-08
4.500000000000e-01,x,1.853333333333e+00,2.461330655446e-11,1.034293748892e-07,-1.034047615826e-07
4.500000000000e-01,x,1.866666666667e+00,9.969849619121e-11,1.287412261178e-07,-1.286415276216e-07
4.500000000000e-01,x,1.880000000000e+00,1.510188775372e-10,1.555680696930e-07,-1.554170508155e-07
4.500000000000e-01,x,1.893333333333e+00,1.500520773678e-10,1.828959652639e-07,-1.827459131866e-07
4.500000000000e-01,x,1.906666666667e+00,7.491352982762e-11,2.097365743616e-07,-2.096616608318e-07
4.500000000000e-01,x,1.920000000000e+00,-6.482925669040e-11,2.351619912150e-07,-2.352268204717e-07
4.500000000000e-01,x,1.933333333333e+00,-1.972037217877e-10,2.583326067875e-07,-2.585298105093e-07
4.500000000000e-01,x,1.946666666667e+00,-2.469496379981e-10,2.785175054636e-07,-2.787644551016e-07
4.500000000000e-01,x,1.960000000000e+00,-1.715439535507e-10,2.951075825289e-07,-2.952791264825e-07
4.500000000000e-01,x,1.973333333333e+00,2.170239432574e-11,3.076223685434e-07,-3.076006661491e-07
4.500000000000e-01,x,1.986666666667e+00,1.648426930367e-10,3.157123258635e-07,-3.155474831705e-07
4.500000000000e-01,x,2.000000000000e+00,-8.722064845141e-11,3.191589524705e-07,-3.192461731190e-07
4.500000000000e-01,y,-2.000000000000e+00,-1.708497124380e-11,-1.874194462683e-06,1.874177377712e-06
4.500000000000e-01,y,-1.986666666667e+00,4.906591315788e-11,-2.002008877603e-06,2.002057943516e-06
4.500000000000e-01,y,-1.973333333333e+00,9.801177533079e-12,-2.045761652052e-06,2.045771453230e-06
4.500000000000e-01,y,-1.960000000000e+00,-4.650741009855e-11,-2.003817272825e-06,2.003770765415e-06
4.500000000000e-01,y,-1.946666666667e+00,-7.652294926254e-11,-1.881722065330e-06,1.881645542380e-06
4.500000000000e-01,y,-1.933333333333e+00,-7.288785254632e-11,-1.691438795154e-06,1.691365907301e-06
4.500000000000e-01,y,-1.920000000000e+00,-4.207455169842e-11,-1.449766367015e-06,1.449724292463e-06
4.500000000000e-01,y,-1.906666666667e+00,6.065783514845e-13,-1.176215717243e-06,1.176216323822e-06
4.500000000000e-01,y,-1.893333333333e+00,3.918643569453e-11,-8.907037118654e-07,8.907428983011e-07
4.500000000000e-01,y,-1.880000000000e+00,6.752927911005e-11,-6.114402259078e-07,6.115077551869e-07
4.500000000000e-01,y,-1.866666666667e+00,8.306372452016e-11,-3.533182225937e-07,3.534012863183e-07
4.500000000000e-01,y,-1.853333333333e+00,8.668333449255e-11,-1.269912852451e-07,1.270779685796e-07
4.500000000000e-01,y,-1.840000000000e+00,7.897929411422e-11,6.132896431585e-08,-6.124998502174e-08
4.500000000000e-01,y,-1.826666666667e+00,6.144865673450e-11,2.094635155452e-07,-2.094020668885e-07
4.500000000000e-01,y,-1.813333333333e+00,3.773606314916e-11,3.184491302343e-07,-3.184113941711e-07
4.500000000000e-01,y,-1.800000000000e+00,1.040709521974e-11,3.915534711223e-07,-3.915430640271e-07
4.500000000000e-01,y,-1.786666666667e+00,-1.699657402252e-11,4.333360582000e-07,-4.333530547740e-07
4.500000000000e-01,y,-1.773333333333e+00,-4.242531479749e-11,4.488998794817e-07,-4.489423047965e-07
4.500000000000e-01,y,-1.760000000000e+00,-6.367873988032e-11,4.433925339848e-07,-4.434562127247e-07
4.500000000000e-01,y,-1.746666666667e+00,-7.829592544517e-11,4.217396521491e-07,-4.218179480745e-07
4.500000000000e-01,y,-1.733333333333e+00,-8.409857597064e-11,3.885458418526e-07,-3.886299404286e-07
4.500000000000e-01,y,-1.720000000000e+00,-8.126282747225e-11,3.480858974940e-07,-3.481671603215e-07
4.500000000000e-01,y,-1.706666666667e+00,-7.055545092828e-11,3.043254892984e-07,-3.043960447493e-07
4.500000000000e-01,y,-1.693333333333e+00,-5.316698662663e-11,2.609417869313e-07,-2.609949539179e-07
4.500000000000e-01,y,-1.680000000000e+00,-3.176403479786e-11,2.213441709481e-07,-2.213759349829e-07
4.500000000000e-01,y,-1.666666666667e+00,-9.764844849440e-12,1.887108290757e-07,-1.887205939206e-07
4.500000000000e-01,y,-1.653333333333e+00,9.346881610181e-12,1.660535214329e-07,-1.660441745513e-07
4.500000000000e-01,y,-1.640000000000e+00,2.204531835714e-11,1.563030925915e-07,-1.562810472732e-07
4.500000000000e-01,y,-1.626666666667e+00,2.805218441245e-11,1.623814327340e-07,-1.623533805496e-07
4.500000000000e-01,y,-1.613333333333e+00,2.949365043492e-11,1.872031320167e-07,-1.871736383662e-07
4.500000000000e-01,y,-1.600000000000e+00,2.782587128269e-11,2.335424714238e-07,-2.335146455526e-07
4.500000000000e-01,y,-1.586666666667e+00,2.374417454033e-11,3.037150573151e-07,-3.036913131406e-07
4.500000000000e-01,y,-1.573333333333e+00,1.707913789748e-11,3.990591010560e-07,-3.990420219181e-07
4.500000000000e-01,y,-1.560000000000e+00,1.086256229290e-11,5.192539115069e-07,-5.192430489446e-07
4.500000000000e-01,y,-1.546666666667e+00,7.084237461470e-12,6.615723564984e-07,-6.615652722609e-07
4.500000000000e-01,y,-1.533333333333e+00,5.329328027952e-12,8.202162488530e-07,-8.202109195249e-07
4.500000000000e-01,y,-1.520000000000e+00,4.249163576544e-12,9.859143296822e-07,-9.859100805186e-07
4.500000000000e-01,y,-1.506666666667e+00,3.082323883499e-12,1.145959390396e-06,-1.145956308072e-06
4.500000000000e-01,y,-1.493333333333e+00,3.563686706763e-12,1.284817037519e-06,-1.284813473832e-06
4.500000000000e-01,y,-1.480000000000e+00,5.957818735206e-12,1.385354642711e-06,-1.385348684892e-06
4.500000000000e-01,y,-1.466666666667e+00,8.668291033600e-12,1.430625633200e-06,-1.430616964909e-06
4.500000000000e-01,y,-1.453333333333e+00,8.032936135966e-12,1.406020964980e-06,-1.406012932044e-06
4.500000000000e-01,y,-1.440000000000e+00,5.000885440778e-12,1.301491971943e-06,-1.301486971058e-06
4.500000000000e-01,y,-1.426666666667e+00,4.266720477111e-12,1.113483377638e-06,-1.113479110918e-06
4.500000000000e-01,y,-1.413333333333e+00,7.618266449686e-12,8.462132863296e-07,-8.462056680631e-07
4.500000000000e-01,y,-1.400000000000e+00,1.314331024062e-11,5.120080908356e-07,-5.119949475253e-07
4.500000000000e-01,y,-1.386666666667e+00,1.663824281787e-11,1.305383918040e-07,-1.305217535612e-07
4.500000000000e-01,y,-1.373333333333e+00,1.985842750574e-11,-2.730152357883e-07,2.730350942158e-07
4.500000000000e-01,y,-1.360000000000e+00,2.511371756777e-11,-6.706457367665e-07,6.706708504840e-07
4.500000000000e-01,y,-1.346666666667e+00,2.938974397613e-11,-1.034670698436e-06,1.034700088180e-06
4.500000000000e-01,y,-1.333333333333e+00,2.613478001323e-11,-1.340876309745e-06,1.340902444525e-06
4.500000000000e-01,y,-1.320000000000e+00,9.946148458560e-12,-1.571176185441e-06,1.571186131590e-06
4.500000000000e-01,y,-1.306666666667e+00,-5.882158370327e-12,-1.715395977757e-06,1.715390095599e-06
4.500000000000e-01,y,-1.293333333333e+00,-8.278357125838e-12,-1.771956149636e-06,1.771947871279e-06
4.500000000000e-01,y,-1.280000000000e+00,6.869418963580e-12,-1.747422776867e-06,1.747429646286e-06
4.500000000000e-01,y,-1.266666666667e+00,3.332638496567e-11,-1.655085676195e-06,1.655119002580e-06
4.500000000000e-01,y,-1.253333333333e+00,6.378454194786e-11,-1.512864404847e-06,1.512928189389e-06
4.500000000000e-01,y,-1.240000000000e+00,9.897838245506e-11,-1.340909956264e-06,1.341008934646e-06
4.500000000000e-01,y,-1.226666666667e+00,1.296197755675e-10,-1.159257856629e-06,1.159387476405e-06
4.500000000000e-01,y,-1.213333333333e+00,1.348491258757e-10,-9.858118128373e-07,9.859466619631e-07
4.500000000000e-01,y,-1.200000000000e+00,8.569502412371e-11,-8.348256272126e-07,8.349113222367e-07
4.500000000000e-01,y,-1.186666666667e+00,-4.953448935332e-12,-7.159392385659e-07,7.159342851169e-07
4.500000000000e-01,y,-1.173333333333e+00,-8.226649613184e-11,-6.337412974044e-07,6.336590309082e-07
4.500000000000e-01,y,-1.160000000000e+00,-1.076322119093e-10,-5.877905977070e-07,5.876829654951e-07
4.500000000000e-01,y,-1.146666666667e+00,-6.911166161768e-11,-5.730295559525e-07,5.729604442909e-07
4.500000000000e-01,y,-1.133333333333e+00,2.019855812757e-11,-5.805471347180e-07,5.805673332762e-07
4.500000000000e-01,y,-1.120000000000e+00,1.689529302727e-10,-5.986705584487e-07,5.988395113789e-07
4.500000000000e-01,y,-1.106666666667e+00,3.773771496062e-10,-6.143613605246e-07,6.147387376742e-07
4.500000000000e-01,y,-1.093333333333e+00,5.986006449017e-10,-6.148500786604e-07,6.154486793053e-07
4.500000000000e-01,y,-1.080000000000e+00,7.385916308713e-10,-5.893714981664e-07,5.901100897973e-07
4.500000000000e-01,y,-1.066666666667e+00,6.933207394958e-10,-5.307825734076e-07,5.314758941471e-07
4.500000000000e-01,y,-1.053333333333e+00,4.741745449674e-10,-4.367922921337e-07,4.372664666787e-07
4.500000000000e-01,y,-1.040000000000e+00,1.016425562471e-10,-3.105390695051e-07,3.106407120613e-07
4.500000000000e-01,y,-1.026666666667e+00,-4.332588075797e-10,-1.603336349035e-07,1.599003760960e-07
4.500000000000e-01,y,-1.013333333333e+00,-1.157116753884e-09,1.464107780103e-09,-2.621224533987e-09
4.500000000000e-01,y,-1.000000000000e+00,-1.866759014485e-09,1.602807626470e-07,-1.621475216615e-07
4.500000000000e-01,y,-9.866666666667e-01,-1.857553357371e-09,3.015552502839e-07,-3.034128036413e-07
4.500000000000e-01,y,-9.733333333333e-01,-5.453541574425e-10,4.129306879933e-07,-4.134760421508e-07
4.500000000000e-01,y,-9.600000000000e-01,2.300618163691e-09,4.859879716864e-07,-4.836873535227e-07
4.500000000000e-01,y,-9.466666666667e-01,6.416418134755e-09,5.172018677099e-07,-5.107854495751e-07
4.500000000000e-01,y,-9.333333333333e-01,1.048940406878e-08,5.079830833405e-07,-4.974936792718e-07
4.500000000000e-01,y,-9.200000000000e-01,1.220062746618e-08,4.638788323209e-07,-4.516782048547e-07
4.500000000000e-01,y,-9.066666666667e-01,9.208887176045e-09,3.931826921812e-07,-3.839738050052e-07
4.500000000000e-01,y,-8.933333333333e-01,-3.108648217873e-10,3.053072563282e-07,-3.056181211500e-07
4.500000000000e-01,y,-8.800000000000e-01,-1.674331851876e-08,2.092806974211e-07,-2.260240159398e-07
4.500000000000e-01,y,-8.666666666667e-01,-3.367951817290e-08,1.126499276699e-07,-1.463294458428e-07
4.500000000000e-01,y,-8.533333333333e-01,-4.087545160868e-08,2.093969615379e-08,-6.181514776247e-08
4.500000000000e-01,y,-8.400000000000e-01,-2.961549815810e-08,-6.233068180749e-08,3.271518364940e-08
4.500000000000e-01,y,-8.266666666667e-01,5.345352562653e-09,-1.351963782021e-07,1.405417307648e-07
4.500000000000e-01,y,-8.133333333333e-01,6.193825126344e-08,-1.965640237116e-07,2.585022749751e-07
4.500000000000e-01,y,-8.000000000000e-01,1.201395066889e-07,-2.455230689560e-07,3.656625756449e-07
4.500000000000e-01,y,-7.866666666667e-01,1.529854763473e-07,-2.808530927179e-07,4.338385690653e-07
4.500000000000e-01,y,-7.733333333333e-01,1.350068466393e-07,-3.008670768811e-07,4.358739235204e-07
4.500000000000e-01,y,-7.600000000000e-01,4.680752889761e-08,-3.036473178730e-07,3.504548467706e-07
4.500000000000e-01,y,-7.466666666667e-01,-1.017628149246e-07,-2.876396485095e-07,1.858768335849e-07
4.500000000000e-01,y,-7.333333333333e-01,-2.409007497393e-07,-2.524866873832e-07,1.158593764393e-08
4.500000000000e-01,y,-7.200000000000e-01,-2.970796496867e-07,-1.999173289683e-07,-9.716232071843e-08
4.500000000000e-01,y,-7.066666666667e-01,-2.168752456822e-07,-1.344875749470e-07,-8.238767073519e-08
4.500000000000e-01,y,-6.933333333333e-01,1.748049939093e-08,-6.401415650949e-08,8.149465590041e-08
4.500000000000e-01,y,-6.800000000000e-01,2.936800300274e-07,3.054745180571e-10,2.933745555093e-07
4.500000000000e-01,y,-6.666666666667e-01,3.546441891315e-07,4.378184423741e-08,3.108623448941e-07
4.500000000000e-01,y,-6.533333333333e-01,-3.548539101474e-08,4.727426168519e-08,-8.275965269994e-08
4.500000000000e-01,y,-6.400000000000e-01,-1.017088796525e-06,-1.639140128079e-08,-1.000697395244e-06
4.500000000000e-01,y,-6.266666666667e-01,-2.529121535556e-06,-1.918810594561e-07,-2.337240476100e-06
4.500000000000e-01,y,-6.133333333333e-01,-3.716876144320e-06,-5.622449541168e-07,-3.154631190203e-06
4.500000000000e-01,y,-6.000000000000e-01,-3.143414367590e-06,-1.290249010287e-06,-1.853165357303e-06
4.500000000000e-01,y,-5.866666666667e-01,6.523483576339e-07,-2.693995518229e-06,3.346343875863e-06
4.500000000000e-01,y,-5.733333333333e-01,8.953508940319e-06,-5.376903551927e-06,1.433041249225e-05
4.500000000000e-01,y,-5.600000000000e-01,2.280595762836e-05,-1.043902012648e-05,3.324497775484e-05
4.500000000000e-01,y,-5.466666666667e-01,4.380201387594e-05,-1.980231327224e-05,6.360432714817e-05
4.500000000000e-01,y,-5.333333333333e-01,7.200960356189e-05,-3.668335059797e-05,1.086929541599e-04
4.500000000000e-01,y,-5.200000000000e-01,1.038717966602e-04,-6.623666822498e-05,1.701084648852e-04
4.500000000000e-01,y,-5.066666666667e-01,1.305769386835e-04,-1.163632665145e-04,2.469402051979e-04
4.500000000000e-01,y,-4.933333333333e-01,1.317901819320e-04,-1.986225689389e-04,3.304127508710e-04
4.500000000000e-01,y,-4.800000000000e-01,6.556213482297e-05,-3.290971069889e-04,3.946592418119e-04
4.500000000000e-01,y,-4.666666666667e-01,-1.169233012214e-04,-5.289393775278e-04,4.120160763064e-04
4.500000000000e-01,y,-4.533333333333e-01,-4.648125612447e-04,-8.241964492669e-04,3.593838880222e-04
4.500000000000e-01,y,-4.400000000000e-01,-1.023085303694e-03,-1.244396684386e-03,2.213113806920e-04
4.500000000000e-01,y,-4.266666666667e-01,-1.823653811146e-03,-1.819352151179e-03,-4.301659966534e-06
4.500000000000e-01,y,-4.133333333333e-01,-2.877843883097e-03,-2.573750961126e-03,-3.040929219710e-04
4.500000000000e-01,y,-4.000000000000e-01,-4.176303351313e-03,-3.519450478793e-03,-6.568528725200e-04
4.500000000000e-01,y,-3.866666666667e-01,-5.682873667647e-03,-4.645962420013e-03,-1.036911247634e-03
4.500000000000e-01,y,-3.733333333333e-01,-7.325532814445e-03,-5.910398940804e-03,-1.415133873641e-03
4.500000000000e-01,y,-3.600000000000e-01,-8.944803935074e-03,-7.228980701543e-03,-1.715823233531e-03
4.500000000000e-01,y,-3.466666666667e-01,-1.030972555802e-02,-8.472850584759e-03,-1.836874973260e-03
4.500000000000e-01,y,-3.333333333333e-01,-1.117632871237e-02,-9.471089768135e-03,-1.705238944232e-03
4.500000000000e-01,y,-3.200000000000e-01,-1.130978552078e-02,-1.002322385649e-02,-1.286561664297e-03
4.500000000000e-01,y,-3.066666666667e-01,-1.051696324513e-02,-9.922005812279e-03,-5.949574328518e-04
4.500000000000e-01,y,-2.933333333333e-01,-8.732985375338e-03,-8.984988760920e-03,2.520033855820e-04
4.500000000000e-01,y,-2.800000000000e-01,-5.986822937052e-03,-7.090775106826e-03,1.103952169775e-03
4.500000000000e-01,y,-2.666666666667e-01,-2.372555899614e-03,-4.213522500749e-03,1.840966601135e-03
4.500000000000e-01,y,-2.533333333333e-01,1.946795624746e-03,-4.480714007184e-04,2.394867025465e-03
4.500000000000e-01,y,-2.400000000000e-01,6.715383260128e-03,3.981442341436e-03,2.733940918692e-03
4.500000000000e-01,y,-2.266666666667e-01,1.153545800618e-02,8.734183247275e-03,2.801274758905e-03
4.500000000000e-01,y,-2.133333333333e-01,1.595626450255e-02,1.338705265710e-02,2.569211845454e-03
4.500000000000e-01,y,-2.000000000000e-01,1.952819970482e-02,1.748679627175e-02,2.041403433071e-03
4.500000000000e-01,y,-1.866666666667e-01,2.184474212502e-02,2.061129492362e-02,1.233447201406e-03
4.500000000000e-01,y,-1.733333333333e-01,2.267100833837e-02,2.242893513443e-02,2.420732039478e-04
4.500000000000e-01,y,-1.600000000000e-01,2.203400070701e-02,2.274486695434e-02,-7.108662473306e-04
4.500000000000e-01,y,-1.466666666667e-01,2.007062437226e-02,2.152553506165e-02,-1.454910689385e-03
4.500000000000e-01,y,-1.333333333333e-01,1.699687132853e-02,1.889749916776e-02,-1.900627839231e-03
4.500000000000e-01,y,-1.200000000000e-01,1.308925203522e-02,1.512204249614e-02,-2.032790460918e-03
4.500000000000e-01,y,-1.066666666667e-01,8.645618609447e-03,1.055198526340e-02,-1.906366653954e-03
4.500000000000e-01,y,-9.333333333333e-02,3.968783144664e-03,5.580264918141e-03,-1.611481773477e-03
4.500000000000e-01,y,-8.000000000000e-02,-6.326680453006e-04,5.905570160396e-04,-1.223225061340e-03
4.500000000000e-01,y,-6.666666666667e-02,-4.866129502504e-03,-4.081473960828e-03,-7.846555416752e-04
4.500000000000e-01,y,-5.333333333333e-02,-8.482965565058e-03,-8.171134306138e-03,-3.118312589194e-04
4.500000000000e-01,y,-4.000000000000e-02,-1.133428489696e-02,-1.149087319224e-02,1.565882952885e-04
4.500000000000e-01,y,-2.666666666667e-02,-1.335444486572e-02,-1.392250676555e-02,5.680618998299e-04
4.500000000000e-01,y,-1.333333333333e-02,-1.453456005533e-02,-1.540102470158e-02,8.664646462578e-04
4.500000000000e-01,y,0.000000000000e+00,-1.491283969801e-02,-1.589661508863e-02,9.837753906174e-04
4.500000000000e-01,y,1.333333333333e-02,-1.453455927664e-02,-1.540102470158e-02,8.664654249436e-04
4.500000000000e-01,y,2.666666666667e-02,-1.335444334037e-02,-1.392250676555e-02,5.680634251784e-04
4.500000000000e-01,y,4.000000000000e-02,-1.133428269451e-02,-1.149087319224e-02,1.565904977363e-04
4.500000000000e-01,y,5.333333333333e-02,-8.482962804313e-03,-8.171134306138e-03,-3.118284981743e-04
4.500000000000e-01,y,6.666666666667e-02,-4.866126369194e-03,-4.081473960828e-03,-7.846524083651e-04
4.500000000000e-01,y,8.000000000000e-02,-6.326647763202e-04,5.905570160396e-04,-1.223221792360e-03
4.500000000000e-01,y,9.333333333333e-02,3.968786318414e-03,5.580264918141e-03,-1.611478599727e-03
4.500000000000e-01,y,1.066666666667e-01,8.645621468725e-03,1.055198526340e-02,-1.906363794676e-03
4.500000000000e-01,y,1.200000000000e-01,1.308925439110e-02,1.512204249614e-02,-2.032788105040e-03
4.500000000000e-01,y,1.333333333333e-01,1.699687306167e-02,1.889749916776e-02,-1.900626106088e-03
4.500000000000e-01,y,1.466666666667e-01,2.007062541226e-02,2.152553506165e-02,-1.454909649390e-03
4.500000000000e-01,y,1.600000000000e-01,2.203400100543e-02,2.274486695434e-02,-7.108659489103e-04
4.500000000000e-01,y,1.733333333333e-01,2.267100790304e-02,2.242893513443e-02,2.420727686174e-04
4.500000000000e-01,y,1.866666666667e-01,2.184474103178e-02,2.061129492362e-02,1.233446108164e-03
4.500000000000e-01,y,2.000000000000e-01,1.952819808480e-02,1.748679627175e-02,2.041401813048e-03
4.500000000000e-01,y,2.133333333333e-01,1.595626251052e-02,1.338705265710e-02,2.569209853419e-03
4.500000000000e-01,y,2.266666666667e-01,1.153545579427e-02,8.734183247275e-03,2.801272546991e-03
4.500000000000e-01,y,2.400000000000e-01,6.715380971286e-03,3.981442341436e-03,2.733938629850e-03
4.500000000000e-01,y,2.533333333333e-01,1.946793409454e-03,-4.480714007184e-04,2.394864810172e-03
4.500000000000e-01,y,2.666666666667e-01,-2.372557876050e-03,-4.213522500749e-03,1.840964624698e-03
4.500000000000e-01,y,2.800000000000e-01,-5.986824588431e-03,-7.090775106826e-03,1.103950518395e-03
4.500000000000e-01,y,2.933333333333e-01,-8.732986688484e-03,-8.984988760920e-03,2.520020724356e-04
4.500000000000e-01,y,3.066666666667e-01,-1.051696424532e-02,-9.922005812279e-03,-5.949584330429e-04
4.500000000000e-01,y,3.200000000000e-01,-1.130978625279e-02,-1.002322385649e-02,-1.286562396299e-03
4.500000000000e-01,y,3.333333333333e-01,-1.117632922749e-02,-9.471089768135e-03,-1.705239459359e-03
4.500000000000e-01,y,3.466666666667e-01,-1.030972590017e-02,-8.472850584759e-03,-1.836875315414e-03
4.500000000000e-01,y,3.600000000000e-01,-8.944804142247e-03,-7.228980701543e-03,-1.715823440704e-03
4.500000000000e-01,y,3.733333333333e-01,-7.325532922182e-03,-5.910398940804e-03,-1.415133981378e-03
4.500000000000e-01,y,3.866666666667e-01,-5.682873711328e-03,-4.645962420013e-03,-1.036911291315e-03
4.500000000000e-01,y,4.000000000000e-01,-4.176303362711e-03,-3.519450478793e-03,-6.568528839179e-04
4.500000000000e-01,y,4.133333333333e-01,-2.877843885374e-03,-2.573750961126e-03,-3.040929242481e-04
4.500000000000e-01,y,4.266666666667e-01,-1.823653819000e-03,-1.819352151179e-03,-4.301667820198e-06
4.500000000000e-01,y,4.400000000000e-01,-1.023085323433e-03,-1.244396684386e-03,2.213113609534e-04
4.500000000000e-01,y,4.533333333333e-01,-4.648125910922e-04,-8.241964492669e-04,3.593838581747e-04
4.500000000000e-01,y,4.666666666667e-01,-1.169233368376e-04,-5.289393775278e-04,4.120160406902e-04
4.500000000000e-01,y,4.800000000000e-01,6.556209692857e-05,-3.290971069889e-04,3.946592039175e-04
4.500000000000e-01,y,4.933333333333e-01,1.317901446920e-04,-1.986225689389e-04,3.304127136309e-04
4.500000000000e-01,y,5.066666666667e-01,1.305769046594e-04,-1.163632665145e-04,2.469401711739e-04
4.500000000000e-01,y,5.200000000000e-01,1.038717678914e-04,-6.623666822498e-05,1.701084361164e-04
4.500000000000e-01,y,5.333333333333e-01,7.200958142986e-05,-3.668335059797e-05,1.086929320278e-04
4.500000000000e-01,y,5.466666666667e-01,4.380199887494e-05,-1.980231327224e-05,6.360431214717e-05
4.500000000000e-01,y,5.600000000000e-01,2.280594931519e-05,-1.043902012648e-05,3.324496944168e-05
4.500000000000e-01,y,5.733333333333e-01,8.953505880925e-06,-5.376903551927e-06,1.433040943285e-05
4.500000000000e-01,y,5.866666666667e-01,6.523485031577e-07,-2.693995518229e-06,3.346344021387e-06
4.500000000000e-01,y,6.000000000000e-01,-3.143412745944e-06,-1.290249010287e-06,-1.853163735657e-06
4.500000000000e-01,y,6.133333333333e-01,-3.716874210111e-06,-5.622449541168e-07,-3.154629255994e-06
4.500000000000e-01,y,6.266666666667e-01,-2.529119910627e-06,-1.918810594561e-07,-2.337238851170e-06
4.500000000000e-01,y,6.400000000000e-01,-1.017087590086e-06,-1.639140128079e-08,-1.000696188806e-06
4.500000000000e-01,y,6.533333333333e-01,-3.548440489822e-08,4.727426168519e-08,-8.275866658341e-08
4.500000000000e-01,y,6.666666666667e-01,3.546450751390e-07,4.378184423741e-08,3.108632309016e-07
4.500000000000e-01,y,6.800000000000e-01,2.936809145749e-07,3.054745180571e-10,2.933754400569e-07
4.500000000000e-01,y,6.933333333333e-01,1.748136351453e-08,-6.401415650949e-08,8.149552002402e-08
4.500000000000e-01,y,7.066666666667e-01,-2.168745896145e-07,-1.344875749470e-07,-8.238701466756e-08
4.500000000000e-01,y,7.200000000000e-01,-2.970792898661e-07,-1.999173289683e-07,-9.716196089779e-08
4.500000000000e-01,y,7.333333333333e-01,-2.409007490818e-07,-2.524866873832e-07,1.158593830143e-08
4.500000000000e-01,y,7.466666666667e-01,-1.017631160157e-07,-2.876396485095e-07,1.858765324938e-07
4.500000000000e-01,y,7.600000000000e-01,4.680707613435e-08,-3.036473178730e-07,3.504543940073e-07
4.500000000000e-01,y,7.733333333333e-01,1.350064385971e-07,-3.008670768811e-07,4.358735154782e-07
4.500000000000e-01,y,7.866666666667e-01,1.529853000536e-07,-2.808530927179e-07,4.338383927715e-07
4.500000000000e-01,y,8.000000000000e-01,1.201396545790e-07,-2.455230689560e-07,3.656627235350e-07
4.500000000000e-01,y,8.133333333333e-01,6.193868522135e-08,-1.965640237116e-07,2.585027089330e-07
4.500000000000e-01,y,8.266666666667e-01,5.346011185609e-09,-1.351963782021e-07,1.405423893878e-07
4.500000000000e-01,y,8.400000000000e-01,-2.961479031132e-08,-6.233068180749e-08,3.271589149617e-08
4.500000000000e-01,y,8.533333333333e-01,-4.087480993138e-08,2.093969615379e-08,-6.181450608518e-08
4.500000000000e-01,y,8.666666666667e-01,-3.367891409015e-08,1.126499276699e-07,-1.463288417600e-07
4.500000000000e-01,y,8.800000000000e-01,-1.674275386846e-08,2.092806974211e-07,-2.260234512895e-07
4.500000000000e-01,y,8.933333333333e-01,-3.102388754339e-10,3.053072563282e-07,-3.056174952036e-07
4.500000000000e-01,y,9.066666666667e-01,9.209718729285e-09,3.931826921812e-07,-3.839729734519e-07
4.500000000000e-01,y,9.200000000000e-01,1.220166900055e-08,4.638788323209e-07,-4.516771633204e-07
4.500000000000e-01,y,9.333333333333e-01,1.049061760766e-08,5.079830833405e-07,-4.974924657329e-07
4.500000000000e-01,y,9.466666666667e-01,6.417699439686e-09,5.172018677099e-07,-5.107841682702e-07
4.500000000000e-01,y,9.600000000000e-01,2.301845773163e-09,4.859879716864e-07,-4.836861259133e-07
4.500000000000e-01,y,9.733333333333e-01,-5.443931743116e-10,4.129306879933e-07,-4.134750811676e-07
4.500000000000e-01,y,9.866666666667e-01,-1.856947884479e-09,3.015552502839e-07,-3.034121981684e-07
4.500000000000e-01,y,1.000000000000e+00,-1.866469679354e-09,1.602807626470e-07,-1.621472323263e-07
4.500000000000e-01,y,1.013333333333e+00,-1.157103641233e-09,1.464107780103e-09,-2.621211421335e-09
4.500000000000e-01,y,1.026666666667e+00,-4.334201374955e-10,-1.603336349035e-07,1.599002147660e-07
4.500000000000e-01,y,1.040000000000e+00,1.015039408068e-10,-3.105390695051e-07,3.106405734459e-07
4.500000000000e-01,y,1.053333333333e+00,4.741627681906e-10,-4.367922921337e-07,4.372664549019e-07
4.500000000000e-01,y,1.066666666667e+00,6.934022210798e-10,-5.307825734076e-07,5.314759756287e-07
4.500000000000e-01,y,1.080000000000e+00,7.389058997346e-10,-5.893714981664e-07,5.901104040662e-07
4.500000000000e-01,y,1.093333333333e+00,5.989843342741e-10,-6.148500786604e-07,6.154490629947e-07
4.500000000000e-01,y,1.106666666667e+00,3.778454519249e-10,-6.143613605246e-07,6.147392059765e-07
4.500000000000e-01,y,1.120000000000e+00,1.695297231389e-10,-5.986705584487e-07,5.988400881718e-07
4.500000000000e-01,y,1.133333333333e+00,2.062537973734e-11,-5.805471347180e-07,5.805677600978e-07
4.500000000000e-01,y,1.146666666667e+00,-6.880037948342e-11,-5.730295559525e-07,5.729607555730e-07
4.500000000000e-01,y,1.160000000000e+00,-1.075081937101e-10,-5.877905977070e-07,5.876830895133e-07
4.500000000000e-01,y,1.173333333333e+00,-8.233893843656e-11,-6.337412974044e-07,6.336589584659e-07
4.500000000000e-01,y,1.186666666667e+00,-5.289871288008e-12,-7.159392385659e-07,7.159339486946e-07
4.500000000000e-01,y,1.200000000000e+00,8.522382120350e-11,-8.348256272126e-07,8.349108510338e-07
4.500000000000e-01,y,1.213333333333e+00,1.343797491512e-10,-9.858118128373e-07,9.859461925864e-07
4.500000000000e-01,y,1.226666666667e+00,1.292987741798e-10,-1.159257856629e-06,1.159387155403e-06
4.500000000000e-01,y,1.240000000000e+00,9.875283348745e-11,-1.340909956264e-06,1.341008709097e-06
4.500000000000e-01,y,1.253333333333e+00,6.362341791941e-11,-1.512864404847e-06,1.512928028265e-06
4.500000000000e-01,y,1.266666666667e+00,3.327555672202e-11,-1.655085676195e-06,1.655118951752e-06
4.500000000000e-01,y,1.280000000000e+00,6.863042554441e-12,-1.747422776867e-06,1.747429639910e-06
4.500000000000e-01,y,1.293333333333e+00,-8.253010044243e-12,-1.771956149636e-06,1.771947896626e-06
4.500000000000e-01,y,1.306666666667e+00,-5.896085286484e-12,-1.715395977757e-06,1.715390081672e-06
4.500000000000e-01,y,1.320000000000e+00,9.920457616238e-12,-1.571176185441e-06,1.571186105899e-06
4.500000000000e-01,y,1.333333333333e+00,2.627819763809e-11,-1.340876309745e-06,1.340902587942e-06
4.500000000000e-01,y,1.346666666667e+00,2.999245535661e-11,-1.034670698436e-06,1.034700690891e-06
4.500000000000e-01,y,1.360000000000e+00,2.626733340999e-11,-6.706457367665e-07,6.706720040999e-07
4.500000000000e-01,y,1.373333333333e+00,2.152836419985e-11,-2.730152357883e-07,2.730367641525e-07
4.500000000000e-01,y,1.386666666667e+00,1.866928489665e-11,1.305383918040e-07,-1.305197225191e-07
4.500000000000e-01,y,1.400000000000e+00,1.508404541328e-11,5.120080908356e-07,-5.119930067902e-07
4.500000000000e-01,y,1.413333333333e+00,9.217251955842e-12,8.462132863296e-07,-8.462040690776e-07
4.500000000000e-01,y,1.426666666667e+00,5.272177724755e-12,1.113483377638e-06,-1.113478105461e-06
4.500000000000e-01,y,1.440000000000e+00,5.394452056656e-12,1.301491971943e-06,-1.301486577491e-06
4.500000000000e-01,y,1.453333333333e+00,7.748115439412e-12,1.406020964980e-06,-1.406013216865e-06
4.500000000000e-01,y,1.466666666667e+00,8.241015556149e-12,1.430625633200e-06,-1.430617392184e-06
4.500000000000e-01,y,1.480000000000e+00,5.615647361137e-12,1.385354642711e-06,-1.385349027064e-06
4.500000000000e-01,y,1.493333333333e+00,3.481550672565e-12,1.284817037519e-06,-1.284813555968e-06
4.500000000000e-01,y,1.506666666667e+00,3.243895375504e-12,1.145959390396e-06,-1.145956146500e-06
4.500000000000e-01,y,1.520000000000e+00,4.803560929078e-12,9.859143296822e-07,-9.859095261213e-07
4.500000000000e-01,y,1.533333333333e+00,5.816787598384e-12,8.202162488530e-07,-8.202104320654e-07
4.500000000000e-01,y,1.546666666667e+00,7.352592775935e-12,6.615723564984e-07,-6.615650039056e-07
4.500000000000e-01,y,1.560000000000e+00,1.095670269591e-11,5.192539115069e-07,-5.192429548042e-07
4.500000000000e-01,y,1.573333333333e+00,1.683081048558e-11,3.990591010560e-07,-3.990422702455e-07
4.500000000000e-01,y,1.586666666667e+00,2.324570452241e-11,3.037150573151e-07,-3.036918116106e-07
4.500000000000e-01,y,1.600000000000e+00,2.753020855150e-11,2.335424714238e-07,-2.335149412153e-07
4.500000000000e-01,y,1.613333333333e+00,2.947263314221e-11,1.872031320167e-07,-1.871736593835e-07
4.500000000000e-01,y,1.626666666667e+00,2.825436633844e-11,1.623814327340e-07,-1.623531783677e-07
4.500000000000e-01,y,1.640000000000e+00,2.240612700896e-11,1.563030925915e-07,-1.562806864645e-07
4.500000000000e-01,y,1.653333333333e+00,9.842716169815e-12,1.660535214329e-07,-1.660436787167e-07
4.500000000000e-01,y,1.666666666667e+00,-9.560119651101e-12,1.887108290757e-07,-1.887203891954e-07
4.500000000000e-01,y,1.680000000000e+00,-3.186715459713e-11,2.213441709481e-07,-2.213760381027e-07
4.500000000000e-01,y,1.693333333333e+00,-5.363474553828e-11,2.609417869313e-07,-2.609954216769e-07
4.500000000000e-01,y,1.706666666667e+00,-7.099298691211e-11,3.043254892984e-07,-3.043964822853e-07
4.500000000000e-01,y,1.720000000000e+00,-8.191010074737e-11,3.480858974940e-07,-3.481678075948e-07
4.500000000000e-01,y,1.733333333333e+00,-8.433996446823e-11,3.885458418526e-07,-3.886301818171e-07
4.500000000000e-01,y,1.746666666667e+00,-7.817445681263e-11,4.217396521491e-07,-4.218178266059e-07
4.500000000000e-01,y,1.760000000000e+00,-6.332166856650e-11,4.433925339848e-07,-4.434558556534e-07
4.500000000000e-01,y,1.773333333333e+00,-4.195940397212e-11,4.488998794817e-07,-4.489418388857e-07
4.500000000000e-01,y,1.786666666667e+00,-1.646319227329e-11,4.333360582000e-07,-4.333525213923e-07
4.500000000000e-01,y,1.800000000000e+00,1.134385606042e-11,3.915534711223e-07,-3.915421272662e-07
4.500000000000e-01,y,1.813333333333e+00,3.848258005730e-11,3.184491302343e-07,-3.184106476542e-07
4.500000000000e-01,y,1.826666666667e+00,6.208909057847e-11,2.094635155452e-07,-2.094014264546e-07
4.500000000000e-01,y,1.840000000000e+00,7.946386597388e-11,6.132896431585e-08,-6.124950044988e-08
4.500000000000e-01,y,1.853333333333e+00,8.756348635731e-11,-1.269912852451e-07,1.270788487315e-07
4.500000000000e-01,y,1.866666666667e+00,8.406814019026e-11,-3.533182225937e-07,3.534022907339e-07
4.500000000000e-01,y,1.880000000000e+00,6.854662037361e-11,-6.114402259078e-07,6.115087725281e-07
4.500000000000e-01,y,1.893333333333e+00,4.080115470241e-11,-8.907037118654e-07,8.907445130201e-07
4.500000000000e-01,y,1.906666666667e+00,1.962487532752e-12,-1.176215717243e-06,1.176217679731e-06
4.500000000000e-01,y,1.920000000000e+00,-4.082075347114e-11,-1.449766367015e-06,1.449725546262e-06
4.500000000000e-01,y,1.933333333333e+00,-7.158284392056e-11,-1.691438795154e-06,1.691367212310e-06
4.500000000000e-01,y,1.946666666667e+00,-7.576336612461e-11,-1.881722065330e-06,1.881646301963e-06
4.500000000000e-01,y,1.960000000000e+00,-4.619950280118e-11,-2.003817272825e-06,2.003771073322e-06
4.500000000000e-01,y,1.973333333333e+00,9.994362084421e-12,-2.045761652052e-06,2.045771646414e-06
4.500000000000e-01,y,1.986666666667e+00,4.882367006123e-11,-2.002008877603e-06,2.002057701273e-06
4.500000000000e-01,y,2.000000000000e+00,-1.741593721365e-11,-1.874194462683e-06,1.874177046746e-06
7.000000000000e-01,x,-2.000000000000e+00,-5.166344856215e-10,2.352616397719e-06,-2.353133032205e-06
7.000000000000e-01,x,-1.986666666667e+00,8.670080550373e-10,2.374666909324e-06,-2.373799901268e-06
7.000000000000e-01,x,-1.973333333333e+00,9.778468671429e-11,2.378502642054e-06,-2.378404857367e-06
7.000000000000e-01,x,-1.960000000000e+00,-9.660936487010e-10,2.365564851650e-06,-2.366530945298e-06
7.000000000000e-01,x,-1.946666666667e+00,-1.408264205108e-09,2.338194940271e-06,-2.339603204476e-06
7.000000000000e-01,x,-1.933333333333e+00,-1.177876596105e-09,2.299343716074e-06,-2.300521592670e-06
7.000000000000e-01,x,-1.920000000000e+00,-5.010216396349e-10,2.252258374145e-06,-2.252759395784e-06
7.000000000000e-01,x,-1.906666666667e+00,2.309559663358e-10,2.200185142803e-06,-2.199954186837e-06
7.000000000000e-01,x,-1.893333333333e+00,6.270310547002e-10,2.146119577440e-06,-2.145492546385e-06
7.000000000000e-01,x,-1.880000000000e+00,6.437202080705e-10,2.092626700269e-06,-2.091982980061e-06
7.000000000000e-01,x,-1.866666666667e+00,4.038253313764e-10,2.041741328439e-06,-2.041337503108e-06
7.000000000000e-01,x,-1.853333333333e+00,5.611982837050e-11,1.994946903189e-06,-1.994890783360e-06
7.000000000000e-01,x,-1.840000000000e+00,-2.541134592007e-10,1.953220667004e-06,-1.953474780463e-06
7.000000000000e-01,x,-1.826666666667e+00,-4.250734030460e-10,1.917125462474e-06,-1.917550535877e-06
7.000000000000e-01,x,-1.813333333333e+00,-4.345351913309e-10,1.886924516009e-06,-1.887359051200e-06
7.000000000000e-01,x,-1.800000000000e+00,-3.180525892823e-10,1.862695488975e-06,-1.863013541565e-06
7.000000000000e-01,x,-1.786666666667e+00,-1.547762347671e-10,1.844423445519e-06,-1.844578221753e-06
7.000000000000e-01,x,-1.773333333333e+00,-5.448257439885e-11,1.832058388478e-06,-1.832112871052e-06
7.000000000000e-01,x,-1.760000000000e+00,-6.612900837723e-11,1.825530575003e-06,-1.825596704011e-06
7.000000000000e-01,x,-1.746666666667e+00,-1.282752892813e-10,1.824724768147e-06,-1.824853043436e-06
7.000000000000e-01,x,-1.733333333333e+00,-1.978475917886e-10,1.829421798241e-06,-1.829619645833e-06
7.000000000000e-01,x,-1.720000000000e+00,-2.705177370248e-10,1.839221369719e-06,-1.839491887456e-06
7.000000000000e-01,x,-1.706666666667e+00,-3.831268128958e-10,1.853463302720e-06,-1.853846429533e-06
7.000000000000e-01,x,-1.693333333333e+00,-5.010409940803e-10,1.871165009174e-06,-1.871666050168e-06
7.000000000000e-01,x,-1.680000000000e+00,-5.520113081484e-10,1.890990972119e-06,-1.891542983427e-06
7.000000000000e-01,x,-1.666666666667e+00,-5.386796769376e-10,1.911265642483e-06,-1.911804322160e-06
7.000000000000e-01,x,-1.653333333333e+00,-5.481254610974e-10,1.930035084142e-06,-1.930583209603e-06
7.000000000000e-01,x,-1.640000000000e+00,-7.090471989992e-10,1.945175691882e-06,-1.945884739081e-06
7.000000000000e-01,x,-1.626666666667e+00,-9.194357915585e-10,1.954541310042e-06,-1.955460745834e-06
7.000000000000e-01,x,-1.613333333333e+00,-1.052399728889e-09,1.956134046217e-06,-1.957186445946e-06
7.000000000000e-01,x,-1.600000000000e+00,-1.123321992338e-09,1.948279862720e-06,-1.949403184713e-06
7.000000000000e-01,x,-1.586666666667e+00,-1.308203468079e-09,1.929788280720e-06,-1.931096484188e-06
7.000000000000e-01,x,-1.573333333333e+00,-1.769747213737e-09,1.900076570959e-06,-1.901846318173e-06
7.000000000000e-01,x,-1.560000000000e+00,-2.231095334629e-09,1.859242562524e-06,-1.861473657858e-06
7.000000000000e-01,x,-1.546666666667e+00,-2.529265894647e-09,1.808076207238e-06,-1.810605473133e-06
7.000000000000e-01,x,-1.533333333333e+00,-2.804828200854e-09,1.748007468485e-06,-1.750812296686e-06
7.000000000000e-01,x,-1.520000000000e+00,-3.522387539352e-09,1.680995902965e-06,-1.684518290505e-06
7.000000000000e-01,x,-1.506666666667e+00,-4.788426352795e-09,1.609374346632e-06,-1.614162772985e-06
7.000000000000e-01,x,-1.493333333333e+00,-5.884583635087e-09,1.535664395270e-06,-1.541548978905e-06
7.000000000000e-01,x,-1.480000000000e+00,-6.558007680942e-09,1.462384166631e-06,-1.468942174312e-06
7.000000000000e-01,x,-1.466666666667e+00,-7.282846790844e-09,1.391868832607e-06,-1.399151679397e-06
7.000000000000e-01,x,-1.453333333333e+00,-9.234749816066e-09,1.326121746445e-06,-1.335356496261e-06
7.000000000000e-01,x,-1.440000000000e+00,-1.185124577406e-08,1.266709186567e-06,-1.278560432341e-06
7.000000000000e-01,x,-1.426666666667e+00,-1.341972320592e-08,1.214705566415e-06,-1.228125289621e-06
7.000000000000e-01,x,-1.413333333333e+00,-1.418226204848e-08,1.170689219185e-06,-1.184871481234e-06
7.000000000000e-01,x,-1.400000000000e+00,-1.709242720914e-08,1.134782075093e-06,-1.151874502303e-06
7.000000000000e-01,x,-1.386666666667e+00,-2.746787561121e-08,1.106719535262e-06,-1.134187410873e-06
7.000000000000e-01,x,-1.373333333333e+00,-4.580095896531e-08,1.085928167293e-06,-1.131729126259e-06
7.000000000000e-01,x,-1.360000000000e+00,-7.512807078088e-08,1.071574965779e-06,-1.146703036560e-06
7.000000000000e-01,x,-1.346666666667e+00,-1.292252271319e-07,1.062526100906e-06,-1.191751328038e-06
7.000000000000e-01,x,-1.333333333333e+00,-2.367072304240e-07,1.057104123127e-06,-1.293811353551e-06
7.000000000000e-01,x,-1.320000000000e+00,-4.404824818131e-07,1.052443890850e-06,-1.492926372664e-06
7.000000000000e-01,x,-1.306666666667e+00,-7.880692651530e-07,1.043097194807e-06,-1.831166459960e-06
7.000000000000e-01,x,-1.293333333333e+00,-1.361274684770e-06,1.018299480101e-06,-2.379574164871e-06
7.000000000000e-01,x,-1.280000000000e+00,-2.297692057432e-06,9.569669568139e-07,-3.254659014246e-06
7.000000000000e-01,x,-1.266666666667e+00,-3.809661201467e-06,8.190265115406e-07,-4.628687713007e-06
7.000000000000e-01,x,-1.253333333333e+00,-6.202084897770e-06,5.310993990456e-07,-6.733184296816e-06
7.000000000000e-01,x,-1.240000000000e+00,-9.896607402999e-06,-3.611115086431e-08,-9.860496252134e-06
7.000000000000e-01,x,-1.226666666667e+00,-1.547976808270e-05,-1.102094458259e-06,-1.437767362444e-05
7.000000000000e-01,x,-1.213333333333e+00,-2.375201298717e-05,-3.026541492835e-06,-2.072547149434e-05
7.000000000000e-01,x,-1.200000000000e+00,-3.578730387046e-05,-6.379791858686e-06,-2.940751201177e-05
7.000000000000e-01,x,-1.186666666667e+00,-5.309524354419e-05,-1.203887952661e-05,-4.105636401758e-05
7.000000000000e-01,x,-1.173333333333e+00,-7.768681075952e-05,-2.131443873803e-05,-5.637237202149e-05
7.000000000000e-01,x,-1.160000000000e+00,-1.120276319210e-04,-3.611312759985e-05,-7.591450432111e-05
7.000000000000e-01,x,-1.146666666667e+00,-1.591028878024e-04,-5.913834154599e-05,-9.996454625642e-05
7.000000000000e-01,x,-1.133333333333e+00,-2.225447266280e-04,-9.412801977534e-05,-1.284167068527e-04
7.000000000000e-01,x,-1.120000000000e+00,-3.071789060009e-04,-1.461213957050e-04,-1.610575102959e-04
7.000000000000e-01,x,-1.106666666667e+00,-4.187722036182e-04,-2.217358816091e-04,-1.970363220091e-04
7.000000000000e-01,x,-1.093333333333e+00,-5.636606512735e-04,-3.294207294939e-04,-2.342399217796e-04
7.000000000000e-01,x,-1.080000000000e+00,-7.486593292021e-04,-4.796364321310e-04,-2.690228970711e-04
7.000000000000e-01,x,-1.066666666667e+00,-9.811141310992e-04,-6.848900084986e-04,-2.962241226006e-04
7.000000000000e-01,x,-1.053333333333e+00,-1.269333135213e-03,-9.595396889527e-04,-3.097934462602e-04
7.000000000000e-01,x,-1.040000000000e+00,-1.621611331246e-03,-1.319272625258e-03,-3.023387059873e-04
7.000000000000e-01,x,-1.026666666667e+00,-2.045469656054e-03,-1.780161458549e-03,-2.653081975046e-04
7.000000000000e-01,x,-1.013333333333e+00,-2.547029861097e-03,-2.357225343462e-03,-1.898045176349e-04
7.000000000000e-01,x,-1.000000000000e+00,-3.129837421891e-03,-3.062462867383e-03,-6.737455450780e-05
7.000000000000e-01,x,-9.866666666667e-01,-3.793498933478e-03,-3.902390457188e-03,1.088915237099e-04
7.000000000000e-01,x,-9.733333333333e-01,-4.533864739004e-03,-4.875208790194e-03,3.413440511903e-04
7.000000000000e-01,x,-9.600000000000e-01,-5.342285846134e-03,-5.967824741401e-03,6.255388952668e-04
7.000000000000e-01,x,-9.466666666667e-01,-6.204533307511e-03,-7.153064903778e-03,9.485315962669e-04
7.000000000000e-01,x,-9.333333333333e-01,-7.096275769951e-03,-8.387510466786e-03,1.291234696835e-03
7.000000000000e-01,x,-9.200000000000e-01,-7.981954412419e-03,-9.610440071193e-03,1.628485658773e-03
7.000000000000e-01,x,-9.066666666667e-01,-8.819305868830e-03,-1.074436441552e-02,1.925058546687e-03
7.000000000000e-01,x,-8.933333333333e-01,-9.560108631792e-03,-1.169755514696e-02,2.137446515165e-03
7.000000000000e-01,x,-8.800000000000e-01,-1.015055034980e-02,-1.236880149353e-02,2.218251143734e-03
7.000000000000e-01,x,-8.666666666667e-01,-1.052876907177e-02,-1.265437582138e-02,2.125606749612e-03
7.000000000000e-01,x,-8.533333333333e-01,-1.062838016872e-02,-1.245687554914e-02,1.828495380426e-03
7.000000000000e-01,x,-8.400000000000e-01,-1.038410849170e-02,-1.169527244441e-02,1.311163952713e-03
7.000000000000e-01,x,-8.266666666667e-01,-9.735648315186e-03,-1.031519346305e-02,5.795451478604e-04
7.000000000000e-01,x,-8.133333333333e-01,-8.634152939942e-03,-8.298238013654e-03,-3.359149262880e-04
7.000000000000e-01,x,-8.000000000000e-01,-7.056456946347e-03,-5.669058315875e-03,-1.387398630472e-03
7.000000000000e-01,x,-7.866666666667e-01,-4.999764387391e-03,-2.499029798579e-03,-2.500734588812e-03
7.000000000000e-01,x,-7.733333333333e-01,-2.480477354776e-03,1.094371500660e-03,-3.574848855436e-03
7.000000000000e-01,x,-7.600000000000e-01,4.626293531883e-04,4.952908996855e-03,-4.490279643666e-03
7.000000000000e-01,x,-7.466666666667e-01,3.756516237271e-03,8.887494348631e-03,-5.130978111360e-03
7.000000000000e-01,x,-7.333333333333e-01,7.278292648613e-03,1.269190872653e-02,-5.413616077920e-03
7.000000000000e-01,x,-7.200000000000e-01,1.087872577757e-02,1.615903250375e-02,-5.280306726180e-03
7.000000000000e-01,x,-7.066666666667e-01,1.439144310738e-02,1.909788243655e-02,-4.706439329167e-03
7.000000000000e-01,x,-6.933333333333e-01,1.763953203713e-02,2.134958047165e-02,-3.710048434516e-03
7.000000000000e-01,x,-6.800000000000e-01,2.044978937989e-02,2.280046180992e-02,-2.350672430032e-03
7.000000000000e-01,x,-6.666666666667e-01,2.266305152600e-02,2.339086555342e-02,-7.278140274225e-04
7.000000000000e-01,x,-6.533333333333e-01,2.413353910980e-02,2.311869033382e-02,1.014848775981e-03
7.000000000000e-01,x,-6.400000000000e-01,2.473834585005e-02,2.203745678365e-02,2.700889066405e-03
7.000000000000e-01,x,-6.266666666667e-01,2.439156776393e-02,2.024929660143e-02,4.142271162505e-03
7.000000000000e-01,x,-6.133333333333e-01,2.309690982193e-02,1.789388197577e-02,5.203027846151e-03
7.000000000000e-01,x,-6.000000000000e-01,2.093800918105e-02,1.513473484578e-02,5.803274335271e-03
7.000000000000e-01,x,-5.866666666667e-01,1.804231355791e-02,1.214456036956e-02,5.897753188354e-03
7.000000000000e-01,x,-5.733333333333e-01,1.457564476762e-02,9.091219658746e-03,5.484425108874e-03
7.000000000000e-01,x,-5.600000000000e-01,1.073606415184e-02,6.125718395655e-03,4.610345756184e-03
7.000000000000e-01,x,-5.466666666667e-01,6.744388421556e-03,3.373196164720e-03,3.371192256836e-03
7.000000000000e-01,x,-5.333333333333e-01,2.835519974093e-03,9.274299752494e-04,1.908089998844e-03
7.000000000000e-01,x,-5.200000000000e-01,-7.544464314024e-04,-1.151108322820e-03,3.966618914178e-04
7.000000000000e-01,x,-5.066666666667e-01,-3.804644578500e-03,-2.834010136646e-03,-9.706344418533e-04
7.000000000000e-01,x,-4.933333333333e-01,-6.152748730626e-03,-4.121170352295e-03,-2.031578378332e-03
7.000000000000e-01,x,-4.800000000000e-01,-7.761011081024e-03,-5.035338975538e-03,-2.725672105485e-03
7.000000000000e-01,x,-4.666666666667e-01,-8.651003108214e-03,-5.615843270505e-03,-3.035159837710e-03
7.000000000000e-01,x,-4.533333333333e-01,-8.885572309769e-03,-5.912257607849e-03,-2.973314701920e-03
7.000000000000e-01,x,-4.400000000000e-01,-8.564913133116e-03,-5.978638397091e-03,-2.586274736025e-03
7.000000000000e-01,x,-4.266666666667e-01,-7.819589350862e-03,-5.868741841170e-03,-1.950847509691e-03
7.000000000000e-01,x,-4.133333333333e-01,-6.802293877199e-03,-5.632438415940e-03,-1.169855461259e-03
7.000000000000e-01,x,-4.000000000000e-01,-5.680579501992e-03,-5.313357913846e-03,-3.672215881459e-04
7.000000000000e-01,x,-3.866666666667e-01,-4.623031493986e-03,-4.947660352862e-03,3.246288588757e-04
7.000000000000e-01,x,-3.733333333333e-01,-3.780248873089e-03,-4.563738343258e-03,7.834894701692e-04
7.000000000000e-01,x,-3.600000000000e-01,-3.211155366776e-03,-4.182614061711e-03,9.714586949354e-04
7.000000000000e-01,x,-3.466666666667e-01,-2.890346038008e-03,-3.818791008110e-03,9.284449701021e-04
7.000000000000e-01,x,-3.333333333333e-01,-2.764790040703e-03,-3.481346126349e-03,7.165560856463e-04
7.000000000000e-01,x,-3.200000000000e-01,-2.762512137545e-03,-3.175089912034e-03,4.125777744883e-04
7.000000000000e-01,x,-3.066666666667e-01,-2.804676333573e-03,-2.901670369344e-03,9.699403577155e-05
7.000000000000e-01,x,-2.933333333333e-01,-2.842671106859e-03,-2.660543132924e-03,-1.821279739352e-04
7.000000000000e-01,x,-2.800000000000e-01,-2.842187678511e-03,-2.449769601267e-03,-3.924180772439e-04
7.000000000000e-01,x,-2.666666666667e-01,-2.771887081825e-03,-2.266635055009e-03,-5.052520268161e-04
7.000000000000e-01,x,-2.533333333333e-01,-2.608153434873e-03,-2.108099088107e-03,-5.000543467669e-04
7.000000000000e-01,x,-2.400000000000e-01,-2.346854407232e-03,-1.971102318310e-03,-3.757520889224e-04
7.000000000000e-01,x,-2.266666666667e-01,-2.023539828727e-03,-1.852758082664e-03,-1.707817460625e-04
7.000000000000e-01,x,-2.133333333333e-01,-1.689931263258e-03,-1.750457702421e-03,6.052643916234e-05
7.000000000000e-01,x,-2.000000000000e-01,-1.402325305771e-03,-1.661914808408e-03,2.595895026372e-04
7.000000000000e-01,x,-1.866666666667e-01,-1.214623602255e-03,-1.585169684553e-03,3.705460822976e-04
7.000000000000e-01,x,-1.733333333333e-01,-1.150030399317e-03,-1.518569717747e-03,3.685393184296e-04
7.000000000000e-01,x,-1.600000000000e-01,-1.181283816495e-03,-1.460737532804e-03,2.794537163086e-04
7.000000000000e-01,x,-1.466666666667e-01,-1.269255750626e-03,-1.410534603629e-03,1.412788530027e-04
7.000000000000e-01,x,-1.333333333333e-01,-1.371293211024e-03,-1.367025184627e-03,-4.268026396601e-06
7.000000000000e-01,x,-1.200000000000e-01,-1.446802670243e-03,-1.329443263846e-03,-1.173594063970e-04
7.000000000000e-01,x,-1.066666666667e-01,-1.475032816282e-03,-1.297163782963e-03,-1.778690333194e-04
7.000000000000e-01,x,-9.333333333333e-02,-1.456103687064e-03,-1.269678450647e-03,-1.864252364171e-04
7.000000000000e-01,x,-8.000000000000e-02,-1.398013239899e-03,-1.246575949575e-03,-1.514372903237e-04
7.000000000000e-01,x,-6.666666666667e-02,-1.315741457897e-03,-1.227526078879e-03,-8.821537901754e-05
7.000000000000e-01,x,-5.333333333333e-02,-1.229132903178e-03,-1.212267285441e-03,-1.686561773695e-05
7.000000000000e-01,x,-4.000000000000e-02,-1.148374359718e-03,-1.200597048746e-03,5.222268902798e-05
7.000000000000e-01,x,-2.666666666667e-02,-1.080367504265e-03,-1.192364647283e-03,1.119971430177e-04
7.000000000000e-01,x,-1.333333333333e-02,-1.033966959727e-03,-1.187465920300e-03,1.534989605727e-04
7.000000000000e-01,x,0.000000000000e+00,-1.017180813707e-03,-1.185839730203e-03,1.686589164959e-04
7.000000000000e-01,x,1.333333333333e-02,-1.033967181285e-03,-1.187465920300e-03,1.534987390150e-04
7.000000000000e-01,x,2.666666666667e-02,-1.080367909741e-03,-1.192364647283e-03,1.119967375417e-04
7.000000000000e-01,x,4.000000000000e-02,-1.148374886894e-03,-1.200597048746e-03,5.222216185176e-05
7.000000000000e-01,x,5.333333333333e-02,-1.229133493240e-03,-1.212267285441e-03,-1.686620779870e-05
7.000000000000e-01,x,6.666666666667e-02,-1.315742099602e-03,-1.227526078879e-03,-8.821602072289e-05
7.000000000000e-01,x,8.000000000000e-02,-1.398013935901e-03,-1.246575949575e-03,-1.514379863253e-04
7.000000000000e-01,x,9.333333333333e-02,-1.456104333533e-03,-1.269678450647e-03,-1.864258828861e-04
7.000000000000e-01,x,1.066666666667e-01,-1.475033245423e-03,-1.297163782963e-03,-1.778694624603e-04
7.000000000000e-01,x,1.200000000000e-01,-1.446802709801e-03,-1.329443263846e-03,-1.173594459552e-04
7.000000000000e-01,x,1.333333333333e-01,-1.371292737449e-03,-1.367025184627e-03,-4.267552821642e-06
7.000000000000e-01,x,1.466666666667e-01,-1.269254698724e-03,-1.410534603629e-03,1.412799049051e-04
7.000000000000e-01,x,1.600000000000e-01,-1.181282174136e-03,-1.460737532804e-03,2.794553586683e-04
7.000000000000e-01,x,1.733333333333e-01,-1.150028220001e-03,-1.518569717747e-03,3.685414977453e-04
7.000000000000e-01,x,1.866666666667e-01,-1.214620991311e-03,-1.585169684553e-03,3.705486932417e-04
7.000000000000e-01,x,2.000000000000e-01,-1.402322388924e-03,-1.661914808408e-03,2.595924194836e-04
7.000000000000e-01,x,2.133333333333e-01,-1.689928232004e-03,-1.750457702421e-03,6.052947041665e-05
7.000000000000e-01,x,2.266666666667e-01,-2.023536930975e-03,-1.852758082664e-03,-1.707788483107e-04
7.000000000000e-01,x,2.400000000000e-01,-2.346851877714e-03,-1.971102318310e-03,-3.757495594043e-04
7.000000000000e-01,x,2.533333333333e-01,-2.608151425000e-03,-2.108099088107e-03,-5.000523368939e-04
7.000000000000e-01,x,2.666666666667e-01,-2.771885625426e-03,-2.266635055009e-03,-5.052505704165e-04
7.000000000000e-01,x,2.800000000000e-01,-2.842186797923e-03,-2.449769601267e-03,-3.924171966563e-04
7.000000000000e-01,x,2.933333333333e-01,-2.842670805584e-03,-2.660543132924e-03,-1.821276726601e-04
7.000000000000e-01,x,3.066666666667e-01,-2.804676557104e-03,-2.901670369344e-03,9.699381224061e-05
7.000000000000e-01,x,3.200000000000e-01,-2.762512752091e-03,-3.175089912034e-03,4.125771599427e-04
7.000000000000e-01,x,3.333333333333e-01,-2.764790847649e-03,-3.481346126349e-03,7.165552787001e-04
7.000000000000e-01,x,3.466666666667e-01,-2.890346829373e-03,-3.818791008110e-03,9.284441787369e-04
7.000000000000e-01,x,3.600000000000e-01,-3.211155953768e-03,-4.182614061711e-03,9.714581079432e-04
7.000000000000e-01,x,3.733333333333e-01,-3.780249127640e-03,-4.563738343258e-03,7.834892156180e-04
7.000000000000e-01,x,3.866666666667e-01,-4.623031406919e-03,-4.947660352862e-03,3.246289459432e-04
7.000000000000e-01,x,4.000000000000e-01,-5.680579110442e-03,-5.313357913846e-03,-3.672211965955e-04
7.000000000000e-01,x,4.133333333333e-01,-6.802293159968e-03,-5.632438415940e-03,-1.169854744028e-03
7.000000000000e-01,x,4.266666666667e-01,-7.819588275454e-03,-5.868741841170e-03,-1.950846434284e-03
7.000000000000e-01,x,4.400000000000e-01,-8.564911689077e-03,-5.978638397091e-03,-2.586273291987e-03
7.000000000000e-01,x,4.533333333333e-01,-8.885570520991e-03,-5.912257607849e-03,-2.973312913142e-03
7.000000000000e-01,x,4.666666666667e-01,-8.651001030680e-03,-5.615843270505e-03,-3.035157760176e-03
7.000000000000e-01,x,4.800000000000e-01,-7.761008794514e-03,-5.035338975538e-03,-2.725669818976e-03
7.000000000000e-01,x,4.933333333333e-01,-6.152746329497e-03,-4.121170352295e-03,-2.031575977202e-03
7.000000000000e-01,x,5.066666666667e-01,-3.804642166703e-03,-2.834010136646e-03,-9.706320300565e-04
7.000000000000e-01,x,5.200000000000e-01,-7.544441153161e-04,-1.151108322820e-03,3.966642075041e-04
7.000000000000e-01,x,5.333333333333e-01,2.835522117096e-03,9.274299752494e-04,1.908092141847e-03
7.000000000000e-01,x,5.466666666667e-01,6.744390344041e-03,3.373196164720e-03,3.371194179320e-03
7.000000000000e-01,x,5.600000000000e-01,1.073606581766e-02,6.125718395655e-03,4.610347422007e-03
7.000000000000e-01,x,5.733333333333e-01,1.457564612378e-02,9.091219658746e-03,5.484426465037e-03
7.000000000000e-01,x,5.866666666667e-01,1.804231453620e-02,1.214456036956e-02,5.897754166647e-03
7.000000000000e-01,x,6.000000000000e-01,2.093800976038e-02,1.513473484578e-02,5.803274914604e-03
7.000000000000e-01,x,6.133333333333e-01,2.309691001626e-02,1.789388197577e-02,5.203028040484e-03
7.000000000000e-01,x,6.266666666667e-01,2.439156761152e-02,2.024929660143e-02,4.142271010091e-03
7.000000000000e-01,x,6.400000000000e-01,2.473834542127e-02,2.203745678365e-02,2.700888637618e-03
7.000000000000e-01,x,6.533333333333e-01,2.413353848198e-02,2.311869033382e-02,1.014848148161e-03
7.000000000000e-01,x,6.666666666667e-01,2.266305074453e-02,2.339086555342e-02,-7.278148088975e-04
7.000000000000e-01,x,6.800000000000e-01,2.044978847308e-02,2.280046180992e-02,-2.350673336838e-03
7.000000000000e-01,x,6.933333333333e-01,1.763953102230e-02,2.134958047165e-02,-3.710049449351e-03
7.000000000000e-01,x,7.066666666667e-01,1.439144198870e-02,1.909788243655e-02,-4.706440447854e-03
7.000000000000e-01,x,7.200000000000e-01,1.087872457876e-02,1.615903250375e-02,-5.280307924990e-03
7.000000000000e-01,x,7.333333333333e-01,7.278291431357e-03,1.269190872653e-02,-5.413617295176e-03
7.000000000000e-01,x,7.466666666667e-01,3.756515087708e-03,8.887494348631e-03,-5.130979260923e-03
7.000000000000e-01,x,7.600000000000e-01,4.626283694994e-04,4.952908996855e-03,-4.490280627355e-03
7.000000000000e-01,x,7.733333333333e-01,-2.480478077921e-03,1.094371500660e-03,-3.574849578581e-03
7.000000000000e-01,x,7.866666666667e-01,-4.999764788221e-03,-2.499029798579e-03,-2.500734989642e-03
7.000000000000e-01,x,8.000000000000e-01,-7.056457011810e-03,-5.669058315875e-03,-1.387398695935e-03
7.000000000000e-01,x,8.133333333333e-01,-8.634152710177e-03,-8.298238013654e-03,-3.359146965226e-04
7.000000000000e-01,x,8.266666666667e-01,-9.735647883132e-03,-1.031519346305e-02,5.795455799143e-04
7.000000000000e-01,x,8.400000000000e-01,-1.038410798273e-02,-1.169527244441e-02,1.311164461679e-03
7.000000000000e-01,x,8.533333333333e-01,-1.062837968595e-02,-1.245687554914e-02,1.828495863188e-03
7.000000000000e-01,x,8.666666666667e-01,-1.052876868311e-02,-1.265437582138e-02,2.125607138270e-03
7.000000000000e-01,x,8.800000000000e-01,-1.015055008548e-02,-1.236880149353e-02,2.218251408056e-03
7.000000000000e-01,x,8.933333333333e-01,-9.560108483939e-03,-1.169755514696e-02,2.137446663018e-03
7.000000000000e-01,x,9.066666666667e-01,-8.819305807436e-03,-1.074436441552e-02,1.925058608081e-03
7.000000000000e-01,x,9.200000000000e-01,-7.981954409796e-03,-9.610440071193e-03,1.628485661397e-03
7.000000000000e-01,x,9.333333333333e-01,-7.096275800584e-03,-8.387510466786e-03,1.291234666202e-03
7.000000000000e-01,x,9.466666666667e-01,-6.204533343581e-03,-7.153064903778e-03,9.485315601972e-04
7.000000000000e-01,x,9.600000000000e-01,-5.342285851814e-03,-5.967824741401e-03,6.255388895864e-04
7.000000000000e-01,x,9.733333333333e-01,-4.533864686424e-03,-4.875208790194e-03,3.413441037701e-04
7.000000000000e-01,x,9.866666666667e-01,-3.793498815631e-03,-3.902390457188e-03,1.088916415570e-04
7.000000000000e-01,x,1.000000000000e+00,-3.129837248844e-03,-3.062462867383e-03,-6.737438146102e-05
7.000000000000e-01,x,1.013333333333e+00,-2.547029660402e-03,-2.357225343462e-03,-1.898043169398e-04
7.000000000000e-01,x,1.026666666667e+00,-2.045469472545e-03,-1.780161458549e-03,-2.653080139954e-04
7.000000000000e-01,x,1.040000000000e+00,-1.621611198116e-03,-1.319272625258e-03,-3.023385728574e-04
7.000000000000e-01,x,1.053333333333e+00,-1.269333064700e-03,-9.595396889527e-04,-3.097933757470e-04
7.000000000000e-01,x,1.066666666667e+00,-9.811141197036e-04,-6.848900084986e-04,-2.962241112050e-04
7.000000000000e-01,x,1.080000000000e+00,-7.486593600694e-04,-4.796364321310e-04,-2.690229279384e-04
7.000000000000e-01,x,1.093333333333e+00,-5.636606986289e-04,-3.294207294939e-04,-2.342399691350e-04
7.000000000000e-01,x,1.106666666667e+00,-4.187722479261e-04,-2.217358816091e-04,-1.970363663170e-04
7.000000000000e-01,x,1.120000000000e+00,-3.071789365096e-04,-1.461213957050e-04,-1.610575408046e-04
7.000000000000e-01,x,1.133333333333e+00,-2.225447400418e-04,-9.412801977534e-05,-1.284167202665e-04
7.000000000000e-01,x,1.146666666667e+00,-1.591028869367e-04,-5.913834154599e-05,-9.996454539069e-05
7.000000000000e-01,x,1.160000000000e+00,-1.120276236660e-04,-3.611312759985e-05,-7.591449606616e-05
7.000000000000e-01,x,1.173333333333e+00,-7.768680046883e-05,-2.131443873803e-05,-5.637236173080e-05
7.000000000000e-01,x,1.186666666667e+00,-5.309523502633e-05,-1.203887952661e-05,-4.105635549972e-05
7.000000000000e-01,x,1.200000000000e+00,-3.578729858159e-05,-6.379791858686e-06,-2.940750672290e-05
7.000000000000e-01,x,1.213333333333e+00,-2.375201092679e-05,-3.026541492835e-06,-2.072546943396e-05
7.000000000000e-01,x,1.226666666667e+00,-1.547976827852e-05,-1.102094458259e-06,-1.437767382026e-05
7.000000000000e-01,x,1.240000000000e+00,-9.896608778648e-06,-3.611115086431e-08,-9.860497627784e-06
7.000000000000e-01,x,1.253333333333e+00,-6.202086530663e-06,5.310993990456e-07,-6.733185929709e-06
7.000000000000e-01,x,1.266666666667e+00,-3.809662384987e-06,8.190265115406e-07,-4.628688896528e-06
7.000000000000e-01,x,1.280000000000e+00,-2.297692532191e-06,9.569669568139e-07,-3.254659489005e-06
7.000000000000e-01,x,1.293333333333e+00,-1.361274391718e-06,1.018299480101e-06,-2.379573871819e-06
7.000000000000e-01,x,1.306666666667e+00,-7.880684063671e-07,1.043097194807e-06,-1.831165601174e-06
7.000000000000e-01,x,1.320000000000e+00,-4.404810923898e-07,1.052443890850e-06,-1.492924983240e-06
7.000000000000e-01,x,1.333333333333e+00,-2.367056350739e-07,1.057104123127e-06,-1.293809758201e-06
7.000000000000e-01,x,1.346666666667e+00,-1.292237102821e-07,1.062526100906e-06,-1.191749811188e-06
7.000000000000e-01,x,1.360000000000e+00,-7.512672334554e-08,1.071574965779e-06,-1.146701689125e-06
7.000000000000e-01,x,1.373333333333e+00,-4.579981101243e-08,1.085928167293e-06,-1.131727978306e-06
7.000000000000e-01,x,1.386666666667e+00,-2.746682306221e-08,1.106719535262e-06,-1.134186358324e-06
7.000000000000e-01,x,1.400000000000e+00,-1.709145231124e-08,1.134782075093e-06,-1.151873527405e-06
7.000000000000e-01,x,1.413333333333e+00,-1.418114289053e-08,1.170689219185e-06,-1.184870362076e-06
7.000000000000e-01,x,1.426666666667e+00,-1.341857825621e-08,1.214705566415e-06,-1.228124144671e-06
7.000000000000e-01,x,1.440000000000e+00,-1.184968037725e-08,1.266709186567e-06,-1.278558866944e-06
7.000000000000e-01,x,1.453333333333e+00,-9.233189018979e-09,1.326121746445e-06,-1.335354935464e-06
7.000000000000e-01,x,1.466666666667e+00,-7.281607329702e-09,1.391868832607e-06,-1.399150439936e-06
7.000000000000e-01,x,1.480000000000e+00,-6.557390212164e-09,1.462384166631e-06,-1.468941556843e-06
7.000000000000e-01,x,1.493333333333e+00,-5.884315900761e-09,1.535664395270e-06,-1.541548711170e-06
7.000000000000e-01,x,1.506666666667e+00,-4.788543130875e-09,1.609374346632e-06,-1.614162889763e-06
7.000000000000e-01,x,1.520000000000e+00,-3.522803439376e-09,1.680995902965e-06,-1.684518706405e-06
7.000000000000e-01,x,1.533333333333e+00,-2.804519938391e-09,1.748007468485e-06,-1.750811988424e-06
7.000000000000e-01,x,1.546666666667e+00,-2.528174762589e-09,1.808076207238e-06,-1.810604382001e-06
7.000000000000e-01,x,1.560000000000e+00,-2.229469352463e-09,1.859242562524e-06,-1.861472031876e-06
7.000000000000e-01,x,1.573333333333e+00,-1.767344701252e-09,1.900076570959e-06,-1.901843915660e-06
7.000000000000e-01,x,1.586666666667e+00,-1.305264570202e-09,1.929788280720e-06,-1.931093545290e-06
7.000000000000e-01,x,1.600000000000e+00,-1.120773910852e-09,1.948279862720e-06,-1.949400636631e-06
7.000000000000e-01,x,1.613333333333e+00,-1.050179948208e-09,1.956134046217e-06,-1.957184226165e-06
7.000000000000e-01,x,1.626666666667e+00,-9.180277571068e-10,1.954541310042e-06,-1.955459337799e-06
7.000000000000e-01,x,1.640000000000e+00,-7.086537278691e-10,1.945175691882e-06,-1.945884345610e-06
7.000000000000e-01,x,1.653333333333e+00,-5.483260665641e-10,1.930035084142e-06,-1.930583410209e-06
7.000000000000e-01,x,1.666666666667e+00,-5.392506558380e-10,1.911265642483e-06,-1.911804893139e-06
7.000000000000e-01,x,1.680000000000e+00,-5.529107523820e-10,1.890990972119e-06,-1.891543882871e-06
7.000000000000e-01,x,1.693333333333e+00,-5.020442704555e-10,1.871165009174e-06,-1.871667053444e-06
7.000000000000e-01,x,1.706666666667e+00,-3.837911120491e-10,1.853463302720e-06,-1.853847093832e-06
7.000000000000e-01,x,1.720000000000e+00,-2.707610564633e-10,1.839221369719e-06,-1.839492130775e-06
7.000000000000e-01,x,1.733333333333e+00,-1.978828060979e-10,1.829421798241e-06,-1.829619681047e-06
7.000000000000e-01,x,1.746666666667e+00,-1.282109351762e-10,1.824724768147e-06,-1.824852979082e-06
7.000000000000e-01,x,1.760000000000e+00,-6.582066443625e-11,1.825530575003e-06,-1.825596395667e-06
7.000000000000e-01,x,1.773333333333e+00,-5.423521937475e-11,1.832058388478e-06,-1.832112623697e-06
7.000000000000e-01,x,1.786666666667e+00,-1.543413678957e-10,1.844423445519e-06,-1.844577786886e-06
7.000000000000e-01,x,1.800000000000e+00,-3.176069407760e-10,1.862695488975e-06,-1.863013095916e-06
7.000000000000e-01,x,1.813333333333e+00,-4.341061214652e-10,1.886924516009e-06,-1.887358622130e-06
7.000000000000e-01,x,1.826666666667e+00,-4.247042822389e-10,1.917125462474e-06,-1.917550166757e-06
7.000000000000e-01,x,1.840000000000e+00,-2.538027496740e-10,1.953220667004e-06,-1.953474469753e-06
7.000000000000e-01,x,1.853333333333e+00,5.675252957409e-11,1.994946903189e-06,-1.994890150659e-06
7.000000000000e-01,x,1.866666666667e+00,4.039885077193e-10,2.041741328439e-06,-2.041337339931e-06
7.000000000000e-01,x,1.880000000000e+00,6.436086749622e-10,2.092626700269e-06,-2.091983091594e-06
7.000000000000e-01,x,1.893333333333e+00,6.266950572136e-10,2.146119577440e-06,-2.145492882382e-06
7.000000000000e-01,x,1.906666666667e+00,2.296460139404e-10,2.200185142803e-06,-2.199955496789e-06
7.000000000000e-01,x,1.920000000000e+00,-5.028930801661e-10,2.252258374145e-06,-2.252761267225e-06
7.000000000000e-01,x,1.933333333333e+00,-1.179899242341e-09,2.299343716074e-06,-2.300523615316e-06
7.000000000000e-01,x,1.946666666667e+00,-1.410742183456e-09,2.338194940271e-06,-2.339605682454e-06
7.000000000000e-01,x,1.960000000000e+00,-9.685488982654e-10,2.365564851650e-06,-2.366533400548e-06
7.000000000000e-01,x,1.973333333333e+00,9.591039262995e-11,2.378502642054e-06,-2.378406731661e-06
7.000000000000e-01,x,1.986666666667e+00,8.662785130552e-10,2.374666909324e-06,-2.373800630810e-06
7.000000000000e-01,x,2.000000000000e+00,-5.157709023376e-10,2.352616397719e-06,-2.353132168622e-06
7.000000000000e-01,y,-2.000000000000e+00,3.768307863852e-11,1.363716282578e-06,-1.363678599499e-06
7.000000000000e-01,y,-1.986666666667e+00,2.270391091291e-10,1.191636608977e-06,-1.191409569868e-06
7.000000000000e-01,y,-1.973333333333e+00,1.075661884922e-10,1.025243197069e-06,-1.025135630880e-06
7.000000000000e-01,y,-1.960000000000e+00,-6.874406472816e-11,8.561470473391e-07,-8.562157914038e-07
7.000000000000e-01,y,-1.946666666667e+00,-1.727548728719e-10,6.798102763506e-07,-6.799830312234e-07
7.000000000000e-01,y,-1.933333333333e+00,-1.872340532443e-10,4.962238482735e-07,-4.964110823268e-07
7.000000000000e-01,y,-1.920000000000e+00,-1.332016561291e-10,3.095619444516e-07,-3.096951461078e-07
7.000000000000e-01,y,-1.906666666667e+00,-5.321396294178e-11,1.271124810884e-07,-1.271656950514e-07
7.000000000000e-01,y,-1.893333333333e+00,5.542185945092e-12,-4.216823834441e-08,4.217378053036e-08
7.000000000000e-01,y,-1.880000000000e+00,3.221338468385e-11,-1.891586766275e-07,1.891908900121e-07
7.000000000000e-01,y,-1.866666666667e+00,3.405850212772e-11,-3.058927008819e-07,3.059267593840e-07
7.000000000000e-01,y,-1.853333333333e+00,2.057380533066e-11,-3.865511592200e-07,3.865717330254e-07
7.000000000000e-01,y,-1.840000000000e+00,3.373920654031e-12,-4.280638582025e-07,4.280672321231e-07
7.000000000000e-01,y,-1.826666666667e+00,-9.756113663094e-12,-4.303273424063e-07,4.303175862926e-07
7.000000000000e-01,y,-1.813333333333e+00,-1.482369189552e-11,-3.960873554296e-07,3.960725317377e-07
7.000000000000e-01,y,-1.800000000000e+00,-1.343955639871e-11,-3.305590341409e-07,3.305455945845e-07
7.000000000000e-01,y,-1.786666666667e+00,-8.822743321416e-12,-2.408672106047e-07,2.408583878614e-07
7.000000000000e-01,y,-1.773333333333e+00,-7.189251299596e-12,-1.353871736028e-07,1.353799843515e-07
7.000000000000e-01,y,-1.760000000000e+00,-1.062304918143e-11,-2.305547210762e-08,2.304484905844e-08
7.000000000000e-01,y,-1.746666666667e+00,-1.431899804127e-11,8.729623497546e-08,-8.731055397350e-08
7.000000000000e-01,y,-1.733333333333e+00,-1.483091617107e-11,1.875494374701e-07,-1.875642683863e-07
7.000000000000e-01,y,-1.720000000000e+00,-1.103818087895e-11,2.708289249462e-07,-2.708399631271e-07
7.000000000000e-01,y,-1.706666666667e+00,-3.402356111712e-12,3.319414431571e-07,-3.319448455132e-07
7.000000000000e-01,y,-1.693333333333e+00,7.567911186645e-12,3.677071873177e-07,-3.676996194065e-07
7.000000000000e-01,y,-1.680000000000e+00,2.212303138564e-11,3.771599443497e-07,-3.771378213183e-07
7.000000000000e-01,y,-1.666666666667e+00,3.705846628798e-11,3.615834277450e-07,-3.615463692787e-07
7.000000000000e-01,y,-1.653333333333e+00,4.715198222385e-11,3.243510457619e-07,-3.243038937796e-07
7.000000000000e-01,y,-1.640000000000e+00,4.467067720091e-11,2.705496262882e-07,-2.705049556110e-07
7.000000000000e-01,y,-1.626666666667e+00,3.604059407671e-11,2.063951574542e-07,-2.063591168602e-07
7.000000000000e-01,y,-1.613333333333e+00,3.103830736647e-11,1.384850379569e-07,-1.384539996495e-07
7.000000000000e-01,y,-1.600000000000e+00,3.357302509694e-11,7.296660975576e-08,-7.293303673066e-08
7.000000000000e-01,y,-1.586666666667e+00,4.422014984091e-11,1.472450492640e-08,-1.468028477656e-08
7.000000000000e-01,y,-1.573333333333e+00,6.065196848933e-11,-3.330885912670e-08,3.336951109519e-08
7.000000000000e-01,y,-1.560000000000e+00,8.822360493859e-11,-7.063645910868e-08,7.072468271362e-08
7.000000000000e-01,y,-1.546666666667e+00,1.277565700168e-10,-9.942866004886e-08,9.955641661888e-08
7.000000000000e-01,y,-1.533333333333e+00,1.695422882006e-10,-1.245024093317e-07,1.246719516199e-07
7.000000000000e-01,y,-1.520000000000e+00,1.937015197426e-10,-1.530793377891e-07,1.532730393088e-07
7.000000000000e-01,y,-1.506666666667e+00,1.791734032547e-10,-1.943654889615e-07,1.945446623648e-07
7.000000000000e-01,y,-1.493333333333e+00,1.127518150421e-10,-2.589789960202e-07,2.590917478352e-07
7.000000000000e-01,y,-1.480000000000e+00,-2.018790748719e-11,-3.582134378671e-07,3.581932499596e-07
7.000000000000e-01,y,-1.466666666667e+00,-2.305398026087e-10,-5.030796339757e-07,5.028490941731e-07
7.000000000000e-01,y,-1.453333333333e+00,-5.158954956077e-10,-7.030406326115e-07,7.025247371159e-07
7.000000000000e-01,y,-1.440000000000e+00,-7.614306567520e-10,-9.643683872714e-07,9.636069566147e-07
7.000000000000e-01,y,-1.426666666667e+00,-7.648818322263e-10,-1.288124010269e-06,1.287359128437e-06
7.000000000000e-01,y,-1.413333333333e+00,-3.665646118044e-10,-1.667898805767e-06,1.667532241155e-06
7.000000000000e-01,y,-1.400000000000e+00,5.044396799596e-10,-2.087630493205e-06,2.088134932885e-06
7.000000000000e-01,y,-1.386666666667e+00,1.768199902800e-09,-2.519984378557e-06,2.521752578460e-06
7.000000000000e-01,y,-1.373333333333e+00,2.951169291115e-09,-2.925901684396e-06,2.928852853688e-06
7.000000000000e-01,y,-1.360000000000e+00,3.387368628251e-09,-3.255903687155e-06,3.259291055783e-06
7.000000000000e-01,y,-1.346666666667e+00,2.471599982943e-09,-3.453557007263e-06,3.456028607246e-06
7.000000000000e-01,y,-1.333333333333e+00,-2.100587189432e-10,-3.461149703769e-06,3.460939645050e-06
7.000000000000e-01,y,-1.320000000000e+00,-4.450018924723e-09,-3.227151451793e-06,3.222701432868e-06
7.000000000000e-01,y,-1.306666666667e+00,-8.439825420690e-09,-2.714537074283e-06,2.706097248862e-06
7.000000000000e-01,y,-1.293333333333e+00,-1.001478311830e-08,-1.908672752627e-06,1.898657969509e-06
7.000000000000e-01,y,-1.280000000000e+00,-7.355838394110e-09,-8.233205651564e-07,8.159647267623e-07
7.000000000000e-01,y,-1.266666666667e+00,6.201757931836e-10,4.965193741380e-07,-4.958991983449e-07
7.000000000000e-01,y,-1.253333333333e+00,1.271659791416e-08,1.975748646611e-06,-1.963032048697e-06
7.000000000000e-01,y,-1.240000000000e+00,2.423877295990e-08,3.514447139116e-06,-3.490208366156e-06
7.000000000000e-01,y,-1.226666666667e+00,2.989047661583e-08,4.996727531434e-06,-4.966837054818e-06
7.000000000000e-01,y,-1.213333333333e+00,2.493192927407e-08,6.302010712564e-06,-6.277078783290e-06
7.000000000000e-01,y,-1.200000000000e+00,6.220250324797e-09,7.317209511695e-06,-7.310989261370e-06
7.000000000000e-01,y,-1.186666666667e+00,-2.255763972960e-08,7.948246057876e-06,-7.970803697605e-06
7.000000000000e-01,y,-1.173333333333e+00,-5.090277664511e-08,8.129529629416e-06,-8.180432406061e-06
7.000000000000e-01,y,-1.160000000000e+00,-6.770388733263e-08,7.830398927438e-06,-7.898102814771e-06
7.000000000000e-01,y,-1.146666666667e+00,-6.311943678161e-08,7.057979364129e-06,-7.121098800911e-06
7.000000000000e-01,y,-1.133333333333e+00,-3.094644917025e-08,5.856336702082e-06,-5.887283151252e-06
7.000000000000e-01,y,-1.120000000000e+00,2.340428837623e-08,4.302178324160e-06,-4.278774035784e-06
7.000000000000e-01,y,-1.106666666667e+00,8.621037701430e-08,2.497654525154e-06,-2.411444148140e-06
7.000000000000e-01,y,-1.093333333333e+00,1.406402421980e-07,5.610524640128e-07,-4.204122218148e-07
7.000000000000e-01,y,-1.080000000000e+00,1.683198801447e-07,-1.383644610067e-06,1.551964490212e-06
7.000000000000e-01,y,-1.066666666667e+00,1.515027442886e-07,-3.217259002131e-06,3.368761746420e-06
7.000000000000e-01,y,-1.053333333333e+00,7.622354158390e-08,-4.834915970926e-06,4.911139512510e-06
7.000000000000e-01,y,-1.040000000000e+00,-6.256672290031e-08,-6.153614829391e-06,6.091048106491e-06
7.000000000000e-01,y,-1.026666666667e+00,-2.547007134836e-07,-7.117225428025e-06,6.862524714541e-06
7.000000000000e-01,y,-1.013333333333e+00,-4.698610422378e-07,-7.698624739193e-06,7.228763696956e-06
7.000000000000e-01,y,-1.000000000000e+00,-6.078629397860e-07,-7.899069589955e-06,7.291206650169e-06
7.000000000000e-01,y,-9.866666666667e-01,-4.511749455663e-07,-7.745223642099e-06,7.294048696533e-06
7.000000000000e-01,y,-9.733333333333e-01,1.839962458868e-07,-7.284463126059e-06,7.468459371946e-06
7.000000000000e-01,y,-9.600000000000e-01,1.370008249737e-06,-6.579161814294e-06,7.949170064031e-06
7.000000000000e-01,y,-9.466666666667e-01,3.001794855645e-06,-5.700633398056e-06,8.702428253701e-06
7.000000000000e-01,y,-9.333333333333e-01,4.328967938676e-06,-4.723358610895e-06,9.052326549571e-06
7.000000000000e-01,y,-9.200000000000e-01,3.961188906039e-06,-3.720136884483e-06,7.681325790522e-06
7.000000000000e-01,y,-9.066666666667e-01,6.386615098153e-07,-2.758980915108e-06,3.397642424923e-06
7.000000000000e-01,y,-8.933333333333e-01,-6.438711860374e-06,-1.903033711445e-06,-4.535678148929e-06
7.000000000000e-01,y,-8.800000000000e-01,-1.716072201638e-05,-1.215676943172e-06,-1.594504507320e-05
7.000000000000e-01,y,-8.666666666667e-01,-2.851191458442e-05,-7.745074262717e-07,-2.773740715815e-05
7.000000000000e-01,y,-8.533333333333e-01,-3.544560228580e-05,-7.002140803415e-07,-3.474538820546e-05
7.000000000000e-01,y,-8.400000000000e-01,-3.258644836489e-05,-1.209793376056e-06,-3.137665498883e-05
7.000000000000e-01,y,-8.266666666667e-01,-1.482670733299e-05,-2.708017409245e-06,-1.211868992375e-05
7.000000000000e-01,y,-8.133333333333e-01,2.206956234951e-05,-5.936178164069e-06,2.800574051358e-05
7.000000000000e-01,y,-8.000000000000e-01,8.103528307217e-05,-1.220159031210e-05,9.323687338427e-05
7.000000000000e-01,y,-7.866666666667e-01,1.618926277557e-04,-2.371257468278e-05,1.856052024385e-04
7.000000000000e-01,y,-7.733333333333e-01,2.593901000131e-04,-4.403749665623e-05,3.034275966694e-04
7.000000000000e-01,y,-7.600000000000e-01,3.613948858949e-04,-7.868724038368e-05,4.400821262786e-04
7.000000000000e-01,y,-7.466666666667e-01,4.405418147436e-04,-1.357820778843e-04,5.763238926280e-04
7.000000000000e-01,y,-7.333333333333e-01,4.433012012752e-04,-2.267017774271e-04,6.700029787024e-04
7.000000000000e-01,y,-7.200000000000e-01,3.100354943690e-04,-3.665329348348e-04,6.765684292038e-04
7.000000000000e-01,y,-7.066666666667e-01,-1.606088662755e-05,-5.740309282853e-04,5.579700416578e-04
7.000000000000e-01,y,-6.933333333333e-01,-5.821332460662e-04,-8.707308543984e-04,2.885976083322e-04
7.000000000000e-01,y,-6.800000000000e-01,-1.406625256248e-03,-1.278812898509e-03,-1.278123577390e-04
7.000000000000e-01,y,-6.666666666667e-01,-2.470079789009e-03,-1.817403668934e-03,-6.526761200756e-04
7.000000000000e-01,y,-6.533333333333e-01,-3.729494110164e-03,-2.497223521374e-03,-1.232270588789e-03
7.000000000000e-01,y,-6.400000000000e-01,-5.117767973511e-03,-3.313892883115e-03,-1.803875090396e-03
7.000000000000e-01,y,-6.266666666667e-01,-6.540284967838e-03,-4.240759138543e-03,-2.299525829295e-03
7.000000000000e-01,y,-6.133333333333e-01,-7.842224087355e-03,-5.222700163091e-03,-2.619523924264e-03
7.000000000000e-01,y,-6.000000000000e-01,-8.828177828960e-03,-6.172829691310e-03,-2.655348137650e-03
7.000000000000e-01,y,-5.866666666667e-01,-9.305506911905e-03,-6.974158595597e-03,-2.331348316307e-03
7.000000000000e-01,y,-5.733333333333e-01,-9.104509310403e-03,-7.487857532207e-03,-1.616651778196e-03
7.000000000000e-01,y,-5.600000000000e-01,-8.111135790228e-03,-7.568722842649e-03,-5.424129475794e-04
7.000000000000e-01,y,-5.466666666667e-01,-6.352910979034e-03,-7.086849465109e-03,7.339384860753e-04
7.000000000000e-01,y,-5.333333333333e-01,-3.945639831766e-03,-5.952658544979e-03,2.007018713212e-03
7.000000000000e-01,y,-5.200000000000e-01,-1.053220425800e-03,-4.140794067494e-03,3.087573641695e-03
7.000000000000e-01,y,-5.066666666667e-01,2.122559162121e-03,-1.707542928681e-03,3.830102090802e-03
7.000000000000e-01,y,-4.933333333333e-01,5.349312860793e-03,1.203206900893e-03,4.146105959900e-03
7.000000000000e-01,y,-4.800000000000e-01,8.369187790888e-03,4.368713352317e-03,4.000474438571e-03
7.000000000000e-01,y,-4.666666666667e-01,1.092687587752e-02,7.511191907638e-03,3.415683969883e-03
7.000000000000e-01,y,-4.533333333333e-01,1.279285060445e-02,1.033366193394e-02,2.459188670504e-03
7.000000000000e-01,y,-4.400000000000e-01,1.378564185762e-02,1.256178324401e-02,1.223858613612e-03
7.000000000000e-01,y,-4.266666666667e-01,1.385002422247e-02,1.398386619664e-02,-1.338419741673e-04
7.000000000000e-01,y,-4.133333333333e-01,1.309525450238e-02,1.448127923138e-02,-1.386024728995e-03
7.000000000000e-01,y,-4.000000000000e-01,1.169413099810e-02,1.404340126584e-02,-2.349270267745e-03
7.000000000000e-01,y,-3.866666666667e-01,9.855030452801e-03,1.276459852233e-02,-2.909568069534e-03
7.000000000000e-01,y,-3.733333333333e-01,7.798189275982e-03,1.082456582772e-02,-3.026376551735e-03
7.000000000000e-01,y,-3.600000000000e-01,5.697579255331e-03,8.456749577611e-03,-2.759170322279e-03
7.000000000000e-01,y,-3.466666666667e-01,3.677066691417e-03,5.911632302646e-03,-2.234565611229e-03
7.000000000000e-01,y,-3.333333333333e-01,1.839478717698e-03,3.421995731563e-03,-1.582517013864e-03
7.000000000000e-01,y,-3.200000000000e-01,2.646949154888e-04,1.175986518823e-03,-9.112916033340e-04
7.000000000000e-01,y,-3.066666666667e-01,-9.953738765368e-04,-6.985910792153e-04,-2.967827973215e-04
7.000000000000e-01,y,-2.933333333333e-01,-1.936262111970e-03,-2.138094407024e-03,2.018322950535e-04
7.000000000000e-01,y,-2.800000000000e-01,-2.585184367371e-03,-3.136718416995e-03,5.515340496238e-04
7.000000000000e-01,y,-2.666666666667e-01,-2.985324867795e-03,-3.733324688214e-03,7.479998204184e-04
7.000000000000e-01,y,-2.533333333333e-01,-3.188649487568e-03,-3.995236647863e-03,8.065871602945e-04
7.000000000000e-01,y,-2.400000000000e-01,-3.245597234248e-03,-4.002417674122e-03,7.568204398740e-04
7.000000000000e-01,y,-2.266666666667e-01,-3.191359604291e-03,-3.834457644690e-03,6.430980403983e-04
7.000000000000e-01,y,-2.133333333333e-01,-3.054618900851e-03,-3.561589748457e-03,5.069708476064e-04
7.000000000000e-01,y,-2.000000000000e-01,-2.860836846630e-03,-3.239870056678e-03,3.790332100480e-04
7.000000000000e-01,y,-1.866666666667e-01,-2.633445519486e-03,-2.909879985379e-03,2.764344658923e-04
7.000000000000e-01,y,-1.733333333333e-01,-2.391970423728e-03,-2.597920190021e-03,2.059497662932e-04
7.000000000000e-01,y,-1.600000000000e-01,-2.150379006671e-03,-2.318607265143e-03,1.682282584722e-04
7.000000000000e-01,y,-1.466666666667e-01,-1.922241354510e-03,-2.077954477131e-03,1.557131226212e-04
7.000000000000e-01,y,-1.333333333333e-01,-1.721812430997e-03,-1.876294660949e-03,1.544822299518e-04
7.000000000000e-01,y,-1.200000000000e-01,-1.564101019990e-03,-1.710688968683e-03,1.465879486930e-04
7.000000000000e-01,y,-1.066666666667e-01,-1.447979884352e-03,-1.576698063797e-03,1.287181794454e-04
7.000000000000e-01,y,-9.333333333333e-02,-1.358198344316e-03,-1.469548129998e-03,1.113497856817e-04
7.000000000000e-01,y,-8.000000000000e-02,-1.283155683784e-03,-1.384805445765e-03,1.016497619808e-04
7.000000000000e-01,y,-6.666666666667e-02,-1.216465520638e-03,-1.318697794295e-03,1.022322736566e-04
7.000000000000e-01,y,-5.333333333333e-02,-1.157239360239e-03,-1.268210278773e-03,1.109709185340e-04
7.000000000000e-01,y,-4.000000000000e-02,-1.104503445819e-03,-1.231056098674e-03,1.265526528546e-04
7.000000000000e-01,y,-2.666666666667e-02,-1.059870258351e-03,-1.205592693220e-03,1.457224348693e-04
7.000000000000e-01,y,-1.333333333333e-02,-1.028705954449e-03,-1.190727660507e-03,1.620217060580e-04
7.000000000000e-01,y,0.000000000000e+00,-1.017180813707e-03,-1.185839730203e-03,1.686589164959e-04
7.000000000000e-01,y,1.333333333333e-02,-1.028705892032e-03,-1.190727660507e-03,1.620217684757e-04
7.000000000000e-01,y,2.666666666667e-02,-1.059870150703e-03,-1.205592693220e-03,1.457225425165e-04
7.000000000000e-01,y,4.000000000000e-02,-1.104503323969e-03,-1.231056098674e-03,1.265527747045e-04
7.000000000000e-01,y,5.333333333333e-02,-1.157239262955e-03,-1.268210278773e-03,1.109710158177e-04
7.000000000000e-01,y,6.666666666667e-02,-1.216465486281e-03,-1.318697794295e-03,1.022323080143e-04
7.000000000000e-01,y,8.000000000000e-02,-1.283155739254e-03,-1.384805445765e-03,1.016497065100e-04
7.000000000000e-01,y,9.333333333333e-02,-1.358198493048e-03,-1.469548129998e-03,1.113496369498e-04
7.000000000000e-01,y,1.066666666667e-01,-1.447980103332e-03,-1.576698063797e-03,1.287179604654e-04
7.000000000000e-01,y,1.200000000000e-01,-1.564101264435e-03,-1.710688968683e-03,1.465877042482e-04
7.000000000000e-01,y,1.333333333333e-01,-1.721812646831e-03,-1.876294660949e-03,1.544820141177e-04
7.000000000000e-01,y,1.466666666667e-01,-1.922241483527e-03,-2.077954477131e-03,1.557129936042e-04
7.000000000000e-01,y,1.600000000000e-01,-2.150378993208e-03,-2.318607265143e-03,1.682282719359e-04
7.000000000000e-01,y,1.733333333333e-01,-2.391970234042e-03,-2.597920190021e-03,2.059499559792e-04
7.000000000000e-01,y,1.866666666667e-01,-2.633445157641e-03,-2.909879985379e-03,2.764348277371e-04
7.000000000000e-01,y,2.000000000000e-01,-2.860836362361e-03,-3.239870056678e-03,3.790336943173e-04
7.000000000000e-01,y,2.133333333333e-01,-3.054618359211e-03,-3.561589748457e-03,5.069713892467e-04
7.000000000000e-01,y,2.266666666667e-01,-3.191359069690e-03,-3.834457644690e-03,6.430985750000e-04
7.000000000000e-01,y,2.400000000000e-01,-3.245596773942e-03,-4.002417674122e-03,7.568209001806e-04
7.000000000000e-01,y,2.533333333333e-01,-3.188649173093e-03,-3.995236647863e-03,8.065874747701e-04
7.000000000000e-01,y,2.666666666667e-01,-2.985324767068e-03,-3.733324688214e-03,7.479999211455e-04
7.000000000000e-01,y,2.800000000000e-01,-2.585184508773e-03,-3.136718416995e-03,5.515339082221e-04
7.000000000000e-01,y,2.933333333333e-01,-1.936262475547e-03,-2.138094407024e-03,2.018319314765e-04
7.000000000000e-01,y,3.066666666667e-01,-9.953743983954e-04,-6.985910792153e-04,-2.967833191801e-04
7.000000000000e-01,y,3.200000000000e-01,2.646943341599e-04,1.175986518823e-03,-9.112921846630e-04
7.000000000000e-01,y,3.333333333333e-01,1.839478184390e-03,3.421995731563e-03,-1.582517547173e-03
7.000000000000e-01,y,3.466666666667e-01,3.677066277235e-03,5.911632302646e-03,-2.234566025411e-03
7.000000000000e-01,y,3.600000000000e-01,5.697578983614e-03,8.456749577611e-03,-2.759170593997e-03
7.000000000000e-01,y,3.733333333333e-01,7.798189122298e-03,1.082456582772e-02,-3.026376705420e-03
7.000000000000e-01,y,3.866666666667e-01,9.855030352554e-03,1.276459852233e-02,-2.909568169780e-03
7.000000000000e-01,y,4.000000000000e-01,1.169413087003e-02,1.404340126584e-02,-2.349270395814e-03
7.000000000000e-01,y,4.133333333333e-01,1.309525427602e-02,1.448127923138e-02,-1.386024955357e-03
7.000000000000e-01,y,4.266666666667e-01,1.385002384973e-02,1.398386619664e-02,-1.338423469123e-04
7.000000000000e-01,y,4.400000000000e-01,1.378564131956e-02,1.256178324401e-02,1.223858075545e-03
7.000000000000e-01,y,4.533333333333e-01,1.279284991278e-02,1.033366193394e-02,2.459187978841e-03
7.000000000000e-01,y,4.666666666667e-01,1.092687506546e-02,7.511191907638e-03,3.415683157824e-03
7.000000000000e-01,y,4.800000000000e-01,8.369186904514e-03,4.368713352317e-03,4.000473552197e-03
7.000000000000e-01,y,4.933333333333e-01,5.349311954528e-03,1.203206900893e-03,4.146105053635e-03
7.000000000000e-01,y,5.066666666667e-01,2.122558294111e-03,-1.707542928681e-03,3.830101222791e-03
7.000000000000e-01,y,5.200000000000e-01,-1.053221199043e-03,-4.140794067494e-03,3.087572868451e-03
7.000000000000e-01,y,5.333333333333e-01,-3.945640466829e-03,-5.952658544979e-03,2.007018078150e-03
7.000000000000e-01,y,5.466666666667e-01,-6.352911449102e-03,-7.086849465109e-03,7.339380160066e-04
7.000000000000e-01,y,5.600000000000e-01,-8.111136082802e-03,-7.568722842649e-03,-5.424132401539e-04
7.000000000000e-01,y,5.733333333333e-01,-9.104509421889e-03,-7.487857532207e-03,-1.616651889682e-03
7.000000000000e-01,y,5.866666666667e-01,-9.305506846678e-03,-6.974158595597e-03,-2.331348251081e-03
7.000000000000e-01,y,6.000000000000e-01,-8.828177608501e-03,-6.172829691310e-03,-2.655347917191e-03
7.000000000000e-01,y,6.133333333333e-01,-7.842223746857e-03,-5.222700163091e-03,-2.619523583767e-03
7.000000000000e-01,y,6.266666666667e-01,-6.540284553731e-03,-4.240759138543e-03,-2.299525415188e-03
7.000000000000e-01,y,6.400000000000e-01,-5.117767544424e-03,-3.313892883115e-03,-1.803874661309e-03
7.000000000000e-01,y,6.533333333333e-01,-3.729493722021e-03,-2.497223521374e-03,-1.232270200647e-03
7.000000000000e-01,y,6.666666666667e-01,-2.470079474341e-03,-1.817403668934e-03,-6.526758054076e-04
7.000000000000e-01,y,6.800000000000e-01,-1.406625027404e-03,-1.278812898509e-03,-1.278121288953e-04
7.000000000000e-01,y,6.933333333333e-01,-5.821330980270e-04,-8.707308543984e-04,2.885977563714e-04
7.000000000000e-01,y,7.066666666667e-01,-1.606079919196e-05,-5.740309282853e-04,5.579701290934e-04
7.000000000000e-01,y,7.200000000000e-01,3.100355446186e-04,-3.665329348348e-04,6.765684794534e-04
7.000000000000e-01,y,7.333333333333e-01,4.433012324296e-04,-2.267017774271e-04,6.700030098567e-04
7.000000000000e-01,y,7.466666666667e-01,4.405418395814e-04,-1.357820778843e-04,5.763239174657e-04
7.000000000000e-01,y,7.600000000000e-01,3.613949102945e-04,-7.868724038368e-05,4.400821506782e-04
7.000000000000e-01,y,7.733333333333e-01,2.593901220008e-04,-4.403749665623e-05,3.034276186570e-04
7.000000000000e-01,y,7.866666666667e-01,1.618926467042e-04,-2.371257468278e-05,1.856052213870e-04
7.000000000000e-01,y,8.000000000000e-01,8.103530088767e-05,-1.220159031210e-05,9.323689119977e-05
7.000000000000e-01,y,8.133333333333e-01,2.206958039087e-05,-5.936178164069e-06,2.800575855494e-05
7.000000000000e-01,y,8.266666666667e-01,-1.482668951568e-05,-2.708017409245e-06,-1.211867210644e-05
7.000000000000e-01,y,8.400000000000e-01,-3.258643287334e-05,-1.209793376056e-06,-3.137663949728e-05
7.000000000000e-01,y,8.533333333333e-01,-3.544559105199e-05,-7.002140803415e-07,-3.474537697165e-05
7.000000000000e-01,y,8.666666666667e-01,-2.851190857628e-05,-7.745074262717e-07,-2.773740115001e-05
7.000000000000e-01,y,8.800000000000e-01,-1.716072105788e-05,-1.215676943172e-06,-1.594504411471e-05
7.000000000000e-01,y,8.933333333333e-01,-6.438714354531e-06,-1.903033711445e-06,-4.535680643086e-06
7.000000000000e-01,y,9.066666666667e-01,6.386576572992e-07,-2.758980915108e-06,3.397638572407e-06
7.000000000000e-01,y,9.200000000000e-01,3.961185420764e-06,-3.720136884483e-06,7.681322305247e-06
7.000000000000e-01,y,9.333333333333e-01,4.328965693304e-06,-4.723358610895e-06,9.052324304199e-06
7.000000000000e-01,y,9.466666666667e-01,3.001793980832e-06,-5.700633398056e-06,8.702427378888e-06
7.000000000000e-01,y,9.600000000000e-01,1.370008235741e-06,-6.579161814294e-06,7.949170050035e-06
7.000000000000e-01,y,9.733333333333e-01,1.839965064606e-07,-7.284463126059e-06,7.468459632520e-06
7.000000000000e-01,y,9.866666666667e-01,-4.511749193444e-07,-7.745223642099e-06,7.294048722755e-06
7.000000000000e-01,y,1.000000000000e+00,-6.078632753918e-07,-7.899069589955e-06,7.291206314563e-06
7.000000000000e-01,y,1.013333333333e+00,-4.698615641346e-07,-7.698624739193e-06,7.228763175059e-06
7.000000000000e-01,y,1.026666666667e+00,-2.547011087468e-07,-7.117225428025e-06,6.862524319278e-06
7.000000000000e-01,y,1.040000000000e+00,-6.256669945663e-08,-6.153614829391e-06,6.091048129934e-06
7.000000000000e-01,y,1.053333333333e+00,7.622410701220e-08,-4.834915970926e-06,4.911140077938e-06
7.000000000000e-01,y,1.066666666667e+00,1.515039975937e-07,-3.217259002131e-06,3.368762999725e-06
7.000000000000e-01,y,1.080000000000e+00,1.683216040232e-07,-1.383644610067e-06,1.551966214090e-06
7.000000000000e-01,y,1.093333333333e+00,1.406422154878e-07,5.610524640128e-07,-4.204102485250e-07
7.000000000000e-01,y,1.106666666667e+00,8.621232726217e-08,2.497654525154e-06,-2.411442197892e-06
7.000000000000e-01,y,1.120000000000e+00,2.340600948992e-08,4.302178324160e-06,-4.278772314670e-06
7.000000000000e-01,y,1.133333333333e+00,-3.094500085876e-08,5.856336702082e-06,-5.887281702940e-06
7.000000000000e-01,y,1.146666666667e+00,-6.311826114785e-08,7.057979364129e-06,-7.121097625277e-06
7.000000000000e-01,y,1.160000000000e+00,-6.770308385975e-08,7.830398927438e-06,-7.898102011298e-06
7.000000000000e-01,y,1.173333333333e+00,-5.090251457219e-08,8.129529629416e-06,-8.180432143988e-06
7.000000000000e-01,y,1.186666666667e+00,-2.255770260727e-08,7.948246057876e-06,-7.970803760483e-06
7.000000000000e-01,y,1.200000000000e+00,6.219911504578e-09,7.317209511695e-06,-7.310989600190e-06
7.000000000000e-01,y,1.213333333333e+00,2.493138389792e-08,6.302010712564e-06,-6.277079328666e-06
7.000000000000e-01,y,1.226666666667e+00,2.989001433637e-08,4.996727531434e-06,-4.966837517097e-06
7.000000000000e-01,y,1.240000000000e+00,2.423863161571e-08,3.514447139116e-06,-3.490208507501e-06
7.000000000000e-01,y,1.253333333333e+00,1.271672689645e-08,1.975748646611e-06,-1.963031919715e-06
7.000000000000e-01,y,1.266666666667e+00,6.207322029123e-10,4.965193741380e-07,-4.958986419351e-07
7.000000000000e-01,y,1.280000000000e+00,-7.354774553286e-09,-8.233205651564e-07,8.159657906031e-07
7.000000000000e-01,y,1.293333333333e+00,-1.001351598672e-08,-1.908672752627e-06,1.898659236640e-06
7.000000000000e-01,y,1.306666666667e+00,-8.438390958792e-09,-2.714537074283e-06,2.706098683324e-06
7.000000000000e-01,y,1.320000000000e+00,-4.448593003544e-09,-3.227151451793e-06,3.222702858789e-06
7.000000000000e-01,y,1.333333333333e+00,-2.088358278192e-10,-3.461149703769e-06,3.460940867942e-06
7.000000000000e-01,y,1.346666666667e+00,2.472053632980e-09,-3.453557007263e-06,3.456029060896e-06
7.000000000000e-01,y,1.360000000000e+00,3.387201303096e-09,-3.255903687155e-06,3.259290888458e-06
7.000000000000e-01,y,1.373333333333e+00,2.950123127700e-09,-2.925901684396e-06,2.928851807524e-06
7.000000000000e-01,y,1.386666666667e+00,1.766454767285e-09,-2.519984378557e-06,2.521750833325e-06
7.000000000000e-01,y,1.400000000000e+00,5.023832542551e-10,-2.087630493205e-06,2.088132876459e-06
7.000000000000e-01,y,1.413333333333e+00,-3.682293137707e-10,-1.667898805767e-06,1.667530576453e-06
7.000000000000e-01,y,1.426666666667e+00,-7.660771631473e-10,-1.288124010269e-06,1.287357933106e-06
7.000000000000e-01,y,1.440000000000e+00,-7.620481085903e-10,-9.643683872714e-07,9.636063391628e-07
7.000000000000e-01,y,1.453333333333e+00,-5.158066743771e-10,-7.030406326115e-07,7.025248259371e-07
7.000000000000e-01,y,1.466666666667e+00,-2.298588234612e-10,-5.030796339757e-07,5.028497751523e-07
7.000000000000e-01,y,1.480000000000e+00,-1.918799614641e-11,-3.582134378671e-07,3.581942498710e-07
7.000000000000e-01,y,1.493333333333e+00,1.139379558623e-10,-2.589789960202e-07,2.590929339761e-07
7.000000000000e-01,y,1.506666666667e+00,1.806368151491e-10,-1.943654889615e-07,1.945461257767e-07
7.000000000000e-01,y,1.520000000000e+00,1.949992153220e-10,-1.530793377891e-07,1.532743370044e-07
7.000000000000e-01,y,1.533333333333e+00,1.710500680382e-10,-1.245024093317e-07,1.246734593998e-07
7.000000000000e-01,y,1.546666666667e+00,1.292466306595e-10,-9.942866004886e-08,9.955790667952e-08
7.000000000000e-01,y,1.560000000000e+00,8.961109704957e-11,-7.063645910868e-08,7.072607020573e-08
7.000000000000e-01,y,1.573333333333e+00,6.187535665643e-11,-3.330885912670e-08,3.337073448335e-08
7.000000000000e-01,y,1.586666666667e+00,4.547567986153e-11,1.472450492640e-08,-1.467902924654e-08
7.000000000000e-01,y,1.600000000000e+00,3.419088234414e-11,7.296660975576e-08,-7.293241887341e-08
7.000000000000e-01,y,1.613333333333e+00,3.131827054255e-11,1.384850379569e-07,-1.384537196864e-07
7.000000000000e-01,y,1.626666666667e+00,3.571267038618e-11,2.063951574542e-07,-2.063594447838e-07
7.000000000000e-01,y,1.640000000000e+00,4.396812797069e-11,2.705496262882e-07,-2.705056581602e-07
7.000000000000e-01,y,1.653333333333e+00,4.606505586856e-11,3.243510457619e-07,-3.243049807060e-07
7.000000000000e-01,y,1.666666666667e+00,3.627318479336e-11,3.615834277450e-07,-3.615471545602e-07
7.000000000000e-01,y,1.680000000000e+00,2.141153459473e-11,3.771599443497e-07,-3.771385328151e-07
7.000000000000e-01,y,1.693333333333e+00,6.987863313565e-12,3.677071873177e-07,-3.677001994544e-07
7.000000000000e-01,y,1.706666666667e+00,-3.507115147319e-12,3.319414431571e-07,-3.319449502722e-07
7.000000000000e-01,y,1.720000000000e+00,-1.088316092447e-11,2.708289249462e-07,-2.708398081071e-07
7.000000000000e-01,y,1.733333333333e+00,-1.464372888431e-11,1.875494374701e-07,-1.875640811990e-07
7.000000000000e-01,y,1.746666666667e+00,-1.386849005540e-11,8.729623497546e-08,-8.731010346552e-08
7.000000000000e-01,y,1.760000000000e+00,-1.014930888181e-11,-2.305547210762e-08,2.304532279874e-08
7.000000000000e-01,y,1.773333333333e+00,-6.764262825796e-12,-1.353871736028e-07,1.353804093400e-07
7.000000000000e-01,y,1.786666666667e+00,-8.288190388010e-12,-2.408672106047e-07,2.408589224143e-07
7.000000000000e-01,y,1.800000000000e+00,-1.264390565169e-11,-3.305590341409e-07,3.305463902352e-07
7.000000000000e-01,y,1.813333333333e+00,-1.398626436974e-11,-3.960873554296e-07,3.960733691653e-07
7.000000000000e-01,y,1.826666666667e+00,-9.077502156141e-12,-4.303273424063e-07,4.303182649041e-07
7.000000000000e-01,y,1.840000000000e+00,4.297096921459e-12,-4.280638582025e-07,4.280681552994e-07
7.000000000000e-01,y,1.853333333333e+00,2.133486418365e-11,-3.865511592200e-07,3.865724940842e-07
7.000000000000e-01,y,1.866666666667e+00,3.490488099923e-11,-3.058927008819e-07,3.059276057629e-07
7.000000000000e-01,y,1.880000000000e+00,3.329062128987e-11,-1.891586766275e-07,1.891919672487e-07
7.000000000000e-01,y,1.893333333333e+00,6.707278952187e-12,-4.216823834441e-08,4.217494562336e-08
7.000000000000e-01,y,1.906666666667e+00,-5.196297008485e-11,1.271124810884e-07,-1.271644440585e-07
7.000000000000e-01,y,1.920000000000e+00,-1.321443904925e-10,3.095619444516e-07,-3.096940888421e-07
7.000000000000e-01,y,1.933333333333e+00,-1.857747986434e-10,4.962238482735e-07,-4.964096230722e-07
7.000000000000e-01,y,1.946666666667e+00,-1.718726907566e-10,6.798102763506e-07,-6.799821490413e-07
7.000000000000e-01,y,1.960000000000e+00,-6.814441542368e-11,8.561470473391e-07,-8.562151917545e-07
7.000000000000e-01,y,1.973333333333e+00,1.075989034145e-10,1.025243197069e-06,-1.025135598165e-06
7.000000000000e-01,y,1.986666666667e+00,2.261085029698e-10,1.191636608977e-06,-1.191410500474e-06
7.000000000000e-01,y,2.000000000000e+00,3.557043334172e-11,1.363716282578e-06,-1.363680712144e-06
9.500000000000e-01,x,-2.000000000000e+00,-7.325451619009e-09,-2.535127580506e-05,2.534395035344e-05
9.500000000000e-01,x,-1.986666666667e+00,5.393917115097e-09,-2.628129313888e-05,2.628668705600e-05
9.500000000000e-01,x,-1.973333333333e+00,-1.798184071577e-09,-2.715380479759e-05,2.715200661351e-05
9.500000000000e-01,x,-1.960000000000e+00,-1.201203710699e-08,-2.796585019787e-05,2.795383816076e-05
9.500000000000e-01,x,-1.946666666667e+00,-1.670905290537e-08,-2.871509966718e-05,2.869839061427e-05
9.500000000000e-01,x,-1.933333333333e+00,-1.520162345451e-08,-2.939969502304e-05,2.938449339958e-05
9.500000000000e-01,x,-1.920000000000e+00,-9.564716063495e-09,-3.001811880456e-05,3.000855408850e-05
9.500000000000e-01,x,-1.906666666667e+00,-3.659894953495e-09,-3.056908903438e-05,3.056542913943e-05
9.500000000000e-01,x,-1.893333333333e+00,-1.478082345678e-09,-3.105147796253e-05,3.104999988019e-05
9.500000000000e-01,x,-1.880000000000e+00,-2.763761854215e-09,-3.146425580004e-05,3.146149203819e-05
9.500000000000e-01,x,-1.866666666667e+00,-5.825272756147e-09,-3.180646302915e-05,3.180063775640e-05
9.500000000000e-01,x,-1.853333333333e+00,-9.649961569570e-09,-3.207721655218e-05,3.206756659061e-05
9.500000000000e-01,x,-1.840000000000e+00,-1.442968227510e-08,-3.227575499852e-05,3.226132531625e-05
9.500000000000e-01,x,-1.826666666667e+00,-2.075829352597e-08,-3.240152660388e-05,3.238076831036e-05
9.500000000000e-01,x,-1.813333333333e+00,-2.760818000469e-08,-3.245431937835e-05,3.242671119834e-05
9.500000000000e-01,x,-1.800000000000e+00,-3.687269125610e-08,-3.243442859773e-05,3.239755590648e-05
9.500000000000e-01,x,-1.786666666667e+00,-5.542168677051e-08,-3.234285259476e-05,3.228743090799e-05
9.500000000000e-01,x,-1.773333333333e+00,-9.646941802570e-08,-3.218150709054e-05,3.208503767251e-05
9.500000000000e-01,x,-1.760000000000e+00,-1.745768124230e-07,-3.195345519806e-05,3.177887838563e-05
9.500000000000e-01,x,-1.746666666667e+00,-3.052413278418e-07,-3.166317146949e-05,3.135793014165e-05
9.500000000000e-01,x,-1.733333333333e+00,-5.205218961144e-07,-3.131690406661e-05,3.079638217050e-05
9.500000000000e-01,x,-1.720000000000e+00,-8.766400235713e-07,-3.092328358503e-05,3.004664356146e-05
9.500000000000e-01,x,-1.706666666667e+00,-1.461231085100e-06,-3.049446846239e-05,2.903323737729e-05
9.500000000000e-01,x,-1.693333333333e+00,-2.391834678955e-06,-3.004833524965e-05,2.765650057070e-05
9.500000000000e-01,x,-1.680000000000e+00,-3.831878071931e-06,-2.961253449401e-05,2.578065642208e-05
9.500000000000e-01,x,-1.666666666667e+00,-6.018804059734e-06,-2.923164737654e-05,2.321284331681e-05
9.500000000000e-01,x,-1.653333333333e+00,-9.286389911758e-06,-2.897918677222e-05,1.969279686046e-05
9.500000000000e-01,x,-1.640000000000e+00,-1.409431647639e-05,-2.897676305174e-05,1.488244657536e-05
9.500000000000e-01,x,-1.626666666667e+00,-2.108223305681e-05,-2.942333861977e-05,8.341105562955e-06
9.500000000000e-01,x,-1.613333333333e+00,-3.108533098549e-05,-3.063807595962e-05,-4.472550258657e-07
9.500000000000e-01,x,-1.600000000000e+00,-4.515963928892e-05,-3.312078334710e-05,-1.203885594182e-05
9.500000000000e-01,x,-1.586666666667e+00,-6.462644640391e-05,-3.763429420055e-05,-2.699215220336e-05
9.500000000000e-01,x,-1.573333333333e+00,-9.118534396972e-05,-4.531311925703e-05,-4.587222471269e-05
9.500000000000e-01,x,-1.560000000000e+00,-1.271177862030e-04,-5.780208308388e-05,-6.931570311915e-05
9.500000000000e-01,x,-1.546666666667e+00,-1.751251498743e-04,-7.742690091421e-05,-9.769824896013e-05
9.500000000000e-01,x,-1.533333333333e+00,-2.382942761069e-04,-1.073950870499e-04,-1.308991890569e-04
9.500000000000e-01,x,-1.520000000000e+00,-3.201139945223e-04,-1.520194652350e-04,-1.680945292874e-04
9.500000000000e-01,x,-1.506666666667e+00,-4.247450765351e-04,-2.169473018945e-04,-2.077977746406e-04
9.500000000000e-01,x,-1.493333333333e+00,-5.571758945892e-04,-3.093656294295e-04,-2.478102651598e-04
9.500000000000e-01,x,-1.480000000000e+00,-7.226576266178e-04,-4.381384159936e-04,-2.845192106242e-04
9.500000000000e-01,x,-1.466666666667e+00,-9.264872273386e-04,-6.138156755444e-04,-3.126715517942e-04
9.500000000000e-01,x,-1.453333333333e+00,-1.173816691094e-03,-8.484413301371e-04,-3.253753609569e-04
9.500000000000e-01,x,-1.440000000000e+00,-1.469605701188e-03,-1.155079553531e-03,-3.145261476572e-04
9.500000000000e-01,x,-1.426666666667e+00,-1.818280382355e-03,-1.546982965068e-03,-2.712974172871e-04
9.500000000000e-01,x,-1.413333333333e+00,-2.223116054119e-03,-2.036344896406e-03,-1.867711577136e-04
9.500000000000e-01,x,-1.400000000000e+00,-2.685718358610e-03,-2.632615569685e-03,-5.310278892514e-05
9.500000000000e-01,x,-1.386666666667e+00,-3.205278329578e-03,-3.340419865608e-03,1.351415360299e-04
9.500000000000e-01,x,-1.373333333333e+00,-3.776625829904e-03,-4.157190551013e-03,3.805647211089e-04
9.500000000000e-01,x,-1.360000000000e+00,-4.390601895150e-03,-5.070719087143e-03,6.801171919931e-04
9.500000000000e-01,x,-1.346666666667e+00,-5.034455131830e-03,-6.056915197711e-03,1.022460065881e-03
9.500000000000e-01,x,-1.333333333333e+00,-5.691431993253e-03,-7.078140421694e-03,1.386708428441e-03
9.500000000000e-01,x,-1.320000000000e+00,-6.339342308440e-03,-8.082521175255e-03,1.743178866815e-03
9.500000000000e-01,x,-1.306666666667e+00,-6.947232794052e-03,-9.004634716402e-03,2.057401922350e-03
9.500000000000e-01,x,-1.293333333333e+00,-7.479156592773e-03,-9.767882221392e-03,2.288725628619e-03
9.500000000000e-01,x,-1.280000000000e+00,-7.896112594160e-03,-1.028871078362e-02,2.392598189461e-03
9.500000000000e-01,x,-1.266666666667e+00,-8.157093552087e-03,-1.048262667567e-02,2.325533123580e-03
9.500000000000e-01,x,-1.253333333333e+00,-8.219725265468e-03,-1.027167628891e-02,2.051951023441e-03
9.500000000000e-01,x,-1.240000000000e+00,-8.041254440179e-03,-9.592793396179e-03,1.551538956001e-03
9.500000000000e-01,x,-1.226666666667e+00,-7.581772791702e-03,-8.406166690456e-03,8.243938987545e-04
9.500000000000e-01,x,-1.213333333333e+00,-6.806960078974e-03,-6.702618351439e-03,-1.043417275349e-04
9.500000000000e-01,x,-1.200000000000e+00,-5.691208176519e-03,-4.508945566617e-03,-1.182262609902e-03
9.500000000000e-01,x,-1.186666666667e+00,-4.227474698362e-03,-1.890290239830e-03,-2.337184458532e-03
9.500000000000e-01,x,-1.173333333333e+00,-2.429683781377e-03,1.051127885207e-03,-3.480811666584e-03
9.500000000000e-01,x,-1.160000000000e+00,-3.263566750315e-04,4.181175856311e-03,-4.507532531343e-03
9.500000000000e-01,x,-1.146666666667e+00,2.038756936989e-03,7.342643822882e-03,-5.303886885892e-03
9.500000000000e-01,x,-1.133333333333e+00,4.604512445964e-03,1.036702643545e-02,-5.762513989484e-03
9.500000000000e-01,x,-1.120000000000e+00,7.280142355396e-03,1.308808833131e-02,-5.807945975914e-03
9.500000000000e-01,x,-1.106666666667e+00,9.953405555131e-03,1.535575839385e-02,-5.402352838716e-03
9.500000000000e-01,x,-1.093333333333e+00,1.250236846783e-02,1.704879755107e-02,-4.546429083246e-03
9.500000000000e-01,x,-1.080000000000e+00,1.480057697593e-02,1.808480264976e-02,-3.284225673827e-03
9.500000000000e-01,x,-1.066666666667e+00,1.672462146102e-02,1.842643120089e-02,-1.701809739868e-03
9.500000000000e-01,x,-1.053333333333e+00,1.816719289393e-02,1.808321041877e-02,8.398247515739e-05
9.500000000000e-01,x,-1.040000000000e+00,1.903563533044e-02,1.710885446866e-02,1.926780861779e-03
9.500000000000e-01,x,-1.026666666667e+00,1.925503179858e-02,1.559456905215e-02,3.660462746438e-03
9.500000000000e-01,x,-1.013333333333e+00,1.877454977434e-02,1.365928861191e-02,5.115261162427e-03
9.500000000000e-01,x,-1.000000000000e+00,1.758805538771e-02,1.143810300026e-02,6.149952387444e-03
9.500000000000e-01,x,-9.866666666667e-01,1.575636906833e-02,9.070250894418e-03,6.686118173914e-03
9.500000000000e-01,x,-9.733333333333e-01,1.337601467363e-02,6.687983603985e-03,6.688031069644e-03
9.500000000000e-01,x,-9.600000000000e-01,1.057061441731e-02,4.407363730987e-03,6.163250686324e-03
9.500000000000e-01,x,-9.466666666667e-01,7.486159403852e-03,2.321710578211e-03,5.164448825641e-03
9.500000000000e-01,x,-9.333333333333e-01,4.287439818552e-03,4.980025799416e-04,3.789437238611e-03
9.500000000000e-01,x,-9.200000000000e-01,1.151447104674e-03,-1.023839624193e-03,2.175286728867e-03
9.500000000000e-01,x,-9.066666666667e-01,-1.744029569188e-03,-2.229184654072e-03,4.851550848836e-04
9.500000000000e-01,x,-8.933333333333e-01,-4.231435233728e-03,-3.125048104912e-03,-1.106387128816e-03
9.500000000000e-01,x,-8.800000000000e-01,-6.168480435315e-03,-3.735289399102e-03,-2.433191036213e-03
9.500000000000e-01,x,-8.666666666667e-01,-7.487922749400e-03,-4.095353293413e-03,-3.392569455987e-03
9.500000000000e-01,x,-8.533333333333e-01,-8.185677068213e-03,-4.247167648958e-03,-3.938509419255e-03
9.500000000000e-01,x,-8.400000000000e-01,-8.292136352067e-03,-4.234659242434e-03,-4.057477109633e-03
9.500000000000e-01,x,-8.266666666667e-01,-7.869522001689e-03,-4.100176167193e-03,-3.769345834496e-03
9.500000000000e-01,x,-8.133333333333e-01,-7.011356291003e-03,-3.881937486425e-03,-3.129418804579e-03
9.500000000000e-01,x,-8.000000000000e-01,-5.848455168302e-03,-3.612489488726e-03,-2.235965679576e-03
9.500000000000e-01,x,-7.866666666667e-01,-4.532452456958e-03,-3.318045299574e-03,-1.214407157383e-03
9.500000000000e-01,x,-7.733333333333e-01,-3.220657768626e-03,-3.018524135967e-03,-2.021336326588e-04
9.500000000000e-01,x,-7.600000000000e-01,-2.063620624187e-03,-2.728084595074e-03,6.644639708873e-04
9.500000000000e-01,x,-7.466666666667e-01,-1.173186057530e-03,-2.455954960807e-03,1.282768903277e-03
9.500000000000e-01,x,-7.333333333333e-01,-5.818129907749e-04,-2.207392523302e-03,1.625579532527e-03
9.500000000000e-01,x,-7.200000000000e-01,-2.865383663817e-04,-1.984643401994e-03,1.698105035612e-03
9.500000000000e-01,x,-7.066666666667e-01,-2.597466643934e-04,-1.787816017553e-03,1.528069353160e-03
9.500000000000e-01,x,-6.933333333333e-01,-4.522711285472e-04,-1.615619205627e-03,1.163348077079e-03
9.500000000000e-01,x,-6.800000000000e-01,-7.953400953062e-04,-1.465946529529e-03,6.706064342225e-04
9.500000000000e-01,x,-6.666666666667e-01,-1.205036435012e-03,-1.336310327440e-03,1.312738924280e-04
9.500000000000e-01,x,-6.533333333333e-01,-1.591837537214e-03,-1.224142739093e-03,-3.676947981212e-04
9.500000000000e-01,x,-6.400000000000e-01,-1.869821743050e-03,-1.126987714147e-03,-7.428340289027e-04
9.500000000000e-01,x,-6.266666666667e-01,-1.968595955085e-03,-1.042609571731e-03,-9.259863833545e-04
9.500000000000e-01,x,-6.133333333333e-01,-1.876040673788e-03,-9.690418453143e-04,-9.069988284734e-04
9.500000000000e-01,x,-6.000000000000e-01,-1.629070002856e-03,-9.045964556662e-04,-7.244735471903e-04
9.500000000000e-01,x,-5.866666666667e-01,-1.281915995683e-03,-8.478488869577e-04,-4.340671087252e-04
9.500000000000e-01,x,-5.733333333333e-01,-8.992360476232e-04,-7.976107896364e-04,-1.016252579868e-04
9.500000000000e-01,x,-5.600000000000e-01,-5.459160983257e-04,-7.528977507351e-04,2.069816524094e-04
9.500000000000e-01,x,-5.466666666667e-01,-2.621991685785e-04,-7.128970481268e-04,4.506978795483e-04
9.500000000000e-01,x,-5.333333333333e-01,-7.438769626513e-05,-6.769380529939e-04,6.025503567287e-04
9.500000000000e-01,x,-5.200000000000e-01,-7.644588752070e-07,-6.444664748256e-04,6.437020159504e-04
9.500000000000e-01,x,-5.066666666667e-01,-4.885491785669e-05,-6.150227202915e-04,5.661678024348e-04
9.500000000000e-01,x,-4.933333333333e-01,-2.070537827333e-04,-5.882241186916e-04,3.811703359583e-04
9.500000000000e-01,x,-4.800000000000e-01,-4.320710594794e-04,-5.637505244870e-04,1.316794650075e-04
9.500000000000e-01,x,-4.666666666667e-01,-6.683800206196e-04,-5.413327385185e-04,-1.270472821011e-04
9.500000000000e-01,x,-4.533333333333e-01,-8.582245717169e-04,-5.207432174789e-04,-3.374813542379e-04
9.500000000000e-01,x,-4.400000000000e-01,-9.491524019695e-04,-5.017886136824e-04,-4.473637882871e-04
9.500000000000e-01,x,-4.266666666667e-01,-9.203375016023e-04,-4.843037714276e-04,-4.360337301748e-04
9.500000000000e-01,x,-4.133333333333e-01,-7.961950811128e-04,-4.681468841635e-04,-3.280481969493e-04
9.500000000000e-01,x,-4.000000000000e-01,-6.146342618699e-04,-4.531955802883e-04,-1.614386815815e-04
9.500000000000e-01,x,-3.866666666667e-01,-4.197794623759e-04,-4.393437533012e-04,1.956429092533e-05
9.500000000000e-01,x,-3.733333333333e-01,-2.559628627294e-04,-4.264989864266e-04,1.705361236972e-04
9.500000000000e-01,x,-3.600000000000e-01,-1.474812830947e-04,-4.145804466401e-04,2.670991635454e-04
9.500000000000e-01,x,-3.466666666667e-01,-9.923055424606e-05,-4.035171423824e-04,3.042865881363e-04
9.500000000000e-01,x,-3.333333333333e-01,-1.096877189412e-04,-3.932464566093e-04,2.835587376682e-04
9.500000000000e-01,x,-3.200000000000e-01,-1.709755696263e-04,-3.837128844599e-04,2.127373148336e-04
9.500000000000e-01,x,-3.066666666667e-01,-2.686615438882e-04,-3.748669236047e-04,1.062053797165e-04
9.500000000000e-01,x,-2.933333333333e-01,-3.820308807557e-04,-3.666640848597e-04,-1.536679589595e-05
9.500000000000e-01,x,-2.800000000000e-01,-4.862502243300e-04,-3.590640094652e-04,-1.271862148648e-04
9.500000000000e-01,x,-2.666666666667e-01,-5.559067694130e-04,-3.520296955621e-04,-2.038770738509e-04
9.500000000000e-01,x,-2.533333333333e-01,-5.690869205490e-04,-3.455268477970e-04,-2.235600727520e-04
9.500000000000e-01,x,-2.400000000000e-01,-5.159324467922e-04,-3.395233690884e-04,-1.764090777037e-04
9.500000000000e-01,x,-2.266666666667e-01,-4.126297060261e-04,-3.339890116901e-04,-7.864069433599e-05
9.500000000000e-01,x,-2.133333333333e-01,-2.866197622929e-04,-3.288951962195e-04,4.227543392663e-05
9.500000000000e-01,x,-2.000000000000e-01,-1.698586242752e-04,-3.242149938225e-04,1.543563695473e-04
9.500000000000e-01,x,-1.866666666667e-01,-9.523518664071e-05,-3.199232505897e-04,2.246880639490e-04
9.500000000000e-01,x,-1.733333333333e-01,-7.950382652358e-05,-3.159968176997e-04,2.364929911761e-04
9.500000000000e-01,x,-1.600000000000e-01,-1.108998820017e-04,-3.124148384797e-04,2.015149564780e-04
9.500000000000e-01,x,-1.466666666667e-01,-1.723201348246e-04,-3.091590370361e-04,1.368389022115e-04
9.500000000000e-01,x,-1.333333333333e-01,-2.452963255895e-04,-3.062139536716e-04,6.091762808210e-05
9.500000000000e-01,x,-1.200000000000e-01,-3.120420141835e-04,-3.035670801044e-04,-8.474934079118e-06
9.500000000000e-01,x,-1.066666666667e-01,-3.597769841893e-04,-3.012088614068e-04,-5.856812278248e-05
9.500000000000e-01,x,-9.333333333333e-02,-3.817948995574e-04,-2.991325494866e-04,-8.266235007087e-05
9.500000000000e-01,x,-8.000000000000e-02,-3.758112137542e-04,-2.973339122121e-04,-7.847730154211e-05
9.500000000000e-01,x,-6.666666666667e-02,-3.445579192265e-04,-2.958108202673e-04,-4.874709895915e-05
9.500000000000e-01,x,-5.333333333333e-02,-2.958542701405e-04,-2.945627482875e-04,-1.291521853040e-06
9.500000000000e-01,x,-4.000000000000e-02,-2.381423868765e-04,-2.935902363186e-04,5.544784944215e-05
9.500000000000e-01,x,-2.666666666667e-02,-1.818289375327e-04,-2.928943615439e-04,1.110654240112e-04
9.500000000000e-01,x,-1.333333333333e-02,-1.394579112480e-04,-2.924762687327e-04,1.530183574847e-04
9.500000000000e-01,x,0.000000000000e+00,-1.230523311511e-04,-2.923368017451e-04,1.692844705940e-04
9.500000000000e-01,x,1.333333333333e-02,-1.394578892247e-04,-2.924762687327e-04,1.530183795081e-04
9.500000000000e-01,x,2.666666666667e-02,-1.818288690908e-04,-2.928943615439e-04,1.110654924531e-04
9.500000000000e-01,x,4.000000000000e-02,-2.381422219933e-04,-2.935902363186e-04,5.544801432530e-05
9.500000000000e-01,x,5.333333333333e-02,-2.958539327498e-04,-2.945627482875e-04,-1.291184462320e-06
9.500000000000e-01,x,6.666666666667e-02,-3.445573102481e-04,-2.958108202673e-04,-4.874648998079e-05
9.500000000000e-01,x,8.000000000000e-02,-3.758102304224e-04,-2.973339122121e-04,-7.847631821028e-05
9.500000000000e-01,x,9.333333333333e-02,-3.817934691836e-04,-2.991325494866e-04,-8.266091969705e-05
9.500000000000e-01,x,1.066666666667e-01,-3.597750781352e-04,-3.012088614068e-04,-5.856621672835e-05
9.500000000000e-01,x,1.200000000000e-01,-3.120396605028e-04,-3.035670801044e-04,-8.472580398466e-06
9.500000000000e-01,x,1.333333333333e-01,-2.452936243537e-04,-3.062139536716e-04,6.092032931784e-05
9.500000000000e-01,x,1.466666666667e-01,-1.723172162871e-04,-3.091590370361e-04,1.368418207490e-04
9.500000000000e-01,x,1.600000000000e-01,-1.108968639857e-04,-3.124148384797e-04,2.015179744940e-04
9.500000000000e-01,x,1.733333333333e-01,-7.950083863437e-05,-3.159968176997e-04,2.364959790653e-04
9.500000000000e-01,x,1.866666666667e-01,-9.523239467292e-05,-3.199232505897e-04,2.246908559168e-04
9.500000000000e-01,x,2.000000000000e-01,-1.698562380981e-04,-3.242149938225e-04,1.543587557244e-04
9.500000000000e-01,x,2.133333333333e-01,-2.866179272467e-04,-3.288951962195e-04,4.227726897281e-05
9.500000000000e-01,x,2.266666666667e-01,-4.126284505518e-04,-3.339890116901e-04,-7.863943886172e-05
9.500000000000e-01,x,2.400000000000e-01,-5.159317018021e-04,-3.395233690884e-04,-1.764083327136e-04
9.500000000000e-01,x,2.533333333333e-01,-5.690865390259e-04,-3.455268477970e-04,-2.235596912289e-04
9.500000000000e-01,x,2.666666666667e-01,-5.559065560589e-04,-3.520296955621e-04,-2.038768604968e-04
9.500000000000e-01,x,2.800000000000e-01,-4.862500122118e-04,-3.590640094652e-04,-1.271860027466e-04
9.500000000000e-01,x,2.933333333333e-01,-3.820305535611e-04,-3.666640848597e-04,-1.536646870131e-05
9.500000000000e-01,x,3.066666666667e-01,-2.686610305465e-04,-3.748669236047e-04,1.062058930582e-04
9.500000000000e-01,x,3.200000000000e-01,-1.709748282379e-04,-3.837128844599e-04,2.127380562220e-04
9.500000000000e-01,x,3.333333333333e-01,-1.096867446179e-04,-3.932464566093e-04,2.835597119914e-04
9.500000000000e-01,x,3.466666666667e-01,-9.922942530850e-05,-4.035171423824e-04,3.042877170739e-04
9.500000000000e-01,x,3.600000000000e-01,-1.474801358266e-04,-4.145804466401e-04,2.671003108135e-04
9.500000000000e-01,x,3.733333333333e-01,-2.559618562790e-04,-4.264989864266e-04,1.705371301476e-04
9.500000000000e-01,x,3.866666666667e-01,-4.197787431905e-04,-4.393437533012e-04,1.956501011069e-05
9.500000000000e-01,x,4.000000000000e-01,-6.146339473434e-04,-4.531955802883e-04,-1.614383670551e-04
9.500000000000e-01,x,4.133333333333e-01,-7.961952481658e-04,-4.681468841635e-04,-3.280483640023e-04
9.500000000000e-01,x,4.266666666667e-01,-9.203381578209e-04,-4.843037714276e-04,-4.360343863933e-04
9.500000000000e-01,x,4.400000000000e-01,-9.491534589155e-04,-5.017886136824e-04,-4.473648452332e-04
9.500000000000e-01,x,4.533333333333e-01,-8.582258304054e-04,-5.207432174789e-04,-3.374826129264e-04
9.500000000000e-01,x,4.666666666667e-01,-6.683812726220e-04,-5.413327385185e-04,-1.270485341035e-04
9.500000000000e-01,x,4.800000000000e-01,-4.320721476004e-04,-5.637505244870e-04,1.316783768866e-04
9.500000000000e-01,x,4.933333333333e-01,-2.070545889297e-04,-5.882241186916e-04,3.811695297618e-04
9.500000000000e-01,x,5.066666666667e-01,-4.885535352234e-05,-6.150227202915e-04,5.661673667691e-04
9.500000000000e-01,x,5.200000000000e-01,-7.644658379764e-07,-6.444664748256e-04,6.437020089876e-04
9.500000000000e-01,x,5.333333333333e-01,-7.438728362063e-05,-6.769380529939e-04,6.025507693733e-04
9.500000000000e-01,x,5.466666666667e-01,-2.621984202383e-04,-7.128970481268e-04,4.506986278885e-04
9.500000000000e-01,x,5.600000000000e-01,-5.459151658836e-04,-7.528977507351e-04,2.069825848515e-04
9.500000000000e-01,x,5.733333333333e-01,-8.992351417549e-04,-7.976107896364e-04,-1.016243521185e-04
9.500000000000e-01,x,5.866666666667e-01,-1.281915358306e-03,-8.478488869577e-04,-4.340664713483e-04
9.500000000000e-01,x,6.000000000000e-01,-1.629069848650e-03,-9.045964556662e-04,-7.244733929840e-04
9.500000000000e-01,x,6.133333333333e-01,-1.876041171597e-03,-9.690418453143e-04,-9.069993262827e-04
9.500000000000e-01,x,6.266666666667e-01,-1.968597218744e-03,-1.042609571731e-03,-9.259876470138e-04
9.500000000000e-01,x,6.400000000000e-01,-1.869823825080e-03,-1.126987714147e-03,-7.428361109336e-04
9.500000000000e-01,x,6.533333333333e-01,-1.591840419200e-03,-1.224142739093e-03,-3.676976801067e-04
9.500000000000e-01,x,6.666666666667e-01,-1.205040017619e-03,-1.336310327440e-03,1.312703098212e-04
9.500000000000e-01,x,6.800000000000e-01,-7.953442000458e-04,-1.465946529529e-03,6.706023294829e-04
9.500000000000e-01,x,6.933333333333e-01,-4.522755020496e-04,-1.615619205627e-03,1.163343703577e-03
9.500000000000e-01,x,7.066666666667e-01,-2.597509947305e-04,-1.787816017553e-03,1.528065022823e-03
9.500000000000e-01,x,7.200000000000e-01,-2.865423516257e-04,-1.984643401994e-03,1.698101050368e-03
9.500000000000e-01,x,7.333333333333e-01,-5.818163918189e-04,-2.207392523302e-03,1.625576131483e-03
9.500000000000e-01,x,7.466666666667e-01,-1.173188703337e-03,-2.455954960807e-03,1.282766257471e-03
9.500000000000e-01,x,7.600000000000e-01,-2.063622405810e-03,-2.728084595074e-03,6.644621892643e-04
9.500000000000e-01,x,7.733333333333e-01,-3.220658631639e-03,-3.018524135967e-03,-2.021344956723e-04
9.500000000000e-01,x,7.866666666667e-01,-4.532452431390e-03,-3.318045299574e-03,-1.214407131816e-03
9.500000000000e-01,x,8.000000000000e-01,-5.848454370763e-03,-3.612489488726e-03,-2.235964882037e-03
9.500000000000e-01,x,8.133333333333e-01,-7.011354911853e-03,-3.881937486425e-03,-3.129417425428e-03
9.500000000000e-01,x,8.266666666667e-01,-7.869520297463e-03,-4.100176167193e-03,-3.769344130270e-03
9.500000000000e-01,x,8.400000000000e-01,-8.292134611783e-03,-4.234659242434e-03,-4.057475369349e-03
9.500000000000e-01,x,8.533333333333e-01,-8.185675523444e-03,-4.247167648958e-03,-3.938507874486e-03
9.500000000000e-01,x,8.666666666667e-01,-7.487921548243e-03,-4.095353293413e-03,-3.392568254831e-03
9.500000000000e-01,x,8.800000000000e-01,-6.168479630129e-03,-3.735289399102e-03,-2.433190231028e-03
9.500000000000e-01,x,8.933333333333e-01,-4.231434759491e-03,-3.125048104912e-03,-1.106386654579e-03
9.500000000000e-01,x,9.066666666667e-01,-1.744029295909e-03,-2.229184654072e-03,4.851553581625e-04
9.500000000000e-01,x,9.200000000000e-01,1.151447282528e-03,-1.023839624193e-03,2.175286906722e-03
9.500000000000e-01,x,9.333333333333e-01,4.287440002554e-03,4.980025799416e-04,3.789437422612e-03
9.500000000000e-01,x,9.466666666667e-01,7.486159724283e-03,2.321710578211e-03,5.164449146073e-03
9.500000000000e-01,x,9.600000000000e-01,1.057061505925e-02,4.407363730987e-03,6.163251328266e-03
9.500000000000e-01,x,9.733333333333e-01,1.337601578323e-02,6.687983603985e-03,6.688032179244e-03
9.500000000000e-01,x,9.866666666667e-01,1.575637067071e-02,9.070250894418e-03,6.686119776290e-03
9.500000000000e-01,x,1.000000000000e+00,1.758805738437e-02,1.143810300026e-02,6.149954384113e-03
9.500000000000e-01,x,1.013333333333e+00,1.877455191440e-02,1.365928861191e-02,5.115263302492e-03
9.500000000000e-01,x,1.026666666667e+00,1.925503367121e-02,1.559456905215e-02,3.660464619066e-03
9.500000000000e-01,x,1.040000000000e+00,1.903563662576e-02,1.710885446866e-02,1.926782157098e-03
9.500000000000e-01,x,1.053333333333e+00,1.816719348368e-02,1.808321041877e-02,8.398306491099e-05
9.500000000000e-01,x,1.066666666667e+00,1.672462135327e-02,1.842643120089e-02,-1.701809847620e-03
9.500000000000e-01,x,1.080000000000e+00,1.480057629182e-02,1.808480264976e-02,-3.284226357940e-03
9.500000000000e-01,x,1.093333333333e+00,1.250236740535e-02,1.704879755107e-02,-4.546430145727e-03
9.500000000000e-01,x,1.106666666667e+00,9.953404294143e-03,1.535575839385e-02,-5.402354099704e-03
9.500000000000e-01,x,1.120000000000e+00,7.280141040374e-03,1.308808833131e-02,-5.807947290937e-03
9.500000000000e-01,x,1.133333333333e+00,4.604511186233e-03,1.036702643545e-02,-5.762515249215e-03
9.500000000000e-01,x,1.146666666667e+00,2.038755805748e-03,7.342643822882e-03,-5.303888017134e-03
9.500000000000e-01,x,1.160000000000e+00,-3.263576393769e-04,4.181175856311e-03,-4.507533495688e-03
9.500000000000e-01,x,1.173333333333e+00,-2.429684567978e-03,1.051127885207e-03,-3.480812453185e-03
9.500000000000e-01,x,1.186666666667e+00,-4.227475317114e-03,-1.890290239830e-03,-2.337185077284e-03
9.500000000000e-01,x,1.200000000000e+00,-5.691208640819e-03,-4.508945566617e-03,-1.182263074202e-03
9.500000000000e-01,x,1.213333333333e+00,-6.806960379703e-03,-6.702618351439e-03,-1.043420282643e-04
9.500000000000e-01,x,1.226666666667e+00,-7.581772926454e-03,-8.406166690456e-03,8.243937640017e-04
9.500000000000e-01,x,1.240000000000e+00,-8.041254439505e-03,-9.592793396179e-03,1.551538956674e-03
9.500000000000e-01,x,1.253333333333e+00,-8.219725168535e-03,-1.027167628891e-02,2.051951120374e-03
9.500000000000e-01,x,1.266666666667e+00,-8.157093395281e-03,-1.048262667567e-02,2.325533280385e-03
9.500000000000e-01,x,1.280000000000e+00,-7.896112411320e-03,-1.028871078362e-02,2.392598372301e-03
9.500000000000e-01,x,1.293333333333e+00,-7.479156401397e-03,-9.767882221392e-03,2.288725819995e-03
9.500000000000e-01,x,1.306666666667e+00,-6.947232600640e-03,-9.004634716402e-03,2.057402115761e-03
9.500000000000e-01,x,1.320000000000e+00,-6.339342118516e-03,-8.082521175255e-03,1.743179056739e-03
9.500000000000e-01,x,1.333333333333e+00,-5.691431821306e-03,-7.078140421694e-03,1.386708600388e-03
9.500000000000e-01,x,1.346666666667e+00,-5.034454999775e-03,-6.056915197711e-03,1.022460197936e-03
9.500000000000e-01,x,1.360000000000e+00,-4.390601817688e-03,-5.070719087143e-03,6.801172694554e-04
9.500000000000e-01,x,1.373333333333e+00,-3.776625807641e-03,-4.157190551013e-03,3.805647433719e-04
9.500000000000e-01,x,1.386666666667e+00,-3.205278350170e-03,-3.340419865608e-03,1.351415154383e-04
9.500000000000e-01,x,1.400000000000e+00,-2.685718393977e-03,-2.632615569685e-03,-5.310282429174e-05
9.500000000000e-01,x,1.413333333333e+00,-2.223116069486e-03,-2.036344896406e-03,-1.867711730804e-04
9.500000000000e-01,x,1.426666666667e+00,-1.818280357723e-03,-1.546982965068e-03,-2.712973926548e-04
9.500000000000e-01,x,1.440000000000e+00,-1.469605633331e-03,-1.155079553531e-03,-3.145260798003e-04
9.500000000000e-01,x,1.453333333333e+00,-1.173816589623e-03,-8.484413301371e-04,-3.253752594859e-04
9.500000000000e-01,x,1.466666666667e+00,-9.264871177755e-04,-6.138156755444e-04,-3.126714422311e-04
9.500000000000e-01,x,1.480000000000e+00,-7.226575360401e-04,-4.381384159936e-04,-2.845191200465e-04
9.500000000000e-01,x,1.493333333333e+00,-5.571758374619e-04,-3.093656294295e-04,-2.478102080324e-04
9.500000000000e-01,x,1.506666666667e+00,-4.247450557232e-04,-2.169473018945e-04,-2.077977538288e-04
9.500000000000e-01,x,1.520000000000e+00,-3.201140040705e-04,-1.520194652350e-04,-1.680945388356e-04
9.500000000000e-01,x,1.533333333333e+00,-2.382943023131e-04,-1.073950870499e-04,-1.308992152632e-04
9.500000000000e-01,x,1.546666666667e+00,-1.751251785465e-04,-7.742690091421e-05,-9.769827763226e-05
9.500000000000e-01,x,1.560000000000e+00,-1.271178089867e-04,-5.780208308388e-05,-6.931572590278e-05
9.500000000000e-01,x,1.573333333333e+00,-9.118535744048e-05,-4.531311925703e-05,-4.587223818346e-05
9.500000000000e-01,x,1.586666666667e+00,-6.462645216421e-05,-3.763429420055e-05,-2.699215796366e-05
9.500000000000e-01,x,1.600000000000e+00,-4.515963978166e-05,-3.312078334710e-05,-1.203885643456e-05
9.500000000000e-01,x,1.613333333333e+00,-3.108532990278e-05,-3.063807595962e-05,-4.472539431622e-07
9.500000000000e-01,x,1.626666666667e+00,-2.108223356320e-05,-2.942333861977e-05,8.341105056569e-06
9.500000000000e-01,x,1.640000000000e+00,-1.409431839944e-05,-2.897676305174e-05,1.488244465230e-05
9.500000000000e-01,x,1.653333333333e+00,-9.286393112827e-06,-2.897918677222e-05,1.969279365939e-05
9.500000000000e-01,x,1.666666666667e+00,-6.018807551075e-06,-2.923164737654e-05,2.321283982547e-05
9.500000000000e-01,x,1.680000000000e+00,-3.831880936502e-06,-2.961253449401e-05,2.578065355750e-05
9.500000000000e-01,x,1.693333333333e+00,-2.391836102680e-06,-3.004833524965e-05,2.765649914697e-05
9.500000000000e-01,x,1.706666666667e+00,-1.461231676473e-06,-3.049446846239e-05,2.903323678592e-05
9.500000000000e-01,x,1.720000000000e+00,-8.766404761961e-07,-3.092328358503e-05,3.004664310883e-05
9.500000000000e-01,x,1.733333333333e+00,-5.205226504825e-07,-3.131690406661e-05,3.079638141613e-05
9.500000000000e-01,x,1.746666666667e+00,-3.052428513682e-07,-3.166317146949e-05,3.135792861812e-05
9.500000000000e-01,x,1.760000000000e+00,-1.745797311004e-07,-3.195345519806e-05,3.177887546695e-05
9.500000000000e-01,x,1.773333333333e+00,-9.647308960894e-08,-3.218150709054e-05,3.208503400093e-05
9.500000000000e-01,x,1.786666666667e+00,-5.542612981768e-08,-3.234285259476e-05,3.228742646495e-05
9.500000000000e-01,x,1.800000000000e+00,-3.687674824910e-08,-3.243442859773e-05,3.239755184948e-05
9.500000000000e-01,x,1.813333333333e+00,-2.761168809939e-08,-3.245431937835e-05,3.242670769025e-05
9.500000000000e-01,x,1.826666666667e+00,-2.076093870599e-08,-3.240152660388e-05,3.238076566518e-05
9.500000000000e-01,x,1.840000000000e+00,-1.443247789108e-08,-3.227575499852e-05,3.226132252063e-05
9.500000000000e-01,x,1.853333333333e+00,-9.652108467573e-09,-3.207721655218e-05,3.206756444371e-05
9.500000000000e-01,x,1.866666666667e+00,-5.826808345056e-09,-3.180646302915e-05,3.180063622081e-05
9.500000000000e-01,x,1.880000000000e+00,-2.764880309003e-09,-3.146425580004e-05,3.146149091973e-05
9.500000000000e-01,x,1.893333333333e+00,-1.478813031308e-09,-3.105147796253e-05,3.104999914950e-05
9.500000000000e-01,x,1.906666666667e+00,-3.659673063737e-09,-3.056908903438e-05,3.056542936132e-05
9.500000000000e-01,x,1.920000000000e+00,-9.564097506316e-09,-3.001811880456e-05,3.000855470706e-05
9.500000000000e-01,x,1.933333333333e+00,-1.520023109473e-08,-2.939969502304e-05,2.938449479194e-05
9.500000000000e-01,x,1.946666666667e+00,-1.670673759343e-08,-2.871509966718e-05,2.869839292958e-05
9.500000000000e-01,x,1.960000000000e+00,-1.201011593819e-08,-2.796585019787e-05,2.795384008193e-05
9.500000000000e-01,x,1.973333333333e+00,-1.796568327602e-09,-2.715380479759e-05,2.715200822926e-05
9.500000000000e-01,x,1.986666666667e+00,5.394382498363e-09,-2.628129313888e-05,2.628668752138e-05
9.500000000000e-01,x,2.000000000000e+00,-7.327006135919e-09,-2.535127580506e-05,2.534394879893e-05
9.500000000000e-01,y,-2.000000000000e+00,4.265083547022e-11,-7.418510346074e-07,7.418936854428e-07
9.500000000000e-01,y,-1.986666666667e+00,5.143643164914e-10,-5.976700192946e-07,5.981843836111e-07
9.500000000000e-01,y,-1.973333333333e+00,2.551877094773e-10,-4.585702715539e-07,4.588254592634e-07
9.500000000000e-01,y,-1.960000000000e+00,-1.357173902341e-10,-3.359903760282e-07,3.358546586379e-07
9.500000000000e-01,y,-1.946666666667e+00,-3.587558700353e-10,-2.413773035869e-07,2.410185477169e-07
9.500000000000e-01,y,-1.933333333333e+00,-3.856079112142e-10,-1.854573535827e-07,1.850717456715e-07
9.500000000000e-01,y,-1.920000000000e+00,-2.757410800586e-10,-1.773529010586e-07,1.770771599786e-07
9.500000000000e-01,y,-1.906666666667e+00,-1.380036680598e-10,-2.236606357812e-07,2.235226321131e-07
9.500000000000e-01,y,-1.893333333333e+00,-7.952985868686e-11,-3.276443588379e-07,3.275648289793e-07
9.500000000000e-01,y,-1.880000000000e+00,-8.693729768732e-11,-4.887141391682e-07,4.886272018705e-07
9.500000000000e-01,y,-1.866666666667e+00,-9.530361896690e-11,-7.023524626339e-07,7.022571590149e-07
9.500000000000e-01,y,-1.853333333333e+00,-4.098656266074e-11,-9.605993345117e-07,9.605583479490e-07
9.500000000000e-01,y,-1.840000000000e+00,1.232086054629e-10,-1.253123473042e-06,1.253246681648e-06
9.500000000000e-01,y,-1.826666666667e+00,3.879710000081e-10,-1.568798520644e-06,1.569186491644e-06
9.500000000000e-01,y,-1.813333333333e+00,6.348595948907e-10,-1.897593735174e-06,1.898228594769e-06
9.500000000000e-01,y,-1.800000000000e+00,7.160896993758e-10,-2.232503144793e-06,2.233219234492e-06
9.500000000000e-01,y,-1.786666666667e+00,4.988776214355e-10,-2.571195818139e-06,2.571694695760e-06
9.500000000000e-01,y,-1.773333333333e+00,-1.042131032490e-10,-2.917081103504e-06,2.916976890401e-06
9.500000000000e-01,y,-1.760000000000e+00,-9.809258227870e-10,-3.279540799629e-06,3.278559873806e-06
9.500000000000e-01,y,-1.746666666667e+00,-1.752246970120e-09,-3.673169030141e-06,3.671416783171e-06
9.500000000000e-01,y,-1.733333333333e+00,-2.024585644056e-09,-4.115961195762e-06,4.113936610118e-06
9.500000000000e-01,y,-1.720000000000e+00,-1.476231254138e-09,-4.626493193094e-06,4.625016961840e-06
9.500000000000e-01,y,-1.706666666667e+00,5.986623316345e-11,-5.220230880728e-06,5.220290746961e-06
9.500000000000e-01,y,-1.693333333333e+00,2.232936255946e-09,-5.905219261150e-06,5.907452197406e-06
9.500000000000e-01,y,-1.680000000000e+00,4.267948961414e-09,-6.677536683092e-06,6.681804632054e-06
9.500000000000e-01,y,-1.666666666667e+00,5.338921936893e-09,-7.517067366565e-06,7.522406288502e-06
9.500000000000e-01,y,-1.653333333333e+00,4.701717458720e-09,-8.384327038863e-06,8.389028756321e-06
9.500000000000e-01,y,-1.640000000000e+00,1.921252232849e-09,-9.219219663291e-06,9.221140915524e-06
9.500000000000e-01,y,-1.626666666667e+00,-2.405143751428e-09,-9.942627422392e-06,9.940222278641e-06
9.500000000000e-01,y,-1.613333333333e+00,-7.108042184714e-09,-1.046155237432e-05,1.045444433214e-05
9.500000000000e-01,y,-1.600000000000e+00,-1.088061726492e-08,-1.067807467429e-05,1.066719405703e-05
9.500000000000e-01,y,-1.586666666667e+00,-1.242052962030e-08,-1.050167430446e-05,1.048925377484e-05
9.500000000000e-01,y,-1.573333333333e+00,-1.058414797781e-08,-9.863582768882e-06,9.852998620904e-06
9.500000000000e-01,y,-1.560000000000e+00,-4.560673780713e-09,-8.730987798209e-06,8.726427124429e-06
9.500000000000e-01,y,-1.546666666667e+00,5.841212075664e-09,-7.118367164837e-06,7.124208376912e-06
9.500000000000e-01,y,-1.533333333333e+00,1.989638549860e-08,-5.093221964165e-06,5.113118349663e-06
9.500000000000e-01,y,-1.520000000000e+00,3.571840368925e-08,-2.774154025667e-06,2.809872429356e-06
9.500000000000e-01,y,-1.506666666667e+00,4.810206062447e-08,-3.205443140394e-07,3.686463746639e-07
9.500000000000e-01,y,-1.493333333333e+00,4.757394393891e-08,2.085208691257e-06,-2.037634747318e-06
9.500000000000e-01,y,-1.480000000000e+00,2.568430656909e-08,4.260247317410e-06,-4.234563010841e-06
9.500000000000e-01,y,-1.466666666667e+00,-2.242306351300e-08,6.044756054149e-06,-6.067179117662e-06
9.500000000000e-01,y,-1.453333333333e+00,-9.535363955113e-08,7.322177501258e-06,-7.417531140809e-06
9.500000000000e-01,y,-1.440000000000e+00,-1.687533062497e-07,8.032518163453e-06,-8.201271469703e-06
9.500000000000e-01,y,-1.426666666667e+00,-1.996970879270e-07,8.176568649004e-06,-8.376265736931e-06
9.500000000000e-01,y,-1.413333333333e+00,-1.493893954497e-07,7.810783460121e-06,-7.960172855571e-06
9.500000000000e-01,y,-1.400000000000e+00,7.663179327304e-09,7.034457293634e-06,-7.026794114307e-06
9.500000000000e-01,y,-1.386666666667e+00,2.685689040313e-07,5.972226179845e-06,-5.703657275813e-06
9.500000000000e-01,y,-1.373333333333e+00,5.404869931793e-07,4.755508629834e-06,-4.215021636655e-06
9.500000000000e-01,y,-1.360000000000e+00,6.863691975342e-07,3.506222339919e-06,-2.819853142385e-06
9.500000000000e-01,y,-1.346666666667e+00,5.799948415042e-07,2.325138521429e-06,-1.745143679925e-06
9.500000000000e-01,y,-1.333333333333e+00,1.307805494971e-07,1.285897188213e-06,-1.155116638716e-06
9.500000000000e-01,y,-1.320000000000e+00,-6.526544077385e-07,4.343740563150e-07,-1.087028464054e-06
9.500000000000e-01,y,-1.306666666667e+00,-1.526580588215e-06,-2.079288642497e-07,-1.318651723965e-06
9.500000000000e-01,y,-1.293333333333e+00,-2.163733961505e-06,-6.383238991439e-07,-1.525410062361e-06
9.500000000000e-01,y,-1.280000000000e+00,-2.234396215390e-06,-8.670704107748e-07,-1.367325804615e-06
9.500000000000e-01,y,-1.266666666667e+00,-1.452755682430e-06,-9.126394525327e-07,-5.401162298971e-07
9.500000000000e-01,y,-1.253333333333e+00,3.277005188363e-07,-7.988728575010e-07,1.126573376337e-06
9.500000000000e-01,y,-1.240000000000e+00,3.017880999427e-06,-5.540611705951e-07,3.571942170022e-06
9.500000000000e-01,y,-1.226666666667e+00,6.325749461345e-06,-2.113449104792e-07,6.537094371824e-06
9.500000000000e-01,y,-1.213333333333e+00,9.717322877261e-06,1.905251727540e-07,9.526797704507e-06
9.500000000000e-01,y,-1.200000000000e+00,1.236380727835e-05,6.070797466409e-07,1.175672753171e-05
9.500000000000e-01,y,-1.186666666667e+00,1.241125260954e-05,9.894039425544e-07,1.142184866699e-05
9.500000000000e-01,y,-1.173333333333e+00,7.194571054646e-06,1.286961559699e-06,5.907609494947e-06
9.500000000000e-01,y,-1.160000000000e+00,-5.431125168717e-06,1.451381323618e-06,-6.882506492335e-06
9.500000000000e-01,y,-1.146666666667e+00,-2.644936296138e-05,1.439725735011e-06,-2.788908869639e-05
9.500000000000e-01,y,-1.133333333333e+00,-5.470241585853e-05,1.214748539458e-06,-5.591716439799e-05
9.500000000000e-01,y,-1.120000000000e+00,-8.266275843738e-05,7.384152321756e-07,-8.340117366956e-05
9.500000000000e-01,y,-1.106666666667e+00,-9.891687787936e-05,-4.668820466289e-08,-9.887018967470e-05
9.500000000000e-01,y,-1.093333333333e+00,-9.183317360462e-05,-1.255754379938e-06,-9.057741922468e-05
9.500000000000e-01,y,-1.080000000000e+00,-5.103394130954e-05,-3.130818969042e-06,-4.790312234049e-05
9.500000000000e-01,y,-1.066666666667e+00,3.033300714798e-05,-6.155190166842e-06,3.648819731482e-05
9.500000000000e-01,y,-1.053333333333e+00,1.514346951818e-04,-1.123164176200e-05,1.626663369438e-04
9.500000000000e-01,y,-1.040000000000e+00,3.049518261336e-04,-1.994446119476e-05,3.248962873283e-04
9.500000000000e-01,y,-1.026666666667e+00,4.768007379236e-04,-3.492193592505e-05,5.117226738486e-04
9.500000000000e-01,y,-1.013333333333e+00,6.449869638602e-04,-6.030264919543e-05,7.052896130556e-04
9.500000000000e-01,y,-1.000000000000e+00,7.708645012331e-04,-1.022808886425e-04,8.731453898756e-04
9.500000000000e-01,y,-9.866666666667e-01,7.901858135758e-04,-1.696594002223e-04,9.598452137980e-04
9.500000000000e-01,y,-9.733333333333e-01,6.356193001918e-04,-2.742713278169e-04,9.098906280087e-04
9.500000000000e-01,y,-9.600000000000e-01,2.470986090379e-04,-4.310547077316e-04,6.781533167695e-04
9.500000000000e-01,y,-9.466666666667e-01,-4.193912558243e-04,-6.574907264382e-04,2.380994706139e-04
9.500000000000e-01,y,-9.333333333333e-01,-1.362140085281e-03,-9.720821406271e-04,-3.900579446538e-04
9.500000000000e-01,y,-9.200000000000e-01,-2.526062331781e-03,-1.391591398954e-03,-1.134470932828e-03
9.500000000000e-01,y,-9.066666666667e-01,-3.830963977987e-03,-1.926919409679e-03,-1.904044568308e-03
9.500000000000e-01,y,-8.933333333333e-01,-5.176388665162e-03,-2.577808728076e-03,-2.598579937086e-03
9.500000000000e-01,y,-8.800000000000e-01,-6.444246871074e-03,-3.326984394210e-03,-3.117262476865e-03
9.500000000000e-01,y,-8.666666666667e-01,-7.487061892738e-03,-4.134831404418e-03,-3.352230488321e-03
9.500000000000e-01,y,-8.533333333333e-01,-8.145067506574e-03,-4.936119717705e-03,-3.208947788869e-03
9.500000000000e-01,y,-8.400000000000e-01,-8.272721558733e-03,-5.640454441288e-03,-2.632267117445e-03
9.500000000000e-01,y,-8.266666666667e-01,-7.754826194998e-03,-6.137883155958e-03,-1.616943039041e-03
9.500000000000e-01,y,-8.133333333333e-01,-6.536796289329e-03,-6.310336290941e-03,-2.264599983883e-04
9.500000000000e-01,y,-8.000000000000e-01,-4.702056121809e-03,-6.048347305730e-03,1.346291183922e-03
9.500000000000e-01,y,-7.866666666667e-01,-2.409869113353e-03,-5.271008268352e-03,2.861139154999e-03
9.500000000000e-01,y,-7.733333333333e-01,1.459881946515e-04,-3.945732660769e-03,4.091720855421e-03
9.500000000000e-01,y,-7.600000000000e-01,2.753192580597e-03,-2.103566631220e-03,4.856759211818e-03
9.500000000000e-01,y,-7.466666666667e-01,5.205811806015e-03,1.541013359456e-04,5.051710470069e-03
9.500000000000e-01,y,-7.333333333333e-01,7.332905395324e-03,2.660357270788e-03,4.672548124536e-03
9.500000000000e-01,y,-7.200000000000e-01,8.988636858662e-03,5.199827919361e-03,3.788808939301e-03
9.500000000000e-01,y,-7.066666666667e-01,1.005818321939e-02,7.536008371301e-03,2.522174848086e-03
9.500000000000e-01,y,-6.933333333333e-01,1.046762716155e-02,9.444336831164e-03,1.023290330381e-03
9.500000000000e-01,y,-6.800000000000e-01,1.022972573824e-02,1.074487816505e-02,-5.151524268105e-04
9.500000000000e-01,y,-6.666666666667e-01,9.456753049087e-03,1.132826698325e-02,-1.871513934167e-03
9.500000000000e-01,y,-6.533333333333e-01,8.297104653675e-03,1.116988745986e-02,-2.872782806189e-03
9.500000000000e-01,y,-6.400000000000e-01,6.915259423733e-03,1.032981044598e-02,-3.414551022244e-03
9.500000000000e-01,y,-6.266666666667e-01,5.472448334469e-03,8.939095222190e-03,-3.466646887721e-03
9.500000000000e-01,y,-6.133333333333e-01,4.075298302217e-03,7.175877356945e-03,-3.100579054728e-03
9.500000000000e-01,y,-6.000000000000e-01,2.781159705512e-03,5.236500774513e-03,-2.455341069001e-03
9.500000000000e-01,y,-5.866666666667e-01,1.627998116440e-03,3.307424453408e-03,-1.679426336968e-03
9.500000000000e-01,y,-5.733333333333e-01,6.378114914628e-04,1.542763611491e-03,-9.049521200281e-04
9.500000000000e-01,y,-5.600000000000e-01,-1.800873972721e-04,5.049357632133e-05,-2.305809735934e-04
9.500000000000e-01,y,-5.466666666667e-01,-8.256827645275e-04,-1.111861921573e-03,2.861791570458e-04
9.500000000000e-01,y,-5.333333333333e-01,-1.306628437013e-03,-1.933225009595e-03,6.265965725814e-04
9.500000000000e-01,y,-5.200000000000e-01,-1.636696204433e-03,-2.439148593733e-03,8.024523892999e-04
9.500000000000e-01,y,-5.066666666667e-01,-1.834073729960e-03,-2.679215959399e-03,8.451422294395e-04
9.500000000000e-01,y,-4.933333333333e-01,-1.919840933300e-03,-2.714440566235e-03,7.945996329349e-04
9.500000000000e-01,y,-4.800000000000e-01,-1.916663636170e-03,-2.606701459982e-03,6.900378238124e-04
9.500000000000e-01,y,-4.666666666667e-01,-1.847712781749e-03,-2.411294596024e-03,5.635818142751e-04
9.500000000000e-01,y,-4.533333333333e-01,-1.735704622489e-03,-2.172791727646e-03,4.370871051570e-04
9.500000000000e-01,y,-4.400000000000e-01,-1.601962701748e-03,-1.923751445624e-03,3.217887438765e-04
9.500000000000e-01,y,-4.266666666667e-01,-1.462752092276e-03,-1.685483966052e-03,2.227318737763e-04
9.500000000000e-01,y,-4.133333333333e-01,-1.327235655748e-03,-1.470002475542e-03,1.427668197935e-04
9.500000000000e-01,y,-4.000000000000e-01,-1.201670292223e-03,-1.282415926230e-03,8.074563400646e-05
9.500000000000e-01,y,-3.866666666667e-01,-1.089982633013e-03,-1.123234272332e-03,3.325163931857e-05
9.500000000000e-01,y,-3.733333333333e-01,-9.939505349324e-04,-9.902859248729e-04,-3.664610059486e-06
9.500000000000e-01,y,-3.600000000000e-01,-9.124536423718e-04,-8.801367734885e-04,-3.231686888330e-05
9.500000000000e-01,y,-3.466666666667e-01,-8.420766950793e-04,-7.890287087032e-04,-5.304798637610e-05
9.500000000000e-01,y,-3.333333333333e-01,-7.785249949571e-04,-7.134241137952e-04,-6.510088116188e-05
9.500000000000e-01,y,-3.200000000000e-01,-7.171691483933e-04,-6.502648444264e-04,-6.690430396693e-05
9.500000000000e-01,y,-3.066666666667e-01,-6.542221783692e-04,-5.970471020170e-04,-5.717507635222e-05
9.500000000000e-01,y,-2.933333333333e-01,-5.917734590102e-04,-5.517926402855e-04,-3.998081872469e-05
9.500000000000e-01,y,-2.800000000000e-01,-5.342426899747e-04,-5.129726472216e-04,-2.127004275307e-05
9.500000000000e-01,y,-2.666666666667e-01,-4.851897339096e-04,-4.794193745123e-04,-5.770359397266e-06
9.500000000000e-01,y,-2.533333333333e-01,-4.463976050828e-04,-4.502444275398e-04,3.846822457068e-06
9.500000000000e-01,y,-2.400000000000e-01,-4.169965076420e-04,-4.247716392823e-04,7.775131640372e-06
9.500000000000e-01,y,-2.266666666667e-01,-3.931075031315e-04,-4.024856971930e-04,9.378194061532e-06
9.500000000000e-01,y,-2.133333333333e-01,-3.694228181610e-04,-3.829940493970e-04,1.357123123608e-05
9.500000000000e-01,y,-2.000000000000e-01,-3.415522094643e-04,-3.659981459958e-04,2.444593653156e-05
9.500000000000e-01,y,-1.866666666667e-01,-3.087309223575e-04,-3.512700901776e-04,4.253916782006e-05
9.500000000000e-01,y,-1.733333333333e-01,-2.711626719909e-04,-3.386317730483e-04,6.746910105741e-05
9.500000000000e-01,y,-1.600000000000e-01,-2.272012145692e-04,-3.279350964267e-04,1.007338818575e-04
9.500000000000e-01,y,-1.466666666667e-01,-1.811217112300e-04,-3.190434953665e-04,1.379217841365e-04
9.500000000000e-01,y,-1.333333333333e-01,-1.434048647859e-04,-3.118162134311e-04,1.684113486451e-04
9.500000000000e-01,y,-1.200000000000e-01,-1.295249594439e-04,-3.060973082929e-04,1.765723488490e-04
9.500000000000e-01,y,-1.066666666667e-01,-1.386891048415e-04,-3.017110211702e-04,1.630219163288e-04
9.500000000000e-01,y,-9.333333333333e-02,-1.551654389129e-04,-2.984640484370e-04,1.432986095241e-04
9.500000000000e-01,y,-8.000000000000e-02,-1.683323117710e-04,-2.961537825034e-04,1.278214707325e-04
9.500000000000e-01,y,-6.666666666667e-02,-1.733490112524e-04,-2.945802636914e-04,1.212312524390e-04
9.500000000000e-01,y,-5.333333333333e-02,-1.706486764391e-04,-2.935588923025e-04,1.229102158634e-04
9.500000000000e-01,y,-4.000000000000e-02,-1.603745303066e-04,-2.929311549594e-04,1.325566246528e-04
9.500000000000e-01,y,-2.666666666667e-02,-1.447976530392e-04,-2.925716492715e-04,1.477739962323e-04
9.500000000000e-01,y,-1.333333333333e-02,-1.298146339137e-04,-2.923911519431e-04,1.625765180294e-04
9.500000000000e-01,y,0.000000000000e+00,-1.230523311511e-04,-2.923368017451e-04,1.692844705940e-04
9.500000000000e-01,y,1.333333333333e-02,-1.298138321613e-04,-2.923911519431e-04,1.625773197817e-04
9.500000000000e-01,y,2.666666666667e-02,-1.447961095163e-04,-2.925716492715e-04,1.477755397552e-04
9.500000000000e-01,y,4.000000000000e-02,-1.603723638946e-04,-2.929311549594e-04,1.325587910648e-04
9.500000000000e-01,y,5.333333333333e-02,-1.706460626914e-04,-2.935588923025e-04,1.229128296111e-04
9.500000000000e-01,y,6.666666666667e-02,-1.733461792511e-04,-2.945802636914e-04,1.212340844403e-04
9.500000000000e-01,y,8.000000000000e-02,-1.683295139523e-04,-2.961537825034e-04,1.278242685511e-04
9.500000000000e-01,y,9.333333333333e-02,-1.551628950549e-04,-2.984640484370e-04,1.433011533821e-04
9.500000000000e-01,y,1.066666666667e-01,-1.386869927269e-04,-3.017110211702e-04,1.630240284433e-04
9.500000000000e-01,y,1.200000000000e-01,-1.295234144873e-04,-3.060973082929e-04,1.765738938056e-04
9.500000000000e-01,y,1.333333333333e-01,-1.434039814513e-04,-3.118162134311e-04,1.684122319797e-04
9.500000000000e-01,y,1.466666666667e-01,-1.811215204609e-04,-3.190434953665e-04,1.379219749056e-04
9.500000000000e-01,y,1.600000000000e-01,-2.272016618359e-04,-3.279350964267e-04,1.007334345907e-04
9.500000000000e-01,y,1.733333333333e-01,-2.711636265367e-04,-3.386317730483e-04,6.746814651154e-05
9.500000000000e-01,y,1.866666666667e-01,-3.087321912848e-04,-3.512700901776e-04,4.253789889279e-05
9.500000000000e-01,y,2.000000000000e-01,-3.415535574861e-04,-3.659981459958e-04,2.444458850968e-05
9.500000000000e-01,y,2.133333333333e-01,-3.694240002599e-04,-3.829940493970e-04,1.357004913710e-05
9.500000000000e-01,y,2.266666666667e-01,-3.931082946996e-04,-4.024856971930e-04,9.377402493478e-06
9.500000000000e-01,y,2.400000000000e-01,-4.169967272317e-04,-4.247716392823e-04,7.774912050663e-06
9.500000000000e-01,y,2.533333333333e-01,-4.463971362652e-04,-4.502444275398e-04,3.847291274621e-06
9.500000000000e-01,y,2.666666666667e-01,-4.851885393841e-04,-4.794193745123e-04,-5.769164871790e-06
9.500000000000e-01,y,2.800000000000e-01,-5.342408008669e-04,-5.129726472216e-04,-2.126815364526e-05
9.500000000000e-01,y,2.933333333333e-01,-5.917709795953e-04,-5.517926402855e-04,-3.997833930986e-05
9.500000000000e-01,y,3.066666666667e-01,-6.542192918417e-04,-5.970471020170e-04,-5.717218982472e-05
9.500000000000e-01,y,3.200000000000e-01,-7.171661133844e-04,-6.502648444264e-04,-6.690126895805e-05
9.500000000000e-01,y,3.333333333333e-01,-7.785221043275e-04,-7.134241137952e-04,-6.509799053226e-05
9.500000000000e-01,y,3.466666666667e-01,-8.420741918468e-04,-7.890287087032e-04,-5.304548314361e-05
9.500000000000e-01,y,3.600000000000e-01,-9.124516981804e-04,-8.801367734885e-04,-3.231492469184e-05
9.500000000000e-01,y,3.733333333333e-01,-9.939492440376e-04,-9.902859248729e-04,-3.663319164701e-06
9.500000000000e-01,y,3.866666666667e-01,-1.089982011852e-03,-1.123234272332e-03,3.325226047930e-05
9.500000000000e-01,y,4.000000000000e-01,-1.201670284698e-03,-1.282415926230e-03,8.074564153196e-05
9.500000000000e-01,y,4.133333333333e-01,-1.327236142215e-03,-1.470002475542e-03,1.427663333271e-04
9.500000000000e-01,y,4.266666666667e-01,-1.462752900785e-03,-1.685483966052e-03,2.227310652674e-04
9.500000000000e-01,y,4.400000000000e-01,-1.601963621503e-03,-1.923751445624e-03,3.217878241216e-04
9.500000000000e-01,y,4.533333333333e-01,-1.735705423446e-03,-2.172791727646e-03,4.370863042001e-04
9.500000000000e-01,y,4.666666666667e-01,-1.847713268885e-03,-2.411294596024e-03,5.635813271391e-04
9.500000000000e-01,y,4.800000000000e-01,-1.916663688310e-03,-2.606701459982e-03,6.900377716727e-04
9.500000000000e-01,y,4.933333333333e-01,-1.919840512339e-03,-2.714440566235e-03,7.946000538964e-04
9.500000000000e-01,y,5.066666666667e-01,-1.834072882874e-03,-2.679215959399e-03,8.451430765255e-04
9.500000000000e-01,y,5.200000000000e-01,-1.636695047540e-03,-2.439148593733e-03,8.024535461934e-04
9.500000000000e-01,y,5.333333333333e-01,-1.306627091087e-03,-1.933225009595e-03,6.265979185075e-04
9.500000000000e-01,y,5.466666666667e-01,-8.256813274195e-04,-1.111861921573e-03,2.861805941537e-04
9.500000000000e-01,y,5.600000000000e-01,-1.800859382727e-04,5.049357632133e-05,-2.305795145940e-04
9.500000000000e-01,y,5.733333333333e-01,6.378129342845e-04,1.542763611491e-03,-9.049506772064e-04
9.500000000000e-01,y,5.866666666667e-01,1.627999530743e-03,3.307424453408e-03,-1.679424922665e-03
9.500000000000e-01,y,6.000000000000e-01,2.781161090174e-03,5.236500774513e-03,-2.455339684339e-03
9.500000000000e-01,y,6.133333333333e-01,4.075299658670e-03,7.175877356945e-03,-3.100577698275e-03
9.500000000000e-01,y,6.266666666667e-01,5.472449655306e-03,8.939095222190e-03,-3.466645566884e-03
9.500000000000e-01,y,6.400000000000e-01,6.915260677203e-03,1.032981044598e-02,-3.414549768774e-03
9.500000000000e-01,y,6.533333333333e-01,8.297105794148e-03,1.116988745986e-02,-2.872781665716e-03
9.500000000000e-01,y,6.666666666667e-01,9.456754040694e-03,1.132826698325e-02,-1.871512942560e-03
9.500000000000e-01,y,6.800000000000e-01,1.022972654553e-02,1.074487816505e-02,-5.151516195174e-04
9.500000000000e-01,y,6.933333333333e-01,1.046762774823e-02,9.444336831164e-03,1.023290917068e-03
9.500000000000e-01,y,7.066666666667e-01,1.005818355560e-02,7.536008371301e-03,2.522175184297e-03
9.500000000000e-01,y,7.200000000000e-01,8.988636931434e-03,5.199827919361e-03,3.788809012072e-03
9.500000000000e-01,y,7.333333333333e-01,7.332905219834e-03,2.660357270788e-03,4.672547949046e-03
9.500000000000e-01,y,7.466666666667e-01,5.205811432526e-03,1.541013359456e-04,5.051710096581e-03
9.500000000000e-01,y,7.600000000000e-01,2.753192092938e-03,-2.103566631220e-03,4.856758724158e-03
9.500000000000e-01,y,7.733333333333e-01,1.459876980499e-04,-3.945732660769e-03,4.091720358819e-03
9.500000000000e-01,y,7.866666666667e-01,-2.409869529272e-03,-5.271008268352e-03,2.861138739081e-03
9.500000000000e-01,y,8.000000000000e-01,-4.702056404040e-03,-6.048347305730e-03,1.346290901691e-03
9.500000000000e-01,y,8.133333333333e-01,-6.536796426565e-03,-6.310336290941e-03,-2.264601356245e-04
9.500000000000e-01,y,8.266666666667e-01,-7.754826217113e-03,-6.137883155958e-03,-1.616943061155e-03
9.500000000000e-01,y,8.400000000000e-01,-8.272721523772e-03,-5.640454441288e-03,-2.632267082485e-03
9.500000000000e-01,y,8.533333333333e-01,-8.145067471403e-03,-4.936119717705e-03,-3.208947753698e-03
9.500000000000e-01,y,8.666666666667e-01,-7.487061899430e-03,-4.134831404418e-03,-3.352230495012e-03
9.500000000000e-01,y,8.800000000000e-01,-6.444246937267e-03,-3.326984394210e-03,-3.117262543058e-03
9.500000000000e-01,y,8.933333333333e-01,-5.176388776805e-03,-2.577808728076e-03,-2.598580048728e-03
9.500000000000e-01,y,9.066666666667e-01,-3.830964104098e-03,-1.926919409679e-03,-1.904044694419e-03
9.500000000000e-01,y,9.200000000000e-01,-2.526062451760e-03,-1.391591398954e-03,-1.134471052806e-03
9.500000000000e-01,y,9.333333333333e-01,-1.362140188585e-03,-9.720821406271e-04,-3.900580479584e-04
9.500000000000e-01,y,9.466666666667e-01,-4.193913394197e-04,-6.574907264382e-04,2.380993870184e-04
9.500000000000e-01,y,9.600000000000e-01,2.470985404693e-04,-4.310547077316e-04,6.781532482009e-04
9.500000000000e-01,y,9.733333333333e-01,6.356192409672e-04,-2.742713278169e-04,9.098905687841e-04
9.500000000000e-01,y,9.866666666667e-01,7.901857612938e-04,-1.696594002223e-04,9.598451615160e-04
9.500000000000e-01,y,1.000000000000e+00,7.708644558496e-04,-1.022808886425e-04,8.731453444920e-04
9.500000000000e-01,y,1.013333333333e+00,6.449869261720e-04,-6.030264919543e-05,7.052895753674e-04
9.500000000000e-01,y,1.026666666667e+00,4.768007092316e-04,-3.492193592505e-05,5.117226451567e-04
9.500000000000e-01,y,1.040000000000e+00,3.049518062182e-04,-1.994446119476e-05,3.248962674129e-04
9.500000000000e-01,y,1.053333333333e+00,1.514346830995e-04,-1.123164176200e-05,1.626663248615e-04
9.500000000000e-01,y,1.066666666667e+00,3.033300091708e-05,-6.155190166842e-06,3.648819108392e-05
9.500000000000e-01,y,1.080000000000e+00,-5.103394416071e-05,-3.130818969042e-06,-4.790312519167e-05
9.500000000000e-01,y,1.093333333333e+00,-9.183317493759e-05,-1.255754379938e-06,-9.057742055765e-05
9.500000000000e-01,y,1.106666666667e+00,-9.891687920230e-05,-4.668820466289e-08,-9.887019099764e-05
9.500000000000e-01,y,1.120000000000e+00,-8.266276113761e-05,7.384152321756e-07,-8.340117636978e-05
9.500000000000e-01,y,1.133333333333e+00,-5.470242016440e-05,1.214748539458e-06,-5.591716870386e-05
9.500000000000e-01,y,1.146666666667e+00,-2.644936870630e-05,1.439725735011e-06,-2.788909444131e-05
9.500000000000e-01,y,1.160000000000e+00,-5.431131513541e-06,1.451381323618e-06,-6.882512837159e-06
9.500000000000e-01,y,1.173333333333e+00,7.194564836411e-06,1.286961559699e-06,5.907603276712e-06
9.500000000000e-01,y,1.186666666667e+00,1.241124752801e-05,9.894039425544e-07,1.142184358545e-05
9.500000000000e-01,y,1.200000000000e+00,1.236380330178e-05,6.070797466409e-07,1.175672355514e-05
9.500000000000e-01,y,1.213333333333e+00,9.717320232750e-06,1.905251727540e-07,9.526795059996e-06
9.500000000000e-01,y,1.226666666667e+00,6.325748121312e-06,-2.113449104792e-07,6.537093031792e-06
9.500000000000e-01,y,1.240000000000e+00,3.017880285284e-06,-5.540611705951e-07,3.571941455879e-06
9.500000000000e-01,y,1.253333333333e+00,3.277002862577e-07,-7.988728575010e-07,1.126573143759e-06
9.500000000000e-01,y,1.266666666667e+00,-1.452755842356e-06,-9.126394525327e-07,-5.401163898235e-07
9.500000000000e-01,y,1.280000000000e+00,-2.234396043679e-06,-8.670704107748e-07,-1.367325632904e-06
9.500000000000e-01,y,1.293333333333e+00,-2.163733749035e-06,-6.383238991439e-07,-1.525409849891e-06
9.500000000000e-01,y,1.306666666667e+00,-1.526580343583e-06,-2.079288642497e-07,-1.318651479334e-06
9.500000000000e-01,y,1.320000000000e+00,-6.526539982554e-07,4.343740563150e-07,-1.087028054570e-06
9.500000000000e-01,y,1.333333333333e+00,1.307810212337e-07,1.285897188213e-06,-1.155116166979e-06
9.500000000000e-01,y,1.346666666667e+00,5.799948604077e-07,2.325138521429e-06,-1.745143661022e-06
9.500000000000e-01,y,1.360000000000e+00,6.863688016756e-07,3.506222339919e-06,-2.819853538244e-06
9.500000000000e-01,y,1.373333333333e+00,5.404859765540e-07,4.755508629834e-06,-4.215022653280e-06
9.500000000000e-01,y,1.386666666667e+00,2.685673713680e-07,5.972226179845e-06,-5.703658808477e-06
9.500000000000e-01,y,1.400000000000e+00,7.661601185854e-09,7.034457293634e-06,-7.026795692448e-06
9.500000000000e-01,y,1.413333333333e+00,-1.493907199036e-07,7.810783460121e-06,-7.960174180025e-06
9.500000000000e-01,y,1.426666666667e+00,-1.996978195142e-07,8.176568649004e-06,-8.376266468518e-06
9.500000000000e-01,y,1.440000000000e+00,-1.687533147591e-07,8.032518163453e-06,-8.201271478212e-06
9.500000000000e-01,y,1.453333333333e+00,-9.535331881785e-08,7.322177501258e-06,-7.417530820076e-06
9.500000000000e-01,y,1.466666666667e+00,-2.242231036601e-08,6.044756054149e-06,-6.067178364515e-06
9.500000000000e-01,y,1.480000000000e+00,2.568505239278e-08,4.260247317410e-06,-4.234562265018e-06
9.500000000000e-01,y,1.493333333333e+00,4.757439108643e-08,2.085208691257e-06,-2.037634300171e-06
9.500000000000e-01,y,1.506666666667e+00,4.810229767534e-08,-3.205443140394e-07,3.686466117148e-07
9.500000000000e-01,y,1.520000000000e+00,3.571828426297e-08,-2.774154025667e-06,2.809872309929e-06
9.500000000000e-01,y,1.533333333333e+00,1.989607737869e-08,-5.093221964165e-06,5.113118041544e-06
9.500000000000e-01,y,1.546666666667e+00,5.840476666748e-09,-7.118367164837e-06,7.124207641503e-06
9.500000000000e-01,y,1.560000000000e+00,-4.561793529051e-09,-8.730987798209e-06,8.726426004680e-06
9.500000000000e-01,y,1.573333333333e+00,-1.058578854625e-08,-9.863582768882e-06,9.852996980336e-06
9.500000000000e-01,y,1.586666666667e+00,-1.242226322601e-08,-1.050167430446e-05,1.048925204124e-05
9.500000000000e-01,y,1.600000000000e+00,-1.088247759083e-08,-1.067807467429e-05,1.066719219670e-05
9.500000000000e-01,y,1.613333333333e+00,-7.110066436514e-09,-1.046155237432e-05,1.045444230789e-05
9.500000000000e-01,y,1.626666666667e+00,-2.406822395081e-09,-9.942627422392e-06,9.940220599997e-06
9.500000000000e-01,y,1.640000000000e+00,1.919674839207e-09,-9.219219663291e-06,9.221139338130e-06
9.500000000000e-01,y,1.653333333333e+00,4.700211065848e-09,-8.384327038863e-06,8.389027249928e-06
9.500000000000e-01,y,1.666666666667e+00,5.337936766899e-09,-7.517067366565e-06,7.522405303332e-06
9.500000000000e-01,y,1.680000000000e+00,4.266971628306e-09,-6.677536683092e-06,6.681803654721e-06
9.500000000000e-01,y,1.693333333333e+00,2.232057788254e-09,-5.905219261150e-06,5.907451318939e-06
9.500000000000e-01,y,1.706666666667e+00,5.949728135172e-11,-5.220230880728e-06,5.220290378009e-06
9.500000000000e-01,y,1.720000000000e+00,-1.475954046552e-09,-4.626493193094e-06,4.625017239047e-06
9.500000000000e-01,y,1.733333333333e+00,-2.024021663639e-09,-4.115961195762e-06,4.113937174098e-06
9.500000000000e-01,y,1.746666666667e+00,-1.751156365546e-09,-3.673169030141e-06,3.671417873775e-06
9.500000000000e-01,y,1.760000000000e+00,-9.794031679284e-10,-3.279540799629e-06,3.278561396461e-06
9.500000000000e-01,y,1.773333333333e+00,-1.031097945327e-10,-2.917081103504e-06,2.916977993710e-06
9.500000000000e-01,y,1.786666666667e+00,4.997484811652e-10,-2.571195818139e-06,2.571695566620e-06
9.500000000000e-01,y,1.800000000000e+00,7.164912197504e-10,-2.232503144793e-06,2.233219636013e-06
9.500000000000e-01,y,1.813333333333e+00,6.344327423609e-10,-1.897593735174e-06,1.898228167916e-06
9.500000000000e-01,y,1.826666666667e+00,3.870249281013e-10,-1.568798520644e-06,1.569185545572e-06
9.500000000000e-01,y,1.840000000000e+00,1.219569458088e-10,-1.253123473042e-06,1.253245429988e-06
9.500000000000e-01,y,1.853333333333e+00,-4.240616907843e-11,-9.605993345117e-07,9.605569283426e-07
9.500000000000e-01,y,1.866666666667e+00,-9.658014208363e-11,-7.023524626339e-07,7.022558824918e-07
9.500000000000e-01,y,1.880000000000e+00,-8.809476407374e-11,-4.887141391682e-07,4.886260444041e-07
9.500000000000e-01,y,1.893333333333e+00,-7.994998340586e-11,-3.276443588379e-07,3.275644088545e-07
9.500000000000e-01,y,1.906666666667e+00,-1.383745415380e-10,-2.236606357812e-07,2.235222612396e-07
9.500000000000e-01,y,1.920000000000e+00,-2.760457195700e-10,-1.773529010586e-07,1.770768553391e-07
9.500000000000e-01,y,1.933333333333e+00,-3.857346441519e-10,-1.854573535827e-07,1.850716189386e-07
9.500000000000e-01,y,1.946666666667e+00,-3.583431451157e-10,-2.413773035869e-07,2.410189604418e-07
9.500000000000e-01,y,1.960000000000e+00,-1.353339692915e-10,-3.359903760282e-07,3.358550420589e-07
9.500000000000e-01,y,1.973333333333e+00,2.558681732482e-10,-4.585702715539e-07,4.588261397271e-07
9.500000000000e-01,y,1.986666666667e+00,5.157730974646e-10,-5.976700192946e-07,5.981857923921e-07
9.500000000000e-01,y,2.000000000000e+00,4.418132231326e-11,-7.418510346074e-07,7.418952159297e-07
1.450000000000e+00,x,-2.000000000000e+00,-8.186554533981e-03,-3.340018455199e-03,-4.846536078782e-03
1.450000000000e+00,x,-1.986666666667e+00,-8.060019396103e-03,-1.325778146180e-03,-6.734241249923e-03
1.450000000000e+00,x,-1.973333333333e+00,-7.602402588557e-03,9.199183876424e-04,-8.522320976200e-03
1.450000000000e+00,x,-1.960000000000e+00,-6.708434627752e-03,3.292265597868e-03,-1.000070022562e-02
1.450000000000e+00,x,-1.946666666667e+00,-5.369247992431e-03,5.670307965505e-03,-1.103955595794e-02
1.450000000000e+00,x,-1.933333333333e+00,-3.661475232573e-03,7.926203538584e-03,-1.158767877116e-02
1.450000000000e+00,x,-1.920000000000e+00,-1.690073594663e-03,9.935662151734e-03,-1.162573574640e-02
1.450000000000e+00,x,-1.906666666667e+00,4.234359333203e-04,1.158842049033e-02,-1.116498455700e-02
1.450000000000e+00,x,-1.893333333333e+00,2.556180685852e-03,1.279756961983e-02,-1.024138893397e-02
1.450000000000e+00,x,-1.880000000000e+00,4.614356563623e-03,1.350667159859e-02,-8.892315034964e-03
1.450000000000e+00,x,-1.866666666667e+00,6.520450339865e-03,1.369387491117e-02,-7.173424571301e-03
1.450000000000e+00,x,-1.853333333333e+00,8.203812682683e-03,1.337262215437e-02,-5.168809471685e-03
1.450000000000e+00,x,-1.840000000000e+00,9.600276541937e-03,1.258897750376e-02,-2.988700961821e-03
1.450000000000e+00,x,-1.826666666667e+00,1.065067750331e-02,1.141601834109e-02,-7.653408377792e-04
1.450000000000e+00,x,-1.813333333333e+00,1.129906622528e-02,9.946072361235e-03,1.352993864046e-03
1.450000000000e+00,x,-1.800000000000e+00,1.149909389314e-02,8.281791886377e-03,3.217302006762e-03
1.450000000000e+00,x,-1.786666666667e+00,1.121879804719e-02,6.527117918212e-03,4.691680128982e-03
1.450000000000e+00,x,-1.773333333333e+00,1.044518536507e-02,4.779100640691e-03,5.666084724382e-03
1.450000000000e+00,x,-1.760000000000e+00,9.202907545404e-03,3.121337073908e-03,6.081570471496e-03
1.450000000000e+00,x,-1.746666666667e+00,7.563331674158e-03,1.619503430068e-03,5.943828244090e-03
1.450000000000e+00,x,-1.733333333333e+00,5.619454084302e-03,3.191498729005e-04,5.300304211402e-03
1.450000000000e+00,x,-1.720000000000e+00,3.479058250910e-03,-7.543629129465e-04,4.233421163857e-03
1.450000000000e+00,x,-1.706666666667e+00,1.259221891596e-03,-1.594134552433e-03,2.853356444029e-03
1.450000000000e+00,x,-1.693333333333e+00,-9.215735234064e-04,-2.208698347277e-03,1.287124823871e-03
1.450000000000e+00,x,-1.680000000000e+00,-2.948135359132e-03,-2.618249127224e-03,-3.298862319077e-04
1.450000000000e+00,x,-1.666666666667e+00,-4.711696470225e-03,-2.850653622875e-03,-1.861042847349e-03
1.450000000000e+00,x,-1.653333333333e+00,-6.115607037344e-03,-2.937685876056e-03,-3.177921161289e-03
1.450000000000e+00,x,-1.640000000000e+00,-7.084475558354e-03,-2.911807658947e-03,-4.172667899407e-03
1.450000000000e+00,x,-1.626666666667e+00,-7.590359434636e-03,-2.803679221484e-03,-4.786680213152e-03
1.450000000000e+00,x,-1.613333333333e+00,-7.639724177372e-03,-2.640460059989e-03,-4.999264117383e-03
1.450000000000e+00,x,-1.600000000000e+00,-7.261674950136e-03,-2.444857613919e-03,-4.816817336217e-03
1.450000000000e+00,x,-1.586666666667e+00,-6.506446485506e-03,-2.234811504452e-03,-4.271634981055e-03
1.450000000000e+00,x,-1.573333333333e+00,-5.447475149793e-03,-2.023663208528e-03,-3.423811941265e-03
1.450000000000e+00,x,-1.560000000000e+00,-4.188156180918e-03,-1.820651978809e-03,-2.367504202108e-03
1.450000000000e+00,x,-1.546666666667e+00,-2.845069399975e-03,-1.631590408431e-03,-1.213478991544e-03
1.450000000000e+00,x,-1.533333333333e+00,-1.537463862528e-03,-1.459599246180e-03,-7.786461634781e-05
1.450000000000e+00,x,-1.520000000000e+00,-3.789639529924e-04,-1.305813314185e-03,9.268493611928e-04
1.450000000000e+00,x,-1.506666666667e+00,5.442932165567e-04,-1.170002579877e-03,1.714295796433e-03
1.450000000000e+00,x,-1.493333333333e+00,1.189725072816e-03,-1.051080451467e-03,2.240805524282e-03
1.450000000000e+00,x,-1.480000000000e+00,1.536919088621e-03,-9.474930123560e-04,2.484412100977e-03
1.450000000000e+00,x,-1.466666666667e+00,1.585511502756e-03,-8.574976235859e-04,2.443009126342e-03
1.450000000000e+00,x,-1.453333333333e+00,1.355774886672e-03,-7.793476988693e-04,2.135122585541e-03
1.450000000000e+00,x,-1.440000000000e+00,9.008146500608e-04,-7.114037491544e-04,1.612218399215e-03
1.450000000000e+00,x,-1.426666666667e+00,3.022376602395e-04,-6.521904957031e-04,9.544281559426e-04
1.450000000000e+00,x,-1.413333333333e+00,-3.486309027315e-04,-6.004173844879e-04,2.517864817564e-04
1.450000000000e+00,x,-1.400000000000e+00,-9.589117905364e-04,-5.549763698820e-04,-4.039354206544e-04
1.450000000000e+00,x,-1.386666666667e+00,-1.444899019209e-03,-5.149272153969e-04,-9.299718038123e-04
1.450000000000e+00,x,-1.373333333333e+00,-1.760835419911e-03,-4.794773064627e-04,-1.281358113448e-03
1.450000000000e+00,x,-1.360000000000e+00,-1.888874237923e-03,-4.479603406275e-04,-1.440913897295e-03
1.450000000000e+00,x,-1.346666666667e+00,-1.826940139021e-03,-4.198163158693e-04,-1.407123823151e-03
1.450000000000e+00,x,-1.333333333333e+00,-1.588354682888e-03,-3.945739188481e-04,-1.193780764039e-03
1.450000000000e+00,x,-1.320000000000e+00,-1.204357336776e-03,-3.718356028730e-04,-8.325217339027e-04
1.450000000000e+00,x,-1.306666666667e+00,-7.321099152610e-04,-3.512652051919e-04,-3.808447100691e-04
1.450000000000e+00,x,-1.293333333333e+00,-2.401057378057e-04,-3.325777611513e-04,9.247202334560e-05
1.450000000000e+00,x,-1.280000000000e+00,2.014406160480e-04,-3.155311293163e-04,5.169717453643e-04
1.450000000000e+00,x,-1.266666666667e+00,5.275589752233e-04,-2.999190748564e-04,8.274780500797e-04
1.450000000000e+00,x,-1.253333333333e+00,6.977148110208e-04,-2.855655215089e-04,9.832803325297e-04
1.450000000000e+00,x,-1.240000000000e+00,7.124696919975e-04,-2.723197482251e-04,9.847894402226e-04
1.450000000000e+00,x,-1.226666666667e+00,5.896084412720e-04,-2.600523622524e-04,8.496608035244e-04
1.450000000000e+00,x,-1.213333333333e+00,3.587852930788e-04,-2.486519219267e-04,6.074372150055e-04
1.450000000000e+00,x,-1.200000000000e+00,5.870208920024e-05,-2.380221106681e-04,2.967241998684e-04
1.450000000000e+00,x,-1.186666666667e+00,-2.659462734863e-04,-2.280793814341e-04,-3.786689205216e-05
1.450000000000e+00,x,-1.173333333333e+00,-5.679167407908e-04,-2.187510013043e-04,-3.491657394865e-04
1.450000000000e+00,x,-1.160000000000e+00,-8.015170422634e-04,-2.099734316404e-04,-5.915436106230e-04
1.450000000000e+00,x,-1.146666666667e+00,-9.272771717894e-04,-2.016909825170e-04,-7.255861892724e-04
1.450000000000e+00,x,-1.133333333333e+00,-9.186613872191e-04,-1.938546826356e-04,-7.248067045834e-04
1.450000000000e+00,x,-1.120000000000e+00,-7.853410357830e-04,-1.864213093161e-04,-5.989197264669e-04
1.450000000000e+00,x,-1.106666666667e+00,-5.625893132911e-04,-1.793525288130e-04,-3.832367844782e-04
1.450000000000e+00,x,-1.093333333333e+00,-2.948258058568e-04,-1.726141061637e-04,-1.222116996931e-04
1.450000000000e+00,x,-1.080000000000e+00,-3.055592705339e-05,-1.661751564194e-04,1.356192293660e-04
1.450000000000e+00,x,-1.066666666667e+00,1.859510162816e-04,-1.600074249842e-04,3.459584412658e-04
1.450000000000e+00,x,-1.053333333333e+00,3.310067631993e-04,-1.540846025487e-04,4.850913657480e-04
1.450000000000e+00,x,-1.040000000000e+00,3.921734364555e-04,-1.483816976646e-04,5.405551341201e-04
1.450000000000e+00,x,-1.026666666667e+00,3.647810264612e-04,-1.428745048845e-04,5.076555313456e-04
1.450000000000e+00,x,-1.013333333333e+00,2.526853071966e-04,-1.375392160332e-04,3.902245232298e-04
1.450000000000e+00,x,-1.000000000000e+00,7.303010668808e-05,-1.323522244488e-04,2.053823311369e-04
1.450000000000e+00,x,-9.866666666667e-01,-1.390097757753e-04,-1.272901655749e-04,-1.171961020034e-05
1.450000000000e+00,x,-9.733333333333e-01,-3.425404967929e-04,-1.223302218139e-04,-2.202102749790e-04
1.450000000000e+00,x,-9.600000000000e-01,-4.969965451303e-04,-1.174506960355e-04,-3.795458490948e-04
1.450000000000e+00,x,-9.466666666667e-01,-5.674484586386e-04,-1.126318287931e-04,-4.548166298456e-04
1.450000000000e+00,x,-9.333333333333e-01,-5.429745896293e-04,-1.078568024053e-04,-4.351177872241e-04
1.450000000000e+00,x,-9.200000000000e-01,-4.408934137383e-04,-1.031128446145e-04,-3.377805691238e-04
1.450000000000e+00,x,-9.066666666667e-01,-2.879917999200e-04,-9.839231981659e-05,-1.895994801034e-04
1.450000000000e+00,x,-8.933333333333e-01,-1.163113815019e-04,-9.369368090471e-05,-2.261770059720e-05
1.450000000000e+00,x,-8.800000000000e-01,4.105906842956e-05,-8.902215287583e-05,1.300812213054e-04
1.450000000000e+00,x,-8.666666666667e-01,1.611813782674e-04,-8.439003257358e-05,2.455714108410e-04
1.450000000000e+00,x,-8.533333333333e-01,2.301763131386e-04,-7.981651771088e-05,3.099928308495e-04
1.450000000000e+00,x,-8.400000000000e-01,2.390190050334e-04,-7.532702113569e-05,3.143460261691e-04
1.450000000000e+00,x,-8.266666666667e-01,1.847318513887e-04,-7.095197963894e-05,2.556838310276e-04
1.450000000000e+00,x,-8.133333333333e-01,7.328918089032e-05,-6.672522499740e-05,1.400144058877e-04
1.450000000000e+00,x,-8.000000000000e-01,-7.187208455130e-05,-6.268204141264e-05,-9.190043138668e-06
1.450000000000e+00,x,-7.866666666667e-01,-2.191147916293e-04,-5.885708026597e-05,-1.602577113633e-04
1.450000000000e+00,x,-7.733333333333e-01,-3.357835035459e-04,-5.528233258449e-05,-2.805011709614e-04
1.450000000000e+00,x,-7.600000000000e-01,-3.924315204627e-04,-5.198536565912e-05,-3.404461548036e-04
1.450000000000e+00,x,-7.466666666667e-01,-3.740366665070e-04,-4.898800940101e-05,-3.250486571060e-04
1.450000000000e+00,x,-7.333333333333e-01,-2.940355589727e-04,-4.630563049547e-05,-2.477299284772e-04
1.450000000000e+00,x,-7.200000000000e-01,-1.762890734135e-04,-4.394706269848e-05,-1.323420107151e-04
1.450000000000e+00,x,-7.066666666667e-01,-4.897384285269e-05,-4.191517830698e-05,-7.058664545703e-06
1.450000000000e+00,x,-6.933333333333e-01,5.895970377439e-05,-4.020800064732e-05,9.916770442171e-05
1.450000000000e+00,x,-6.800000000000e-01,1.282101848258e-04,-3.882018349881e-05,1.670303683246e-04
1.450000000000e+00,x,-6.666666666667e-01,1.537298729640e-04,-3.774463299646e-05,1.914745059604e-04
1.450000000000e+00,x,-6.533333333333e-01,1.356236338047e-04,-3.697402984079e-05,1.725976636455e-04
1.450000000000e+00,x,-6.400000000000e-01,7.848156326509e-05,-3.650202853677e-05,1.149835918019e-04
1.450000000000e+00,x,-6.266666666667e-01,-8.548559350928e-06,-3.632396359618e-05,2.777540424526e-05
1.450000000000e+00,x,-6.133333333333e-01,-1.090468352862e-04,-3.643697172342e-05,-7.260986356279e-05
1.450000000000e+00,x,-6.000000000000e-01,-2.017726407303e-04,-3.683953072325e-05,-1.649331100070e-04
1.450000000000e+00,x,-5.866666666667e-01,-2.656713883391e-04,-3.753050458727e-05,-2.281408837518e-04
1.450000000000e+00,x,-5.733333333333e-01,-2.829011160533e-04,-3.850785490032e-05,-2.443932611530e-04
1.450000000000e+00,x,-5.600000000000e-01,-2.438995358516e-04,-3.976721986760e-05,-2.041323159840e-04
1.450000000000e+00,x,-5.466666666667e-01,-1.610467307377e-04,-4.130056820211e-05,-1.197461625356e-04
1.450000000000e+00,x,-5.333333333333e-01,-5.839839093037e-05,-4.309510699238e-05,-1.530328393799e-05
1.450000000000e+00,x,-5.200000000000e-01,3.694694433075e-05,-4.513256812871e-05,8.207951245946e-05
1.450000000000e+00,x,-5.066666666667e-01,9.863015334941e-05,-4.738892927123e-05,1.460190826206e-04
1.450000000000e+00,x,-4.933333333333e-01,1.098426008347e-04,-4.983455708074e-05,1.596771579154e-04
1.450000000000e+00,x,-4.800000000000e-01,7.618468536760e-05,-5.243470581134e-05,1.286193911789e-04
1.450000000000e+00,x,-4.666666666667e-01,1.192769073518e-05,-5.515027283878e-05,6.707796357396e-05
1.450000000000e+00,x,-4.533333333333e-01,-6.461262075534e-05,-5.793870800402e-05,-6.673912751325e-06
1.450000000000e+00,x,-4.400000000000e-01,-1.330561149139e-04,-6.075499323856e-05,-7.230112167537e-05
1.450000000000e+00,x,-4.266666666667e-01,-1.793302134095e-04,-6.355264481039e-05,-1.157775685991e-04
1.450000000000e+00,x,-4.133333333333e-01,-2.005986026509e-04,-6.628473126050e-05,-1.343138713904e-04
1.450000000000e+00,x,-4.000000000000e-01,-1.962437718711e-04,-6.890493357120e-05,-1.273388382999e-04
1.450000000000e+00,x,-3.866666666667e-01,-1.673545654536e-04,-7.136869033971e-05,-9.598587511394e-05
1.450000000000e+00,x,-3.733333333333e-01,-1.171314039870e-04,-7.363446419661e-05,-4.349693979041e-05
1.450000000000e+00,x,-3.600000000000e-01,-5.473082818749e-05,-7.566513661604e-05,2.093430842855e-05
1.450000000000e+00,x,-3.466666666667e-01,6.147815246355e-06,-7.742949254927e-05,8.357730779563e-05
1.450000000000e+00,x,-3.333333333333e-01,5.191704789078e-05,-7.890370434302e-05,1.308207522338e-04
1.450000000000e+00,x,-3.200000000000e-01,7.074048849156e-05,-8.007267870781e-05,1.508131671994e-04
1.450000000000e+00,x,-3.066666666667e-01,5.534453070145e-05,-8.093110299556e-05,1.362756336970e-04
1.450000000000e+00,x,-2.933333333333e-01,1.226208748174e-05,-8.148402639082e-05,9.374611387255e-05
1.450000000000e+00,x,-2.800000000000e-01,-4.438214829072e-05,-8.174684126186e-05,3.736469297114e-05
1.450000000000e+00,x,-2.666666666667e-01,-9.897251230007e-05,-8.174458722829e-05,-1.722792507177e-05
1.450000000000e+00,x,-2.533333333333e-01,-1.367924676206e-04,-8.151057720154e-05,-5.528189041902e-05
1.450000000000e+00,x,-2.400000000000e-01,-1.478163019407e-04,-8.108442840538e-05,-6.673187353535e-05
1.450000000000e+00,x,-2.266666666667e-01,-1.319139236023e-04,-8.050965819415e-05,-5.140426540810e-05
1.450000000000e+00,x,-2.133333333333e-01,-9.460358307369e-05,-7.983106142961e-05,-1.477252164408e-05
1.450000000000e+00,x,-2.000000000000e-01,-4.512285865557e-05,-7.909211383391e-05,3.396925517834e-05
1.450000000000e+00,x,-1.866666666667e-01,4.543742983054e-06,-7.833263988521e-05,8.287638286827e-05
1.450000000000e+00,x,-1.733333333333e-01,4.391042030335e-05,-7.758694606785e-05,1.214973663712e-04
1.450000000000e+00,x,-1.600000000000e-01,6.752796194405e-05,-7.688255753619e-05,1.444105194802e-04
1.450000000000e+00,x,-1.466666666667e-01,7.071085679828e-05,-7.623961921420e-05,1.469504760125e-04
1.450000000000e+00,x,-1.333333333333e-01,5.002510412317e-05,-7.567094343063e-05,1.256960475538e-04
1.450000000000e+00,x,-1.200000000000e-01,4.470321739167e-06,-7.518261718511e-05,7.965293892428e-05
1.450000000000e+00,x,-1.066666666667e-01,-5.651418850845e-05,-7.477503225335e-05,1.826084374490e-05
1.450000000000e+00,x,-9.333333333333e-02,-1.145460541315e-04,-7.444417580387e-05,-4.010187832762e-05
1.450000000000e+00,x,-8.000000000000e-02,-1.519521455832e-04,-7.418301874950e-05,-7.776912683374e-05
1.450000000000e+00,x,-6.666666666667e-02,-1.549285663772e-04,-7.398286024608e-05,-8.094570613111e-05
1.450000000000e+00,x,-5.333333333333e-02,-1.172637308726e-04,-7.383452296901e-05,-4.342920790359e-05
1.450000000000e+00,x,-4.000000000000e-02,-4.907583078260e-05,-7.372933674643e-05,2.465350596383e-05
1.450000000000e+00,x,-2.666666666667e-02,2.871715297183e-05,-7.365988942706e-05,1.023770423989e-04
1.450000000000e+00,x,-1.333333333333e-02,9.199389107696e-05,-7.362055651898e-05,1.656144475959e-04
1.450000000000e+00,x,0.000000000000e+00,1.175893488470e-04,-7.360784062447e-05,1.911971894715e-04
1.450000000000e+00,x,1.333333333333e-02,9.199373725089e-05,-7.362055651898e-05,1.656142937699e-04
1.450000000000e+00,x,2.666666666667e-02,2.871684529815e-05,-7.365988942706e-05,1.023767347252e-04
1.450000000000e+00,x,4.000000000000e-02,-4.907629397922e-05,-7.372933674643e-05,2.465304276721e-05
1.450000000000e+00,x,5.333333333333e-02,-1.172643408594e-04,-7.383452296901e-05,-4.342981789035e-05
1.450000000000e+00,x,6.666666666667e-02,-1.549292925715e-04,-7.398286024608e-05,-8.094643232538e-05
1.450000000000e+00,x,8.000000000000e-02,-1.519529458882e-04,-7.418301874950e-05,-7.776992713874e-05
1.450000000000e+00,x,9.333333333333e-02,-1.145468671907e-04,-7.444417580387e-05,-4.010269138686e-05
1.450000000000e+00,x,1.066666666667e-01,-5.651494659723e-05,-7.477503225335e-05,1.826008565612e-05
1.450000000000e+00,x,1.200000000000e-01,4.469692551928e-06,-7.518261718511e-05,7.965230973704e-05
1.450000000000e+00,x,1.333333333333e-01,5.002466873711e-05,-7.567094343063e-05,1.256956121677e-04
1.450000000000e+00,x,1.466666666667e-01,7.071068336090e-05,-7.623961921420e-05,1.469503025751e-04
1.450000000000e+00,x,1.600000000000e-01,6.752813075089e-05,-7.688255753619e-05,1.444106882871e-04
1.450000000000e+00,x,1.733333333333e-01,4.391099408157e-05,-7.758694606785e-05,1.214979401494e-04
1.450000000000e+00,x,1.866666666667e-01,4.544731315439e-06,-7.833263988521e-05,8.287737120065e-05
1.450000000000e+00,x,2.000000000000e-01,-4.512152271215e-05,-7.909211383391e-05,3.397059112176e-05
1.450000000000e+00,x,2.133333333333e-01,-9.460198418794e-05,-7.983106142961e-05,-1.477092275833e-05
1.450000000000e+00,x,2.266666666667e-01,-1.319121317276e-04,-8.050965819415e-05,-5.140247353340e-05
1.450000000000e+00,x,2.400000000000e-01,-1.478143979623e-04,-8.108442840538e-05,-6.672996955689e-05
1.450000000000e+00,x,2.533333333333e-01,-1.367905476027e-04,-8.151057720154e-05,-5.527997040118e-05
1.450000000000e+00,x,2.666666666667e-01,-9.897069558139e-05,-8.174458722829e-05,-1.722610835309e-05
1.450000000000e+00,x,2.800000000000e-01,-4.438058691169e-05,-8.174684126186e-05,3.736625435018e-05
1.450000000000e+00,x,2.933333333333e-01,1.226321288184e-05,-8.148402639082e-05,9.374723927266e-05
1.450000000000e+00,x,3.066666666667e-01,5.534504815785e-05,-8.093110299556e-05,1.362761511534e-04
1.450000000000e+00,x,3.200000000000e-01,7.074026420794e-05,-8.007267870781e-05,1.508129429158e-04
1.450000000000e+00,x,3.333333333333e-01,5.191601211839e-05,-7.890370434302e-05,1.308197164614e-04
1.450000000000e+00,x,3.466666666667e-01,6.145948971955e-06,-7.742949254927e-05,8.357544152123e-05
1.450000000000e+00,x,3.600000000000e-01,-5.473346001396e-05,-7.566513661604e-05,2.093167660208e-05
1.450000000000e+00,x,3.733333333333e-01,-1.171346272310e-04,-7.363446419661e-05,-4.350016303437e-05
1.450000000000e+00,x,3.866666666667e-01,-1.673580965023e-04,-7.136869033971e-05,-9.598940616257e-05
1.450000000000e+00,x,4.000000000000e-01,-1.962472648898e-04,-6.890493357120e-05,-1.273423313186e-04
1.450000000000e+00,x,4.133333333333e-01,-2.006017333296e-04,-6.628473126050e-05,-1.343170020691e-04
1.450000000000e+00,x,4.266666666667e-01,-1.793326961223e-04,-6.355264481039e-05,-1.157800513119e-04
1.450000000000e+00,x,4.400000000000e-01,-1.330577227428e-04,-6.075499323856e-05,-7.230272950424e-05
1.450000000000e+00,x,4.533333333333e-01,-6.461321546086e-05,-5.793870800402e-05,-6.674507456844e-06
1.450000000000e+00,x,4.666666666667e-01,1.192817690282e-05,-5.515027283878e-05,6.707844974159e-05
1.450000000000e+00,x,4.800000000000e-01,7.618623194799e-05,-5.243470581134e-05,1.286209377593e-04
1.450000000000e+00,x,4.933333333333e-01,1.098450917721e-04,-4.983455708074e-05,1.596796488528e-04
1.450000000000e+00,x,5.066666666667e-01,9.863335466191e-05,-4.738892927123e-05,1.460222839331e-04
1.450000000000e+00,x,5.200000000000e-01,3.695051520683e-05,-4.513256812871e-05,8.208308333555e-05
1.450000000000e+00,x,5.333333333333e-01,-5.839478742717e-05,-4.309510699238e-05,-1.529968043479e-05
1.450000000000e+00,x,5.466666666667e-01,-1.610434010702e-04,-4.130056820211e-05,-1.197428328681e-04
1.450000000000e+00,x,5.600000000000e-01,-2.438967304108e-04,-3.976721986760e-05,-2.041295105432e-04
1.450000000000e+00,x,5.733333333333e-01,-2.828990148819e-04,-3.850785490032e-05,-2.443911599815e-04
1.450000000000e+00,x,5.866666666667e-01,-2.656701039962e-04,-3.753050458727e-05,-2.281395994090e-04
1.450000000000e+00,x,6.000000000000e-01,-2.017722676909e-04,-3.683953072325e-05,-1.649327369677e-04
1.450000000000e+00,x,6.133333333333e-01,-1.090474289955e-04,-3.643697172342e-05,-7.261045727212e-05
1.450000000000e+00,x,6.266666666667e-01,-8.550101015979e-06,-3.632396359618e-05,2.777386258020e-05
1.450000000000e+00,x,6.400000000000e-01,7.847918795932e-05,-3.650202853677e-05,1.149812164961e-04
1.450000000000e+00,x,6.533333333333e-01,1.356206133355e-04,-3.697402984079e-05,1.725946431763e-04
1.450000000000e+00,x,6.666666666667e-01,1.537263805520e-04,-3.774463299646e-05,1.914710135484e-04
1.450000000000e+00,x,6.800000000000e-01,1.282064091838e-04,-3.882018349881e-05,1.670265926827e-04
1.450000000000e+00,x,6.933333333333e-01,5.895585406742e-05,-4.020800064732e-05,9.916385471474e-05
1.450000000000e+00,x,7.066666666667e-01,-4.897753884929e-05,-4.191517830698e-05,-7.062360542306e-06
1.450000000000e+00,x,7.200000000000e-01,-1.762923768434e-04,-4.394706269848e-05,-1.323453141449e-04
1.450000000000e+00,x,7.333333333333e-01,-2.940382497141e-04,-4.630563049547e-05,-2.477326192187e-04
1.450000000000e+00,x,7.466666666667e-01,-3.740385498457e-04,-4.898800940101e-05,-3.250505404447e-04
1.450000000000e+00,x,7.600000000000e-01,-3.924324386100e-04,-5.198536565912e-05,-3.404470729509e-04
1.450000000000e+00,x,7.733333333333e-01,-3.357833612931e-04,-5.528233258449e-05,-2.805010287086e-04
1.450000000000e+00,x,7.866666666667e-01,-2.191135663438e-04,-5.885708026597e-05,-1.602564860778e-04
1.450000000000e+00,x,8.000000000000e-01,-7.186985522819e-05,-6.268204141264e-05,-9.187813815552e-06
1.450000000000e+00,x,8.133333333333e-01,7.329225912359e-05,-6.672522499740e-05,1.400174841210e-04
1.450000000000e+00,x,8.266666666667e-01,1.847355406027e-04,-7.095197963894e-05,2.556875202417e-04
1.450000000000e+00,x,8.400000000000e-01,2.390230292482e-04,-7.532702113569e-05,3.143500503839e-04
1.450000000000e+00,x,8.533333333333e-01,2.301803500460e-04,-7.981651771088e-05,3.099968677569e-04
1.450000000000e+00,x,8.666666666667e-01,1.611851003801e-04,-8.439003257358e-05,2.455751329537e-04
1.450000000000e+00,x,8.800000000000e-01,4.106217062839e-05,-8.902215287583e-05,1.300843235042e-04
1.450000000000e+00,x,8.933333333333e-01,-1.163091511384e-04,-9.369368090471e-05,-2.261547023365e-05
1.450000000000e+00,x,9.066666666667e-01,-2.879906110564e-04,-9.839231981659e-05,-1.895982912399e-04
1.450000000000e+00,x,9.200000000000e-01,-4.408933290954e-04,-1.031128446145e-04,-3.377804844809e-04
1.450000000000e+00,x,9.333333333333e-01,-5.429755635562e-04,-1.078568024053e-04,-4.351187611509e-04
1.450000000000e+00,x,9.466666666667e-01,-5.674503539517e-04,-1.126318287931e-04,-4.548185251586e-04
1.450000000000e+00,x,9.600000000000e-01,-4.969991758439e-04,-1.174506960355e-04,-3.795484798084e-04
1.450000000000e+00,x,9.733333333333e-01,-3.425436083478e-04,-1.223302218139e-04,-2.202133865338e-04
1.450000000000e+00,x,9.866666666667e-01,-1.390130517120e-04,-1.272901655749e-04,-1.172288613706e-05
1.450000000000e+00,x,1.000000000000e+00,7.302699241092e-05,-1.323522244488e-04,2.053792168597e-04
1.450000000000e+00,x,1.013333333333e+00,2.526826357980e-04,-1.375392160332e-04,3.902218518312e-04
1.450000000000e+00,x,1.026666666667e+00,3.647789815296e-04,-1.428745048845e-04,5.076534864141e-04
1.450000000000e+00,x,1.040000000000e+00,3.921721450463e-04,-1.483816976646e-04,5.405538427109e-04
1.450000000000e+00,x,1.053333333333e+00,3.310062943631e-04,-1.540846025487e-04,4.850908969118e-04
1.450000000000e+00,x,1.066666666667e+00,1.859513545970e-04,-1.600074249842e-04,3.459587795812e-04
1.450000000000e+00,x,1.080000000000e+00,-3.055490843503e-05,-1.661751564194e-04,1.356202479843e-04
1.450000000000e+00,x,1.093333333333e+00,-2.948242979588e-04,-1.726141061637e-04,-1.222101917950e-04
1.450000000000e+00,x,1.106666666667e+00,-5.625875418146e-04,-1.793525288130e-04,-3.832350130016e-04
1.450000000000e+00,x,1.120000000000e+00,-7.853392033889e-04,-1.864213093161e-04,-5.989178940729e-04
1.450000000000e+00,x,1.133333333333e+00,-9.186596931201e-04,-1.938546826356e-04,-7.248050104844e-04
1.450000000000e+00,x,1.146666666667e+00,-9.272757773513e-04,-2.016909825170e-04,-7.255847948343e-04
1.450000000000e+00,x,1.160000000000e+00,-8.015160704013e-04,-2.099734316404e-04,-5.915426387610e-04
1.450000000000e+00,x,1.173333333333e+00,-5.679162666411e-04,-2.187510013043e-04,-3.491652653368e-04
1.450000000000e+00,x,1.186666666667e+00,-2.659463081269e-04,-2.280793814341e-04,-3.786692669280e-05
1.450000000000e+00,x,1.200000000000e+00,5.870156949472e-05,-2.380221106681e-04,2.967236801629e-04
1.450000000000e+00,x,1.213333333333e+00,3.587843726394e-04,-2.486519219267e-04,6.074362945661e-04
1.450000000000e+00,x,1.226666666667e+00,5.896072236334e-04,-2.600523622524e-04,8.496595858858e-04
1.450000000000e+00,x,1.240000000000e+00,7.124682972135e-04,-2.723197482251e-04,9.847880454386e-04
1.450000000000e+00,x,1.253333333333e+00,6.977133634991e-04,-2.855655215089e-04,9.832788850080e-04
1.450000000000e+00,x,1.266666666667e+00,5.275575965431e-04,-2.999190748564e-04,8.274766713995e-04
1.450000000000e+00,x,1.280000000000e+00,2.014394467562e-04,-3.155311293163e-04,5.169705760725e-04
1.450000000000e+00,x,1.293333333333e+00,-2.401065865551e-04,-3.325777611513e-04,9.247117459621e-05
1.450000000000e+00,x,1.306666666667e+00,-7.321103599495e-04,-3.512652051919e-04,-3.808451547576e-04
1.450000000000e+00,x,1.320000000000e+00,-1.204357303426e-03,-3.718356028730e-04,-8.325217005526e-04
1.450000000000e+00,x,1.333333333333e+00,-1.588354084095e-03,-3.945739188481e-04,-1.193780165247e-03
1.450000000000e+00,x,1.346666666667e+00,-1.826938862078e-03,-4.198163158693e-04,-1.407122546209e-03
1.450000000000e+00,x,1.360000000000e+00,-1.888872243817e-03,-4.479603406275e-04,-1.440911903190e-03
1.450000000000e+00,x,1.373333333333e+00,-1.760832730955e-03,-4.794773064627e-04,-1.281355424493e-03
1.450000000000e+00,x,1.386666666667e+00,-1.444895744680e-03,-5.149272153969e-04,-9.299685292836e-04
1.450000000000e+00,x,1.400000000000e+00,-9.589081086815e-04,-5.549763698820e-04,-4.039317387995e-04
1.450000000000e+00,x,1.413333333333e+00,-3.486270532167e-04,-6.004173844879e-04,2.517903312712e-04
1.450000000000e+00,x,1.426666666667e+00,3.022414876308e-04,-6.521904957031e-04,9.544319833339e-04
1.450000000000e+00,x,1.440000000000e+00,9.008182844338e-04,-7.114037491544e-04,1.612222033588e-03
1.450000000000e+00,x,1.453333333333e+00,1.355778119759e-03,-7.793476988693e-04,2.135125818628e-03
1.450000000000e+00,x,1.466666666667e+00,1.585514074229e-03,-8.574976235859e-04,2.443011697815e-03
1.450000000000e+00,x,1.480000000000e+00,1.536920749104e-03,-9.474930123560e-04,2.484413761460e-03
1.450000000000e+00,x,1.493333333333e+00,1.189725721461e-03,-1.051080451467e-03,2.240806172928e-03
1.450000000000e+00,x,1.506666666667e+00,5.442928704236e-04,-1.170002579877e-03,1.714295450300e-03
1.450000000000e+00,x,1.520000000000e+00,-3.789651842328e-04,-1.305813314185e-03,9.268481299524e-04
1.450000000000e+00,x,1.533333333333e+00,-1.537465763843e-03,-1.459599246180e-03,-7.786651766308e-05
1.450000000000e+00,x,1.546666666667e+00,-2.845071737385e-03,-1.631590408431e-03,-1.213481328954e-03
1.450000000000e+00,x,1.560000000000e+00,-4.188158712042e-03,-1.820651978809e-03,-2.367506733233e-03
1.450000000000e+00,x,1.573333333333e+00,-5.447477633022e-03,-2.023663208528e-03,-3.423814424494e-03
1.450000000000e+00,x,1.586666666667e+00,-6.506448666702e-03,-2.234811504452e-03,-4.271637162251e-03
1.450000000000e+00,x,1.600000000000e+00,-7.261676587628e-03,-2.444857613919e-03,-4.816818973710e-03
1.450000000000e+00,x,1.613333333333e+00,-7.639725124172e-03,-2.640460059989e-03,-4.999265064183e-03
1.450000000000e+00,x,1.626666666667e+00,-7.590359648068e-03,-2.803679221484e-03,-4.786680426584e-03
1.450000000000e+00,x,1.640000000000e+00,-7.084475092361e-03,-2.911807658947e-03,-4.172667433414e-03
1.450000000000e+00,x,1.653333333333e+00,-6.115606051487e-03,-2.937685876056e-03,-3.177920175432e-03
1.450000000000e+00,x,1.666666666667e+00,-4.711695158138e-03,-2.850653622875e-03,-1.861041535263e-03
1.450000000000e+00,x,1.680000000000e+00,-2.948133905404e-03,-2.618249127224e-03,-3.298847781795e-04
1.450000000000e+00,x,1.693333333333e+00,-9.215720970589e-04,-2.208698347277e-03,1.287126250218e-03
1.450000000000e+00,x,1.706666666667e+00,1.259223188714e-03,-1.594134552433e-03,2.853357741147e-03
1.450000000000e+00,x,1.720000000000e+00,3.479059369592e-03,-7.543629129465e-04,4.233422282538e-03
1.450000000000e+00,x,1.733333333333e+00,5.619455010794e-03,3.191498729005e-04,5.300305137893e-03
1.450000000000e+00,x,1.746666666667e+00,7.563332411638e-03,1.619503430068e-03,5.943828981570e-03
1.450000000000e+00,x,1.760000000000e+00,9.202908085042e-03,3.121337073908e-03,6.081571011134e-03
1.450000000000e+00,x,1.773333333333e+00,1.044518572005e-02,4.779100640691e-03,5.666085079357e-03
1.450000000000e+00,x,1.786666666667e+00,1.121879828104e-02,6.527117918212e-03,4.691680362824e-03
1.450000000000e+00,x,1.800000000000e+00,1.149909404858e-02,8.281791886377e-03,3.217302162203e-03
1.450000000000e+00,x,1.813333333333e+00,1.129906634491e-02,9.946072361235e-03,1.352993983678e-03
1.450000000000e+00,x,1.826666666667e+00,1.065067758887e-02,1.141601834109e-02,-7.653407522170e-04
1.450000000000e+00,x,1.840000000000e+00,9.600276573353e-03,1.258897750376e-02,-2.988700930406e-03
1.450000000000e+00,x,1.853333333333e+00,8.203812563638e-03,1.337262215437e-02,-5.168809590730e-03
1.450000000000e+00,x,1.866666666667e+00,6.520450051153e-03,1.369387491117e-02,-7.173424860013e-03
1.450000000000e+00,x,1.880000000000e+00,4.614356158779e-03,1.350667159859e-02,-8.892315439808e-03
1.450000000000e+00,x,1.893333333333e+00,2.556180256248e-03,1.279756961983e-02,-1.024138936358e-02
1.450000000000e+00,x,1.906666666667e+00,4.234355733914e-04,1.158842049033e-02,-1.116498491693e-02
1.450000000000e+00,x,1.920000000000e+00,-1.690073812512e-03,9.935662151734e-03,-1.162573596425e-02
1.450000000000e+00,x,1.933333333333e+00,-3.661475271848e-03,7.926203538584e-03,-1.158767881043e-02
1.450000000000e+00,x,1.946666666667e+00,-5.369247861883e-03,5.670307965505e-03,-1.103955582739e-02
1.450000000000e+00,x,1.960000000000e+00,-6.708434344526e-03,3.292265597868e-03,-1.000069994239e-02
1.450000000000e+00,x,1.973333333333e+00,-7.602402136072e-03,9.199183876424e-04,-8.522320523715e-03
1.450000000000e+00,x,1.986666666667e+00,-8.060018776782e-03,-1.325778146180e-03,-6.734240630601e-03
1.450000000000e+00,x,2.000000000000e+00,-8.186553833532e-03,-3.340018455199e-03,-4.846535378333e-03
1.450000000000e+00,y,-2.000000000000e+00,-1.303949593617e-06,1.165727090220e-05,-1.296122049581e-05
1.450000000000e+00,y,-1.986666666667e+00,-9.651284417783e-07,1.672772804214e-05,-1.769285648391e-05
1.450000000000e+00,y,-1.973333333333e+00,-5.566267663661e-07,2.085804013860e-05,-2.141466690497e-05
1.450000000000e+00,y,-1.960000000000e+00,5.751323674541e-08,2.368760264744e-05,-2.363008941069e-05
1.450000000000e+00,y,-1.946666666667e+00,8.481539445752e-07,2.498016868082e-05,-2.413201473624e-05
1.450000000000e+00,y,-1.933333333333e+00,1.645036983502e-06,2.465303945738e-05,-2.300800247388e-05
1.450000000000e+00,y,-1.920000000000e+00,2.238820508332e-06,2.278294562193e-05,-2.054412511359e-05
1.450000000000e+00,y,-1.906666666667e+00,2.406709015244e-06,1.958882568831e-05,-1.718211667307e-05
1.450000000000e+00,y,-1.893333333333e+00,1.940427744131e-06,1.539630714868e-05,-1.345587940454e-05
1.450000000000e+00,y,-1.880000000000e+00,6.748149387223e-07,1.059182513109e-05,-9.917010192367e-06
1.450000000000e+00,y,-1.866666666667e+00,-1.462373316721e-06,5.575312755366e-06,-7.037686072086e-06
1.450000000000e+00,y,-1.853333333333e+00,-4.392987132971e-06,7.192506078458e-07,-5.112237740817e-06
1.450000000000e+00,y,-1.840000000000e+00,-7.837299470276e-06,-3.660860389572e-06,-4.176439080704e-06
1.450000000000e+00,y,-1.826666666667e+00,-1.103909780670e-05,-7.322915586911e-06,-3.716182219789e-06
1.450000000000e+00,y,-1.813333333333e+00,-1.231734626552e-05,-1.010289119187e-05,-2.214455073654e-06
1.450000000000e+00,y,-1.800000000000e+00,-9.926240233866e-06,-1.191119895155e-05,1.984958717682e-06
1.450000000000e+00,y,-1.786666666667e+00,-2.514222274211e-06,-1.272476567971e-05,1.021054340550e-05
1.450000000000e+00,y,-1.773333333333e+00,1.053273625737e-05,-1.257827206006e-05,2.311100831744e-05
1.450000000000e+00,y,-1.760000000000e+00,2.761315345824e-05,-1.155652082074e-05,3.916967427898e-05
1.450000000000e+00,y,-1.746666666667e+00,4.425561573523e-05,-9.788188182335e-06,5.404380391757e-05
1.450000000000e+00,y,-1.733333333333e+00,5.531661698464e-05,-7.439817960954e-06,6.275643494559e-05
1.450000000000e+00,y,-1.720000000000e+00,5.570630946141e-05,-4.708250980947e-06,6.041456044235e-05
1.450000000000e+00,y,-1.706666666667e+00,4.106773069651e-05,-1.809895916283e-06,4.287762661279e-05
1.450000000000e+00,y,-1.693333333333e+00,9.314112265214e-06,1.033772466275e-06,8.280339798938e-06
1.450000000000e+00,y,-1.680000000000e+00,-3.899777903891e-05,3.613677709081e-06,-4.261145674799e-05
1.450000000000e+00,y,-1.666666666667e+00,-1.009476436617e-04,5.751309710070e-06,-1.066989533718e-04
1.450000000000e+00,y,-1.653333333333e+00,-1.707810283306e-04,7.314240685706e-06,-1.780952690163e-04
1.450000000000e+00,y,-1.640000000000e+00,-2.385127744816e-04,8.225094362545e-06,-2.467378688441e-04
1.450000000000e+00,y,-1.626666666667e+00,-2.832071041222e-04,8.460040747313e-06,-2.916671448695e-04
1.450000000000e+00,y,-1.613333333333e+00,-2.796986233840e-04,8.033042875252e-06,-2.877316662592e-04
1.450000000000e+00,y,-1.600000000000e+00,-2.053924574408e-04,6.961918420148e-06,-2.123543758609e-04
1.450000000000e+00,y,-1.586666666667e+00,-4.388863006439e-05,5.211280286027e-06,-4.909991035041e-05
1.450000000000e+00,y,-1.573333333333e+00,2.065076827245e-04,2.605302968211e-06,2.039023797563e-04
1.450000000000e+00,y,-1.560000000000e+00,5.179621560708e-04,-1.299728521505e-06,5.192618845923e-04
1.450000000000e+00,y,-1.546666666667e+00,8.485677932061e-04,-7.395917014901e-06,8.559637102210e-04
1.450000000000e+00,y,-1.533333333333e+00,1.148712290634e-03,-1.727056826994e-05,1.165982858904e-03
1.450000000000e+00,y,-1.520000000000e+00,1.364081513757e-03,-3.352742084246e-05,1.397608934600e-03
1.450000000000e+00,y,-1.506666666667e+00,1.435952969210e-03,-6.017554869799e-05,1.496128517908e-03
1.450000000000e+00,y,-1.493333333333e+00,1.303343107994e-03,-1.030507865141e-04,1.406393894508e-03
1.450000000000e+00,y,-1.480000000000e+00,9.145865344159e-04,-1.701905966081e-04,1.084777131024e-03
1.450000000000e+00,y,-1.466666666667e+00,2.353133370556e-04,-2.720264254147e-04,5.073397624703e-04
1.450000000000e+00,y,-1.453333333333e+00,-7.426817655607e-04,-4.211978073200e-04,-3.214839582407e-04
1.450000000000e+00,y,-1.440000000000e+00,-1.961068568014e-03,-6.317492591314e-04,-1.329319308883e-03
1.450000000000e+00,y,-1.426666666667e+00,-3.299419750879e-03,-9.174727396264e-04,-2.381947011253e-03
1.450000000000e+00,y,-1.413333333333e+00,-4.618046663135e-03,-1.289237266822e-03,-3.328809396313e-03
1.450000000000e+00,y,-1.400000000000e+00,-5.770879098215e-03,-1.751328500757e-03,-4.019550597458e-03
1.450000000000e+00,y,-1.386666666667e+00,-6.620119897185e-03,-2.297108195169e-03,-4.323011702016e-03
1.450000000000e+00,y,-1.373333333333e+00,-7.067340188117e-03,-2.904662768800e-03,-4.162677419316e-03
1.450000000000e+00,y,-1.360000000000e+00,-7.048716385163e-03,-3.533462441327e-03,-3.515253943836e-03
1.450000000000e+00,y,-1.346666666667e+00,-6.528562129899e-03,-4.123278058924e-03,-2.405284070975e-03
1.450000000000e+00,y,-1.333333333333e+00,-5.503726285815e-03,-4.596568215076e-03,-9.071580707390e-04
1.450000000000e+00,y,-1.320000000000e+00,-4.019606305844e-03,-4.865150707523e-03,8.455444016788e-04
1.450000000000e+00,y,-1.306666666667e+00,-2.208233511832e-03,-4.841187868013e-03,2.632954356180e-03
1.450000000000e+00,y,-1.293333333333e+00,-2.390518771671e-04,-4.451445947325e-03,4.212394070158e-03
1.450000000000e+00,y,-1.280000000000e+00,1.708784973925e-03,-3.652666676965e-03,5.361451650891e-03
1.450000000000e+00,y,-1.266666666667e+00,3.462533001874e-03,-2.445037285269e-03,5.907570287143e-03
1.450000000000e+00,y,-1.253333333333e+00,4.894232463329e-03,-8.804894607142e-04,5.774721924043e-03
1.450000000000e+00,y,-1.240000000000e+00,5.953589543327e-03,9.368868518036e-04,5.016702691523e-03
1.450000000000e+00,y,-1.226666666667e+00,6.624681467608e-03,2.859658332392e-03,3.765023135215e-03
1.450000000000e+00,y,-1.213333333333e+00,6.916901818610e-03,4.714500648089e-03,2.202401170521e-03
1.450000000000e+00,y,-1.200000000000e+00,6.860845385815e-03,6.325663640507e-03,5.351817453077e-04
1.450000000000e+00,y,-1.186666666667e+00,6.508767446824e-03,7.540247594665e-03,-1.031480147841e-03
1.450000000000e+00,y,-1.173333333333e+00,5.930041598599e-03,8.250440756261e-03,-2.320399157662e-03
1.450000000000e+00,y,-1.160000000000e+00,5.200390735764e-03,8.408379018178e-03,-3.207988282414e-03
1.450000000000e+00,y,-1.146666666667e+00,4.395636865183e-03,8.030857758580e-03,-3.635220893397e-03
1.450000000000e+00,y,-1.133333333333e+00,3.584232183063e-03,7.193343831864e-03,-3.609111648801e-03
1.450000000000e+00,y,-1.120000000000e+00,2.806095444086e-03,6.015010723490e-03,-3.208915279403e-03
1.450000000000e+00,y,-1.106666666667e+00,2.080161723198e-03,4.638263356474e-03,-2.558101633276e-03
1.450000000000e+00,y,-1.093333333333e+00,1.416873528233e-03,3.207024674245e-03,-1.790151146012e-03
1.450000000000e+00,y,-1.080000000000e+00,8.209597528653e-04,1.847809129818e-03,-1.026849376953e-03
1.450000000000e+00,y,-1.066666666667e+00,2.953842664523e-04,6.564922033793e-04,-3.611079369270e-04
1.450000000000e+00,y,-1.053333333333e+00,-1.517978544710e-04,-3.079062770253e-04,1.561084225543e-04
1.450000000000e+00,y,-1.040000000000e+00,-5.122050499158e-04,-1.022713033938e-03,5.105079840220e-04
1.450000000000e+00,y,-1.026666666667e+00,-7.799567655724e-04,-1.495888926774e-03,7.159321612013e-04
1.450000000000e+00,y,-1.013333333333e+00,-9.528900539654e-04,-1.757283199463e-03,8.043931454978e-04
1.450000000000e+00,y,-1.000000000000e+00,-1.037165993070e-03,-1.849065151060e-03,8.118991579905e-04
1.450000000000e+00,y,-9.866666666667e-01,-1.051965782358e-03,-1.817115994799e-03,7.651502124407e-04
1.450000000000e+00,y,-9.733333333333e-01,-1.020555049423e-03,-1.704486885896e-03,6.839318364727e-04
1.450000000000e+00,y,-9.600000000000e-01,-9.667323075872e-04,-1.547325107765e-03,5.805928001775e-04
1.450000000000e+00,y,-9.466666666667e-01,-9.121292652838e-04,-1.373103198889e-03,4.609739336050e-04
1.450000000000e+00,y,-9.333333333333e-01,-8.674009805888e-04,-1.200636009482e-03,3.332350288937e-04
1.450000000000e+00,y,-9.200000000000e-01,-8.302888827839e-04,-1.041241072696e-03,2.109521899126e-04
1.450000000000e+00,y,-9.066666666667e-01,-7.947564443903e-04,-9.004384597022e-04,1.056820153119e-04
1.450000000000e+00,y,-8.933333333333e-01,-7.532421877146e-04,-7.797261285832e-04,2.648394086865e-05
1.450000000000e+00,y,-8.800000000000e-01,-6.989486300242e-04,-6.781385502231e-04,-2.081007980109e-05
1.450000000000e+00,y,-8.666666666667e-01,-6.325108549478e-04,-5.934521466282e-04,-3.905870831959e-05
1.450000000000e+00,y,-8.533333333333e-01,-5.601064740856e-04,-5.230160504162e-04,-3.709042366934e-05
1.450000000000e+00,y,-8.400000000000e-01,-4.890458138070e-04,-4.642556290892e-04,-2.479018471788e-05
1.450000000000e+00,y,-8.266666666667e-01,-4.266931513424e-04,-4.149261592016e-04,-1.176699214079e-05
1.450000000000e+00,y,-8.133333333333e-01,-3.786720232375e-04,-3.731971374037e-04,-5.474885833783e-06
1.450000000000e+00,y,-8.000000000000e-01,-3.447112128103e-04,-3.376360251574e-04,-7.075187652911e-06
1.450000000000e+00,y,-7.866666666667e-01,-3.216114943698e-04,-3.071429643665e-04,-1.446853000325e-05
1.450000000000e+00,y,-7.733333333333e-01,-3.051649771841e-04,-2.808708980623e-04,-2.429407912175e-05
1.450000000000e+00,y,-7.600000000000e-01,-2.907833742370e-04,-2.581513571064e-04,-3.263201713065e-05
1.450000000000e+00,y,-7.466666666667e-01,-2.749200175370e-04,-2.384357367412e-04,-3.648428079579e-05
1.450000000000e+00,y,-7.333333333333e-01,-2.568189588541e-04,-2.212549408409e-04,-3.556401801322e-05
1.450000000000e+00,y,-7.200000000000e-01,-2.367273807593e-04,-2.061961505126e-04,-3.053123024668e-05
1.450000000000e+00,y,-7.066666666667e-01,-2.154751015239e-04,-1.928934248778e-04,-2.258167664613e-05
1.450000000000e+00,y,-6.933333333333e-01,-1.943555934777e-04,-1.810281633883e-04,-1.332743008943e-05
1.450000000000e+00,y,-6.800000000000e-01,-1.748284723858e-04,-1.703355452475e-04,-4.492927138284e-06
1.450000000000e+00,y,-6.666666666667e-01,-1.582805786769e-04,-1.606134327076e-04,2.332854030696e-06
1.450000000000e+00,y,-6.533333333333e-01,-1.459955840133e-04,-1.517305665327e-04,5.734982519417e-06
1.450000000000e+00,y,-6.400000000000e-01,-1.388990307618e-04,-1.436310815923e-04,4.732050830491e-06
1.450000000000e+00,y,-6.266666666667e-01,-1.372359803280e-04,-1.363325264003e-04,-9.034539276205e-07
1.450000000000e+00,y,-6.133333333333e-01,-1.393947704668e-04,-1.299149436666e-04,-9.479826800178e-06
1.450000000000e+00,y,-6.000000000000e-01,-1.423563081458e-04,-1.244994751938e-04,-1.785683295202e-05
1.450000000000e+00,y,-5.866666666667e-01,-1.428824316011e-04,-1.202166115281e-04,-2.266582007294e-05
1.450000000000e+00,y,-5.733333333333e-01,-1.379860437492e-04,-1.171665817826e-04,-2.081946196661e-05
1.450000000000e+00,y,-5.600000000000e-01,-1.258568208580e-04,-1.153770933184e-04,-1.047972753954e-05
1.450000000000e+00,y,-5.466666666667e-01,-1.088381490390e-04,-1.147659776348e-04,5.927828595834e-06
1.450000000000e+00,y,-5.333333333333e-01,-9.114443579752e-05,-1.151174021020e-04,2.397296630447e-05
1.450000000000e+00,y,-5.200000000000e-01,-7.712535041248e-05,-1.160794036455e-04,3.895405323300e-05
1.450000000000e+00,y,-5.066666666667e-01,-7.073496657612e-05,-1.171872658775e-04,4.645229930135e-05
1.450000000000e+00,y,-4.933333333333e-01,-7.364511909327e-05,-1.179120628839e-04,4.426694379062e-05
1.450000000000e+00,y,-4.800000000000e-01,-8.219818027854e-05,-1.177276442407e-04,3.552946396221e-05
1.450000000000e+00,y,-4.666666666667e-01,-9.157271937283e-05,-1.161840775010e-04,2.461135812815e-05
1.450000000000e+00,y,-4.533333333333e-01,-9.751066777133e-05,-1.129727950444e-04,1.546212727304e-05
1.450000000000e+00,y,-4.400000000000e-01,-9.733451769122e-05,-1.079695816993e-04,1.063506400807e-05
1.450000000000e+00,y,-4.266666666667e-01,-9.112822406416e-05,-1.012462351976e-04,1.011801113344e-05
1.450000000000e+00,y,-4.133333333333e-01,-8.194818282695e-05,-9.304916777984e-05,1.110098495289e-05
1.450000000000e+00,y,-4.000000000000e-01,-7.417228286099e-05,-8.375134788171e-05,9.579065020722e-06
1.450000000000e+00,y,-3.866666666667e-01,-7.182902997877e-05,-7.379039467859e-05,1.961364699820e-06
1.450000000000e+00,y,-3.733333333333e-01,-7.694624303958e-05,-6.360836007763e-05,-1.333788296195e-05
1.450000000000e+00,y,-3.600000000000e-01,-8.932722772636e-05,-5.360691784768e-05,-3.572030987867e-05
1.450000000000e+00,y,-3.466666666667e-01,-1.060986691211e-04,-4.412593456107e-05,-6.197273456003e-05
1.450000000000e+00,y,-3.333333333333e-01,-1.213766970643e-04,-3.544559355879e-05,-8.593110350548e-05
1.450000000000e+00,y,-3.200000000000e-01,-1.269471081917e-04,-2.780488592352e-05,-9.914222226819e-05
1.450000000000e+00,y,-3.066666666667e-01,-1.146261033762e-04,-2.142466334370e-05,-9.320144003246e-05
1.450000000000e+00,y,-2.933333333333e-01,-8.807451082352e-05,-1.652289552004e-05,-7.155161530347e-05
1.450000000000e+00,y,-2.800000000000e-01,-5.556494981628e-05,-1.331326277333e-05,-4.225168704295e-05
1.450000000000e+00,y,-2.666666666667e-01,-2.457529883089e-05,-1.198444420843e-05,-1.259085462246e-05
1.450000000000e+00,y,-2.533333333333e-01,-2.242464287179e-06,-1.266435980240e-05,1.042189551522e-05
1.450000000000e+00,y,-2.400000000000e-01,7.433333902193e-06,-1.537905094982e-05,2.281238485201e-05
1.450000000000e+00,y,-2.266666666667e-01,1.114375395477e-05,-2.001829536878e-05,3.116204932354e-05
1.450000000000e+00,y,-2.133333333333e-01,1.618761230179e-05,-2.631891293374e-05,4.250652523553e-05
1.450000000000e+00,y,-2.000000000000e-01,2.626996908107e-05,-3.387255708366e-05,6.014252616473e-05
1.450000000000e+00,y,-1.866666666667e-01,3.928454657014e-05,-4.215892758936e-05,8.144347415950e-05
1.450000000000e+00,y,-1.733333333333e-01,5.374770856067e-05,-5.059944402360e-05,1.043471525843e-04
1.450000000000e+00,y,-1.600000000000e-01,7.459146889489e-05,-5.862198315100e-05,1.332134520459e-04
1.450000000000e+00,y,-1.466666666667e-01,1.001484869947e-04,-6.572526391915e-05,1.658737509139e-04
1.450000000000e+00,y,-1.333333333333e-01,1.216833056795e-04,-7.153209767840e-05,1.932154033579e-04
1.450000000000e+00,y,-1.200000000000e-01,1.249088330774e-04,-7.582356554728e-05,2.007323986246e-04
1.450000000000e+00,y,-1.066666666667e-01,1.104995030658e-04,-7.855032582334e-05,1.890498288891e-04
1.450000000000e+00,y,-9.333333333333e-02,9.285580155446e-05,-7.982160425792e-05,1.726774058124e-04
1.450000000000e+00,y,-8.000000000000e-02,8.077753641889e-05,-7.987600983652e-05,1.606535462554e-04
1.450000000000e+00,y,-6.666666666667e-02,7.639655041962e-05,-7.904051431651e-05,1.554370647361e-04
1.450000000000e+00,y,-5.333333333333e-02,7.596757641601e-05,-7.768453450581e-05,1.536521109218e-04
1.450000000000e+00,y,-4.000000000000e-02,8.150553482101e-05,-7.617527095060e-05,1.576808057716e-04
1.450000000000e+00,y,-2.666666666667e-02,9.433337646019e-05,-7.483878286214e-05,1.691721593223e-04
1.450000000000e+00,y,-1.333333333333e-02,1.096111985885e-04,-7.392932995499e-05,1.835405285435e-04
1.450000000000e+00,y,0.000000000000e+00,1.175893488470e-04,-7.360784062447e-05,1.911971894715e-04
1.450000000000e+00,y,1.333333333333e-02,1.096112354358e-04,-7.392932995499e-05,1.835405653908e-04
1.450000000000e+00,y,2.666666666667e-02,9.433344855444e-05,-7.483878286214e-05,1.691722314166e-04
1.450000000000e+00,y,4.000000000000e-02,8.150564308907e-05,-7.617527095060e-05,1.576809140397e-04
1.450000000000e+00,y,5.333333333333e-02,7.596770773970e-05,-7.768453450581e-05,1.536522422455e-04
1.450000000000e+00,y,6.666666666667e-02,7.639667730716e-05,-7.904051431651e-05,1.554371916237e-04
1.450000000000e+00,y,8.000000000000e-02,8.077762247406e-05,-7.987600983652e-05,1.606536323106e-04
1.450000000000e+00,y,9.333333333333e-02,9.285584706458e-05,-7.982160425792e-05,1.726774513225e-04
1.450000000000e+00,y,1.066666666667e-01,1.104995306039e-04,-7.855032582334e-05,1.890498564272e-04
1.450000000000e+00,y,1.200000000000e-01,1.249088669345e-04,-7.582356554728e-05,2.007324324818e-04
1.450000000000e+00,y,1.333333333333e-01,1.216833628796e-04,-7.153209767840e-05,1.932154605580e-04
1.450000000000e+00,y,1.466666666667e-01,1.001485821070e-04,-6.572526391915e-05,1.658738460262e-04
1.450000000000e+00,y,1.600000000000e-01,7.459162077317e-05,-5.862198315100e-05,1.332136039242e-04
1.450000000000e+00,y,1.733333333333e-01,5.374793400086e-05,-5.059944402360e-05,1.043473780245e-04
1.450000000000e+00,y,1.866666666667e-01,3.928484976576e-05,-4.215892758936e-05,8.144377735512e-05
1.450000000000e+00,y,2.000000000000e-01,2.627033948988e-05,-3.387255708366e-05,6.014289657355e-05
1.450000000000e+00,y,2.133333333333e-01,1.618804419061e-05,-2.631891293374e-05,4.250695712435e-05
1.450000000000e+00,y,2.266666666667e-01,1.114424731715e-05,-2.001829536878e-05,3.116254268593e-05
1.450000000000e+00,y,2.400000000000e-01,7.433892291081e-06,-1.537905094982e-05,2.281294324090e-05
1.450000000000e+00,y,2.533333333333e-01,-2.241850722131e-06,-1.266435980240e-05,1.042250908027e-05
1.450000000000e+00,y,2.666666666667e-01,-2.457466260445e-05,-1.198444420843e-05,-1.259021839602e-05
1.450000000000e+00,y,2.800000000000e-01,-5.556431933595e-05,-1.331326277333e-05,-4.225105656262e-05
1.450000000000e+00,y,2.933333333333e-01,-8.807392695460e-05,-1.652289552004e-05,-7.155103143456e-05
1.450000000000e+00,y,3.066666666667e-01,-1.146256283825e-04,-2.142466334370e-05,-9.320096503883e-05
1.450000000000e+00,y,3.200000000000e-01,-1.269468470854e-04,-2.780488592352e-05,-9.914196116183e-05
1.450000000000e+00,y,3.333333333333e-01,-1.213767694177e-04,-3.544559355879e-05,-8.593117585887e-05
1.450000000000e+00,y,3.466666666667e-01,-1.060991511755e-04,-4.412593456107e-05,-6.197321661440e-05
1.450000000000e+00,y,3.600000000000e-01,-8.932813909290e-05,-5.360691784768e-05,-3.572122124521e-05
1.450000000000e+00,y,3.733333333333e-01,-7.694754361372e-05,-6.360836007763e-05,-1.333918353609e-05
1.450000000000e+00,y,3.866666666667e-01,-7.183061820263e-05,-7.379039467859e-05,1.959776475967e-06
1.450000000000e+00,y,4.000000000000e-01,-7.417402409937e-05,-8.375134788171e-05,9.577323782342e-06
1.450000000000e+00,y,4.133333333333e-01,-8.194994369055e-05,-9.304916777984e-05,1.109922408929e-05
1.450000000000e+00,y,4.266666666667e-01,-9.112986927521e-05,-1.012462351976e-04,1.011636592239e-05
1.450000000000e+00,y,4.400000000000e-01,-9.733589822635e-05,-1.079695816993e-04,1.063368347294e-05
1.450000000000e+00,y,4.533333333333e-01,-9.751162133161e-05,-1.129727950444e-04,1.546117371277e-05
1.450000000000e+00,y,4.666666666667e-01,-9.157312977440e-05,-1.161840775010e-04,2.461094772658e-05
1.450000000000e+00,y,4.800000000000e-01,-8.219801330267e-05,-1.177276442407e-04,3.552963093808e-05
1.450000000000e+00,y,4.933333333333e-01,-7.364442617659e-05,-1.179120628839e-04,4.426763670731e-05
1.450000000000e+00,y,5.066666666667e-01,-7.073387339033e-05,-1.171872658775e-04,4.645339248714e-05
1.450000000000e+00,y,5.200000000000e-01,-7.712404146886e-05,-1.160794036455e-04,3.895536217661e-05
1.450000000000e+00,y,5.333333333333e-01,-9.114308122411e-05,-1.151174021020e-04,2.397432087788e-05
1.450000000000e+00,y,5.466666666667e-01,-1.088368720193e-04,-1.147659776348e-04,5.929105615578e-06
1.450000000000e+00,y,5.600000000000e-01,-1.258557033920e-04,-1.153770933184e-04,-1.047861007354e-05
1.450000000000e+00,y,5.733333333333e-01,-1.379851234898e-04,-1.171665817826e-04,-2.081854170723e-05
1.450000000000e+00,y,5.866666666667e-01,-1.428817100121e-04,-1.202166115281e-04,-2.266509848401e-05
1.450000000000e+00,y,6.000000000000e-01,-1.423557551645e-04,-1.244994751938e-04,-1.785627997070e-05
1.450000000000e+00,y,6.133333333333e-01,-1.393943207376e-04,-1.299149436666e-04,-9.479377070967e-06
1.450000000000e+00,y,6.266666666667e-01,-1.372355550528e-04,-1.363325264003e-04,-9.030286524413e-07
1.450000000000e+00,y,6.400000000000e-01,-1.388985394414e-04,-1.436310815923e-04,4.732542150914e-06
1.450000000000e+00,y,6.533333333333e-01,-1.459949534246e-04,-1.517305665327e-04,5.735613108177e-06
1.450000000000e+00,y,6.666666666667e-01,-1.582797862297e-04,-1.606134327076e-04,2.333646477946e-06
1.450000000000e+00,y,6.800000000000e-01,-1.748275520802e-04,-1.703355452475e-04,-4.492006832682e-06
1.450000000000e+00,y,6.933333333333e-01,-1.943546359227e-04,-1.810281633883e-04,-1.332647253444e-05
1.450000000000e+00,y,7.066666666667e-01,-2.154742411867e-04,-1.928934248778e-04,-2.258081630885e-05
1.450000000000e+00,y,7.200000000000e-01,-2.367267441887e-04,-2.061961505126e-04,-3.053059367611e-05
1.450000000000e+00,y,7.333333333333e-01,-2.568186247886e-04,-2.212549408409e-04,-3.556368394771e-05
1.450000000000e+00,y,7.466666666667e-01,-2.749200093748e-04,-2.384357367412e-04,-3.648427263362e-05
1.450000000000e+00,y,7.600000000000e-01,-2.907836596325e-04,-2.581513571064e-04,-3.263230252614e-05
1.450000000000e+00,y,7.733333333333e-01,-3.051654751269e-04,-2.808708980623e-04,-2.429457706460e-05
1.450000000000e+00,y,7.866666666667e-01,-3.216120859565e-04,-3.071429643665e-04,-1.446912159000e-05
1.450000000000e+00,y,8.000000000000e-01,-3.447117598528e-04,-3.376360251574e-04,-7.075734695442e-06
1.450000000000e+00,y,8.133333333333e-01,-3.786723771496e-04,-3.731971374037e-04,-5.475239745839e-06
1.450000000000e+00,y,8.266666666667e-01,-4.266931667242e-04,-4.149261592016e-04,-1.176700752256e-05
1.450000000000e+00,y,8.400000000000e-01,-4.890453663922e-04,-4.642556290892e-04,-2.478973730301e-05
1.450000000000e+00,y,8.533333333333e-01,-5.601055124034e-04,-5.230160504162e-04,-3.708946198721e-05
1.450000000000e+00,y,8.666666666667e-01,-6.325094017690e-04,-5.934521466282e-04,-3.905725514076e-05
1.450000000000e+00,y,8.800000000000e-01,-6.989467914981e-04,-6.781385502231e-04,-2.080824127499e-05
1.450000000000e+00,y,8.933333333333e-01,-7.532401424815e-04,-7.797261285832e-04,2.648598610170e-05
1.450000000000e+00,y,9.066666666667e-01,-7.947543991467e-04,-9.004384597022e-04,1.056840605555e-04
1.450000000000e+00,y,9.200000000000e-01,-8.302870070320e-04,-1.041241072696e-03,2.109540656645e-04
1.450000000000e+00,y,9.333333333333e-01,-8.673993958415e-04,-1.200636009482e-03,3.332366136410e-04
1.450000000000e+00,y,9.466666666667e-01,-9.121280355369e-04,-1.373103198889e-03,4.609751633519e-04
1.450000000000e+00,y,9.600000000000e-01,-9.667314424781e-04,-1.547325107765e-03,5.805936652867e-04
1.450000000000e+00,y,9.733333333333e-01,-1.020554509807e-03,-1.704486885896e-03,6.839323760885e-04
1.450000000000e+00,y,9.866666666667e-01,-1.051965501751e-03,-1.817115994799e-03,7.651504930471e-04
1.450000000000e+00,y,1.000000000000e+00,-1.037165879058e-03,-1.849065151060e-03,8.118992720018e-04
1.450000000000e+00,y,1.013333333333e+00,-9.528900002501e-04,-1.757283199463e-03,8.043931992131e-04
1.450000000000e+00,y,1.026666666667e+00,-7.799566678975e-04,-1.495888926774e-03,7.159322588762e-04
1.450000000000e+00,y,1.040000000000e+00,-5.122048266267e-04,-1.022713033938e-03,5.105082073111e-04
1.450000000000e+00,y,1.053333333333e+00,-1.517974612161e-04,-3.079062770253e-04,1.561088158091e-04
1.450000000000e+00,y,1.066666666667e+00,2.953848359687e-04,6.564922033793e-04,-3.611073674106e-04
1.450000000000e+00,y,1.080000000000e+00,8.209604651405e-04,1.847809129818e-03,-1.026848664678e-03
1.450000000000e+00,y,1.093333333333e+00,1.416874319420e-03,3.207024674245e-03,-1.790150354825e-03
1.450000000000e+00,y,1.106666666667e+00,2.080162526598e-03,4.638263356474e-03,-2.558100829876e-03
1.450000000000e+00,y,1.120000000000e+00,2.806096195949e-03,6.015010723490e-03,-3.208914527541e-03
1.450000000000e+00,y,1.133333333333e+00,3.584232824701e-03,7.193343831864e-03,-3.609111007162e-03
1.450000000000e+00,y,1.146666666667e+00,4.395637345397e-03,8.030857758580e-03,-3.635220413183e-03
1.450000000000e+00,y,1.160000000000e+00,5.200391014500e-03,8.408379018178e-03,-3.207988003678e-03
1.450000000000e+00,y,1.173333333333e+00,5.930041663544e-03,8.250440756261e-03,-2.320399092717e-03
1.450000000000e+00,y,1.186666666667e+00,6.508767308141e-03,7.540247594665e-03,-1.031480286524e-03
1.450000000000e+00,y,1.200000000000e+00,6.860845071038e-03,6.325663640507e-03,5.351814305306e-04
1.450000000000e+00,y,1.213333333333e+00,6.916901388545e-03,4.714500648089e-03,2.202400740456e-03
1.450000000000e+00,y,1.226666666667e+00,6.624680987201e-03,2.859658332392e-03,3.765022654808e-03
1.450000000000e+00,y,1.240000000000e+00,5.953589071235e-03,9.368868518036e-04,5.016702219431e-03
1.450000000000e+00,y,1.253333333333e+00,4.894232052922e-03,-8.804894607142e-04,5.774721513636e-03
1.450000000000e+00,y,1.266666666667e+00,3.462532685033e-03,-2.445037285269e-03,5.907569970302e-03
1.450000000000e+00,y,1.280000000000e+00,1.708784759621e-03,-3.652666676965e-03,5.361451436587e-03
1.450000000000e+00,y,1.293333333333e+00,-2.390519843484e-04,-4.451445947325e-03,4.212393962977e-03
1.450000000000e+00,y,1.306666666667e+00,-2.208233512847e-03,-4.841187868013e-03,2.632954355166e-03
1.450000000000e+00,y,1.320000000000e+00,-4.019606200605e-03,-4.865150707523e-03,8.455445069178e-04
1.450000000000e+00,y,1.333333333333e+00,-5.503726088790e-03,-4.596568215076e-03,-9.071578737146e-04
1.450000000000e+00,y,1.346666666667e+00,-6.528561845099e-03,-4.123278058924e-03,-2.405283786175e-03
1.450000000000e+00,y,1.360000000000e+00,-7.048716036569e-03,-3.533462441327e-03,-3.515253595242e-03
1.450000000000e+00,y,1.373333333333e+00,-7.067339806024e-03,-2.904662768800e-03,-4.162677037223e-03
1.450000000000e+00,y,1.386666666667e+00,-6.620119523249e-03,-2.297108195169e-03,-4.323011328080e-03
1.450000000000e+00,y,1.400000000000e+00,-5.770878768677e-03,-1.751328500757e-03,-4.019550267920e-03
1.450000000000e+00,y,1.413333333333e+00,-4.618046414942e-03,-1.289237266822e-03,-3.328809148120e-03
1.450000000000e+00,y,1.426666666667e+00,-3.299419603457e-03,-9.174727396264e-04,-2.381946863830e-03
1.450000000000e+00,y,1.440000000000e+00,-1.961068530496e-03,-6.317492591314e-04,-1.329319271365e-03
1.450000000000e+00,y,1.453333333333e+00,-7.426818340450e-04,-4.211978073200e-04,-3.214840267250e-04
1.450000000000e+00,y,1.466666666667e+00,2.353131809282e-04,-2.720264254147e-04,5.073396063430e-04
1.450000000000e+00,y,1.480000000000e+00,9.145863157396e-04,-1.701905966081e-04,1.084776912348e-03
1.450000000000e+00,y,1.493333333333e+00,1.303342845055e-03,-1.030507865141e-04,1.406393631569e-03
1.450000000000e+00,y,1.506666666667e+00,1.435952681441e-03,-6.017554869799e-05,1.496128230139e-03
1.450000000000e+00,y,1.520000000000e+00,1.364081221358e-03,-3.352742084246e-05,1.397608642201e-03
1.450000000000e+00,y,1.533333333333e+00,1.148712020595e-03,-1.727056826994e-05,1.165982588865e-03
1.450000000000e+00,y,1.546666666667e+00,8.485675690330e-04,-7.395917014901e-06,8.559634860479e-04
1.450000000000e+00,y,1.560000000000e+00,5.179619874192e-04,-1.299728521505e-06,5.192617159407e-04
1.450000000000e+00,y,1.573333333333e+00,2.065075773300e-04,2.605302968211e-06,2.039022743618e-04
1.450000000000e+00,y,1.586666666667e+00,-4.388868217435e-05,5.211280286027e-06,-4.909996246037e-05
1.450000000000e+00,y,1.600000000000e+00,-2.053924692494e-04,6.961918420148e-06,-2.123543876695e-04
1.450000000000e+00,y,1.613333333333e+00,-2.796986096467e-04,8.033042875252e-06,-2.877316525220e-04
1.450000000000e+00,y,1.626666666667e+00,-2.832070762889e-04,8.460040747313e-06,-2.916671170362e-04
1.450000000000e+00,y,1.640000000000e+00,-2.385127406591e-04,8.225094362545e-06,-2.467378350216e-04
1.450000000000e+00,y,1.653333333333e+00,-1.707809972201e-04,7.314240685706e-06,-1.780952379058e-04
1.450000000000e+00,y,1.666666666667e+00,-1.009476148349e-04,5.751309710070e-06,-1.066989245450e-04
1.450000000000e+00,y,1.680000000000e+00,-3.899775117466e-05,3.613677709081e-06,-4.261142888375e-05
1.450000000000e+00,y,1.693333333333e+00,9.314138115592e-06,1.033772466275e-06,8.280365649317e-06
1.450000000000e+00,y,1.706666666667e+00,4.106775290398e-05,-1.809895916283e-06,4.287764882027e-05
1.450000000000e+00,y,1.720000000000e+00,5.570632827073e-05,-4.708250980947e-06,6.041457925168e-05
1.450000000000e+00,y,1.733333333333e+00,5.531663498402e-05,-7.439817960954e-06,6.275645294497e-05
1.450000000000e+00,y,1.746666666667e+00,4.425563006318e-05,-9.788188182335e-06,5.404381824551e-05
1.450000000000e+00,y,1.760000000000e+00,2.761316370570e-05,-1.155652082074e-05,3.916968452643e-05
1.450000000000e+00,y,1.773333333333e+00,1.053274723343e-05,-1.257827206006e-05,2.311101929349e-05
1.450000000000e+00,y,1.786666666667e+00,-2.514212593102e-06,-1.272476567971e-05,1.021055308661e-05
1.450000000000e+00,y,1.800000000000e+00,-9.926231298864e-06,-1.191119895155e-05,1.984967652683e-06
1.450000000000e+00,y,1.813333333333e+00,-1.231734131287e-05,-1.010289119187e-05,-2.214450121005e-06
1.450000000000e+00,y,1.826666666667e+00,-1.103909226378e-05,-7.322915586911e-06,-3.716176676871e-06
1.450000000000e+00,y,1.840000000000e+00,-7.837295420312e-06,-3.660860389572e-06,-4.176435030740e-06
1.450000000000e+00,y,1.853333333333e+00,-4.392984313782e-06,7.192506078458e-07,-5.112234921628e-06
1.450000000000e+00,y,1.866666666667e+00,-1.462372363798e-06,5.575312755366e-06,-7.037685119164e-06
1.450000000000e+00,y,1.880000000000e+00,6.748146942878e-07,1.059182513109e-05,-9.917010436801e-06
1.450000000000e+00,y,1.893333333333e+00,1.940426259707e-06,1.539630714868e-05,-1.345588088897e-05
1.450000000000e+00,y,1.906666666667e+00,2.406711365215e-06,1.958882568831e-05,-1.718211432310e-05
1.450000000000e+00,y,1.920000000000e+00,2.238818948117e-06,2.278294562193e-05,-2.054412667381e-05
1.450000000000e+00,y,1.933333333333e+00,1.645036688792e-06,2.465303945738e-05,-2.300800276859e-05
1.450000000000e+00,y,1.946666666667e+00,8.481542379692e-07,2.498016868082e-05,-2.413201444285e-05
1.450000000000e+00,y,1.960000000000e+00,5.751181341984e-08,2.368760264744e-05,-2.363009083402e-05
1.450000000000e+00,y,1.973333333333e+00,-5.566306198960e-07,2.085804013860e-05,-2.141467075850e-05
1.450000000000e+00,y,1.986666666667e+00,-9.651357634045e-07,1.672772804214e-05,-1.769286380554e-05
1.450000000000e+00,y,2.000000000000e+00,-1.303958076796e-06,1.165727090220e-05,-1.296122897899e-05
